naics_code,sector_2d,sector_label,n_years,monthly_seasonal_amplitude,monthly_peak_month,monthly_peak_quarter_from_month,monthly_peak_excess_month,monthly_n_excess_obs,monthly_seasonal_index,idio_monthly_seasonal_amplitude,idio_monthly_peak_month,idio_monthly_peak_quarter_from_month,idio_monthly_peak_excess_month,idio_monthly_n_excess_obs,idio_monthly_seasonal_index,placebo_amplitude,n_perms_used,signal_amplitude,signal_index,national_industry_title,sector_title,subsector_title,industry_group_title,naics_industry_title
111110,11,"Agriculture, forestry, fishing",24,0.1550389506864644,10,4,0.06632907478929782,24,0.4332210380194943,0.14335867522821458,10,4,0.06317474417207336,24,0.3934899696680544,0.08472564805702575,10.0,0.05863302717118883,0.3674492489926608,Soybean Farming,"Agriculture, Forestry, Fishing and Hunting",Crop Production,Oilseed and Grain Farming,Soybean Farming
111120,11,"Agriculture, forestry, fishing",24,0.14516474623806414,12,4,0.06006102934812745,23,0.40562982251002216,0.12983532751861862,12,4,0.0532575554697073,23,0.35637117185837586,0.11329207632473896,10.0,0.016543251193879657,0.10367544574050289,Oilseed (except Soybean) Farming,"Agriculture, Forestry, Fishing and Hunting",Crop Production,Oilseed and Grain Farming,Oilseed (except Soybean) Farming
111130,11,"Agriculture, forestry, fishing",24,0.13282032266925628,10,4,0.0704748828583362,24,0.3711361422538506,0.12158990066527026,10,4,0.06732055224111175,24,0.33373917726677366,0.15955024022119782,10.0,0.0,0.0,Dry Pea and Bean Farming,"Agriculture, Forestry, Fishing and Hunting",Crop Production,Oilseed and Grain Farming,Dry Pea and Bean Farming
111140,11,"Agriculture, forestry, fishing",24,0.2584091831355877,10,4,0.13753757042105774,24,0.7220656103262862,0.25183402699104257,10,4,0.1343832398038333,24,0.6912324174615873,0.11743811925952799,10.0,0.13439590773151458,0.8422501403423731,Wheat Farming,"Agriculture, Forestry, Fishing and Hunting",Crop Production,Oilseed and Grain Farming,Wheat Farming
111150,11,"Agriculture, forestry, fishing",24,0.3676613842962611,7,3,0.24224888412251208,24,1.0,0.3732173187156623,7,3,0.24237452145283095,24,1.0,0.136800991245455,10.0,0.23641632747020733,1.0,Corn Farming,"Agriculture, Forestry, Fishing and Hunting",Crop Production,Oilseed and Grain Farming,Corn Farming
111160,11,"Agriculture, forestry, fishing",24,0.2415031792472512,10,4,0.15126147397135384,24,0.6748256327539525,0.2298229037890014,10,4,0.1481071433541294,24,0.6308164280745259,0.12204276430771235,10.0,0.10778013948128903,0.6754509057343097,Rice Farming,"Agriculture, Forestry, Fishing and Hunting",Crop Production,Oilseed and Grain Farming,Rice Farming
111191,11,"Agriculture, forestry, fishing",24,0.15744809058559478,10,4,0.07121016287778255,24,0.439952830792951,0.14576781512734494,10,4,0.06805583226055809,24,0.4001025613673416,0.09798423384182005,10.0,0.04778358128552489,0.29945649925736006,Oilseed and Grain Combination Farming,"Agriculture, Forestry, Fishing and Hunting",Crop Production,Oilseed and Grain Farming,Other Grain Farming
111199,11,"Agriculture, forestry, fishing",24,0.19540880928973814,10,4,0.12085278203165235,24,0.5460254137674871,0.18372853383148832,10,4,0.11769845141442789,24,0.5042968978990671,0.10199270558747213,10.0,0.08173582824401619,0.5122329539010207,All Other Grain Farming,"Agriculture, Forestry, Fishing and Hunting",Crop Production,Oilseed and Grain Farming,Other Grain Farming
111211,11,"Agriculture, forestry, fishing",24,0.5199531409288527,10,4,0.3189054836935495,24,1.0,0.5151210909264285,10,4,0.315751153076325,24,1.0,0.2009740784464519,10.0,0.3141470124799767,1.0,Potato Farming,"Agriculture, Forestry, Fishing and Hunting",Crop Production,Vegetable and Melon Farming,Vegetable and Melon Farming
111219,11,"Agriculture, forestry, fishing",24,0.13443838588430604,10,4,0.08481253665725606,24,0.375657451399077,0.1227581104260562,10,4,0.0816582060400316,24,0.3369456719041286,0.14262254053238432,10.0,0.0,0.0,Other Vegetable (except Potato) and Melon Farming,"Agriculture, Forestry, Fishing and Hunting",Crop Production,Vegetable and Melon Farming,Vegetable and Melon Farming
111310,11,"Agriculture, forestry, fishing",24,0.0579112589822062,1,1,0.02874356699988713,23,0.16181982410357904,0.06406725544399428,1,1,0.0372695118409125,23,0.17585139065522856,0.09649349996346204,10.0,0.0,0.0,Orange Groves,"Agriculture, Forestry, Fishing and Hunting",Crop Production,Fruit and Tree Nut Farming,Orange Groves
111320,11,"Agriculture, forestry, fishing",24,0.07207781547497588,6,2,0.028177582211453358,24,0.20140503983024416,0.06652188105557466,6,2,0.022747285122371008,24,0.18258883124547964,0.10779064279506947,10.0,0.0,0.0,Citrus (except Orange) Groves,"Agriculture, Forestry, Fishing and Hunting",Crop Production,Fruit and Tree Nut Farming,Citrus (except Orange) Groves
111331,11,"Agriculture, forestry, fishing",24,0.6320013989137331,10,4,0.38257245166685366,24,1.0,0.6322430986647405,10,4,0.3794181210496292,24,1.0,0.29598063726046114,10.0,0.33626246140427934,1.0,Apple Orchards,"Agriculture, Forestry, Fishing and Hunting",Crop Production,Fruit and Tree Nut Farming,Noncitrus Fruit and Tree Nut Farming
111332,11,"Agriculture, forestry, fishing",24,0.260467389378924,9,3,0.1340189026697597,24,0.7278167989227542,0.262210495521045,9,3,0.13743972819708036,24,0.7197136815401812,0.13840756812037203,10.0,0.12380292740067295,0.7758646430389962,Grape Vineyards,"Agriculture, Forestry, Fishing and Hunting",Crop Production,Fruit and Tree Nut Farming,Noncitrus Fruit and Tree Nut Farming
111333,11,"Agriculture, forestry, fishing",24,0.18885469780001857,6,2,0.10819218404485538,24,0.5277114418894532,0.19022787458935636,6,2,0.10276188695577303,24,0.5221362466068076,0.208656375545966,10.0,0.0,0.0,Strawberry Farming,"Agriculture, Forestry, Fishing and Hunting",Crop Production,Fruit and Tree Nut Farming,Noncitrus Fruit and Tree Nut Farming
111334,11,"Agriculture, forestry, fishing",24,0.5767049093215645,7,3,0.42151393416260774,24,1.0,0.5754280286927924,7,3,0.42163957149292663,24,1.0,0.40543158745116337,10.0,0.16999644124162905,1.0,Berry (except Strawberry) Farming,"Agriculture, Forestry, Fishing and Hunting",Crop Production,Fruit and Tree Nut Farming,Noncitrus Fruit and Tree Nut Farming
111335,11,"Agriculture, forestry, fishing",24,0.11787386456178883,10,4,0.07696334187746226,24,0.32937166908525584,0.11365616806932297,10,4,0.07380901126023781,24,0.3119627190680351,0.10024293041465526,10.0,0.013413237654667703,0.08405986080810082,Tree Nut Farming,"Agriculture, Forestry, Fishing and Hunting",Crop Production,Fruit and Tree Nut Farming,Noncitrus Fruit and Tree Nut Farming
111336,11,"Agriculture, forestry, fishing",24,0.16138627446856504,9,3,0.06850083432814448,24,0.4509571887438912,0.16617410528620374,9,3,0.07192165985546517,24,0.456113615339934,0.19080791499130498,10.0,0.0,0.0,Fruit and Tree Nut Combination Farming,"Agriculture, Forestry, Fishing and Hunting",Crop Production,Fruit and Tree Nut Farming,Noncitrus Fruit and Tree Nut Farming
111339,11,"Agriculture, forestry, fishing",24,0.5343551434524751,7,3,0.33013619185445703,24,1.0,0.533078262823703,7,3,0.3302618291847759,24,1.0,0.2659971441568327,10.0,0.2670811186668703,1.0,Other Noncitrus Fruit Farming,"Agriculture, Forestry, Fishing and Hunting",Crop Production,Fruit and Tree Nut Farming,Noncitrus Fruit and Tree Nut Farming
111411,11,"Agriculture, forestry, fishing",24,0.00923007992115576,6,2,0.0056505531098769435,24,0.025791356215590616,0.012822563517104483,1,1,0.005230994424613781,23,0.035195289865646885,0.021734768190900828,10.0,0.0,0.0,Mushroom Production,"Agriculture, Forestry, Fishing and Hunting",Crop Production,"Greenhouse, Nursery, and Floriculture Production",Food Crops Grown Under Cover
111419,11,"Agriculture, forestry, fishing",24,0.09367061865938978,10,4,0.030221132135836003,24,0.261741210630445,0.08199034320113995,10,4,0.027066801518611548,24,0.22504656664782247,0.07225500640878267,10.0,0.009735336792357274,0.0610107027665133,Other Food Crops Grown Under Cover,"Agriculture, Forestry, Fishing and Hunting",Crop Production,"Greenhouse, Nursery, and Floriculture Production",Food Crops Grown Under Cover
111421,11,"Agriculture, forestry, fishing",24,0.10952631454167108,4,2,0.05005722028860205,24,0.3060463416844765,0.10455098322051526,4,2,0.05360783380847161,24,0.28697086626055157,0.09388210107946854,10.0,0.01066888214104672,0.06686116885749295,Nursery and Tree Production,"Agriculture, Forestry, Fishing and Hunting",Crop Production,"Greenhouse, Nursery, and Floriculture Production",Nursery and Floriculture Production
111422,11,"Agriculture, forestry, fishing",24,0.13189149883675688,5,2,0.0795563168670361,24,0.36854075559087984,0.12476807195482252,5,2,0.08095883482612709,24,0.3424626013799987,0.11399893972884503,10.0,0.010769132225977487,0.06748942941637062,Floriculture Production,"Agriculture, Forestry, Fishing and Hunting",Crop Production,"Greenhouse, Nursery, and Floriculture Production",Nursery and Floriculture Production
111910,11,"Agriculture, forestry, fishing",24,0.232242317485499,8,3,0.1379817083787778,24,0.6489482636952905,0.2302132924075852,8,3,0.13458567801054597,24,0.6318879642437933,0.27653749069541045,10.0,0.0,0.0,Tobacco Farming,"Agriculture, Forestry, Fishing and Hunting",Crop Production,Other Crop Farming,Tobacco Farming
111920,11,"Agriculture, forestry, fishing",24,0.14306570753380562,12,4,0.04841864794122158,23,0.39976453690098224,0.1277362888143601,12,4,0.04161517406280143,23,0.3506097439241688,0.1020967024316027,10.0,0.025639586382757415,0.1606815683133633,Cotton Farming,"Agriculture, Forestry, Fishing and Hunting",Crop Production,Other Crop Farming,Cotton Farming
111930,11,"Agriculture, forestry, fishing",24,0.10942229147339097,12,4,0.04963009042168929,23,0.3057556729111215,0.10249318026465194,12,4,0.042826616543269136,23,0.28132262194330687,0.08737940362413694,10.0,0.015113776640514998,0.09471702458386737,Sugarcane Farming,"Agriculture, Forestry, Fishing and Hunting",Crop Production,Other Crop Farming,Sugarcane Farming
111940,11,"Agriculture, forestry, fishing",24,0.10264178061610926,10,4,0.03954012482525345,24,0.28680907956223806,0.09096150515785945,10,4,0.036385794208028996,24,0.24967055428315185,0.14926304958690384,10.0,0.0,0.0,Hay Farming,"Agriculture, Forestry, Fishing and Hunting",Crop Production,Other Crop Farming,Hay Farming
111991,11,"Agriculture, forestry, fishing",24,0.8830882544158991,10,4,0.6020818352121076,24,1.0,0.8765130982713538,10,4,0.5989275045948831,24,1.0,0.2965275854735792,10.0,0.5799855127977747,1.0,Sugar Beet Farming,"Agriculture, Forestry, Fishing and Hunting",Crop Production,Other Crop Farming,All Other Crop Farming
111992,11,"Agriculture, forestry, fishing",24,0.11252457439785116,10,4,0.04611652845356667,24,0.3144242960075375,0.10084429893960133,10,4,0.04296219783634221,24,0.2767967830880892,0.1117620194078014,10.0,0.0,0.0,Peanut Farming,"Agriculture, Forestry, Fishing and Hunting",Crop Production,Other Crop Farming,All Other Crop Farming
111998,11,"Agriculture, forestry, fishing",24,0.14822949478424374,9,3,0.06892052588793332,24,0.4141935643346795,0.14312437547053905,9,3,0.07234135141525401,24,0.3928468652002277,0.1375049607130583,10.0,0.005619414757480762,0.03521649541283124,All Other Miscellaneous Crop Farming,"Agriculture, Forestry, Fishing and Hunting",Crop Production,Other Crop Farming,All Other Crop Farming
112111,11,"Agriculture, forestry, fishing",24,0.05431826461035655,12,4,0.02561344395205013,23,0.15178001962554988,0.03898884589091102,12,4,0.018809970073629972,23,0.10701633342094112,0.029078557031132435,10.0,0.009910288859778585,0.06210711563968767,Beef Cattle Ranching and Farming,"Agriculture, Forestry, Fishing and Hunting",Animal Production and Aquaculture,Cattle Ranching and Farming,"Beef Cattle Ranching and Farming, including Feedlots"
112112,11,"Agriculture, forestry, fishing",24,0.015309652319087748,12,4,0.009984269770608801,23,0.042779336676533615,0.00802816653840293,1,1,0.003728581709434484,23,0.02203565987658158,0.01567385064458854,10.0,0.0,0.0,Cattle Feedlots,"Agriculture, Forestry, Fishing and Hunting",Animal Production and Aquaculture,Cattle Ranching and Farming,"Beef Cattle Ranching and Farming, including Feedlots"
112120,11,"Agriculture, forestry, fishing",24,0.03792664668747762,12,4,0.018559734431796787,23,0.1059773764837673,0.02259722796803209,12,4,0.011756260553376632,23,0.062024725978864624,0.024975120362968794,10.0,0.0,0.0,Dairy Cattle and Milk Production,"Agriculture, Forestry, Fishing and Hunting",Animal Production and Aquaculture,Cattle Ranching and Farming,Dairy Cattle and Milk Production
112210,11,"Agriculture, forestry, fishing",24,0.01694414116314032,12,4,0.010217418454972661,23,0.04734654350111875,0.006389688470841674,12,4,0.0034139445765525057,23,0.017538375815605814,0.018170764886783434,10.0,0.0,0.0,Hog and Pig Farming,"Agriculture, Forestry, Fishing and Hunting",Animal Production and Aquaculture,Hog and Pig Farming,Hog and Pig Farming
112310,11,"Agriculture, forestry, fishing",24,0.017064463180293334,12,4,0.009424985072390481,23,0.0476827559750605,0.00795874068687243,12,4,0.002621511193970326,23,0.021845100245855176,0.018083937178043345,10.0,0.0,0.0,Chicken Egg Production,"Agriculture, Forestry, Fishing and Hunting",Animal Production and Aquaculture,Poultry and Egg Production,Chicken Egg Production
112320,11,"Agriculture, forestry, fishing",24,0.011463483612054447,6,2,0.007925959805546228,24,0.03203209417855834,0.00959271630474488,1,1,0.004988421034517153,23,0.026330026011885346,0.02484654506151468,10.0,0.0,0.0,Broilers and Other Meat Type Chicken Production,"Agriculture, Forestry, Fishing and Hunting",Animal Production and Aquaculture,Poultry and Egg Production,Broilers and Other Meat Type Chicken Production
112330,11,"Agriculture, forestry, fishing",24,0.04856837509545925,11,4,0.031199904159108945,24,0.13571326289692165,0.049065480064971016,11,4,0.03287762354430863,24,0.13467461408791107,0.026189281286879328,10.0,0.02287619877809169,0.14336360352458638,Turkey Production,"Agriculture, Forestry, Fishing and Hunting",Animal Production and Aquaculture,Poultry and Egg Production,Turkey Production
112340,11,"Agriculture, forestry, fishing",24,0.011672908820847813,6,2,0.0045404057282079635,24,0.03261728522854416,0.007783762063373841,4,2,0.0038923659904711323,24,0.021364820045557495,0.016852605599112086,10.0,0.0,0.0,Poultry Hatcheries,"Agriculture, Forestry, Fishing and Hunting",Animal Production and Aquaculture,Poultry and Egg Production,Poultry Hatcheries
112390,11,"Agriculture, forestry, fishing",24,0.04406154276586485,12,4,0.02411456825882508,23,0.12311994636993383,0.028732124046419328,12,4,0.017311094380404922,23,0.07886374927451345,0.034149798337604925,10.0,0.0,0.0,Other Poultry Production,"Agriculture, Forestry, Fishing and Hunting",Animal Production and Aquaculture,Poultry and Egg Production,Other Poultry Production
112410,11,"Agriculture, forestry, fishing",24,0.05571882573521603,10,4,0.027414372763469017,24,0.15569356871521323,0.044038550276966196,10,4,0.02426004214624456,24,0.12087672953954606,0.034327359151807776,10.0,0.00971119112515842,0.060859383489534104,Sheep Farming,"Agriculture, Forestry, Fishing and Hunting",Animal Production and Aquaculture,Sheep and Goat Farming,Sheep Farming
112420,11,"Agriculture, forestry, fishing",24,0.09151014981498212,12,4,0.045593191197125654,23,0.25570427248529554,0.07618073109553661,12,4,0.0387897173187055,23,0.20910038070840953,0.04944834769142394,10.0,0.026732383404112665,0.167530053956549,Goat Farming,"Agriculture, Forestry, Fishing and Hunting",Animal Production and Aquaculture,Sheep and Goat Farming,Goat Farming
112511,11,"Agriculture, forestry, fishing",24,0.04092555220601919,6,2,0.017021209398928455,24,0.11435713496324981,0.027703336952728086,5,2,0.012324938986662719,24,0.07603994107701847,0.058881382689753334,10.0,0.0,0.0,Finfish Farming and Fish Hatcheries,"Agriculture, Forestry, Fishing and Hunting",Animal Production and Aquaculture,Aquaculture,Aquaculture
112512,11,"Agriculture, forestry, fishing",24,0.07777038673687311,12,4,0.03342256200072047,23,0.2173116337549305,0.062440968017427594,12,4,0.026619088122300315,23,0.1713875673872432,0.06922931802248058,10.0,0.0,0.0,Shellfish Farming,"Agriculture, Forestry, Fishing and Hunting",Animal Production and Aquaculture,Aquaculture,Aquaculture
112519,11,"Agriculture, forestry, fishing",24,0.0747463392769004,12,4,0.03665252099915633,23,0.20886162184612334,0.05941692055745487,12,4,0.029849047120736175,23,0.16308718137010714,0.07856843532147961,10.0,0.0,0.0,Other Aquaculture,"Agriculture, Forestry, Fishing and Hunting",Animal Production and Aquaculture,Aquaculture,Aquaculture
112910,11,"Agriculture, forestry, fishing",24,0.08412528012806772,8,3,0.03431601384196287,24,0.23506893602798382,0.07220330491881052,8,3,0.03091998347373103,24,0.19818316692176283,0.06965185528695353,10.0,0.0025514496318569946,0.01598976372704047,Apiculture,"Agriculture, Forestry, Fishing and Hunting",Animal Production and Aquaculture,Other Animal Production,Apiculture
112920,11,"Agriculture, forestry, fishing",24,0.018656180524316897,6,2,0.00785177499696918,24,0.05213044758390033,0.013891471944204717,4,2,0.008352558003653053,24,0.038129222841018155,0.023468292499298004,10.0,0.0,0.0,Horses and Other Equine Production,"Agriculture, Forestry, Fishing and Hunting",Animal Production and Aquaculture,Other Animal Production,Horses and Other Equine Production
112930,11,"Agriculture, forestry, fishing",24,0.16580785305709358,12,4,0.1024303233929889,23,0.4633122831077641,0.15750965079681276,12,4,0.09562684951456873,23,0.4323314763881526,0.0675404403966174,10.0,0.08996921040019536,0.563831007692864,Fur-Bearing Animal and Rabbit Production,"Agriculture, Forestry, Fishing and Hunting",Animal Production and Aquaculture,Other Animal Production,Fur-Bearing Animal and Rabbit Production
112990,11,"Agriculture, forestry, fishing",24,0.041762494872493894,12,4,0.02205317406692294,23,0.11669578063343512,0.026433076153048365,12,4,0.015249700188502786,23,0.07255333740451106,0.02097166976790425,10.0,0.0054614063851441165,0.03422626754040472,All Other Animal Production,"Agriculture, Forestry, Fishing and Hunting",Animal Production and Aquaculture,Other Animal Production,All Other Animal Production
113110,11,"Agriculture, forestry, fishing",24,0.040951259161799355,12,4,0.024371508702329018,23,0.11442896719649244,0.02955456231134345,12,4,0.01756803482390886,23,0.0811211725340662,0.022514896881083244,10.0,0.0070396654302602064,0.04411711112844904,Timber Tract Operations,"Agriculture, Forestry, Fishing and Hunting",Forestry and Logging,Timber Tract Operations,Timber Tract Operations
113210,11,"Agriculture, forestry, fishing",24,0.09827531279430435,8,3,0.035446432781548305,24,0.27460797968465617,0.09475364509575362,8,3,0.03205040241331647,24,0.26007919559323367,0.0817306914786662,10.0,0.013022953617087427,0.08161397691941828,Forest Nurseries and Gathering of Forest Products,"Agriculture, Forestry, Fishing and Hunting",Forestry and Logging,Forest Nurseries and Gathering of Forest Products,Forest Nurseries and Gathering of Forest Products
113310,11,"Agriculture, forestry, fishing",24,0.04012341832366007,6,2,0.011054514295677892,24,0.11211575451267532,0.032632287899039714,2,1,0.007113997390927096,24,0.08956889393091438,0.03415256857724066,10.0,0.0,0.0,Logging,"Agriculture, Forestry, Fishing and Hunting",Forestry and Logging,Logging,Logging
114111,11,"Agriculture, forestry, fishing",24,0.07967356991825053,10,4,0.04305925192917758,24,0.22262964571080962,0.07716685586431288,7,3,0.04132068465430128,24,0.21180708963088654,0.06348938984261482,10.0,0.01367746602169806,0.08571576226351076,Finfish Fishing,"Agriculture, Forestry, Fishing and Hunting","Fishing, Hunting and Trapping",Fishing,Fishing
114112,11,"Agriculture, forestry, fishing",24,0.12008868245197159,12,4,0.0681169076751384,23,0.33556047326098537,0.10475926373252606,12,4,0.06131343379671824,23,0.28754255327023626,0.062293903649543646,10.0,0.04246536008298241,0.26612756365344636,Shellfish Fishing,"Agriculture, Forestry, Fishing and Hunting","Fishing, Hunting and Trapping",Fishing,Fishing
114119,11,"Agriculture, forestry, fishing",24,0.6301917177819356,10,4,0.3190098652023346,24,1.0,0.6236165616373905,10,4,0.3158555345851101,24,1.0,0.23070192031555625,10.0,0.3929146413218343,1.0,Other Marine Fishing,"Agriculture, Forestry, Fishing and Hunting","Fishing, Hunting and Trapping",Fishing,Fishing
114210,11,"Agriculture, forestry, fishing",24,0.08412631413960409,10,4,0.047258715324148305,24,0.23507182533772905,0.07755115799505895,10,4,0.04410438470692385,24,0.2128619196474859,0.08073353156433297,10.0,0.0,0.0,Hunting and Trapping,"Agriculture, Forestry, Fishing and Hunting","Fishing, Hunting and Trapping",Hunting and Trapping,Hunting and Trapping
115111,11,"Agriculture, forestry, fishing",24,0.4161446347701674,10,4,0.23387973044176857,24,1.0,0.40956947862562226,10,4,0.23072539982454413,24,1.0,0.35144311695376695,10.0,0.05812636167185531,0.3642740102884229,Cotton Ginning,"Agriculture, Forestry, Fishing and Hunting",Support Activities for Agriculture and Forestry,Support Activities for Crop Production,Support Activities for Crop Production
115112,11,"Agriculture, forestry, fishing",24,0.5049588454796128,7,3,0.3123349580423052,24,1.0,0.510514779899014,7,3,0.3124605953726241,24,1.0,0.17192556478079563,10.0,0.3385892151182183,1.0,"Soil Preparation, Planting, and Cultivating","Agriculture, Forestry, Fishing and Hunting",Support Activities for Agriculture and Forestry,Support Activities for Crop Production,Support Activities for Crop Production
115113,11,"Agriculture, forestry, fishing",24,0.09971822366422627,5,2,0.05027454975400203,24,0.2786398654918642,0.09902959134601297,5,2,0.051677067713093015,24,0.2718157853576014,0.09344114765724616,10.0,0.005588443688766806,0.03502240180231005,"Crop Harvesting, Primarily by Machine","Agriculture, Forestry, Fishing and Hunting",Support Activities for Agriculture and Forestry,Support Activities for Crop Production,Support Activities for Crop Production
115114,11,"Agriculture, forestry, fishing",24,0.05725290031947584,10,4,0.030206410383070686,24,0.15998019075986555,0.05883599565165148,5,2,0.030422500424928313,24,0.16149266242522917,0.06159525342710277,10.0,0.0,0.0,Postharvest Crop Activities (except Cotton Ginning),"Agriculture, Forestry, Fishing and Hunting",Support Activities for Agriculture and Forestry,Support Activities for Crop Production,Support Activities for Crop Production
115115,11,"Agriculture, forestry, fishing",24,0.15094465584984204,6,2,0.06660289907212684,24,0.4217804635623928,0.1468813640510777,6,2,0.061172601983044486,24,0.40315902329073744,0.10349745715360323,10.0,0.043383906897474483,0.2718840349365044,Farm Labor Contractors and Crew Leaders,"Agriculture, Forestry, Fishing and Hunting",Support Activities for Agriculture and Forestry,Support Activities for Crop Production,Support Activities for Crop Production
115116,11,"Agriculture, forestry, fishing",24,0.13815562646088547,10,4,0.07723172686034235,24,0.3860444335995088,0.13332357645846132,10,4,0.0740773962431179,24,0.3659456951116654,0.07981247561933899,10.0,0.05351110083912233,0.3353504801772862,Farm Management Services,"Agriculture, Forestry, Fishing and Hunting",Support Activities for Agriculture and Forestry,Support Activities for Crop Production,Support Activities for Crop Production
115210,11,"Agriculture, forestry, fishing",24,0.018589493691790356,12,4,0.006274923502989942,23,0.051944106418138666,0.008707505228734314,4,2,0.0036830526268483727,24,0.02390030434422397,0.019986965836433397,10.0,0.0,0.0,Support Activities for Animal Production,"Agriculture, Forestry, Fishing and Hunting",Support Activities for Agriculture and Forestry,Support Activities for Animal Production,Support Activities for Animal Production
115310,11,"Agriculture, forestry, fishing",24,0.09796886048763967,8,3,0.060144056489307963,24,0.27375166850731064,0.09289511073420814,8,3,0.05674802612107613,24,0.25497790243195567,0.08224090481072491,10.0,0.010654205923483234,0.06676919398629944,Support Activities for Forestry,"Agriculture, Forestry, Fishing and Hunting",Support Activities for Agriculture and Forestry,Support Activities for Forestry,Support Activities for Forestry
211111,21,"Mining, quarrying, oil & gas",17,0.034902492263658866,12,4,0.01894315846391279,16,0.09752706568885307,0.019573073544213337,12,4,0.012139684585492637,16,0.053724046368051975,0.022960130303559565,10.0,0.0,0.0,,,,,
211112,21,"Mining, quarrying, oil & gas",17,0.035911938294542915,12,4,0.018104747331211216,16,0.10034773272373662,0.020582519575097387,12,4,0.01130127345279106,16,0.056494767340757555,0.03161388353239828,10.0,0.0,0.0,,,,,
211120,21,"Mining, quarrying, oil & gas",7,0.029290727198102107,1,1,0.015430400507507694,6,0.08184626627646202,0.044620145917547635,1,1,0.023956345348533067,6,0.12247308951292857,0.03914090233217539,10.0,0.005479243585372245,0.03433805207796273,Crude Petroleum Extraction,"Mining, Quarrying, and Oil and Gas Extraction",Oil and Gas Extraction,Oil and Gas Extraction,Crude Petroleum Extraction
211130,21,"Mining, quarrying, oil & gas",7,0.016010679572668142,1,1,0.008810975322714057,6,0.04473819767972904,0.03134009829211367,1,1,0.01733692016373943,6,0.08602210020932569,0.04011616227745758,10.0,0.0,0.0,Natural Gas Extraction,"Mining, Quarrying, and Oil and Gas Extraction",Oil and Gas Extraction,Oil and Gas Extraction,Natural Gas Extraction
212111,21,"Mining, quarrying, oil & gas",22,0.020987261615736406,1,1,0.012055980559657906,21,0.05864412279687726,0.036316680335181935,1,1,0.02058192540068328,21,0.0996817905912309,0.025838081828442806,10.0,0.010478598506739129,0.06566867408287085,,,,,
212112,21,"Mining, quarrying, oil & gas",22,0.030260434238897738,1,1,0.01675268487970983,21,0.08455589175398386,0.045589852958343266,1,1,0.0252786297207352,21,0.1251347351612449,0.032597426415969785,10.0,0.01299242654237348,0.0814226657895182,,,,,
212113,21,"Mining, quarrying, oil & gas",22,0.02139068294172977,6,2,0.01016951932466208,22,0.05977139181432234,0.014701013520239597,3,1,0.005273160229572152,22,0.040351247351860596,0.040835000049795206,10.0,0.0,0.0,,,,,
212114,21,"Mining, quarrying, oil & gas",2,,,,,,,,,,,,,,,,,Surface Coal Mining,"Mining, Quarrying, and Oil and Gas Extraction",Mining (except Oil and Gas),Coal Mining,Coal Mining
212115,21,"Mining, quarrying, oil & gas",2,,,,,,,,,,,,,,,,,Underground Coal Mining,"Mining, Quarrying, and Oil and Gas Extraction",Mining (except Oil and Gas),Coal Mining,Coal Mining
212210,21,"Mining, quarrying, oil & gas",24,0.04679747235306482,1,1,0.02070148302494914,23,0.13076487850129206,0.06075371428317254,1,1,0.02922742786597451,23,0.1667564041900566,0.0480979475060513,10.0,0.012655766777121241,0.07931284161914402,Iron Ore Mining,"Mining, Quarrying, and Oil and Gas Extraction",Mining (except Oil and Gas),Metal Ore Mining,Iron Ore Mining
212220,21,"Mining, quarrying, oil & gas",2,,,,,,,,,,,,,,,,,Gold Ore and Silver Ore Mining,"Mining, Quarrying, and Oil and Gas Extraction",Mining (except Oil and Gas),Metal Ore Mining,Gold Ore and Silver Ore Mining
212221,21,"Mining, quarrying, oil & gas",22,0.023987137350900977,12,4,0.012774804633166239,21,0.06702659232574869,0.01285871209894987,7,3,0.006589778822163031,22,0.035294510260584555,0.027191739947611038,10.0,0.0,0.0,,,,,
212222,21,"Mining, quarrying, oil & gas",22,0.02863313153069114,1,1,0.014388842442217229,21,0.08000876494939858,0.03501732702520509,1,1,0.022914787283242602,21,0.09611533398358607,0.05499482222427683,10.0,0.0,0.0,,,,,
212230,21,"Mining, quarrying, oil & gas",7,0.01604776987395845,12,4,0.010010077988276744,6,0.04484183807947567,0.01236807482967718,7,3,0.005552608886899501,7,0.03394781223971633,0.04797326434134773,10.0,0.0,0.0,"Copper, Nickel, Lead, and Zinc Mining","Mining, Quarrying, and Oil and Gas Extraction",Mining (except Oil and Gas),Metal Ore Mining,"Copper, Nickel, Lead, and Zinc Mining"
212231,21,"Mining, quarrying, oil & gas",17,0.02390906566605515,6,2,0.010604844183825242,17,0.06680843878304807,0.02704813177613958,1,1,0.012376905003591659,16,0.07424153812266819,0.06387568863276966,10.0,0.0,0.0,,,,,
212234,21,"Mining, quarrying, oil & gas",17,0.027606223253139793,12,4,0.01592490359434453,16,0.07713930364317959,0.01470064797478049,12,4,0.009121429715924374,16,0.04035024400503567,0.043364096994704324,10.0,0.0,0.0,,,,,
212290,21,"Mining, quarrying, oil & gas",2,,,,,,,,,,,,,,,,,Other Metal Ore Mining,"Mining, Quarrying, and Oil and Gas Extraction",Mining (except Oil and Gas),Metal Ore Mining,Other Metal Ore Mining
212291,21,"Mining, quarrying, oil & gas",22,0.030883168698808118,1,1,0.01446424554234996,21,0.08629598137622636,0.046212587418253646,1,1,0.022990190383375332,21,0.12684401270131218,0.0529285875292768,10.0,0.0,0.0,,,,,
212299,21,"Mining, quarrying, oil & gas",22,0.010598254835907137,12,4,0.004075335824011925,21,0.029614409416972815,0.009964108437681328,1,1,0.004295249253278834,21,0.027349420749535346,0.03151336816824217,10.0,0.0,0.0,,,,,
212311,21,"Mining, quarrying, oil & gas",24,0.06773519937043057,12,4,0.02425307569064989,23,0.18927058814438444,0.05309222811291775,4,2,0.018136049274162444,24,0.14572720622944063,0.05134648756448125,10.0,0.0017457405484365002,0.010940438937020033,Dimension Stone Mining and Quarrying,"Mining, Quarrying, and Oil and Gas Extraction",Mining (except Oil and Gas),Nonmetallic Mineral Mining and Quarrying,Stone Mining and Quarrying
212312,21,"Mining, quarrying, oil & gas",24,0.05174325518054105,12,4,0.014463675809377111,23,0.14458474222490086,0.043396441438027476,4,2,0.014642806907888908,24,0.11911427332853988,0.04349876293790103,10.0,0.0,0.0,Crushed and Broken Limestone Mining and Quarrying,"Mining, Quarrying, and Oil and Gas Extraction",Mining (except Oil and Gas),Nonmetallic Mineral Mining and Quarrying,Stone Mining and Quarrying
212313,21,"Mining, quarrying, oil & gas",24,0.010712353228752419,11,4,0.0031805373130875066,24,0.02993323139019909,0.010895344232091427,11,4,0.004858256698287187,24,0.029905470768223846,0.02213827103746699,10.0,0.0,0.0,Crushed and Broken Granite Mining and Quarrying,"Mining, Quarrying, and Oil and Gas Extraction",Mining (except Oil and Gas),Nonmetallic Mineral Mining and Quarrying,Stone Mining and Quarrying
212319,21,"Mining, quarrying, oil & gas",24,0.0426175845422458,5,2,0.009903686106161666,24,0.11908513397135091,0.035494157660311415,5,2,0.011306204065252656,24,0.09742413564380022,0.045601350423156925,10.0,0.0,0.0,Other Crushed and Broken Stone Mining and Quarrying,"Mining, Quarrying, and Oil and Gas Extraction",Mining (except Oil and Gas),Nonmetallic Mineral Mining and Quarrying,Stone Mining and Quarrying
212321,21,"Mining, quarrying, oil & gas",24,0.05324895199578452,11,4,0.015150311096178449,24,0.14879206905699205,0.04640072653995883,11,4,0.01682803048137813,24,0.12736041575243762,0.04986324808524503,10.0,0.0,0.0,Construction Sand and Gravel Mining,"Mining, Quarrying, and Oil and Gas Extraction",Mining (except Oil and Gas),Nonmetallic Mineral Mining and Quarrying,"Sand, Gravel, Clay, and Ceramic and Refractory Minerals Mining and Quarrying"
212322,21,"Mining, quarrying, oil & gas",24,0.041278878791859444,12,4,0.017222409712518472,23,0.11534442563826959,0.025949460072413923,12,4,0.010418935834098317,23,0.07122591109705605,0.05389550923763783,10.0,0.0,0.0,Industrial Sand Mining,"Mining, Quarrying, and Oil and Gas Extraction",Mining (except Oil and Gas),Nonmetallic Mineral Mining and Quarrying,"Sand, Gravel, Clay, and Ceramic and Refractory Minerals Mining and Quarrying"
212323,21,"Mining, quarrying, oil & gas",2,,,,,,,,,,,,,,,,,"Kaolin, Clay, and Ceramic and Refractory Minerals Mining","Mining, Quarrying, and Oil and Gas Extraction",Mining (except Oil and Gas),Nonmetallic Mineral Mining and Quarrying,"Sand, Gravel, Clay, and Ceramic and Refractory Minerals Mining and Quarrying"
212324,21,"Mining, quarrying, oil & gas",22,0.023989662447732756,1,1,0.011514859235614672,21,0.06703364813376157,0.039319081167178284,1,1,0.020040804076640044,21,0.10792276108313086,0.03095656667605872,10.0,0.008362514491119563,0.052407317474511064,,,,,
212325,21,"Mining, quarrying, oil & gas",22,0.005534262041716434,8,3,0.001961976391881201,22,0.015464234863359388,0.02035371045016494,1,1,0.009977950921909551,21,0.05586673352636777,0.021539162945130814,10.0,0.0,0.0,,,,,
212390,21,"Mining, quarrying, oil & gas",2,,,,,,,,,,,,,,,,,Other Nonmetallic Mineral Mining and Quarrying,"Mining, Quarrying, and Oil and Gas Extraction",Mining (except Oil and Gas),Nonmetallic Mineral Mining and Quarrying,Other Nonmetallic Mineral Mining and Quarrying
212391,21,"Mining, quarrying, oil & gas",22,0.010016591504751936,6,2,0.005590946203989543,22,0.027989083710205552,0.018590998555195956,1,1,0.011351652931210127,21,0.05102845325500855,0.022978093874156322,10.0,0.0,0.0,,,,,
212392,21,"Mining, quarrying, oil & gas",22,0.014799606750336931,6,2,0.008749315638978189,22,0.041354130496066586,0.01945265944120007,1,1,0.006598894451421172,21,0.05339353451261756,0.027416122972482432,10.0,0.0,0.0,,,,,
212393,21,"Mining, quarrying, oil & gas",22,0.015637640773364624,3,1,0.007592119529983495,22,0.04369582571358592,0.012740853625732476,3,1,0.00622511423966548,22,0.03497101308137577,0.03424632185289171,10.0,0.0,0.0,,,,,
212399,21,"Mining, quarrying, oil & gas",22,0.015354018741897388,6,2,0.005800267219809565,22,0.04290330854075033,0.007234861337352039,5,2,0.003040446168771066,22,0.019858200863361094,0.028237120814054356,10.0,0.0,0.0,,,,,
213111,21,"Mining, quarrying, oil & gas",24,0.0160424743285336,12,4,0.0101542206755162,23,0.044827040883831125,0.010397366630508742,1,1,0.006271177205695845,23,0.028538625050444945,0.07322774789068054,10.0,0.0,0.0,Drilling Oil and Gas Wells,"Mining, Quarrying, and Oil and Gas Extraction",Support Activities for Mining,Support Activities for Mining,Support Activities for Mining
213112,21,"Mining, quarrying, oil & gas",24,0.034262105666687415,12,4,0.016667414301961565,23,0.0957376511898167,0.018932686947241893,12,4,0.00986394042354141,23,0.05196631735571992,0.05813639423018626,10.0,0.0,0.0,Support Activities for Oil and Gas Operations,"Mining, Quarrying, and Oil and Gas Extraction",Support Activities for Mining,Support Activities for Mining,Support Activities for Mining
213113,21,"Mining, quarrying, oil & gas",24,0.04077518437683666,12,4,0.02100530468256465,23,0.11393696631043859,0.02544576565739113,12,4,0.014201830804144494,23,0.0698433739065179,0.04880538435538358,10.0,0.0,0.0,Support Activities for Coal Mining,"Mining, Quarrying, and Oil and Gas Extraction",Support Activities for Mining,Support Activities for Mining,Support Activities for Mining
213114,21,"Mining, quarrying, oil & gas",24,0.09591124547160573,12,4,0.04318624136577463,23,0.2680021319608888,0.08058182675216019,12,4,0.03638276748735448,23,0.22118047975839145,0.05773632048163728,10.0,0.02284550627052291,0.14317125563808,Support Activities for Metal Mining,"Mining, Quarrying, and Oil and Gas Extraction",Support Activities for Mining,Support Activities for Mining,Support Activities for Mining
213115,21,"Mining, quarrying, oil & gas",24,0.06460231856331691,12,4,0.030481510053919147,23,0.18051646623347278,0.049272899843871384,12,4,0.02367803617549899,23,0.13524393856289055,0.04597265531567485,10.0,0.003300244528196536,0.020682411123637837,Support Activities for Nonmetallic Minerals (except Fuels) Mining,"Mining, Quarrying, and Oil and Gas Extraction",Support Activities for Mining,Support Activities for Mining,Support Activities for Mining
221111,22,Utilities,24,0.012979838659366742,12,4,0.005981173215918637,23,0.03626920301278424,0.006370435978098377,4,2,0.004100862270572706,24,0.01748553169735811,0.021449087873135937,10.0,0.0,0.0,Hydroelectric Power Generation,Utilities,Utilities,"Electric Power Generation, Transmission and Distribution",Electric Power Generation
221112,22,Utilities,24,0.007310881319365969,6,2,0.0036494915164161507,24,0.02042859281483494,0.021368223711363786,1,1,0.010903360029993814,23,0.05865136300024844,0.016432180173266604,10.0,0.0049360435380971825,0.030933853812005235,Fossil Fuel Electric Power Generation,Utilities,Utilities,"Electric Power Generation, Transmission and Distribution",Electric Power Generation
221113,22,Utilities,24,0.012372580179688432,3,1,0.004546464155917275,24,0.03457235749269039,0.02510230258337495,1,1,0.010472712681183638,23,0.06890063867014955,0.017980648947719686,10.0,0.007121653635655263,0.04463092571302967,Nuclear Electric Power Generation,Utilities,Utilities,"Electric Power Generation, Transmission and Distribution",Electric Power Generation
221114,22,Utilities,13,0.1869691062071745,12,4,0.09557356661862386,12,0.522442585621297,0.17163968748772895,12,4,0.0887700927402037,12,0.47111551021147047,0.08401501208821402,10.0,0.08762467539951493,0.5491379640824472,Solar Electric Power Generation,Utilities,Utilities,"Electric Power Generation, Transmission and Distribution",Electric Power Generation
221115,22,Utilities,13,0.08045562102630147,12,4,0.03981279172091832,12,0.2248149094223738,0.06512620230685595,12,4,0.033009317842498165,12,0.17875798119315167,0.04706697812574827,10.0,0.018059224181107683,0.11317594678104646,Wind Electric Power Generation,Utilities,Utilities,"Electric Power Generation, Transmission and Distribution",Electric Power Generation
221116,22,Utilities,13,0.009747306068555978,12,4,0.006381068176475611,12,0.02723662688773732,0.00949881615288414,1,1,0.005159706948945004,12,0.026072289479033818,0.0204770931486431,10.0,0.0,0.0,Geothermal Electric Power Generation,Utilities,Utilities,"Electric Power Generation, Transmission and Distribution",Electric Power Generation
221117,22,Utilities,13,0.014704184257352246,3,1,0.006550416099761634,13,0.04108749407161843,0.013177527466453268,1,1,0.007214790074914317,12,0.0361695926306533,0.05701605426237329,10.0,0.0,0.0,Biomass Electric Power Generation,Utilities,Utilities,"Electric Power Generation, Transmission and Distribution",Electric Power Generation
221118,22,Utilities,13,0.08460636760096105,12,4,0.044406082085534086,12,0.2364132254046999,0.06927694888151552,12,4,0.03760260820711393,12,0.19015092369323086,0.050874823474696865,10.0,0.018402125406818653,0.11532488576552503,Other Electric Power Generation,Utilities,Utilities,"Electric Power Generation, Transmission and Distribution",Electric Power Generation
221119,22,Utilities,11,0.04997897756901443,12,4,0.020561744961983364,10,0.1396548702486269,0.0346495588495689,12,4,0.01375827108356321,10,0.09510588626062413,0.03141681300189579,10.0,0.0032327458476731075,0.020259401419671592,,,,,
221121,22,Utilities,24,0.006154857428069519,8,3,0.002496423162673784,24,0.017198347331713864,0.010212236346603606,1,1,0.00531231019717719,23,0.02803048063795994,0.01618579836798688,10.0,0.0,0.0,Electric Bulk Power Transmission and Control,Utilities,Utilities,"Electric Power Generation, Transmission and Distribution","Electric Power Transmission, Control, and Distribution"
221122,22,Utilities,24,0.0077898763249402755,6,2,0.004430919194133201,24,0.021767035268181415,0.01253356304552369,1,1,0.00761036324077001,23,0.034402043230133905,0.013428774669594856,10.0,0.0,0.0,Electric Power Distribution,Utilities,Utilities,"Electric Power Generation, Transmission and Distribution","Electric Power Transmission, Control, and Distribution"
221210,22,Utilities,24,0.00565871591210849,6,2,0.0033308888239225918,24,0.01581199286015998,0.011770512285787144,1,1,0.006665853710160206,23,0.03230762641283322,0.01630025090450542,10.0,0.0,0.0,Natural Gas Distribution,Utilities,Utilities,Natural Gas Distribution,Natural Gas Distribution
221310,22,Utilities,24,0.027774524577372183,12,4,0.014468163663681186,23,0.07760958336360585,0.012445105857926657,12,4,0.00766468978526103,23,0.03415924651058367,0.018227413683871437,10.0,0.0,0.0,Water Supply and Irrigation Systems,Utilities,Utilities,"Water, Sewage and Other Systems",Water Supply and Irrigation Systems
221320,22,Utilities,24,0.010970276754753407,12,4,0.006536339184534272,23,0.030653939942269746,0.007947847953282027,1,1,0.004850739435431733,23,0.02181520194075947,0.01704592744096275,10.0,0.0,0.0,Sewage Treatment Facilities,Utilities,Utilities,"Water, Sewage and Other Systems",Sewage Treatment Facilities
221330,22,Utilities,24,0.008219704651761422,7,3,0.005337437919641599,24,0.022968092635321458,0.01609954269433877,1,1,0.01006294534499449,23,0.04418992123343861,0.021075620806181073,10.0,0.0,0.0,Steam and Air-Conditioning Supply,Utilities,Utilities,"Water, Sewage and Other Systems",Steam and Air-Conditioning Supply
236115,23,Construction,24,0.05779241321481758,12,4,0.02826844603448455,23,0.16148773667339228,0.04246299449537205,12,4,0.021464972156064396,23,0.11655215416436995,0.03354540448532671,10.0,0.008917590010045343,0.055885938524861886,New Single-Family Housing Construction (except For-Sale Builders),Construction,Construction of Buildings,Residential Building Construction,Residential Building Construction
236116,23,Construction,24,0.045071456103287805,12,4,0.02119929194612691,23,0.12594191918651262,0.029742037383842283,12,4,0.014395818067706756,23,0.08163575290720126,0.02877543150331312,10.0,0.0009666058805291623,0.006057654226777812,New Multifamily Housing Construction (except For-Sale Builders),Construction,Construction of Buildings,Residential Building Construction,Residential Building Construction
236117,23,Construction,24,0.030540358173466342,12,4,0.014875188251256328,23,0.08533807543726712,0.015210939454020814,12,4,0.008071714372836172,23,0.041750888775005074,0.03610184518886074,10.0,0.0,0.0,New Housing For-Sale Builders,Construction,Construction of Buildings,Residential Building Construction,Residential Building Construction
236118,23,Construction,24,0.06719446055527989,12,4,0.03150784215769602,23,0.18775961667715133,0.05186504183583436,12,4,0.024704368279275864,23,0.1423588332294957,0.03733524423410446,10.0,0.014529797601729899,0.09105726711300491,Residential Remodelers,Construction,Construction of Buildings,Residential Building Construction,Residential Building Construction
236210,23,Construction,24,0.03329150906323089,10,4,0.018393915320845153,24,0.09302554003203432,0.023712127263084692,10,4,0.015239584703620697,24,0.06508489439277336,0.02625527692646288,10.0,0.0,0.0,Industrial Building Construction,Construction,Construction of Buildings,Nonresidential Building Construction,Industrial Building Construction
236220,23,Construction,24,0.030117276584478568,12,4,0.014013342084594734,23,0.08415587029245236,0.01478785786503304,12,4,0.007209868206174579,23,0.04058961715085751,0.030190173446889353,10.0,0.0,0.0,Commercial and Institutional Building Construction,Construction,Construction of Buildings,Nonresidential Building Construction,Commercial and Institutional Building Construction
237110,23,Construction,24,0.04707531357318843,12,4,0.016108736027543737,23,0.131541242513391,0.0317458948537429,12,4,0.009305262149123581,23,0.08713592800155867,0.03831710764079783,10.0,0.0,0.0,Water and Sewer Line and Related Structures Construction,Construction,Heavy and Civil Engineering Construction,Utility System Construction,Water and Sewer Line and Related Structures Construction
237120,23,Construction,24,0.06996223944525196,10,4,0.027824231225432705,24,0.19549354443151934,0.05828196398700213,10,4,0.02466990060820825,24,0.15997195987569063,0.05297161248833564,10.0,0.005310351498666495,0.03327961669751343,Oil and Gas Pipeline and Related Structures Construction,Construction,Heavy and Civil Engineering Construction,Utility System Construction,Oil and Gas Pipeline and Related Structures Construction
237130,23,Construction,24,0.0480939737419949,10,4,0.016373137507780522,24,0.13438765635820543,0.03641369828374508,10,4,0.013218806890556066,24,0.09994808483241718,0.032114135750032295,10.0,0.004299562533712782,0.026945070043834656,Power and Communication Line and Related Structures Construction,Construction,Heavy and Civil Engineering Construction,Utility System Construction,Power and Communication Line and Related Structures Construction
237210,23,Construction,24,0.04049923753757487,12,4,0.020845236707113652,23,0.11316589571421823,0.025169818818129346,12,4,0.014041762828693497,23,0.06908595679703176,0.028390128537523197,10.0,0.0,0.0,Land Subdivision,Construction,Heavy and Civil Engineering Construction,Land Subdivision,Land Subdivision
237310,23,Construction,24,0.09313844246775994,11,4,0.02621809970918282,24,0.26025416546452806,0.08629021701193426,11,4,0.027895819094382497,24,0.23684883262644194,0.10543438270968827,10.0,0.0,0.0,"Highway, Street, and Bridge Construction",Construction,Heavy and Civil Engineering Construction,"Highway, Street, and Bridge Construction","Highway, Street, and Bridge Construction"
237990,23,Construction,24,0.05497984701530603,12,4,0.017603162392847097,23,0.15362866098269673,0.039650428295860504,12,4,0.010799688514426942,23,0.1088322405506776,0.03466071327374294,10.0,0.0049897150221175635,0.03127020940282319,Other Heavy and Civil Engineering Construction,Construction,Heavy and Civil Engineering Construction,Other Heavy and Civil Engineering Construction,Other Heavy and Civil Engineering Construction
238111,23,Construction,24,0.07957208796013199,12,4,0.028202048410756412,23,0.2223460774910706,0.06424266924068645,12,4,0.021398574532336255,23,0.1763328653161089,0.07369045612185907,10.0,0.0,0.0,,,,,
238112,23,Construction,24,0.05363727014871933,12,4,0.01900317867521017,23,0.1498771356970291,0.03887255063254669,11,4,0.012764404000062896,24,0.10669712694380626,0.04252975091038454,10.0,0.0,0.0,,,,,
238121,23,Construction,24,0.055016999911583216,12,4,0.023288748607030105,23,0.15373247628987835,0.039687581192137694,12,4,0.01648527472860995,23,0.10893421758140782,0.04197232193386885,10.0,0.0,0.0,,,,,
238122,23,Construction,24,0.027639699978124432,12,4,0.011758334347187118,23,0.0772328467269216,0.012310281258678906,12,4,0.004954860468766963,23,0.0337891808177747,0.03429703702463375,10.0,0.0,0.0,,,,,
238131,23,Construction,24,0.02818385887361436,8,3,0.01401583415759978,24,0.07875337482974931,0.016261883664357154,8,3,0.010619803789367945,24,0.04463551368375057,0.0455046490570182,10.0,0.0,0.0,,,,,
238132,23,Construction,24,0.020802580197455747,8,3,0.008064073985708875,24,0.05812807263415228,0.00963255920807011,8,3,0.00466804361747704,24,0.02643938655665862,0.03481370735238585,10.0,0.0,0.0,,,,,
238141,23,Construction,24,0.07336102862035468,12,4,0.025514152750723874,23,0.20499068671691262,0.05803160990090916,12,4,0.018710678872303717,23,0.15928478959048692,0.06023395028517298,10.0,0.0,0.0,,,,,
238142,23,Construction,24,0.03721505594883919,11,4,0.013009092884102924,24,0.10398899822738046,0.0373980469521782,11,4,0.014686812269302605,24,0.10264991872609638,0.050849728381581485,10.0,0.0,0.0,,,,,
238151,23,Construction,24,0.04072697649522976,12,4,0.021591903496108008,23,0.1138022603644941,0.02539755777578423,12,4,0.014788429617687853,23,0.06971105322316154,0.022949599238952005,10.0,0.0024479585368322246,0.015341191975265631,,,,,
238152,23,Construction,24,0.01714181390215196,12,4,0.009540103310080556,23,0.04789889495089063,0.007184948145382364,1,1,0.002823078273768068,23,0.019721199455089725,0.022010086963773313,10.0,0.0,0.0,,,,,
238161,23,Construction,24,0.08046155675562008,12,4,0.031823825340527474,23,0.22483149546610948,0.06513213803617456,12,4,0.02502035146210732,23,0.17877427354480616,0.05344868780620519,10.0,0.011683450229969368,0.07321939902763389,,,,,
238162,23,Construction,24,0.04705852905623895,12,4,0.020589229638334056,23,0.13149434200340102,0.038760326795958124,12,4,0.013785755759913901,23,0.1063890956789737,0.05066035999560657,10.0,0.0,0.0,,,,,
238171,23,Construction,24,0.06326814725048882,12,4,0.028613750016605023,23,0.17678842835344294,0.04793872853104329,12,4,0.02181027613818487,23,0.13158191372497274,0.04795068284669764,10.0,0.0,0.0,,,,,
238172,23,Construction,24,0.033432749559044114,12,4,0.017266173393535113,23,0.09342020443046885,0.025134547298763285,12,4,0.010462699515114958,23,0.068989143757546,0.03204410288073768,10.0,0.0,0.0,,,,,
238191,23,Construction,24,0.09353218083253814,12,4,0.04067813147659709,23,0.2613543776521239,0.0782027621130926,12,4,0.033874657598176934,23,0.2146504384394772,0.0435301415177297,10.0,0.0346726205953629,0.21729098791327575,,,,,
238192,23,Construction,24,0.050606952076537176,12,4,0.01691041798828492,23,0.14140960199051647,0.037077907476400426,10,4,0.011907318229173548,24,0.10177120195215295,0.033686564799732824,10.0,0.0033913426766676025,0.02125331711050736,,,,,
238211,23,Construction,24,0.05008950674856176,12,4,0.025606942162923217,23,0.1399637188681701,0.03476008802911623,12,4,0.018803468284503064,23,0.09540926604171014,0.02657818608400849,10.0,0.00818190194510774,0.05127543076163625,,,,,
238212,23,Construction,24,0.022786278592126525,12,4,0.012046908515676677,23,0.06367106601647209,0.008138423261543924,12,4,0.005243434637256522,23,0.022338291821075936,0.025050504786256624,10.0,0.0,0.0,,,,,
238221,23,Construction,24,0.04087197832299244,12,4,0.020201418681049643,23,0.11420743494842889,0.025542559603546913,12,4,0.013397944802629487,23,0.07010905330733727,0.026408703855948495,10.0,0.0,0.0,,,,,
238222,23,Construction,24,0.023146601304175313,12,4,0.01070171463722263,23,0.06467790577283405,0.007817182584729784,12,4,0.0038982407588024747,23,0.021456552477610913,0.021038256883954408,10.0,0.0,0.0,,,,,
238291,23,Construction,24,0.06178808447075523,12,4,0.028822623701524278,23,0.17265272999550646,0.046458665751309705,12,4,0.02201914982310412,23,0.12751944692708228,0.0402390841782856,10.0,0.006219581573024102,0.03897770059498636,,,,,
238292,23,Construction,24,0.024420622046877956,12,4,0.013261371450676875,23,0.06823786658376718,0.019143365862487716,7,3,0.007941429928632374,24,0.05254458748717731,0.023686211788747805,10.0,0.0,0.0,,,,,
238311,23,Construction,24,0.03938751522923679,12,4,0.013822639068268682,23,0.11005944091511659,0.02405809650979126,12,4,0.007019165189848527,23,0.06603450855582231,0.029955456998819963,10.0,0.0,0.0,,,,,
238312,23,Construction,24,0.02175629453206286,8,3,0.010215287357818195,24,0.06079301013652301,0.013505837706887907,3,1,0.008050465322973616,24,0.03707073646687168,0.02498106767796724,10.0,0.0,0.0,,,,,
238321,23,Construction,24,0.06829851179192217,6,2,0.022375072521501126,24,0.19084463641346353,0.05434226986181445,6,2,0.016944775432418777,24,0.14915831278140992,0.06285923054985333,10.0,0.0,0.0,,,,,
238322,23,Construction,24,0.04645353961091969,8,3,0.013711433682629134,24,0.1298038367830575,0.03453156440166248,8,3,0.010315403314397299,24,0.09478201585896354,0.05013721047133697,10.0,0.0,0.0,,,,,
238331,23,Construction,24,0.049990997681224024,12,4,0.023839512844224416,23,0.13968845771465074,0.034661578961778496,12,4,0.01703603896580426,23,0.09513887898730239,0.03579693774300398,10.0,0.0,0.0,,,,,
238332,23,Construction,24,0.03319039585297174,8,3,0.022586447309078255,24,0.09274300219420711,0.030160372290825105,8,3,0.01919041694084642,24,0.0827839958691128,0.030348255448918404,10.0,0.0,0.0,,,,,
238341,23,Construction,24,0.04048520683323702,12,4,0.01759624269439092,23,0.11312669010639856,0.02515578811379149,12,4,0.010792768815970766,23,0.0690474454100122,0.0376574816008736,10.0,0.0,0.0,,,,,
238342,23,Construction,24,0.02913144066470283,8,3,0.015674509461679975,24,0.08140117633592628,0.01830697005831304,8,3,0.01227847909344814,24,0.05024885366366603,0.0337361095453513,10.0,0.0,0.0,,,,,
238351,23,Construction,24,0.051280803908247144,12,4,0.02434381667209633,23,0.14329252746641893,0.035951385188801616,12,4,0.017540342793676174,23,0.0986791308230637,0.027445983238839677,10.0,0.008505401949961938,0.053302783596169884,,,,,
238352,23,Construction,24,0.026014082291738412,8,3,0.013330683873919058,24,0.07269042833205508,0.01713848930610982,8,3,0.009934653505687223,24,0.04704161521081194,0.02737218992823523,10.0,0.0,0.0,,,,,
238391,23,Construction,24,0.07258620100989492,12,4,0.031754771713964874,23,0.20282560742423622,0.0572567822904494,12,4,0.02495129783554472,23,0.15715804774907113,0.03583584006593504,10.0,0.021420942224514357,0.13424360830171655,,,,,
238392,23,Construction,24,0.029997428630822193,10,4,0.013727189250911783,24,0.08382098248098538,0.037864476153932916,11,4,0.01479076289560235,24,0.10393017059895016,0.03467567361789485,10.0,0.0031888025360380656,0.019984011632761853,,,,,
238911,23,Construction,24,0.08729769437029494,12,4,0.03713375076504716,23,0.24393352511969452,0.0719682756508494,12,4,0.030330276886627004,23,0.19753806009879654,0.05805252160369053,10.0,0.01391575404715887,0.08720909733802219,,,,,
238912,23,Construction,24,0.061101107864801725,12,4,0.0231276607524667,23,0.1707331303271099,0.045771689145356204,12,4,0.016324186874046548,23,0.1256338379577682,0.05998669764652893,10.0,0.0,0.0,,,,,
238991,23,Construction,24,0.10334968675040926,12,4,0.03135180586176288,23,0.28878716203095917,0.09084142149271188,5,2,0.027369485445090866,24,0.2493409494114458,0.10894761355995171,10.0,0.0,0.0,,,,,
238992,23,Construction,24,0.07919292163166837,12,4,0.023135740402002888,23,0.22128658354021669,0.06645367592858459,11,4,0.01892243953994447,24,0.18240162225161996,0.06726673498217685,10.0,0.0,0.0,,,,,
311111,31,Manufacturing - food/textiles,24,0.03705916550828317,12,4,0.01938640006266063,23,0.10355339789484484,0.021729746788837642,12,4,0.012582926184240477,23,0.059643669217943535,0.021253504233965628,10.0,0.00047624255487201464,0.0029845801516462907,Dog and Cat Food Manufacturing,Manufacturing,Food Manufacturing,Animal Food Manufacturing,Animal Food Manufacturing
311119,31,Manufacturing - food/textiles,24,0.008388494527467557,6,2,0.004684423150763224,24,0.023439737501574912,0.011373720363352453,1,1,0.007770655871623598,23,0.03121851449634261,0.016483396147846538,10.0,0.0,0.0,Other Animal Food Manufacturing,Manufacturing,Food Manufacturing,Animal Food Manufacturing,Animal Food Manufacturing
311211,31,Manufacturing - food/textiles,24,0.012248685060477008,12,4,0.007437549354706955,23,0.034226160798810114,0.007599203797687407,1,1,0.004190586051008345,23,0.020858245704999896,0.017412013588084294,10.0,0.0,0.0,Flour Milling,Manufacturing,Food Manufacturing,Grain and Oilseed Milling,Flour Milling and Malt Manufacturing
311212,31,Manufacturing - food/textiles,24,0.03879795573758046,10,4,0.024045002385081077,24,0.1084120511861567,0.034588498536840005,10,4,0.02089067176785662,24,0.09493828830699234,0.01912552074811815,10.0,0.015462977788721854,0.09690544476011635,Rice Milling,Manufacturing,Food Manufacturing,Grain and Oilseed Milling,Flour Milling and Malt Manufacturing
311213,31,Manufacturing - food/textiles,24,0.02307412546573033,6,2,0.013529036030679972,24,0.06447538854846271,0.023501156088831184,1,1,0.015358584612871816,23,0.06450582207067151,0.025125011572872585,10.0,0.0,0.0,Malt Manufacturing,Manufacturing,Food Manufacturing,Grain and Oilseed Milling,Flour Milling and Malt Manufacturing
311221,31,Manufacturing - food/textiles,24,0.01531309983955847,6,2,0.0081657883709124,24,0.0427889699873262,0.016778515202829417,1,1,0.01015424529973135,23,0.04605356060751987,0.019455962548360344,10.0,0.0,0.0,Wet Corn Milling and Starch Manufacturing,Manufacturing,Food Manufacturing,Grain and Oilseed Milling,Starch and Vegetable Fats and Oils Manufacturing
311222,31,Manufacturing - food/textiles,11,0.014203582844953103,6,2,0.009062506109772247,11,0.03968867743519678,0.012072939285851954,1,1,0.0077975898093081844,10,0.033137726097368266,0.01867099466903232,10.0,0.0,0.0,,,,,
311223,31,Manufacturing - food/textiles,11,0.07255518075494809,10,4,0.042662179995436575,11,0.20273892838656088,0.06598002461040295,10,4,0.03950784937821212,11,0.181101547160051,0.08692286332758034,10.0,0.0,0.0,,,,,
311224,31,Manufacturing - food/textiles,13,0.008074035437320957,11,4,0.0038794754911719064,13,0.022561053191311006,0.011982901744843375,1,1,0.006756460456527839,12,0.03289059163393902,0.020823869419510525,10.0,0.0,0.0,Soybean and Other Oilseed Processing,Manufacturing,Food Manufacturing,Grain and Oilseed Milling,Starch and Vegetable Fats and Oils Manufacturing
311225,31,Manufacturing - food/textiles,24,0.012639099304653432,12,4,0.007744271610836785,23,0.03531708448844312,0.00764145828138315,1,1,0.003631117147208725,23,0.020974225540062605,0.019352047572812132,10.0,0.0,0.0,Fats and Oils Refining and Blending,Manufacturing,Food Manufacturing,Grain and Oilseed Milling,Starch and Vegetable Fats and Oils Manufacturing
311230,31,Manufacturing - food/textiles,24,0.009350457986548317,6,2,0.005032949584761946,24,0.02612772530357294,0.017056054769698202,1,1,0.01048700651133918,23,0.046815349425497095,0.0187237799273216,10.0,0.0,0.0,Breakfast Cereal Manufacturing,Manufacturing,Food Manufacturing,Grain and Oilseed Milling,Breakfast Cereal Manufacturing
311311,31,Manufacturing - food/textiles,11,0.23729127106091646,10,4,0.0984604382651841,11,0.6630564145771808,0.23401130311337312,10,4,0.09530610764795963,11,0.6423127195998285,0.23374893599849772,10.0,0.0002623671148754003,0.001644237112981767,,,,,
311312,31,Manufacturing - food/textiles,11,0.03215270052185347,4,2,0.018052079891234755,11,0.08984339892351569,0.04113361113080538,4,2,0.021602693411104316,11,0.11290327125604349,0.0426980942171552,10.0,0.0,0.0,,,,,
311313,31,Manufacturing - food/textiles,24,0.2393035188713063,10,4,0.178674108411354,24,0.6686791827996804,0.2395452186223137,10,4,0.17551977779412956,24,0.6575021752940315,0.13646244716315173,10.0,0.10308277145916198,0.6460128153738504,Beet Sugar Manufacturing,Manufacturing,Food Manufacturing,Sugar and Confectionery Product Manufacturing,Sugar Manufacturing
311314,31,Manufacturing - food/textiles,13,0.13528277414094755,10,4,0.060064773261512716,13,0.3780169020752718,0.1287076179964024,10,4,0.05691044264428826,13,0.3532758420153452,0.10934657823747866,10.0,0.01936103975892374,0.12133433769951006,Cane Sugar Manufacturing,Manufacturing,Food Manufacturing,Sugar and Confectionery Product Manufacturing,Sugar Manufacturing
311320,31,Manufacturing - food/textiles,11,0.02368487320343089,12,4,0.01251160071826012,10,0.06618198400543128,0.015519198997078747,1,1,0.007183097880762871,10,0.0425969975860321,0.03654750279625701,10.0,0.0,0.0,,,,,
311330,31,Manufacturing - food/textiles,11,0.080579690854822,12,4,0.046394262172047826,10,0.22516159430162888,0.06525027213537647,12,4,0.03959078829362767,10,0.1790985272604444,0.05777964916296121,10.0,0.007470622972415263,0.04681789314248789,,,,,
311340,31,Manufacturing - food/textiles,24,0.06119782095009316,12,4,0.03005195848584302,23,0.17100337301783058,0.04586840223064763,12,4,0.023248484607422862,23,0.12589929541220718,0.030951062034770653,10.0,0.014917340195876976,0.09348597055954952,Nonchocolate Confectionery Manufacturing,Manufacturing,Food Manufacturing,Sugar and Confectionery Product Manufacturing,Nonchocolate Confectionery Manufacturing
311351,31,Manufacturing - food/textiles,13,0.05901354865097867,12,4,0.032487678201554175,12,0.16489992153967106,0.043684129931533144,12,4,0.02568420432313402,12,0.11990391885507104,0.03185777488296806,10.0,0.011826355048565086,0.07411497394170265,Chocolate and Confectionery Manufacturing from Cacao Beans,Manufacturing,Food Manufacturing,Sugar and Confectionery Product Manufacturing,Chocolate and Confectionery Manufacturing
311352,31,Manufacturing - food/textiles,13,0.126146061245258,12,4,0.06756400048475002,12,0.3524864387482758,0.11081664252581247,12,4,0.060760526606329864,12,0.3041688076203398,0.06557430773478726,10.0,0.04524233479102521,0.2835306779078532,Confectionery Manufacturing from Purchased Chocolate,Manufacturing,Food Manufacturing,Sugar and Confectionery Product Manufacturing,Chocolate and Confectionery Manufacturing
311411,31,Manufacturing - food/textiles,24,0.06146813215167579,8,3,0.03830278830144216,24,0.17175869610805677,0.05639438239824428,8,3,0.034906757933210325,24,0.15479093807199495,0.0814006203844009,10.0,0.0,0.0,"Frozen Fruit, Juice, and Vegetable Manufacturing",Manufacturing,Food Manufacturing,Fruit and Vegetable Preserving and Specialty Food Manufacturing,Frozen Food Manufacturing
311412,31,Manufacturing - food/textiles,24,0.008153977789731811,12,4,0.005174036055887259,23,0.022784433888482957,0.010060259967969748,1,1,0.0055460031071808205,23,0.027613336851414063,0.01797578976217166,10.0,0.0,0.0,Frozen Specialty Food Manufacturing,Manufacturing,Food Manufacturing,Fruit and Vegetable Preserving and Specialty Food Manufacturing,Frozen Food Manufacturing
311421,31,Manufacturing - food/textiles,24,0.12258758113434418,8,3,0.07637553727064357,24,0.3425430765119084,0.12364857085877345,9,3,0.07551581731507928,24,0.3393898019723141,0.14503599270067327,10.0,0.0,0.0,Fruit and Vegetable Canning,Manufacturing,Food Manufacturing,Fruit and Vegetable Preserving and Specialty Food Manufacturing,"Fruit and Vegetable Canning, Pickling, and Drying"
311422,31,Manufacturing - food/textiles,24,0.03162167137170528,8,3,0.0161497923957148,24,0.08835955890378384,0.03511585531916104,1,1,0.01976961367348944,23,0.09638577381109183,0.03362507681733098,10.0,0.0014907785018300618,0.00934260889025071,Specialty Canning,Manufacturing,Food Manufacturing,Fruit and Vegetable Preserving and Specialty Food Manufacturing,"Fruit and Vegetable Canning, Pickling, and Drying"
311423,31,Manufacturing - food/textiles,24,0.04148259773239894,8,3,0.02153326655365013,24,0.11591367182120611,0.02956062252314174,8,3,0.018137236185418296,24,0.08113780656443022,0.06737874839920958,10.0,0.0,0.0,Dried and Dehydrated Food Manufacturing,Manufacturing,Food Manufacturing,Fruit and Vegetable Preserving and Specialty Food Manufacturing,"Fruit and Vegetable Canning, Pickling, and Drying"
311511,31,Manufacturing - food/textiles,24,0.006071281412718696,12,4,0.0038852165162194348,23,0.01696481319101242,0.01049069208006812,1,1,0.006792146145890686,23,0.02879478414411624,0.015552962636934776,10.0,0.0,0.0,Fluid Milk Manufacturing,Manufacturing,Food Manufacturing,Dairy Product Manufacturing,Dairy Product (except Frozen) Manufacturing
311512,31,Manufacturing - food/textiles,24,0.028527860321696935,12,4,0.01625108714141868,23,0.07971460853107849,0.014089707055891602,12,4,0.009447613262998525,23,0.03867333730050685,0.021023266149116416,10.0,0.0,0.0,Creamery Butter Manufacturing,Manufacturing,Food Manufacturing,Dairy Product Manufacturing,Dairy Product (except Frozen) Manufacturing
311513,31,Manufacturing - food/textiles,24,0.0265059848132581,12,4,0.01565027263144342,23,0.07406493789906139,0.013765334999869077,12,4,0.008846798753023266,23,0.03778300296753202,0.01684133395620098,10.0,0.0,0.0,Cheese Manufacturing,Manufacturing,Food Manufacturing,Dairy Product Manufacturing,Dairy Product (except Frozen) Manufacturing
311514,31,Manufacturing - food/textiles,24,0.02328103677263206,12,4,0.011682138801306955,23,0.06505355507214626,0.01080158899892397,12,4,0.0048786649228867995,23,0.02964813200726951,0.0168680031650782,10.0,0.0,0.0,"Dry, Condensed, and Evaporated Dairy Product Manufacturing",Manufacturing,Food Manufacturing,Dairy Product Manufacturing,Dairy Product (except Frozen) Manufacturing
311520,31,Manufacturing - food/textiles,24,0.024104837567170433,8,3,0.013146137513251999,24,0.06735547877422893,0.015591800523144217,8,3,0.009750107145020163,24,0.04279627378779581,0.03765664344142198,10.0,0.0,0.0,Ice Cream and Frozen Dessert Manufacturing,Manufacturing,Food Manufacturing,Dairy Product Manufacturing,Ice Cream and Frozen Dessert Manufacturing
311611,31,Manufacturing - food/textiles,24,0.01796326327931767,12,4,0.009628280685748763,23,0.050194248152653914,0.00950930739143737,11,4,0.004091819665510111,24,0.02610108576313396,0.01964333962681651,10.0,0.0,0.0,Animal (except Poultry) Slaughtering,Manufacturing,Food Manufacturing,Animal Slaughtering and Processing,Animal Slaughtering and Processing
311612,31,Manufacturing - food/textiles,24,0.021292116922617968,12,4,0.011685188268244969,23,0.059495971522040954,0.009572742453937712,12,4,0.004881714389824814,23,0.02627520191466378,0.015747131206267622,10.0,0.0,0.0,Meat Processed from Carcasses,Manufacturing,Food Manufacturing,Animal Slaughtering and Processing,Animal Slaughtering and Processing
311613,31,Manufacturing - food/textiles,24,0.018265695984813222,10,4,0.008829419584694154,24,0.05103932746998489,0.015510634653877422,1,1,0.007752077638958032,23,0.04257349023189987,0.02159858713087302,10.0,0.0,0.0,Rendering and Meat Byproduct Processing,Manufacturing,Food Manufacturing,Animal Slaughtering and Processing,Animal Slaughtering and Processing
311615,31,Manufacturing - food/textiles,24,0.010204580550326943,12,4,0.005408287848424847,23,0.028514376284102007,0.008087999649436123,1,1,0.0037296521391232754,23,0.022199889414892513,0.018042906249066924,10.0,0.0,0.0,Poultry Processing,Manufacturing,Food Manufacturing,Animal Slaughtering and Processing,Animal Slaughtering and Processing
311710,31,Manufacturing - food/textiles,13,0.24426234383242104,7,3,0.1495219971000692,13,0.6825354897954338,0.24298546320364892,7,3,0.14964763443038806,13,0.6669449364928589,0.14829317499643846,10.0,0.09469228820721046,0.5934302195509614,Seafood Product Preparation and Packaging,Manufacturing,Food Manufacturing,Seafood Product Preparation and Packaging,Seafood Product Preparation and Packaging
311711,31,Manufacturing - food/textiles,11,0.40503863824904845,7,3,0.2578876273236979,11,1.0,0.40831860619659177,7,3,0.2580132646540168,11,1.0,0.4520582156975945,10.0,0.0,0.0,,,,,
311712,31,Manufacturing - food/textiles,11,0.13884107308208005,7,3,0.07384389025819722,11,0.3879597580739461,0.1457701842908191,7,3,0.0739695275885161,11,0.40010906423200676,0.09955379429947295,10.0,0.04621638999134614,0.28963501652216905,,,,,
311811,31,Manufacturing - food/textiles,24,0.0777829866009079,12,4,0.04138894000612361,23,0.21734684120539305,0.06245356788146238,12,4,0.034585466127703454,23,0.17142215141300218,0.030013923094020473,10.0,0.03243964478744191,0.203297078282041,Retail Bakeries,Manufacturing,Food Manufacturing,Bakeries and Tortilla Manufacturing,Bread and Bakery Product Manufacturing
311812,31,Manufacturing - food/textiles,24,0.016798221187453295,12,4,0.008892479083377444,23,0.04693880336191494,0.0071039308581672365,11,4,0.0036178448378972783,24,0.019498823726253507,0.018931489542026943,10.0,0.0,0.0,Commercial Bakeries,Manufacturing,Food Manufacturing,Bakeries and Tortilla Manufacturing,Bread and Bakery Product Manufacturing
311813,31,Manufacturing - food/textiles,24,0.012815908397249814,12,4,0.005685057559079356,23,0.03581113722994285,0.012040250142676002,11,4,0.006568521003007837,24,0.03304800114743898,0.024346057039193885,10.0,0.0,0.0,"Frozen Cakes, Pies, and Other Pastries Manufacturing",Manufacturing,Food Manufacturing,Bakeries and Tortilla Manufacturing,Bread and Bakery Product Manufacturing
311821,31,Manufacturing - food/textiles,24,0.02774476971436632,12,4,0.015911738540026945,23,0.07752644017552018,0.015666275699111182,12,4,0.00910826466160679,23,0.04300069277175763,0.016843839516139502,10.0,0.0,0.0,Cookie and Cracker Manufacturing,Manufacturing,Food Manufacturing,Bakeries and Tortilla Manufacturing,"Cookie, Cracker, and Pasta Manufacturing"
311822,31,Manufacturing - food/textiles,11,0.01189394060378264,10,4,0.006346581803312035,11,0.033234908206604505,0.01403279067089762,4,2,0.00827788565651648,11,0.038517113573067654,0.02055552136384465,10.0,0.0,0.0,,,,,
311823,31,Manufacturing - food/textiles,11,0.019725667945818922,6,2,0.007394763741602902,11,0.05511888661061228,0.023135089548188614,1,1,0.01092982267429147,10,0.06350104498449498,0.02576515896829335,10.0,0.0,0.0,,,,,
311824,31,Manufacturing - food/textiles,13,0.012806956474050436,12,4,0.007104368319127631,12,0.03578612311933687,0.005953855232482989,1,1,0.002823356686102566,12,0.01634210354628495,0.01889361193157484,10.0,0.0,0.0,"Dry Pasta, Dough, and Flour Mixes Manufacturing from Purchased Flour",Manufacturing,Food Manufacturing,Bakeries and Tortilla Manufacturing,"Cookie, Cracker, and Pasta Manufacturing"
311830,31,Manufacturing - food/textiles,24,0.0266047595955373,12,4,0.012537477332907492,23,0.07434094153246885,0.011295609879877717,9,3,0.005754272458273281,24,0.03100411734371615,0.01680117584478692,10.0,0.0,0.0,Tortilla Manufacturing,Manufacturing,Food Manufacturing,Bakeries and Tortilla Manufacturing,Tortilla Manufacturing
311911,31,Manufacturing - food/textiles,24,0.0516268266950219,9,3,0.02515410076331073,24,0.14425940933836937,0.05220721720060725,9,3,0.028574926290631415,24,0.14329803396981575,0.03085018125777167,10.0,0.021357035942835584,0.13384311192038154,Roasted Nuts and Peanut Butter Manufacturing,Manufacturing,Food Manufacturing,Other Food Manufacturing,Snack Food Manufacturing
311919,31,Manufacturing - food/textiles,24,0.01843963078290021,12,4,0.010206895806780083,23,0.05152534865009039,0.007585594297190801,12,4,0.0034034219283599274,23,0.020820890435574575,0.01832927274736383,10.0,0.0,0.0,Other Snack Food Manufacturing,Manufacturing,Food Manufacturing,Other Food Manufacturing,Snack Food Manufacturing
311920,31,Manufacturing - food/textiles,24,0.02917237673748675,12,4,0.015915108480188078,23,0.08151556286824845,0.013842958018041222,12,4,0.009111634601767922,23,0.037996062128531356,0.017739955404825005,10.0,0.0,0.0,Coffee and Tea Manufacturing,Manufacturing,Food Manufacturing,Other Food Manufacturing,Coffee and Tea Manufacturing
311930,31,Manufacturing - food/textiles,24,0.015077666039322696,12,4,0.00838459956984039,23,0.04213110385193626,0.008710544840537411,3,1,0.004724239494706336,24,0.023908647451150004,0.023361076557102164,10.0,0.0,0.0,Flavoring Syrup and Concentrate Manufacturing,Manufacturing,Food Manufacturing,Other Food Manufacturing,Flavoring Syrup and Concentrate Manufacturing
311941,31,Manufacturing - food/textiles,24,0.02277683248376674,12,4,0.00958029532467885,23,0.0636446710179846,0.022639116911657667,9,3,0.011528570660555796,24,0.06213970248189394,0.021697026449006597,10.0,0.0009420904626510698,0.005904017747089573,"Mayonnaise, Dressing, and Other Prepared Sauce Manufacturing",Manufacturing,Food Manufacturing,Other Food Manufacturing,Seasoning and Dressing Manufacturing
311942,31,Manufacturing - food/textiles,24,0.026099372682564657,12,4,0.012569783471817976,23,0.07292875290457851,0.01076995396311913,12,4,0.005766309593397821,23,0.02956130036447232,0.01895501484666156,10.0,0.0,0.0,Spice and Extract Manufacturing,Manufacturing,Food Manufacturing,Other Food Manufacturing,Seasoning and Dressing Manufacturing
311991,31,Manufacturing - food/textiles,24,0.03405687459719858,12,4,0.017888990978501752,23,0.09516417970691428,0.01872745587775306,12,4,0.011085517100081597,23,0.05140300043625518,0.023464164727794487,10.0,0.0,0.0,Perishable Prepared Food Manufacturing,Manufacturing,Food Manufacturing,Other Food Manufacturing,All Other Food Manufacturing
311999,31,Manufacturing - food/textiles,24,0.026330877886153955,12,4,0.012219454476276424,23,0.07357564147136643,0.011001459166708428,12,4,0.005415980597856269,23,0.03019673435821797,0.018127291499021543,10.0,0.0,0.0,All Other Miscellaneous Food Manufacturing,Manufacturing,Food Manufacturing,Other Food Manufacturing,All Other Food Manufacturing
312111,31,Manufacturing - food/textiles,24,0.010181647435503224,12,4,0.004880507647966591,23,0.02845029491767788,0.010606891098995132,4,2,0.004620142913281353,24,0.029113726463862573,0.01563437934785347,10.0,0.0,0.0,Soft Drink Manufacturing,Manufacturing,Beverage and Tobacco Product Manufacturing,Beverage Manufacturing,Soft Drink and Ice Manufacturing
312112,31,Manufacturing - food/textiles,24,0.012746207897217763,8,3,0.005588713699206198,24,0.03561637505669112,0.009812994969241467,9,3,0.003931838020868407,24,0.026934645473339625,0.01787700215606461,10.0,0.0,0.0,Bottled Water Manufacturing,Manufacturing,Beverage and Tobacco Product Manufacturing,Beverage Manufacturing,Soft Drink and Ice Manufacturing
312113,31,Manufacturing - food/textiles,24,0.10963998454338125,8,3,0.06050728142587943,24,0.30636396661624055,0.10939828479237387,8,3,0.0571112510576476,24,0.3002757084366264,0.184258046365149,10.0,0.0,0.0,Ice Manufacturing,Manufacturing,Beverage and Tobacco Product Manufacturing,Beverage Manufacturing,Soft Drink and Ice Manufacturing
312120,31,Manufacturing - food/textiles,24,0.06995688722902746,12,4,0.0327618218369556,23,0.1954785888822318,0.05462746850958193,12,4,0.025958347958535445,23,0.14994112419537386,0.04451853189767091,10.0,0.01010893661191102,0.06335202777976921,Breweries,Manufacturing,Beverage and Tobacco Product Manufacturing,Beverage Manufacturing,Breweries
312130,31,Manufacturing - food/textiles,24,0.09232450222673885,10,4,0.04178972182064733,24,0.25797979483353684,0.08064422676848901,10,4,0.038635391203422874,24,0.2213517549218472,0.0721919093232275,10.0,0.008452317445261509,0.052970106565383646,Wineries,Manufacturing,Beverage and Tobacco Product Manufacturing,Beverage Manufacturing,Wineries
312140,31,Manufacturing - food/textiles,24,0.07230066179966538,12,4,0.03680183551545849,23,0.20202773313198127,0.05697124308021986,12,4,0.02999836163703834,23,0.15637430156145188,0.030342342596734545,10.0,0.026628900483485318,0.16688153343317458,Distilleries,Manufacturing,Beverage and Tobacco Product Manufacturing,Beverage Manufacturing,Distilleries
312210,31,Manufacturing - food/textiles,11,0.20838972079062207,9,3,0.12928194875394713,11,0.5822976145915546,0.2152065766861746,9,3,0.1327027742812678,11,0.5906976274564678,0.31043195770450666,10.0,0.0,0.0,,,,,
312221,31,Manufacturing - food/textiles,11,0.04687425321690545,1,1,0.027644961497582155,10,0.13097942513867444,0.06220367193635098,1,1,0.03617090633860753,10,0.1707362386302179,0.04106953557091279,10.0,0.02113413636543819,0.13244621521784017,,,,,
312229,31,Manufacturing - food/textiles,11,0.015609850493214832,1,1,0.009748094089405935,10,0.043618172104863476,0.029466099279182166,1,1,0.018274038930431308,10,0.0808783597723936,0.03512397865060103,10.0,0.0,0.0,,,,,
312230,31,Manufacturing - food/textiles,13,0.048757117826572466,10,4,0.02612244145160564,13,0.1362406614734049,0.04880351347309081,10,4,0.022968110834381186,13,0.13395556987151544,0.05192077441309283,10.0,0.0,0.0,Tobacco Manufacturing,Manufacturing,Beverage and Tobacco Product Manufacturing,Tobacco Manufacturing,Tobacco Manufacturing
313110,31,Manufacturing - food/textiles,13,0.031574931266019214,3,1,0.015237115885969868,13,0.08822895432336839,0.03274079135930298,1,1,0.016718939183282003,12,0.08986671353073913,0.047070008673839016,10.0,0.0,0.0,"Fiber, Yarn, and Thread Mills",Manufacturing,Textile Mills,"Fiber, Yarn, and Thread Mills","Fiber, Yarn, and Thread Mills"
313111,31,Manufacturing - food/textiles,11,0.09714504793065967,1,1,0.04923347124439757,10,0.2714497119377637,0.11247446665010519,1,1,0.05775941608542294,10,0.3087191926133962,0.046274473398920754,10.0,0.06619999325118443,0.41487091792899705,,,,,
313112,31,Manufacturing - food/textiles,11,0.09510009136133157,1,1,0.04843253894087553,10,0.2657355465377366,0.11042951008077709,1,1,0.056958483781900895,10,0.303106208975284,0.040954259376664505,10.0,0.06947525070411259,0.43539673672771395,,,,,
313113,31,Manufacturing - food/textiles,11,0.11704395673468251,1,1,0.05804152908843331,10,0.32705268067152105,0.13237337545412803,1,1,0.06656747392945868,10,0.363337589506766,0.07267918185766846,10.0,0.05969419359645957,0.37409950781152596,,,,,
313210,31,Manufacturing - food/textiles,24,0.06867293376737146,1,1,0.035548967771591194,23,0.19189087335033161,0.08400235248681699,1,1,0.04407491261261656,23,0.23056911679368966,0.03245126793628238,10.0,0.051551084550534615,0.32306718954737934,Broadwoven Fabric Mills,Manufacturing,Textile Mills,Fabric Mills,Broadwoven Fabric Mills
313220,31,Manufacturing - food/textiles,13,0.04483287946356958,6,2,0.016854138570078166,13,0.1252752711019616,0.03933337108853257,1,1,0.011480267525360034,12,0.1079619839673498,0.02540581586483276,10.0,0.01392755522369981,0.08728305451994524,Narrow Fabric Mills and Schiffli Machine Embroidery,Manufacturing,Textile Mills,Fabric Mills,Narrow Fabric Mills and Schiffli Machine Embroidery
313221,31,Manufacturing - food/textiles,11,0.0791747257939181,1,1,0.039179882717219686,10,0.22123573941567312,0.09450414451336361,1,1,0.047705827558245054,10,0.25939436799950405,0.038980912527864855,10.0,0.05552323198549876,0.347960371125814,,,,,
313222,31,Manufacturing - food/textiles,11,0.10738505143560108,1,1,0.053304110328834586,10,0.3000630696010601,0.1227144701550466,1,1,0.061830055169859954,10,0.33682588836896044,0.0697312336231933,10.0,0.0529832365318533,0.33204238996543806,,,,,
313230,31,Manufacturing - food/textiles,24,0.01303328779455809,6,2,0.006355801632429728,24,0.03641855444819009,0.024197359038532148,1,1,0.011405279488907481,23,0.06641675544895881,0.016691136673251818,10.0,0.00750622236528033,0.04704099215006039,Nonwoven Fabric Mills,Manufacturing,Textile Mills,Fabric Mills,Nonwoven Fabric Mills
313240,31,Manufacturing - food/textiles,13,0.02556666166530588,6,2,0.012904418337894071,13,0.07144021329024651,0.04082959545132189,1,1,0.02136387824548993,12,0.11206881097445862,0.031128667680177725,10.0,0.009700927771144167,0.06079506373825004,Knit Fabric Mills,Manufacturing,Textile Mills,Fabric Mills,Knit Fabric Mills
313241,31,Manufacturing - food/textiles,11,0.1441551956498627,1,1,0.07352907433150645,10,0.4028088633135278,0.15948461436930822,1,1,0.08205501917253182,10,0.437752343698761,0.08382354349884863,10.0,0.07566107087045959,0.47416285685130116,,,,,
313249,31,Manufacturing - food/textiles,11,0.0915685116233428,1,1,0.046149128072747736,10,0.2558673512670259,0.10689793034278833,1,1,0.054675072913773104,10,0.2934127516259515,0.05052078657734144,10.0,0.05637714376544689,0.3533117789822057,,,,,
313310,31,Manufacturing - food/textiles,13,0.02464514513484451,3,1,0.01118191003268406,13,0.06886524521860404,0.0325387460708025,1,1,0.01750680114723501,12,0.08931214092243994,0.03256154395700482,10.0,0.0,0.0,Textile and Fabric Finishing Mills,Manufacturing,Textile Mills,Textile and Fabric Finishing and Fabric Coating Mills,Textile and Fabric Finishing Mills
313311,31,Manufacturing - food/textiles,11,0.08912888269858218,1,1,0.04438333080364117,10,0.24905036385523324,0.1044583014180277,1,1,0.05290927564466655,10,0.286716473845223,0.03831228733341606,10.0,0.06614601408461164,0.41453263411225816,,,,,
313312,31,Manufacturing - food/textiles,11,0.10269031708122653,1,1,0.05027617411686315,10,0.2869447036599683,0.11801973580067204,1,1,0.05880211895788852,10,0.32393981171010716,0.045235269227498404,10.0,0.07278446657317364,0.45613537064287674,,,,,
313320,31,Manufacturing - food/textiles,24,0.020472552830027593,6,2,0.009387325212684807,24,0.05720588631865532,0.025095455735116,1,1,0.014135865448092089,23,0.06888184548508805,0.020536420316777604,10.0,0.004559035418338395,0.028571169209945776,Fabric Coating Mills,Manufacturing,Textile Mills,Textile and Fabric Finishing and Fabric Coating Mills,Fabric Coating Mills
314110,31,Manufacturing - food/textiles,24,0.024087559540799355,1,1,0.012441777900834696,23,0.06730719926455561,0.03941697826024488,1,1,0.020967722741860068,23,0.10819146839449546,0.021236789138140498,10.0,0.01818018912210438,0.11393402595362447,Carpet and Rug Mills,Manufacturing,Textile Product Mills,Textile Furnishings Mills,Carpet and Rug Mills
314120,31,Manufacturing - food/textiles,13,0.02727095265614988,3,1,0.013322872740102772,13,0.07620246631680269,0.022906889625323567,3,1,0.011955867449784757,13,0.06287468330402134,0.04316514306215818,10.0,0.0,0.0,Curtain and Linen Mills,Manufacturing,Textile Product Mills,Textile Furnishings Mills,Curtain and Linen Mills
314121,31,Manufacturing - food/textiles,11,0.065773346692691,1,1,0.03384424376101253,10,0.18378863764272985,0.08110276541213653,1,1,0.042370188602037895,10,0.22261034884156125,0.033084778778256226,10.0,0.0480179866338803,0.30092550185484807,,,,,
314129,31,Manufacturing - food/textiles,11,0.10549099526906272,1,1,0.055769149024101086,10,0.29477056100949744,0.12082041398850824,1,1,0.06429509386512645,10,0.33162709518581795,0.04518500761462395,10.0,0.07563540637388429,0.47400201917248175,,,,,
314910,31,Manufacturing - food/textiles,13,0.01843519812919116,6,2,0.010223608283372312,13,0.051512962608824556,0.00945428752023925,6,2,0.0047933111942899615,13,0.025950067574563057,0.026380170138583302,10.0,0.0,0.0,Textile Bag and Canvas Mills,Manufacturing,Textile Product Mills,Other Textile Product Mills,Textile Bag and Canvas Mills
314911,31,Manufacturing - food/textiles,11,0.03542529235967348,1,1,0.01968760449334942,10,0.09898791149095199,0.05075471107911901,1,1,0.028213549334374793,10,0.1393112045102297,0.027824942122971607,10.0,0.022929768956147404,0.14369932423771797,,,,,
314912,31,Manufacturing - food/textiles,11,0.024343264333349483,6,2,0.014452261180325963,11,0.06802170807130799,0.019597219771088928,1,1,0.009146587711596491,10,0.053790322776268974,0.04068590477738217,10.0,0.0,0.0,,,,,
314991,31,Manufacturing - food/textiles,11,0.04818379602061704,1,1,0.02334803338405107,10,0.13463864425905012,0.06351321474006257,1,1,0.03187397822507644,10,0.17433066329472593,0.031716106882147585,10.0,0.03179710785791498,0.19927034243714956,,,,,
314992,31,Manufacturing - food/textiles,11,0.06417000713490648,1,1,0.03283563013840159,10,0.17930847040446068,0.07949942585435199,1,1,0.04136157497942697,10,0.21820951273620595,0.04859033228288168,10.0,0.030909093571470307,0.19370521645966657,,,,,
314994,31,Manufacturing - food/textiles,13,0.02017534823633397,3,1,0.00889038622542866,13,0.056375415769067454,0.015257729426146392,3,1,0.007523380935110645,13,0.04187931758953725,0.02654430273242524,10.0,0.0,0.0,"Rope, Cordage, Twine, Tire Cord, and Tire Fabric Mills",Manufacturing,Textile Product Mills,Other Textile Product Mills,All Other Textile Product Mills
314999,31,Manufacturing - food/textiles,24,0.015658945530594062,6,2,0.007124655657028689,24,0.04375535700556658,0.012977543413776523,1,1,0.007390765017618157,23,0.03562067768918501,0.020606789270857028,10.0,0.0,0.0,All Other Miscellaneous Textile Product Mills,Manufacturing,Textile Product Mills,Other Textile Product Mills,All Other Textile Product Mills
315110,31,Manufacturing - food/textiles,11,0.038377658238406664,1,1,0.01776077184669226,10,0.10723762554625868,0.05370707695785219,1,1,0.02628671668771763,10,0.1474148393842431,0.05145787629091046,10.0,0.002249200666941731,0.01409558973457951,,,,,
315111,31,Manufacturing - food/textiles,11,0.06979767887895036,1,1,0.03701555121646292,10,0.19503371740718384,0.0851270975983959,1,1,0.04554149605748829,10,0.23365630994147046,0.039760724001322426,10.0,0.045366373597073475,0.28430802078655715,,,,,
315119,31,Manufacturing - food/textiles,11,0.11087296306970432,1,1,0.05837594664867725,10,0.3098092443007473,0.12620238178914983,1,1,0.06690189148970262,10,0.34639948578762586,0.05833687676614598,10.0,0.06786550502300384,0.4253085685035899,,,,,
315120,31,Manufacturing - food/textiles,2,,,,,,,,,,,,,,,,,Apparel Knitting Mills,Manufacturing,Apparel Manufacturing,Apparel Knitting Mills,Apparel Knitting Mills
315190,31,Manufacturing - food/textiles,11,0.0926915438776494,1,1,0.0446083191488858,10,0.25900540913432907,0.10802096259709493,1,1,0.05313426398991117,10,0.29649524333410854,0.07772524072922035,10.0,0.030295721867874575,0.18986125712968763,,,,,
315191,31,Manufacturing - food/textiles,11,0.10803863086869561,1,1,0.05206115695954523,10,0.301889348476012,0.12336804958814114,1,1,0.0605871018005706,10,0.3386198289930254,0.051384540498199835,10.0,0.0719835090899413,0.45111582381256415,,,,,
315192,31,Manufacturing - food/textiles,11,0.14770671090727425,1,1,0.0782758623168666,10,0.41273276385300833,0.16303612962671976,1,1,0.08680180715789197,10,0.4475005199335778,0.0692835562684217,10.0,0.09375257335829806,0.5875410896158489,,,,,
315210,31,Manufacturing - food/textiles,13,0.04730270856890828,3,1,0.020614559095027244,13,0.13217664604037574,0.05302971885577837,1,1,0.019538095503477175,12,0.1455556312225107,0.05959101846544164,10.0,0.0,0.0,Cut and Sew Apparel Contractors,Manufacturing,Apparel Manufacturing,Cut and Sew Apparel Manufacturing,Cut and Sew Apparel Contractors
315211,31,Manufacturing - food/textiles,11,0.07138813505292688,1,1,0.034304746946282584,10,0.19947788496355506,0.08671755377237242,1,1,0.04283069178730796,10,0.2380217838178168,0.040019326610982814,10.0,0.046698227161389605,0.29265465775188576,,,,,
315212,31,Manufacturing - food/textiles,11,0.05976262219503506,6,2,0.019191533107966296,11,0.16699303695919757,0.06970167992670329,1,1,0.02232711696121438,10,0.19131672273414668,0.05780992688599501,10.0,0.011891753040708275,0.07452481877247494,,,,,
315220,31,Manufacturing - food/textiles,11,0.035116687651381165,3,1,0.01579530401487107,11,0.09812558591746129,0.03563452248565207,1,1,0.019863752369011535,10,0.09780940811355365,0.042647042475233,10.0,0.0,0.0,,,,,
315221,31,Manufacturing - food/textiles,11,0.1275459315263576,1,1,0.06568479932136283,10,0.3563980574323898,0.1428753502458031,1,1,0.0742107441623882,10,0.39216334236512945,0.08309719945672817,10.0,0.059778150789074946,0.37462566190696406,,,,,
315222,31,Manufacturing - food/textiles,11,0.038883627875812427,1,1,0.023080493939001478,10,0.10865144246486355,0.054213046595257955,1,1,0.03160643878002685,10,0.14880362159054356,0.031780888892570115,10.0,0.02243215770268784,0.14058082788513904,,,,,
315223,31,Manufacturing - food/textiles,11,0.09877449573831892,1,1,0.05256462954412557,10,0.2760028327342292,0.11410391445776447,1,1,0.06109057438515095,10,0.3131916904750766,0.05996967891725846,10.0,0.054134235540506004,0.33925562355963584,,,,,
315224,31,Manufacturing - food/textiles,11,0.22864233705512169,1,1,0.11311275446436606,10,0.6388889382677605,0.2439717557745672,1,1,0.12163869930539142,10,0.669652105997576,0.10002535167479285,10.0,0.14394640409977436,0.902102460567596,,,,,
315225,31,Manufacturing - food/textiles,11,0.09656700211106528,1,1,0.053150975872602854,10,0.2698344945431753,0.11189642083051081,1,1,0.06167692071362822,10,0.3071325761658261,0.042804943779421234,10.0,0.06909147705108958,0.4329916529824256,,,,,
315228,31,Manufacturing - food/textiles,11,0.06888857347554744,1,1,0.03514351568454647,10,0.19249342940350783,0.08421799219499296,1,1,0.04366946052557184,10,0.23116100327767336,0.04162170996964419,10.0,0.04259628222534877,0.26694804393921717,,,,,
315231,31,Manufacturing - food/textiles,11,0.12921394041069578,1,1,0.06495615197095653,10,0.36105892837546055,0.14454335913014132,1,1,0.0734820968119819,10,0.3967416824220492,0.05883391058089395,10.0,0.08570944854924738,0.5371353658586393,,,,,
315232,31,Manufacturing - food/textiles,11,0.03535027339775696,1,1,0.014223486506299043,10,0.09877828808722847,0.05067969211720248,1,1,0.022749431347324413,10,0.13910529294609122,0.07739366014035884,10.0,0.0,0.0,,,,,
315233,31,Manufacturing - food/textiles,11,0.0682762822850758,1,1,0.030224334688111077,10,0.1907825211192874,0.08360570100452133,1,1,0.03875027952913645,10,0.22948039035638934,0.05103668156393837,10.0,0.032569019440582964,0.204107860556621,,,,,
315234,31,Manufacturing - food/textiles,11,0.09627604122097405,1,1,0.04310664085056778,10,0.2690214706013188,0.1116054599404196,1,1,0.05163258569159315,10,0.3063339485861954,0.046660792548613134,10.0,0.06494466739180646,0.4070038749581002,,,,,
315239,31,Manufacturing - food/textiles,11,0.08890692634763922,1,1,0.04076926286167435,10,0.24843015738244187,0.10423634506708476,1,1,0.049295207702699725,10,0.28610724948080185,0.06126478181012353,10.0,0.042971563256961234,0.26929990499569273,,,,,
315240,31,Manufacturing - food/textiles,11,0.06638076205476623,1,1,0.03490090020982943,10,0.18548592153495239,0.08171018077421174,1,1,0.0434268450508548,10,0.22427757862042466,0.05601214091767311,10.0,0.02569803985653863,0.16104789231330296,,,,,
315250,31,Manufacturing - food/textiles,2,,,,,,,,,,,,,,,,,Cut and Sew Apparel Manufacturing (except Contractors),Manufacturing,Apparel Manufacturing,Cut and Sew Apparel Manufacturing,Cut and Sew Apparel Manufacturing (except Contractors)
315280,31,Manufacturing - food/textiles,11,0.05343504749898333,3,1,0.024373405800405236,11,0.14931207055796702,0.04851742868879576,3,1,0.023006400510087222,11,0.13317032619571034,0.060074407937106375,10.0,0.0,0.0,,,,,
315291,31,Manufacturing - food/textiles,11,0.14249708209610837,1,1,0.07259240923202853,10,0.3981756426181406,0.15782650081555388,1,1,0.0811183540730539,10,0.43320116428158,0.07154605235120079,10.0,0.0862804484643531,0.5407137840318624,,,,,
315292,31,Manufacturing - food/textiles,11,0.032427343335634816,6,2,0.015310339701223953,11,0.090610825717519,0.03585570044195062,1,1,0.020233425189400425,10,0.09841649594536162,0.05819094801080018,10.0,0.0,0.0,,,,,
315299,31,Manufacturing - food/textiles,11,0.02897819264463377,8,3,0.010279161637126177,11,0.08097295964563785,0.038497864144795356,1,1,0.012995359258867604,10,0.10566868988225,0.03808609442427172,10.0,0.00041176972052363314,0.002580533222727327,,,,,
315990,31,Manufacturing - food/textiles,13,0.03032025615820583,3,1,0.01184648135363044,13,0.08472305048322075,0.025402637348018255,3,1,0.010479476063312424,13,0.06972499560035714,0.04557873662212854,10.0,0.0,0.0,Apparel Accessories and Other Apparel Manufacturing,Manufacturing,Apparel Manufacturing,Apparel Accessories and Other Apparel Manufacturing,Apparel Accessories and Other Apparel Manufacturing
315991,31,Manufacturing - food/textiles,11,0.08280219785152584,1,1,0.04073589979261638,10,0.23137188393435978,0.09813161657097136,1,1,0.04926184463364175,10,0.2693510299709371,0.04970901585552899,10.0,0.04842260071544237,0.30346119116810416,,,,,
315992,31,Manufacturing - food/textiles,11,0.07785266882537735,1,1,0.04100609739172193,10,0.2175415523117473,0.09318208754482288,1,1,0.049532042232747306,10,0.2557655945358654,0.05624844670597803,10.0,0.03693364083884485,0.2314606501413398,,,,,
315993,31,Manufacturing - food/textiles,11,0.08278272546846133,1,1,0.03772069023029203,10,0.23131747279466505,0.09811214418790687,1,1,0.046246635071317405,10,0.26929758229915013,0.052114860926236274,10.0,0.045997283261670595,0.2882618893419289,,,,,
315999,31,Manufacturing - food/textiles,11,0.06297818088390218,1,1,0.02929673387219328,10,0.1759781833810202,0.07830759960334771,1,1,0.03782267871321865,10,0.21493819570840347,0.03165853877069598,10.0,0.04664906083265173,0.29234653566708,,,,,
316110,31,Manufacturing - food/textiles,24,0.038991491365323296,1,1,0.02481233513708341,23,0.10895284242070306,0.05397971194347181,1,1,0.03333827997810878,23,0.1481631661391544,0.02761117694937138,10.0,0.026368534994100426,0.16524984037290058,Leather and Hide Tanning and Finishing,Manufacturing,Leather and Allied Product Manufacturing,Leather and Hide Tanning and Finishing,Leather and Hide Tanning and Finishing
316210,31,Manufacturing - food/textiles,13,0.03266130308534915,3,1,0.016397655608100675,13,0.09126457295443752,0.027743684275161568,3,1,0.015030650317782659,13,0.0761506861481156,0.053103230975834026,10.0,0.0,0.0,Footwear Manufacturing,Manufacturing,Leather and Allied Product Manufacturing,Footwear Manufacturing,Footwear Manufacturing
316211,31,Manufacturing - food/textiles,11,0.05206356301556407,1,1,0.024958471514309577,8,0.14547976952068714,0.0673929817350096,1,1,0.033484416355334945,8,0.18497982278737982,0.04289817841306115,10.0,0.02449480332194845,0.15350728964742275,,,,,
316212,31,Manufacturing - food/textiles,11,0.12142476418940946,2,1,0.03958181944440349,11,0.3392938493874936,0.12972296644969028,2,1,0.04107654782626416,11,0.3560627639190998,0.15610654636619892,10.0,0.0,0.0,,,,,
316213,31,Manufacturing - food/textiles,11,0.04757109780952127,1,1,0.025083421057644596,10,0.13292659864839332,0.0629005165289668,1,1,0.03360936589866997,10,0.17264893318585078,0.030412913304926077,10.0,0.03248760322404073,0.2035976305878199,,,,,
316214,31,Manufacturing - food/textiles,11,0.04333154827415374,1,1,0.02398536850198817,10,0.12108014301698704,0.05866096699359927,1,1,0.03251131334301354,10,0.16101224489041052,0.037350036849859214,10.0,0.021310930143740053,0.13355416996958655,,,,,
316219,31,Manufacturing - food/textiles,11,0.1597267901512735,6,2,0.05483745250229121,11,0.4463201377619867,0.15417085573187225,6,2,0.04940715541320886,11,0.4231671731693913,0.07408032690191871,10.0,0.08009052882995354,0.5019219728169252,,,,,
316990,31,Manufacturing - food/textiles,2,,,,,,,,,,,,,,,,,Other Leather and Allied Product Manufacturing,Manufacturing,Leather and Allied Product Manufacturing,Other Leather and Allied Product Manufacturing,Other Leather and Allied Product Manufacturing
316991,31,Manufacturing - food/textiles,11,0.019437515653379197,6,2,0.010138343113832578,11,0.05431371065524294,0.0344230991754301,1,1,0.01832045275746333,10,0.09448430120366083,0.03338287006753459,10.0,0.0010402291078955087,0.006519046055059077,,,,,
316992,31,Manufacturing - food/textiles,22,0.06909726304147303,6,2,0.027405673498480852,22,0.19307656486704017,0.0635413286220718,6,2,0.021975376409398503,22,0.1744078300972334,0.04679935311439869,10.0,0.016741975507673118,0.10492083768737938,,,,,
316993,31,Manufacturing - food/textiles,11,0.06047369529438908,1,1,0.029652446727599667,10,0.16897996879049498,0.07193576753808825,1,1,0.03817839156862504,10,0.19744883203998542,0.05606304107750535,10.0,0.015872726460582902,0.09947331220641913,,,,,
316998,31,Manufacturing - food/textiles,11,0.027952966052491975,12,4,0.012861182447925968,10,0.07810819742629684,0.02126745725125751,3,1,0.009726287166561062,11,0.05837477986868939,0.03859679161402899,10.0,0.0,0.0,,,,,
316999,31,Manufacturing - food/textiles,11,0.02794274947764249,1,1,0.014278332815089622,10,0.0780796495346754,0.04327216819708802,1,1,0.022804277656114993,10,0.11877316893614805,0.039265247378360596,10.0,0.004006920818727423,0.025111104042363507,,,,,
321113,32,Manufacturing - paper/chemicals,24,0.00960296868444192,1,1,0.004866753428086097,23,0.026833308940253497,0.024932387403887445,1,1,0.013392698269111467,23,0.06843425657840488,0.01986143116184445,10.0,0.005070956242042995,0.031779342679563095,Sawmills,Manufacturing,Wood Product Manufacturing,Sawmills and Wood Preservation,Sawmills and Wood Preservation
321114,32,Manufacturing - paper/chemicals,24,0.01132309536960414,6,2,0.004174535198710953,24,0.03163981120804825,0.011528040901351629,4,2,0.004788269447282992,24,0.03164209251643652,0.022140977753577065,10.0,0.0,0.0,Wood Preservation,Manufacturing,Wood Product Manufacturing,Sawmills and Wood Preservation,Sawmills and Wood Preservation
321211,32,Manufacturing - paper/chemicals,24,0.023515743976409077,1,1,0.012434501405589007,23,0.06570939089921245,0.038845162695854606,1,1,0.02096044624661438,23,0.10662195271133597,0.02276974454846948,10.0,0.016075418147385126,0.10074356741386525,Hardwood Veneer and Plywood Manufacturing,Manufacturing,Wood Product Manufacturing,"Veneer, Plywood, and Engineered Wood Product Manufacturing","Veneer, Plywood, and Engineered Wood Product Manufacturing"
321212,32,Manufacturing - paper/chemicals,24,0.023899510000687366,1,1,0.012322697428083031,23,0.06678173765245302,0.039228928720132894,1,1,0.020848642269108403,23,0.10767531122635086,0.0210876821948621,10.0,0.018141246525270795,0.11368997531099695,Softwood Veneer and Plywood Manufacturing,Manufacturing,Wood Product Manufacturing,"Veneer, Plywood, and Engineered Wood Product Manufacturing","Veneer, Plywood, and Engineered Wood Product Manufacturing"
321213,32,Manufacturing - paper/chemicals,22,0.011839768868511145,8,3,0.004584687624435888,22,0.03308353762984477,0.022346722718793618,1,1,0.01116781157502092,21,0.06133714078203145,0.03374485630038103,10.0,0.0,0.0,,,,,
321214,32,Manufacturing - paper/chemicals,22,0.017953550576103535,6,2,0.0077663941678688805,22,0.05016710821556215,0.016231968223989895,1,1,0.007539540197615914,21,0.04455340197544983,0.049539830361816375,10.0,0.0,0.0,,,,,
321215,32,Manufacturing - paper/chemicals,2,,,,,,,,,,,,,,,,,Engineered Wood Member Manufacturing,Manufacturing,Wood Product Manufacturing,"Veneer, Plywood, and Engineered Wood Product Manufacturing","Veneer, Plywood, and Engineered Wood Product Manufacturing"
321219,32,Manufacturing - paper/chemicals,24,0.01066934281879162,1,1,0.005609156888628928,23,0.029813048595060447,0.025998761538237148,1,1,0.0141351017296543,23,0.07136123344333534,0.018922666503565225,10.0,0.007076095034671923,0.04434541301610532,Reconstituted Wood Product Manufacturing,Manufacturing,Wood Product Manufacturing,"Veneer, Plywood, and Engineered Wood Product Manufacturing","Veneer, Plywood, and Engineered Wood Product Manufacturing"
321911,32,Manufacturing - paper/chemicals,24,0.0097662274120974,6,2,0.0059554405642043284,24,0.027289498272982413,0.016425283391082478,1,1,0.010911038420077656,23,0.0450840122026617,0.022606014415824355,10.0,0.0,0.0,Wood Window and Door Manufacturing,Manufacturing,Wood Product Manufacturing,Other Wood Product Manufacturing,Millwork
321912,32,Manufacturing - paper/chemicals,24,0.016935417145100544,1,1,0.007298512346385363,23,0.04732216621957654,0.032264835864546065,1,1,0.015824457187410733,23,0.08856031395012705,0.023313180962482718,10.0,0.008951654902063347,0.05609942091853885,"Cut Stock, Resawing Lumber, and Planing",Manufacturing,Wood Product Manufacturing,Other Wood Product Manufacturing,Millwork
321918,32,Manufacturing - paper/chemicals,24,0.015705105986253028,1,1,0.008376089815222748,23,0.043884341885994924,0.031034524705698556,1,1,0.01690203465624812,23,0.08518336379481552,0.020613835484747406,10.0,0.01042068922095115,0.06530576047258824,Other Millwork (including Flooring),Manufacturing,Wood Product Manufacturing,Other Wood Product Manufacturing,Millwork
321920,32,Manufacturing - paper/chemicals,24,0.0141041246886907,12,4,0.006478891328369367,23,0.03941076426882971,0.00933531344285985,9,3,0.004032104248553353,24,0.02562350829222609,0.021929258575293046,10.0,0.0,0.0,Wood Container and Pallet Manufacturing,Manufacturing,Wood Product Manufacturing,Other Wood Product Manufacturing,Wood Container and Pallet Manufacturing
321991,32,Manufacturing - paper/chemicals,24,0.011124530627859452,6,2,0.006899566451976975,24,0.031084967259789917,0.011783875847068814,9,3,0.0045433621861471025,24,0.03234430662988329,0.04461670747181453,10.0,0.0,0.0,Manufactured Home (Mobile Home) Manufacturing,Manufacturing,Wood Product Manufacturing,Other Wood Product Manufacturing,All Other Wood Product Manufacturing
321992,32,Manufacturing - paper/chemicals,24,0.019036801182006888,12,4,0.008115531971469912,23,0.05319400532655807,0.015263883564378609,5,2,0.005837342735702306,24,0.04189620942857296,0.03974476795966302,10.0,0.0,0.0,Prefabricated Wood Building Manufacturing,Manufacturing,Wood Product Manufacturing,Other Wood Product Manufacturing,All Other Wood Product Manufacturing
321999,32,Manufacturing - paper/chemicals,24,0.010810103549080293,6,2,0.0069952305097947766,24,0.030206372398001825,0.011701157997158401,1,1,0.005623332522823699,23,0.032117263207499254,0.022217897680078664,10.0,0.0,0.0,All Other Miscellaneous Wood Product Manufacturing,Manufacturing,Wood Product Manufacturing,Other Wood Product Manufacturing,All Other Wood Product Manufacturing
322110,32,Manufacturing - paper/chemicals,24,0.016569500059952,1,1,0.01001809326695552,23,0.04629969426168964,0.03189891877939753,1,1,0.018544038107980894,23,0.08755594708842922,0.02253106635823126,10.0,0.009367852421166271,0.05870770285800736,Pulp Mills,Manufacturing,Paper Manufacturing,"Pulp, Paper, and Paperboard Mills",Pulp Mills
322120,32,Manufacturing - paper/chemicals,2,,,,,,,,,,,,,,,,,Paper Mills,Manufacturing,Paper Manufacturing,"Pulp, Paper, and Paperboard Mills",Paper Mills
322121,32,Manufacturing - paper/chemicals,22,0.037771348732272544,1,1,0.020954113386655347,21,0.10554343171660809,0.05310076745171807,1,1,0.029480058227680718,21,0.14575064495165382,0.021370397980367307,10.0,0.031730369471350765,0.19885209744443574,,,,,
322122,32,Manufacturing - paper/chemicals,22,0.05286225835078368,1,1,0.031064469756341705,21,0.1477115417343995,0.06819167707022922,1,1,0.03959041459736708,21,0.18717207660619672,0.02458843886205846,10.0,0.04360323820817076,0.2732585695509397,,,,,
322130,32,Manufacturing - paper/chemicals,24,0.019958505917172874,1,1,0.01111415836424604,23,0.05576949929338451,0.035287924636618395,1,1,0.01964010320527141,23,0.0968580685668805,0.016960301382379864,10.0,0.01832762325423853,0.11485798577187513,Paperboard Mills,Manufacturing,Paper Manufacturing,"Pulp, Paper, and Paperboard Mills",Paperboard Mills
322211,32,Manufacturing - paper/chemicals,24,0.009083582197686197,1,1,0.005692356135489704,23,0.02538200169178889,0.024413000917131722,1,1,0.014218300976515075,23,0.06700864789030726,0.017165106191644953,10.0,0.007247894725486769,0.045422070156504624,Corrugated and Solid Fiber Box Manufacturing,Manufacturing,Paper Manufacturing,Converted Paper Product Manufacturing,Paperboard Container Manufacturing
322212,32,Manufacturing - paper/chemicals,24,0.013720072709980286,1,1,0.008251200725323864,23,0.03833761848105387,0.02904949142942581,1,1,0.016777145566349235,23,0.07973485722604866,0.016913533764904152,10.0,0.01213595766452166,0.07605523277205871,Folding Paperboard Box Manufacturing,Manufacturing,Paper Manufacturing,Converted Paper Product Manufacturing,Paperboard Container Manufacturing
322213,32,Manufacturing - paper/chemicals,11,0.04117488980935517,1,1,0.02244541087689119,10,0.11505385210985222,0.0565043085288007,1,1,0.030971355717916562,10,0.1550926626080896,0.03132819282126671,10.0,0.02517611570753399,0.15777702867491442,,,,,
322214,32,Manufacturing - paper/chemicals,11,0.03509835145902947,1,1,0.020084798381766723,10,0.0980743496039494,0.050427770178474995,1,1,0.028610743222792095,10,0.1384138192290609,0.02238671004740011,10.0,0.028041060131074887,0.17573144323656104,,,,,
322215,32,Manufacturing - paper/chemicals,11,0.007874135735182855,6,2,0.004153666036314255,11,0.022002479000266657,0.0219745120317073,1,1,0.011450568454418546,10,0.060315499282215926,0.019428592255535008,10.0,0.0025459197761722938,0.015955108492330373,,,,,
322219,32,Manufacturing - paper/chemicals,13,0.010002607193284108,12,4,0.005431076525334311,12,0.027950007736695304,0.008602671792510171,1,1,0.0039544141730755746,12,0.02361255820277583,0.02070414349305244,10.0,0.0,0.0,Other Paperboard Container Manufacturing,Manufacturing,Paper Manufacturing,Converted Paper Product Manufacturing,Paperboard Container Manufacturing
322220,32,Manufacturing - paper/chemicals,13,0.007436739428612726,12,4,0.0037964421905368195,12,0.020780274637303645,0.008542831750978317,1,1,0.004885647602949465,12,0.02344830964167675,0.015234978761556628,10.0,0.0,0.0,Paper Bag and Coated and Treated Paper Manufacturing,Manufacturing,Paper Manufacturing,Converted Paper Product Manufacturing,Paper Bag and Coated and Treated Paper Manufacturing
322221,32,Manufacturing - paper/chemicals,11,0.017852931673433346,1,1,0.009926632558025738,10,0.049885951607715175,0.033182350392878875,1,1,0.01845257739905111,10,0.09107870192594325,0.017283684500240377,10.0,0.015898665892638497,0.09963587288745468,,,,,
322222,32,Manufacturing - paper/chemicals,11,0.03817892047454979,1,1,0.02118599561020763,10,0.10668229812711313,0.05350833919399532,1,1,0.029711940451233,10,0.14686934524831133,0.02316624982132561,10.0,0.03034208937266971,0.19015183917255046,,,,,
322223,32,Manufacturing - paper/chemicals,11,0.03464993119281059,1,1,0.019442832318874736,10,0.09682134129642296,0.04997934991225612,1,1,0.027968777159900107,10,0.1371829981666305,0.027405323205491168,10.0,0.02257402670676495,0.14146991141908774,,,,,
322224,32,Manufacturing - paper/chemicals,11,0.03580339320270119,1,1,0.019652384196923223,10,0.1000444281854165,0.05113281192214672,1,1,0.028178329037948594,10,0.14034901327218707,0.038624585348617915,10.0,0.012508226573528805,0.07838821705817807,,,,,
322225,32,Manufacturing - paper/chemicals,11,0.048553361044112314,1,1,0.025471504916608677,10,0.13567130954983952,0.06388277976355786,1,1,0.03399744975763405,10,0.175345042994134,0.03478116425794438,10.0,0.02910161550561348,0.18237787264146862,,,,,
322226,32,Manufacturing - paper/chemicals,11,0.04866451862144963,1,1,0.0257577972832554,10,0.13598191408389104,0.06399393734089516,1,1,0.03428374212428077,10,0.175650147597432,0.02785759141258707,10.0,0.03613634592830809,0.22646405640847583,,,,,
322230,32,Manufacturing - paper/chemicals,13,0.03620412107295391,1,1,0.019112487475049095,12,0.10116417095422113,0.05153353979239944,1,1,0.027638432316074466,12,0.14144892855293217,0.02641004504360609,10.0,0.02512349474879335,0.15744725665556994,Stationery Product Manufacturing,Manufacturing,Paper Manufacturing,Converted Paper Product Manufacturing,Stationery Product Manufacturing
322231,32,Manufacturing - paper/chemicals,11,0.052832120116050395,1,1,0.026870253890960004,10,0.14762732730133335,0.06816153883549592,1,1,0.03539619873198538,10,0.1870893533733531,0.03401644913128618,10.0,0.034145089704209736,0.21398498719786482,,,,,
322232,32,Manufacturing - paper/chemicals,11,0.049190158585499986,1,1,0.025747745377449505,10,0.13745069525044407,0.06451957730494551,1,1,0.03427369021847487,10,0.17709292078978486,0.03306711085125484,10.0,0.03145246645369067,0.1971104978706349,,,,,
322233,32,Manufacturing - paper/chemicals,11,0.04661932920707647,8,3,0.02425780954294215,11,0.1302670980514153,0.03980247331152394,8,3,0.020861779174710316,11,0.10924957273170079,0.048546374443263686,10.0,0.0,0.0,,,,,
322291,32,Manufacturing - paper/chemicals,24,0.010220108724633022,1,1,0.006410797320043938,23,0.028557766230703437,0.025294022746487285,1,1,0.01493674216106931,23,0.06942687094069568,0.01660377197052424,10.0,0.008690250775963044,0.05446121879162671,Sanitary Paper Product Manufacturing,Manufacturing,Paper Manufacturing,Converted Paper Product Manufacturing,Other Converted Paper Product Manufacturing
322299,32,Manufacturing - paper/chemicals,24,0.013335878991913968,6,2,0.007339383608079439,24,0.03726407663492867,0.022872309349235415,1,1,0.01007234008698073,23,0.06277976758463862,0.01875977811021872,10.0,0.0041125312390166945,0.025772957463436073,All Other Converted Paper Product Manufacturing,Manufacturing,Paper Manufacturing,Converted Paper Product Manufacturing,Other Converted Paper Product Manufacturing
323110,32,Manufacturing - paper/chemicals,11,0.04533106633031826,1,1,0.024098932364001457,10,0.12666734084046885,0.060660485049763783,1,1,0.032624877205026825,10,0.16650050918985665,0.026641269563184477,10.0,0.03401921548657931,0.21319614191786934,,,,,
323111,32,Manufacturing - paper/chemicals,24,0.03310175452195229,1,1,0.016099604516546774,23,0.09249531418248073,0.04843117324139781,1,1,0.024625549357572146,23,0.13293357279849674,0.02236338534458709,10.0,0.02606778789681072,0.1633650784841246,Commercial Printing (except Screen and Books),Manufacturing,Printing and Related Support Activities,Printing and Related Support Activities,Printing
323112,32,Manufacturing - paper/chemicals,11,0.023898080151256697,1,1,0.012870855806359327,10,0.0667777422638631,0.03922749887070222,1,1,0.0213968006473847,10,0.10767138658483048,0.01897594568637444,10.0,0.020251553184327777,0.12691512561324386,,,,,
323113,32,Manufacturing - paper/chemicals,24,0.019420366589563916,6,2,0.008467309904875214,24,0.054265791502060956,0.01306031363528071,3,1,0.005657870470461567,24,0.03584786486078278,0.026456675032786443,10.0,0.0,0.0,Commercial Screen Printing,Manufacturing,Printing and Related Support Activities,Printing and Related Support Activities,Printing
323114,32,Manufacturing - paper/chemicals,11,0.0323445692139657,1,1,0.01699383907669415,10,0.09037953228608211,0.04767398793341123,1,1,0.025519783917719523,10,0.13085525543543214,0.0288301973427477,10.0,0.01884379059066353,0.1180927718519141,,,,,
323115,32,Manufacturing - paper/chemicals,11,0.011462459794258995,1,1,0.006867981844347282,10,0.0320292333529005,0.02679187851370452,1,1,0.015393926685372653,10,0.07353817581618487,0.021567874362558394,10.0,0.005224004151146128,0.03273848366158419,,,,,
323116,32,Manufacturing - paper/chemicals,11,0.05751115490970092,1,1,0.02944835059396452,10,0.1607018243955115,0.07284057362914645,1,1,0.037974295434989896,10,0.1999323379789123,0.03285767802140126,10.0,0.03998289560774519,0.25057012527637573,,,,,
323117,32,Manufacturing - paper/chemicals,24,0.04074368768229236,1,1,0.023262403467076146,23,0.1138489559708159,0.05607310640173789,1,1,0.03178834830810152,23,0.15390910178326583,0.02707720618253524,10.0,0.02899590021920265,0.18171536203144523,Books Printing,Manufacturing,Printing and Related Support Activities,Printing and Related Support Activities,Printing
323118,32,Manufacturing - paper/chemicals,11,0.07754310756721196,1,1,0.03994843651727244,10,0.21667655387748774,0.09287252628665749,1,1,0.048474381358297805,10,0.2549159127855842,0.030867401149347985,10.0,0.062005125137309505,0.3885819607928385,,,,,
323119,32,Manufacturing - paper/chemicals,11,0.02116176587732623,1,1,0.011411634279706062,10,0.05913173521304778,0.03649118459677176,1,1,0.019937579120731436,10,0.10016076876601256,0.023683519376091606,10.0,0.012807665220680154,0.08026477897768966,,,,,
323120,32,Manufacturing - paper/chemicals,13,0.027050179461920086,1,1,0.014793368206750831,12,0.07558556590598572,0.04237959818136561,1,1,0.0233193130477762,12,0.11632324849809908,0.026597840486744444,10.0,0.015781757694621163,0.09890321705105838,Support Activities for Printing,Manufacturing,Printing and Related Support Activities,Printing and Related Support Activities,Support Activities for Printing
323121,32,Manufacturing - paper/chemicals,11,0.05812025216889113,1,1,0.03153470415478449,10,0.16240380796617462,0.07344967088833665,1,1,0.040060648995809855,10,0.20160418421815876,0.03423694010922578,10.0,0.03921273077911087,0.24574355394728523,,,,,
323122,32,Manufacturing - paper/chemicals,11,0.062473577721233096,1,1,0.0323347477215437,10,0.17456818476485628,0.07780299644067862,1,1,0.040860692562569065,10,0.2135531641931709,0.03418706085177695,10.0,0.043615935588901665,0.2733381431844163,,,,,
324110,32,Manufacturing - paper/chemicals,24,0.007762160615853678,7,3,0.003343848712294923,24,0.021689590031311722,0.012345692034605966,1,1,0.008083334778211318,23,0.03388637608777339,0.016805904446651306,10.0,0.0,0.0,Petroleum Refineries,Manufacturing,Petroleum and Coal Products Manufacturing,Petroleum and Coal Products Manufacturing,Petroleum Refineries
324121,32,Manufacturing - paper/chemicals,24,0.11346455666819943,5,2,0.03388695992976043,24,0.31705086238377495,0.10634112978626506,5,2,0.035289477888851416,24,0.2918844490398072,0.10140536730212721,10.0,0.004935762484137851,0.0309320924656913,Asphalt Paving Mixture and Block Manufacturing,Manufacturing,Petroleum and Coal Products Manufacturing,Petroleum and Coal Products Manufacturing,"Asphalt Paving, Roofing, and Saturated Materials Manufacturing"
324122,32,Manufacturing - paper/chemicals,24,0.013174843683249041,3,1,0.006449380115984282,24,0.0368141001401916,0.01192781439857407,9,3,0.006066189106049137,24,0.03273938824022674,0.016870769239908275,10.0,0.0,0.0,Asphalt Shingle and Coating Materials Manufacturing,Manufacturing,Petroleum and Coal Products Manufacturing,Petroleum and Coal Products Manufacturing,"Asphalt Paving, Roofing, and Saturated Materials Manufacturing"
324191,32,Manufacturing - paper/chemicals,24,0.008970558433484729,12,4,0.0055495338638712425,23,0.025066182523564184,0.009811771437465398,1,1,0.005104920271411885,23,0.026931287131190557,0.015811754275702,10.0,0.0,0.0,Petroleum Lubricating Oil and Grease Manufacturing,Manufacturing,Petroleum and Coal Products Manufacturing,Petroleum and Coal Products Manufacturing,Other Petroleum and Coal Products Manufacturing
324199,32,Manufacturing - paper/chemicals,24,0.011525170495615855,1,1,0.005416215520821475,23,0.032204464125660894,0.026854589215061384,1,1,0.013942160361846846,23,0.07371030374590724,0.022001461362027363,10.0,0.004853127853034021,0.030414226774547037,All Other Petroleum and Coal Products Manufacturing,Manufacturing,Petroleum and Coal Products Manufacturing,Petroleum and Coal Products Manufacturing,Other Petroleum and Coal Products Manufacturing
325110,32,Manufacturing - paper/chemicals,24,0.006572671086186458,6,2,0.002641234685927913,24,0.018365832443466137,0.020166769372398065,1,1,0.01074676679418717,23,0.055353618858538275,0.01671968735601292,10.0,0.003447082016385144,0.02160263181429638,Petrochemical Manufacturing,Manufacturing,Chemical Manufacturing,Basic Chemical Manufacturing,Petrochemical Manufacturing
325120,32,Manufacturing - paper/chemicals,24,0.007143316954045952,12,4,0.004756212577149798,23,0.01996037235824904,0.011740283194876699,1,1,0.00636493528526479,23,0.03222465379853898,0.01699674384288881,10.0,0.0,0.0,Industrial Gas Manufacturing,Manufacturing,Chemical Manufacturing,Basic Chemical Manufacturing,Industrial Gas Manufacturing
325130,32,Manufacturing - paper/chemicals,13,0.007800506347109987,6,2,0.003954250082830824,13,0.021796738444177788,0.011720625296719349,1,1,0.005586282617154459,12,0.03217069692611839,0.025619196853095737,10.0,0.0,0.0,Synthetic Dye and Pigment Manufacturing,Manufacturing,Chemical Manufacturing,Basic Chemical Manufacturing,Synthetic Dye and Pigment Manufacturing
325131,32,Manufacturing - paper/chemicals,11,0.04110213212052578,1,1,0.0216610654232539,10,0.11485054731877227,0.056431550839971305,1,1,0.030187010264279272,10,0.15489295777177592,0.027105976169013217,10.0,0.029325574670958088,0.18378140971061277,,,,,
325132,32,Manufacturing - paper/chemicals,11,0.057506230128065994,1,1,0.03030670236146197,10,0.16068806321483753,0.07283564884751152,1,1,0.038832647202487344,10,0.19991882046995746,0.03183499614242315,10.0,0.041000652705088375,0.2569483407484138,,,,,
325180,32,Manufacturing - paper/chemicals,13,0.006846290011092809,8,3,0.00341015585234537,13,0.019130398213196006,0.011066140452861289,1,1,0.006440544579594155,12,0.030374271136413382,0.015571567499493021,10.0,0.0,0.0,Other Basic Inorganic Chemical Manufacturing,Manufacturing,Chemical Manufacturing,Basic Chemical Manufacturing,Other Basic Inorganic Chemical Manufacturing
325181,32,Manufacturing - paper/chemicals,11,0.021121848838714277,1,1,0.010952573263364507,10,0.059020196139637084,0.036451267558159806,1,1,0.01947851810438988,10,0.10005120473518113,0.031048688962127168,10.0,0.005402578596032638,0.033857597731394184,,,,,
325182,32,Manufacturing - paper/chemicals,11,0.0246002980544723,7,3,0.0114159760122561,11,0.0687399302662971,0.033437350722093244,1,1,0.014822731590794695,10,0.09177862518938143,0.025931091979673075,10.0,0.007506258742420169,0.047041220123156084,,,,,
325188,32,Manufacturing - paper/chemicals,11,0.014954997658331338,1,1,0.00853802859148436,10,0.041788334998625866,0.030284416377776867,1,1,0.017063973432509733,10,0.08312447128111314,0.022171236061201006,10.0,0.00811318031657586,0.05084475692451941,,,,,
325191,32,Manufacturing - paper/chemicals,11,0.02456580235511584,4,2,0.012338253076306305,11,0.0686435398907415,0.02948342116530342,4,2,0.015888866596175867,11,0.080925904774003,0.03416268671943437,10.0,0.0,0.0,,,,,
325192,32,Manufacturing - paper/chemicals,11,0.04276802769271787,1,1,0.01993178057431303,10,0.11950551309235154,0.0580974464121634,1,1,0.028457725415338402,10,0.15946549722311007,0.0450118398581902,10.0,0.0130856065539732,0.08200661867299254,,,,,
325193,32,Manufacturing - paper/chemicals,24,0.050479148014919366,12,4,0.025752400466527197,23,0.1410524826473319,0.03514972929547384,12,4,0.01894892658810704,23,0.09647875088339415,0.026385550726633678,10.0,0.00876417856884016,0.05492451931153794,Ethyl Alcohol Manufacturing,Manufacturing,Chemical Manufacturing,Basic Chemical Manufacturing,Other Basic Organic Chemical Manufacturing
325194,32,Manufacturing - paper/chemicals,13,0.011371184545574689,9,3,0.004122505039102899,13,0.031774185458126825,0.017946340690119827,9,3,0.007543330566423584,13,0.049259000493456,0.0212351324514454,10.0,0.0,0.0,"Cyclic Crude, Intermediate, and Gum and Wood Chemical Manufacturing",Manufacturing,Chemical Manufacturing,Basic Chemical Manufacturing,Other Basic Organic Chemical Manufacturing
325199,32,Manufacturing - paper/chemicals,24,0.006627693815804201,6,2,0.0034192193037538843,24,0.018519580930114955,0.018122386166525416,1,1,0.010907999897802615,23,0.04974220898475071,0.01617060511371548,10.0,0.0019517810528099366,0.012231680959592772,All Other Basic Organic Chemical Manufacturing,Manufacturing,Chemical Manufacturing,Basic Chemical Manufacturing,Other Basic Organic Chemical Manufacturing
325211,32,Manufacturing - paper/chemicals,24,0.007666634324711402,6,2,0.004781314259986171,24,0.021422663566551908,0.01938143713576535,1,1,0.011104526874331017,23,0.05319804398676984,0.017719627927994048,10.0,0.0016618092077713038,0.010414446854019958,Plastics Material and Resin Manufacturing,Manufacturing,Chemical Manufacturing,"Resin, Synthetic Rubber, and Artificial and Synthetic Fibers and Filaments Manufacturing",Resin and Synthetic Rubber Manufacturing
325212,32,Manufacturing - paper/chemicals,24,0.012596214262183308,1,1,0.006589113885952041,23,0.03519725200420508,0.027925632981628836,1,1,0.015115058726977413,23,0.0766500977873134,0.021647234483919052,10.0,0.006278398497709784,0.03934630231736906,Synthetic Rubber Manufacturing,Manufacturing,Chemical Manufacturing,"Resin, Synthetic Rubber, and Artificial and Synthetic Fibers and Filaments Manufacturing",Resin and Synthetic Rubber Manufacturing
325220,32,Manufacturing - paper/chemicals,13,0.005816959787848429,6,2,0.0026351847082220106,13,0.016254169331328967,0.013934867918859305,1,1,0.006995132266048813,12,0.03824833583312251,0.017858285696962625,10.0,0.0,0.0,Artificial and Synthetic Fibers and Filaments Manufacturing,Manufacturing,Chemical Manufacturing,"Resin, Synthetic Rubber, and Artificial and Synthetic Fibers and Filaments Manufacturing",Artificial and Synthetic Fibers and Filaments Manufacturing
325221,32,Manufacturing - paper/chemicals,11,0.04076625994966748,1,1,0.019514169110586232,10,0.11391202903122688,0.05609567866911301,1,1,0.028040113951611604,10,0.15397105799756983,0.027972082051307783,10.0,0.028123596617805228,0.17624869386349878,,,,,
325222,32,Manufacturing - paper/chemicals,11,0.07560347696650838,1,1,0.036100472735447475,10,0.21125669790909632,0.09093289568595389,1,1,0.04462641757647284,10,0.24959202718868467,0.043240060321280194,10.0,0.0476928353646737,0.2988878006573618,,,,,
325311,32,Manufacturing - paper/chemicals,24,0.01091054403408167,6,2,0.0050257753777252405,24,0.030487030458307418,0.011956040921638544,4,2,0.004585273996066561,24,0.032816864219178093,0.02410532748698241,10.0,0.0,0.0,Nitrogenous Fertilizer Manufacturing,Manufacturing,Chemical Manufacturing,"Pesticide, Fertilizer, and Other Agricultural Chemical Manufacturing",Fertilizer and Compost Manufacturing
325312,32,Manufacturing - paper/chemicals,24,0.012073296918193623,1,1,0.006682297123548678,23,0.033736078579342715,0.02740271563763915,1,1,0.01520824196457405,23,0.07521479762499085,0.0219549991754239,10.0,0.0054477164622152505,0.03414047371153942,Phosphatic Fertilizer Manufacturing,Manufacturing,Chemical Manufacturing,"Pesticide, Fertilizer, and Other Agricultural Chemical Manufacturing",Fertilizer and Compost Manufacturing
325314,32,Manufacturing - paper/chemicals,24,0.026447683102818115,5,2,0.016068598043594173,24,0.07390202704728324,0.027724563731590227,5,2,0.017471116002685163,24,0.07609820420310637,0.034278219541732595,10.0,0.0,0.0,Fertilizer (Mixing Only) Manufacturing,Manufacturing,Chemical Manufacturing,"Pesticide, Fertilizer, and Other Agricultural Chemical Manufacturing",Fertilizer and Compost Manufacturing
325315,32,Manufacturing - paper/chemicals,2,,,,,,,,,,,,,,,,,Compost Manufacturing,Manufacturing,Chemical Manufacturing,"Pesticide, Fertilizer, and Other Agricultural Chemical Manufacturing",Fertilizer and Compost Manufacturing
325320,32,Manufacturing - paper/chemicals,24,0.009666427205114052,6,2,0.005903509434659264,24,0.02701062932377673,0.015332748573013803,1,1,0.009255546683686755,23,0.04208522966132773,0.018499058919075002,10.0,0.0,0.0,Pesticide and Other Agricultural Chemical Manufacturing,Manufacturing,Chemical Manufacturing,"Pesticide, Fertilizer, and Other Agricultural Chemical Manufacturing",Pesticide and Other Agricultural Chemical Manufacturing
325411,32,Manufacturing - paper/chemicals,24,0.024827614109650557,12,4,0.013057233509908159,23,0.06937511321191683,0.00949819539020503,12,4,0.006253759631488004,23,0.026070585613625012,0.020193580337814883,10.0,0.0,0.0,Medicinal and Botanical Manufacturing,Manufacturing,Chemical Manufacturing,Pharmaceutical and Medicine Manufacturing,Pharmaceutical and Medicine Manufacturing
325412,32,Manufacturing - paper/chemicals,24,0.017041139986746105,12,4,0.009244838412539327,23,0.04761758462248282,0.008200682722987391,12,4,0.002441364534119172,23,0.022509181190386442,0.016484476610183738,10.0,0.0,0.0,Pharmaceutical Preparation Manufacturing,Manufacturing,Chemical Manufacturing,Pharmaceutical and Medicine Manufacturing,Pharmaceutical and Medicine Manufacturing
325413,32,Manufacturing - paper/chemicals,24,0.02957869046764512,12,4,0.01597846308547931,23,0.08265091405039592,0.014249271748199592,12,4,0.009174989207059154,23,0.039111309441616636,0.020392265872187364,10.0,0.0,0.0,In-Vitro Diagnostic Substance Manufacturing,Manufacturing,Chemical Manufacturing,Pharmaceutical and Medicine Manufacturing,Pharmaceutical and Medicine Manufacturing
325414,32,Manufacturing - paper/chemicals,24,0.037695046884850876,12,4,0.019399031133206106,23,0.1053302235815139,0.022365628165405348,12,4,0.012595557254785951,23,0.06138903233028947,0.01744423436072467,10.0,0.004921393804680679,0.030842044915184674,Biological Product (except Diagnostic) Manufacturing,Manufacturing,Chemical Manufacturing,Pharmaceutical and Medicine Manufacturing,Pharmaceutical and Medicine Manufacturing
325510,32,Manufacturing - paper/chemicals,24,0.007718430255579089,6,2,0.004076495952477804,24,0.021567395498987802,0.013816106925671518,1,1,0.0077492676536933995,23,0.037922361422904095,0.017267820869549314,10.0,0.0,0.0,Paint and Coating Manufacturing,Manufacturing,Chemical Manufacturing,"Paint, Coating, and Adhesive Manufacturing",Paint and Coating Manufacturing
325520,32,Manufacturing - paper/chemicals,24,0.0057059296355306075,6,2,0.0030410484411831453,24,0.015943920857473756,0.0157061818915883,1,1,0.009394868420453896,23,0.04311022703218792,0.015489071674412594,10.0,0.00021711021717570576,0.0013606151703019606,Adhesive Manufacturing,Manufacturing,Chemical Manufacturing,"Paint, Coating, and Adhesive Manufacturing",Adhesive Manufacturing
325611,32,Manufacturing - paper/chemicals,24,0.005875422198469879,6,2,0.0032759442863297683,24,0.01641752922316522,0.013760892236359332,1,1,0.008905168856304938,23,0.0377708084988268,0.01599140732308783,10.0,0.0,0.0,Soap and Other Detergent Manufacturing,Manufacturing,Chemical Manufacturing,"Soap, Cleaning Compound, and Toilet Preparation Manufacturing",Soap and Cleaning Compound Manufacturing
325612,32,Manufacturing - paper/chemicals,24,0.011137861266888888,6,2,0.00618590920735682,24,0.031122216694543084,0.011093104181142607,1,1,0.006828848194992772,23,0.03044828100436636,0.015008274118695153,10.0,0.0,0.0,Polish and Other Sanitation Good Manufacturing,Manufacturing,Chemical Manufacturing,"Soap, Cleaning Compound, and Toilet Preparation Manufacturing",Soap and Cleaning Compound Manufacturing
325613,32,Manufacturing - paper/chemicals,24,0.012408025219556057,1,1,0.0065718563276762065,23,0.03467140058409488,0.027737443939001582,1,1,0.015097801168701578,23,0.07613355771356219,0.01610984992880364,10.0,0.011627594010197941,0.07286935184438585,Surface Active Agent Manufacturing,Manufacturing,Chemical Manufacturing,"Soap, Cleaning Compound, and Toilet Preparation Manufacturing",Soap and Cleaning Compound Manufacturing
325620,32,Manufacturing - paper/chemicals,24,0.007253723137740753,6,2,0.0033647901332240124,24,0.020268877293894275,0.014242927486667629,1,1,0.007578735033123303,23,0.039093895753370675,0.014024173178460452,10.0,0.00021875430820717662,0.0013709185785333949,Toilet Preparation Manufacturing,Manufacturing,Chemical Manufacturing,"Soap, Cleaning Compound, and Toilet Preparation Manufacturing",Toilet Preparation Manufacturing
325910,32,Manufacturing - paper/chemicals,24,0.027006524260991517,1,1,0.014583242185898094,23,0.07546358138933694,0.042335942980437045,1,1,0.023109187026923467,23,0.11620342398338529,0.017435807304168223,10.0,0.024900135676268823,0.15604748032788335,Printing Ink Manufacturing,Manufacturing,Chemical Manufacturing,Other Chemical Product and Preparation Manufacturing,Printing Ink Manufacturing
325920,32,Manufacturing - paper/chemicals,24,0.01286271667987033,12,4,0.007547903160448327,23,0.035941932315274525,0.01014081512692703,1,1,0.003211131321603368,23,0.027834444133580605,0.01798822792117722,10.0,0.0,0.0,Explosives Manufacturing,Manufacturing,Chemical Manufacturing,Other Chemical Product and Preparation Manufacturing,Explosives Manufacturing
325991,32,Manufacturing - paper/chemicals,24,0.011840201323476976,6,2,0.007202369419740173,24,0.03308474602675641,0.02096239308469152,1,1,0.011029789592459566,23,0.05753744170650445,0.017852414837302384,10.0,0.0031099782473891363,0.0194900251022376,Custom Compounding of Purchased Resins,Manufacturing,Chemical Manufacturing,Other Chemical Product and Preparation Manufacturing,All Other Chemical Product and Preparation Manufacturing
325992,32,Manufacturing - paper/chemicals,24,0.06771289651959625,1,1,0.034868891896114064,23,0.18920826790713788,0.08304231523904179,1,1,0.04339483673713944,23,0.22793401273105865,0.024183372867628526,10.0,0.058858942371413266,0.3688650444012132,"Photographic Film, Paper, Plate, Chemical, and Copy Toner Manufacturing",Manufacturing,Chemical Manufacturing,Other Chemical Product and Preparation Manufacturing,All Other Chemical Product and Preparation Manufacturing
325998,32,Manufacturing - paper/chemicals,24,0.010285288158168556,12,4,0.005461668731849563,23,0.0287398953132905,0.0066634875330349105,1,1,0.003702325414706378,23,0.018289897720408926,0.016547063503381913,10.0,0.0,0.0,All Other Miscellaneous Chemical Product and Preparation Manufacturing,Manufacturing,Chemical Manufacturing,Other Chemical Product and Preparation Manufacturing,All Other Chemical Product and Preparation Manufacturing
326111,32,Manufacturing - paper/chemicals,24,0.007269411073003346,12,4,0.003651079740583005,23,0.020312713656103588,0.008614120444607208,1,1,0.00490761350860503,23,0.023643982389412822,0.014730946001632841,10.0,0.0,0.0,Plastics Bag and Pouch Manufacturing,Manufacturing,Plastics and Rubber Products Manufacturing,Plastics Product Manufacturing,Plastics Packaging Materials and Unlaminated Film and Sheet Manufacturing
326112,32,Manufacturing - paper/chemicals,24,0.005355728631377517,12,4,0.0029714043419454706,23,0.014965363908636533,0.012669987701828984,1,1,0.007131332795172482,23,0.034776500749262675,0.016646686136056577,10.0,0.0,0.0,Plastics Packaging Film and Sheet (including Laminated) Manufacturing,Manufacturing,Plastics and Rubber Products Manufacturing,Plastics Product Manufacturing,Plastics Packaging Materials and Unlaminated Film and Sheet Manufacturing
326113,32,Manufacturing - paper/chemicals,24,0.00679829645343664,6,2,0.0039306705881426525,24,0.018996291146720166,0.021136350560185833,1,1,0.011784864059269746,23,0.05801491906632813,0.01698333391063887,10.0,0.004153016649546964,0.026026676816030186,Unlaminated Plastics Film and Sheet (except Packaging) Manufacturing,Manufacturing,Plastics and Rubber Products Manufacturing,Plastics Product Manufacturing,Plastics Packaging Materials and Unlaminated Film and Sheet Manufacturing
326121,32,Manufacturing - paper/chemicals,24,0.007508680901349554,6,2,0.004844109638713091,24,0.0209812986984038,0.02179898142391818,1,1,0.012397107396049881,23,0.059833703998988005,0.01917238170804222,10.0,0.0026265997158759595,0.016460724263563358,Unlaminated Plastics Profile Shape Manufacturing,Manufacturing,Plastics and Rubber Products Manufacturing,Plastics Product Manufacturing,"Plastics Pipe, Pipe Fitting, and Unlaminated Profile Shape Manufacturing"
326122,32,Manufacturing - paper/chemicals,24,0.007600231558533924,6,2,0.002845276297655658,24,0.02123711615950741,0.010037657504531615,9,3,0.004584963470110481,24,0.027551297755150538,0.01812963971639956,10.0,0.0,0.0,Plastics Pipe and Pipe Fitting Manufacturing,Manufacturing,Plastics and Rubber Products Manufacturing,Plastics Product Manufacturing,"Plastics Pipe, Pipe Fitting, and Unlaminated Profile Shape Manufacturing"
326130,32,Manufacturing - paper/chemicals,24,0.01085048740651826,6,2,0.007382218955772263,24,0.030319215890305177,0.018757854381240488,1,1,0.010881975948921603,23,0.05148643805310104,0.020592818264935343,10.0,0.0,0.0,"Laminated Plastics Plate, Sheet (except Packaging), and Shape Manufacturing",Manufacturing,Plastics and Rubber Products Manufacturing,Plastics Product Manufacturing,"Laminated Plastics Plate, Sheet (except Packaging), and Shape Manufacturing"
326140,32,Manufacturing - paper/chemicals,24,0.015111872445244617,6,2,0.007397827547894929,24,0.042226685862874785,0.014903019275960067,1,1,0.007314611708929254,23,0.04090571145083949,0.023164646958387804,10.0,0.0,0.0,Polystyrene Foam Product Manufacturing,Manufacturing,Plastics and Rubber Products Manufacturing,Plastics Product Manufacturing,Polystyrene Foam Product Manufacturing
326150,32,Manufacturing - paper/chemicals,24,0.013620758172919717,6,2,0.007220146756120302,24,0.03806010662583746,0.013895897033303373,1,1,0.008074282961755903,23,0.038141368797113495,0.018649473742697355,10.0,0.0,0.0,Urethane and Other Foam Product (except Polystyrene) Manufacturing,Manufacturing,Plastics and Rubber Products Manufacturing,Plastics Product Manufacturing,Urethane and Other Foam Product (except Polystyrene) Manufacturing
326160,32,Manufacturing - paper/chemicals,24,0.005269765580240672,6,2,0.0030611091661196985,24,0.01472515974007157,0.019369802648519348,1,1,0.010357672355978221,23,0.053166109721011275,0.01681444555943464,10.0,0.0025553570890847095,0.016014251499428596,Plastics Bottle Manufacturing,Manufacturing,Plastics and Rubber Products Manufacturing,Plastics Product Manufacturing,Plastics Bottle Manufacturing
326191,32,Manufacturing - paper/chemicals,24,0.013045605939676106,6,2,0.005655165192309949,24,0.03645297469930037,0.026513286251887626,1,1,0.012319371626101312,23,0.0727734975678851,0.027659531600208453,10.0,0.0,0.0,Plastics Plumbing Fixture Manufacturing,Manufacturing,Plastics and Rubber Products Manufacturing,Plastics Product Manufacturing,Other Plastics Product Manufacturing
326192,32,Manufacturing - paper/chemicals,11,0.04076382669219938,1,1,0.0202826635318465,10,0.11390522984739963,0.056093245411644906,1,1,0.02880860837287187,10,0.15396437920812234,0.030331361073589618,10.0,0.025761884338055287,0.16144800139716667,,,,,
326199,32,Manufacturing - paper/chemicals,24,0.012749554087997595,6,2,0.007391172248523624,24,0.035625725224740064,0.016496315779590986,1,1,0.008858034690407957,23,0.045278981445751924,0.019723650646798336,10.0,0.0,0.0,All Other Plastics Product Manufacturing,Manufacturing,Plastics and Rubber Products Manufacturing,Plastics Product Manufacturing,Other Plastics Product Manufacturing
326211,32,Manufacturing - paper/chemicals,24,0.01987761540659027,3,1,0.009101659825391009,24,0.055543469184141894,0.01721020639244586,1,1,0.008388577267834211,23,0.04723846380809512,0.03231838543917846,10.0,0.0,0.0,Tire Manufacturing (except Retreading),Manufacturing,Plastics and Rubber Products Manufacturing,Rubber Product Manufacturing,Tire Manufacturing
326212,32,Manufacturing - paper/chemicals,24,0.00910380536731609,12,4,0.004283478568242632,23,0.025438510733551075,0.009491856896046345,9,3,0.006152656774688991,24,0.026053187755628125,0.02022774249409187,10.0,0.0,0.0,Tire Retreading,Manufacturing,Plastics and Rubber Products Manufacturing,Rubber Product Manufacturing,Tire Manufacturing
326220,32,Manufacturing - paper/chemicals,24,0.011347851595634385,6,2,0.006255045537566871,24,0.03170898684353069,0.02303882488454545,1,1,0.012909685047949017,23,0.06323681835491185,0.023048601411184304,10.0,0.0,0.0,Rubber and Plastics Hoses and Belting Manufacturing,Manufacturing,Plastics and Rubber Products Manufacturing,Rubber Product Manufacturing,Rubber and Plastics Hoses and Belting Manufacturing
326291,32,Manufacturing - paper/chemicals,24,0.025294108419918235,6,2,0.01256763701126499,24,0.07067862531922622,0.034572867024580026,1,1,0.018338060778317358,23,0.09489538303268472,0.025786419851055797,10.0,0.008786447173524229,0.05506407516362426,Rubber Product Manufacturing for Mechanical Use,Manufacturing,Plastics and Rubber Products Manufacturing,Rubber Product Manufacturing,Other Rubber Product Manufacturing
326299,32,Manufacturing - paper/chemicals,24,0.007003786559686897,3,1,0.003764821668692575,24,0.01957048644885752,0.02161646389793866,1,1,0.012008733890556823,23,0.05933273106765169,0.02258234544242184,10.0,0.0,0.0,All Other Rubber Product Manufacturing,Manufacturing,Plastics and Rubber Products Manufacturing,Rubber Product Manufacturing,Other Rubber Product Manufacturing
327110,32,Manufacturing - paper/chemicals,13,0.021047683928593165,3,1,0.008721001467703937,13,0.058812959189147994,0.01613006511840559,3,1,0.007353996177385922,13,0.04427369898669372,0.03524939876437775,10.0,0.0,0.0,"Pottery, Ceramics, and Plumbing Fixture Manufacturing",Manufacturing,Nonmetallic Mineral Product Manufacturing,Clay Product and Refractory Manufacturing,"Pottery, Ceramics, and Plumbing Fixture Manufacturing"
327111,32,Manufacturing - paper/chemicals,11,0.07809798878796745,1,1,0.03804013478933934,10,0.21822704307629143,0.09342740750741299,1,1,0.046566079630364715,10,0.2564389471912585,0.04504783428821063,10.0,0.04837957321920236,0.3031915407348549,,,,,
327112,32,Manufacturing - paper/chemicals,11,0.02851004622083351,1,1,0.01875175617298668,10,0.07966483108332573,0.04383946494027904,1,1,0.02727770101401205,10,0.12033028138794535,0.026683169617067987,10.0,0.01715629532321105,0.10751735218453637,,,,,
327113,32,Manufacturing - paper/chemicals,11,0.07039812315352786,1,1,0.0350472619535125,10,0.19671152218303906,0.08572754187297338,1,1,0.04357320679453787,10,0.23530440552420884,0.06876120229196292,10.0,0.01696633958101046,0.10632691228775838,,,,,
327120,32,Manufacturing - paper/chemicals,13,0.009226571760771024,3,1,0.003493295436536246,13,0.02578155346036888,0.010198939448066366,9,3,0.004414074436083624,13,0.027993983396381993,0.021155273828274236,10.0,0.0,0.0,Clay Building Material and Refractories Manufacturing,Manufacturing,Nonmetallic Mineral Product Manufacturing,Clay Product and Refractory Manufacturing,Clay Building Material and Refractories Manufacturing
327121,32,Manufacturing - paper/chemicals,11,0.035659496288101694,1,1,0.01648089623036921,10,0.09964234102967545,0.05098891500754722,1,1,0.025006841071394583,10,0.13995404594655472,0.04323984696758543,10.0,0.007749068039961796,0.04856288970657387,,,,,
327122,32,Manufacturing - paper/chemicals,11,0.04048964249466544,1,1,0.017966877676012606,10,0.11313908455205118,0.05581906121411097,1,1,0.026492822517037978,10,0.1532118001863133,0.038484223604735704,10.0,0.017334837609375264,0.10863626471779049,,,,,
327123,32,Manufacturing - paper/chemicals,11,0.02878950696094542,1,1,0.008459238512655731,10,0.08044572047519097,0.04411892568039094,1,1,0.016985183353681103,10,0.12109734342988311,0.050349231155447,10.0,0.0,0.0,,,,,
327124,32,Manufacturing - paper/chemicals,11,0.019460168090518433,1,1,0.011674734449263336,10,0.05437700773180131,0.032537459651520904,1,1,0.02020067929028871,10,0.0893086099670702,0.039874884547520965,10.0,0.0,0.0,,,,,
327125,32,Manufacturing - paper/chemicals,11,0.03241154716156103,1,1,0.019107324951284997,10,0.09056668690660287,0.047740965881006556,1,1,0.02763326979231037,10,0.13103909607518247,0.032266707512818765,10.0,0.01547425836818779,0.09697613939508476,,,,,
327211,32,Manufacturing - paper/chemicals,24,0.012253734973375063,6,2,0.006240315323517949,24,0.034240271630300634,0.022396370789982748,1,1,0.012609007206752287,23,0.06147341448848967,0.019455487542493672,10.0,0.002940883247489076,0.018430318078408163,Flat Glass Manufacturing,Manufacturing,Nonmetallic Mineral Product Manufacturing,Glass and Glass Product Manufacturing,Glass and Glass Product Manufacturing
327212,32,Manufacturing - paper/chemicals,24,0.022842207580502427,1,1,0.010776648143119105,23,0.06382734683682276,0.038171626299947956,1,1,0.019302592984144475,23,0.10477323434410961,0.027001640971652884,10.0,0.011169985328295072,0.07000154892493578,Other Pressed and Blown Glass and Glassware Manufacturing,Manufacturing,Nonmetallic Mineral Product Manufacturing,Glass and Glass Product Manufacturing,Glass and Glass Product Manufacturing
327213,32,Manufacturing - paper/chemicals,24,0.015728208980825095,1,1,0.007974263221216435,23,0.04394889794268619,0.031057627700270624,1,1,0.016500208062241804,23,0.08524677674571599,0.016828168394378857,10.0,0.014229459305891767,0.08917506715550917,Glass Container Manufacturing,Manufacturing,Nonmetallic Mineral Product Manufacturing,Glass and Glass Product Manufacturing,Glass and Glass Product Manufacturing
327215,32,Manufacturing - paper/chemicals,24,0.014022221175566374,6,2,0.007494186508345611,24,0.03918190355469266,0.020453722016378247,1,1,0.011659168610595095,23,0.05614124463002495,0.022183709973740362,10.0,0.0,0.0,Glass Product Manufacturing Made of Purchased Glass,Manufacturing,Nonmetallic Mineral Product Manufacturing,Glass and Glass Product Manufacturing,Glass and Glass Product Manufacturing
327310,32,Manufacturing - paper/chemicals,24,0.01321155810228393,6,2,0.007602348509876428,24,0.03691669022258156,0.015952333060711494,1,1,0.007718262720176342,23,0.04378586117792659,0.02154676132913149,10.0,0.0,0.0,Cement Manufacturing,Manufacturing,Nonmetallic Mineral Product Manufacturing,Cement and Concrete Product Manufacturing,Cement Manufacturing
327320,32,Manufacturing - paper/chemicals,24,0.034434972412753694,11,4,0.012262663463362938,24,0.09622068794179611,0.03266082562553065,11,4,0.013940382848562619,24,0.089647224099029,0.045590071611705404,10.0,0.0,0.0,Ready-Mix Concrete Manufacturing,Manufacturing,Nonmetallic Mineral Product Manufacturing,Cement and Concrete Product Manufacturing,Ready-Mix Concrete Manufacturing
327331,32,Manufacturing - paper/chemicals,24,0.016178140015115652,12,4,0.005484880050065262,23,0.045206127747515853,0.015829757010522225,4,2,0.006631225427332504,24,0.04344941522378937,0.026065826394411108,10.0,0.0,0.0,Concrete Block and Brick Manufacturing,Manufacturing,Nonmetallic Mineral Product Manufacturing,Cement and Concrete Product Manufacturing,"Concrete Pipe, Brick, and Block Manufacturing"
327332,32,Manufacturing - paper/chemicals,24,0.03138982204229835,4,2,0.010129758091209978,24,0.08771170875577221,0.02641449072114254,4,2,0.013680371611079538,24,0.07250232423055944,0.0316150884020837,10.0,0.0,0.0,Concrete Pipe Manufacturing,Manufacturing,Nonmetallic Mineral Product Manufacturing,Cement and Concrete Product Manufacturing,"Concrete Pipe, Brick, and Block Manufacturing"
327390,32,Manufacturing - paper/chemicals,24,0.010261916115344896,6,2,0.004950368797477493,24,0.02867458746253512,0.009192922499337501,4,2,0.0035672665432963583,24,0.02523267454631974,0.023313555671347658,10.0,0.0,0.0,Other Concrete Product Manufacturing,Manufacturing,Nonmetallic Mineral Product Manufacturing,Cement and Concrete Product Manufacturing,Other Concrete Product Manufacturing
327410,32,Manufacturing - paper/chemicals,24,0.005562526280235712,6,2,0.0029778489791081977,24,0.015543212840802711,0.01590800166486531,1,1,0.008455847864095494,23,0.043664180647752265,0.019983947789817533,10.0,0.0,0.0,Lime Manufacturing,Manufacturing,Nonmetallic Mineral Product Manufacturing,Lime and Gypsum Product Manufacturing,Lime Manufacturing
327420,32,Manufacturing - paper/chemicals,24,0.006565600546400402,6,2,0.003579759227974974,24,0.018346075430329047,0.021264161605435202,1,1,0.011914871367627488,23,0.058365734001234265,0.022962878539437504,10.0,0.0,0.0,Gypsum Product Manufacturing,Manufacturing,Nonmetallic Mineral Product Manufacturing,Lime and Gypsum Product Manufacturing,Gypsum Product Manufacturing
327910,32,Manufacturing - paper/chemicals,24,0.01925861620553275,1,1,0.010693044433678554,23,0.05381381689206927,0.03458803492497828,1,1,0.019218989274703925,23,0.09493701578813628,0.020130288211862326,10.0,0.014457746713115952,0.09060572902623427,Abrasive Product Manufacturing,Manufacturing,Nonmetallic Mineral Product Manufacturing,Other Nonmetallic Mineral Product Manufacturing,Abrasive Product Manufacturing
327991,32,Manufacturing - paper/chemicals,24,0.032697213539245,12,4,0.014151127206630577,23,0.09136491653934718,0.017367794819799477,12,4,0.0073476533282104215,23,0.047671011509869694,0.027941789023415774,10.0,0.0,0.0,Cut Stone and Stone Product Manufacturing,Manufacturing,Nonmetallic Mineral Product Manufacturing,Other Nonmetallic Mineral Product Manufacturing,All Other Nonmetallic Mineral Product Manufacturing
327992,32,Manufacturing - paper/chemicals,24,0.006858651399964185,6,2,0.004272090389607168,24,0.019164939299126407,0.01099832543381422,1,1,0.005946239438559698,23,0.03018813290832645,0.021450649861450403,10.0,0.0,0.0,Ground or Treated Mineral and Earth Manufacturing,Manufacturing,Nonmetallic Mineral Product Manufacturing,Other Nonmetallic Mineral Product Manufacturing,All Other Nonmetallic Mineral Product Manufacturing
327993,32,Manufacturing - paper/chemicals,24,0.011273517515206269,6,2,0.005667469657503056,24,0.03150127718514673,0.02099054063611193,1,1,0.01128106666769979,23,0.05761470092459512,0.019745183651434805,10.0,0.001245356984677124,0.007804568701720259,Mineral Wool Manufacturing,Manufacturing,Nonmetallic Mineral Product Manufacturing,Other Nonmetallic Mineral Product Manufacturing,All Other Nonmetallic Mineral Product Manufacturing
327999,32,Manufacturing - paper/chemicals,24,0.01803717862540115,6,2,0.008264752334174058,24,0.050400787753277325,0.011062128163906669,4,2,0.005849325087574544,24,0.030363258231498214,0.02555210232591528,10.0,0.0,0.0,All Other Miscellaneous Nonmetallic Mineral Product Manufacturing,Manufacturing,Nonmetallic Mineral Product Manufacturing,Other Nonmetallic Mineral Product Manufacturing,All Other Nonmetallic Mineral Product Manufacturing
331110,33,Manufacturing - metals/machinery,13,0.007812163057141377,3,1,0.004518881765979836,13,0.021829310465578417,0.016128147552109104,1,1,0.009522312634353042,12,0.04426843566305712,0.023644287919155994,10.0,0.0,0.0,Iron and Steel Mills and Ferroalloy Manufacturing,Manufacturing,Primary Metal Manufacturing,Iron and Steel Mills and Ferroalloy Manufacturing,Iron and Steel Mills and Ferroalloy Manufacturing
331111,33,Manufacturing - metals/machinery,11,0.03421132468651379,1,1,0.01686941962195888,10,0.09559575530594328,0.04954074340595931,1,1,0.025395364462984252,10,0.13597911384931102,0.03839980814421422,10.0,0.011140935261745095,0.0698194941061421,,,,,
331112,33,Manufacturing - metals/machinery,11,0.021889387500182413,9,3,0.01231140270356279,11,0.0611649081243935,0.033457903931542916,1,1,0.01707644525650314,10,0.09183503950647845,0.038387784966040464,10.0,0.0,0.0,,,,,
331210,33,Manufacturing - metals/machinery,24,0.010435668441581069,6,2,0.005148005683854456,24,0.02916009876661097,0.01899171210068535,1,1,0.011055462337125352,23,0.052128329217235404,0.026200726758394872,10.0,0.0,0.0,Iron and Steel Pipe and Tube Manufacturing from Purchased Steel,Manufacturing,Primary Metal Manufacturing,Steel Product Manufacturing from Purchased Steel,Iron and Steel Pipe and Tube Manufacturing from Purchased Steel
331221,33,Manufacturing - metals/machinery,24,0.010913118966748462,1,1,0.006163804268423291,23,0.030494225521211282,0.026242537686193987,1,1,0.014689749109448662,23,0.07203034864625298,0.021959237543565005,10.0,0.004283300142628982,0.026843154729567827,Rolled Steel Shape Manufacturing,Manufacturing,Primary Metal Manufacturing,Steel Product Manufacturing from Purchased Steel,Rolling and Drawing of Purchased Steel
331222,33,Manufacturing - metals/machinery,24,0.0208737761142272,1,1,0.010752309179939842,23,0.05832701340890542,0.03620319483367273,1,1,0.019278254020965214,23,0.09937029631663934,0.025375571869915535,10.0,0.010827622963757194,0.06785598694728966,Steel Wire Drawing,Manufacturing,Primary Metal Manufacturing,Steel Product Manufacturing from Purchased Steel,Rolling and Drawing of Purchased Steel
331311,33,Manufacturing - metals/machinery,11,0.06764314316928494,1,1,0.03895586169346601,10,0.18901335805581723,0.08297256188873046,1,1,0.04748180653449138,10,0.22774255418378514,0.04627083781943484,10.0,0.03670172406929562,0.23000724330033087,,,,,
331312,33,Manufacturing - metals/machinery,11,0.09046407554577662,1,1,0.047471993002868404,10,0.2527812561803983,0.10579349426522215,1,1,0.05599793784389377,10,0.29038130258409894,0.05158102523665672,10.0,0.054212469028565434,0.3397459075824884,,,,,
331313,33,Manufacturing - metals/machinery,13,0.03332741994163263,1,1,0.016822754874701945,12,0.09312588480312901,0.04865683866107816,1,1,0.025348699715727317,12,0.1335529777909312,0.046649962944505366,10.0,0.0020068757165727924,0.012576955522409687,Alumina Refining and Primary Aluminum Production,Manufacturing,Primary Metal Manufacturing,Alumina and Aluminum Production and Processing,Alumina and Aluminum Production and Processing
331314,33,Manufacturing - metals/machinery,24,0.010285412526401503,6,2,0.005055869294203823,24,0.028740242831992963,0.010053546157450082,9,3,0.004949640255571278,24,0.02759490882748363,0.022723417944229475,10.0,0.0,0.0,Secondary Smelting and Alloying of Aluminum,Manufacturing,Primary Metal Manufacturing,Alumina and Aluminum Production and Processing,Alumina and Aluminum Production and Processing
331315,33,Manufacturing - metals/machinery,24,0.011969153157407054,1,1,0.006413431266563757,23,0.03344507255826578,0.02683722713016052,1,1,0.01493937610758913,23,0.07366264840694614,0.017482432623558565,10.0,0.009354794506601954,0.05862586978317635,"Aluminum Sheet, Plate, and Foil Manufacturing",Manufacturing,Primary Metal Manufacturing,Alumina and Aluminum Production and Processing,Alumina and Aluminum Production and Processing
331316,33,Manufacturing - metals/machinery,11,0.058303284777086906,1,1,0.030014042209580916,10,0.16291525090462913,0.07363270349653243,1,1,0.03853998705060629,10,0.2021065709438492,0.03732321486310532,10.0,0.03630948863342712,0.2275491301294487,,,,,
331318,33,Manufacturing - metals/machinery,13,0.013928778637950862,12,4,0.006664571907317757,12,0.038920799664594524,0.008034092563021778,3,1,0.0038558436618668177,13,0.022051925590838573,0.02632134007454459,10.0,0.0,0.0,"Other Aluminum Rolling, Drawing, and Extruding",Manufacturing,Primary Metal Manufacturing,Alumina and Aluminum Production and Processing,Alumina and Aluminum Production and Processing
331319,33,Manufacturing - metals/machinery,11,0.03016202354747642,1,1,0.015635027858480664,10,0.0842809054895581,0.04549144226692195,1,1,0.024160972699506036,10,0.12486461812841977,0.034436820290380955,10.0,0.011054621976540994,0.06927857453646448,,,,,
331410,33,Manufacturing - metals/machinery,13,0.017909673884053005,1,1,0.009795955938313783,12,0.05004450479241701,0.03323909260349853,1,1,0.018321900779339154,12,0.0912344475806801,0.024713164008751443,10.0,0.008525928594747084,0.05343142270239613,Nonferrous Metal (except Aluminum) Smelting and Refining,Manufacturing,Primary Metal Manufacturing,Nonferrous Metal (except Aluminum) Production and Processing,Nonferrous Metal (except Aluminum) Smelting and Refining
331411,33,Manufacturing - metals/machinery,11,0.016858462073124993,2,1,0.006946363086269533,11,0.047107132797236544,0.019720195745303683,2,1,0.008441091468130204,11,0.054127866439299004,0.049096012350623566,10.0,0.0,0.0,,,,,
331419,33,Manufacturing - metals/machinery,11,0.021712713192072196,1,1,0.011552713422250237,10,0.06067123200744358,0.03704213191151772,1,1,0.02007865826327561,10,0.10167300541177515,0.029285073350611056,10.0,0.007757058560906666,0.04861296576544219,,,,,
331420,33,Manufacturing - metals/machinery,13,0.0135963648789137,12,4,0.007525623647740389,12,0.037991945121239996,0.0063127222950889565,4,2,0.0035146001137058747,13,0.01732711955145444,0.019705010890409557,10.0,0.0,0.0,"Copper Rolling, Drawing, Extruding, and Alloying",Manufacturing,Primary Metal Manufacturing,Nonferrous Metal (except Aluminum) Production and Processing,"Copper Rolling, Drawing, Extruding, and Alloying"
331421,33,Manufacturing - metals/machinery,11,0.056539699425015334,1,1,0.025052069887851393,10,0.15798731328974225,0.07186911814446087,1,1,0.03357801472887677,10,0.19726589321305302,0.04310340362684985,10.0,0.02876571451761102,0.1802728036772306,,,,,
331422,33,Manufacturing - metals/machinery,11,0.06328168977617754,1,1,0.03192441296867545,10,0.1768262698572089,0.07826830190984038,1,1,0.040450357809700827,10,0.21483033165203153,0.046818808195149546,10.0,0.031449493714690836,0.197091867914693,,,,,
331423,33,Manufacturing - metals/machinery,11,0.04180112306771672,1,1,0.019830169505945183,10,0.11680371832752526,0.05315235433176339,1,1,0.028356114346970555,10,0.1458922402881899,0.03702193171381318,10.0,0.01613042261795021,0.10108827674196065,,,,,
331491,33,Manufacturing - metals/machinery,24,0.012672271042938507,6,2,0.006282609973544133,24,0.035409775356313046,0.018241609641543654,1,1,0.011632238257981476,23,0.05006945281212261,0.023082414224735906,10.0,0.0,0.0,"Nonferrous Metal (except Copper and Aluminum) Rolling, Drawing, and Extruding",Manufacturing,Primary Metal Manufacturing,Nonferrous Metal (except Aluminum) Production and Processing,"Nonferrous Metal (except Copper and Aluminum) Rolling, Drawing, Extruding, and Alloying"
331492,33,Manufacturing - metals/machinery,24,0.005220215885470095,12,4,0.0028974218823416553,23,0.014586704402835255,0.012238270365968916,1,1,0.007524436563318004,23,0.03359152578264609,0.019005928628076242,10.0,0.0,0.0,"Secondary Smelting, Refining, and Alloying of Nonferrous Metal (except Copper and Aluminum)",Manufacturing,Primary Metal Manufacturing,Nonferrous Metal (except Aluminum) Production and Processing,"Nonferrous Metal (except Copper and Aluminum) Rolling, Drawing, Extruding, and Alloying"
331511,33,Manufacturing - metals/machinery,24,0.031277863439565234,1,1,0.01612802770544399,23,0.08739886593868336,0.04660728215901076,1,1,0.024653972546469363,23,0.12792736828702347,0.02863939312032971,10.0,0.017967889038681052,0.11260355556895167,Iron Foundries,Manufacturing,Primary Metal Manufacturing,Foundries,Ferrous Metal Foundries
331512,33,Manufacturing - metals/machinery,24,0.015225784564201365,1,1,0.009600521522956656,23,0.04254498733614289,0.03055520328364689,1,1,0.018126466363982026,23,0.08386772543861482,0.029577130072432678,10.0,0.0009780732112142122,0.006129519219111733,Steel Investment Foundries,Manufacturing,Primary Metal Manufacturing,Foundries,Ferrous Metal Foundries
331513,33,Manufacturing - metals/machinery,24,0.026185796851957717,1,1,0.014990324838635261,23,0.07317024556309212,0.041515215571403245,1,1,0.023516269679660633,23,0.11395069667007589,0.0364993976725529,10.0,0.005015817898850347,0.031433794380689085,Steel Foundries (except Investment),Manufacturing,Primary Metal Manufacturing,Foundries,Ferrous Metal Foundries
331521,33,Manufacturing - metals/machinery,11,0.07696801419626614,1,1,0.04014724246167343,10,0.21506958642823612,0.09229743291571167,1,1,0.0486731873026988,10,0.2533374002000743,0.05042786040124571,10.0,0.041869572514465964,0.2623938029187097,,,,,
331522,33,Manufacturing - metals/machinery,11,0.07260931596258235,1,1,0.038812643799532455,10,0.20289019689515744,0.08793873468202787,1,1,0.04733858864055783,10,0.24137367332387272,0.03591227494302982,10.0,0.05202645973899805,0.3260463339719139,,,,,
331523,33,Manufacturing - metals/machinery,13,0.031944068368251956,3,1,0.016440129453404322,13,0.08926042388564746,0.027333179638584004,3,1,0.015073124163086307,13,0.07502393566204728,0.048409695283255304,10.0,0.0,0.0,Nonferrous Metal Die-Casting Foundries,Manufacturing,Primary Metal Manufacturing,Foundries,Nonferrous Metal Foundries
331524,33,Manufacturing - metals/machinery,24,0.026034927824394878,6,2,0.011696049083275284,24,0.07274867642555363,0.03459153871900395,1,1,0.0192327681341361,23,0.09494663297944117,0.024585490175179414,10.0,0.010006048543824538,0.06270723515737393,Aluminum Foundries (except Die-Casting),Manufacturing,Primary Metal Manufacturing,Foundries,Nonferrous Metal Foundries
331525,33,Manufacturing - metals/machinery,11,0.039122695841975086,1,1,0.021080721108762468,10,0.10931946344926538,0.054452114561420614,1,1,0.02960666594978784,10,0.14945981380635606,0.031179096952839613,10.0,0.023273017608581,0.1458504405221667,,,,,
331528,33,Manufacturing - metals/machinery,11,0.015518651138039486,1,1,0.010326605633927155,10,0.04336333627721606,0.028032619260277485,1,1,0.018852550474952524,10,0.07694375303680101,0.04594638916414856,10.0,0.0,0.0,,,,,
331529,33,Manufacturing - metals/machinery,13,0.005828553440976522,12,4,0.0025623940208973164,12,0.016286565154574367,0.013071181662652007,1,1,0.008830101805129168,12,0.035877695352407195,0.033963379555912374,10.0,0.0,0.0,Other Nonferrous Metal Foundries (except Die-Casting),Manufacturing,Primary Metal Manufacturing,Foundries,Nonferrous Metal Foundries
332111,33,Manufacturing - metals/machinery,24,0.011171715900783877,6,2,0.006041434708431506,24,0.03121681575866741,0.02005563611068626,1,1,0.012199542378120449,23,0.05504858099661276,0.026949041908961736,10.0,0.0,0.0,Iron and Steel Forging,Manufacturing,Fabricated Metal Product Manufacturing,Forging and Stamping,Forging and Stamping
332112,33,Manufacturing - metals/machinery,24,0.013413990511980136,1,1,0.007761635558817114,23,0.03748234148808019,0.02874340923142566,1,1,0.016287580399842485,23,0.07889472477773132,0.026992430111847134,10.0,0.0017509791195785274,0.010973268711036517,Nonferrous Forging,Manufacturing,Fabricated Metal Product Manufacturing,Forging and Stamping,Forging and Stamping
332114,33,Manufacturing - metals/machinery,24,0.016522537134324333,12,4,0.008476797649734838,23,0.04616846706169398,0.010428966857275642,4,2,0.004609785885324899,24,0.02862536114961869,0.024909336531236788,10.0,0.0,0.0,Custom Roll Forming,Manufacturing,Fabricated Metal Product Manufacturing,Forging and Stamping,Forging and Stamping
332115,33,Manufacturing - metals/machinery,11,0.026822316178917005,1,1,0.010439439601828571,10,0.07494885385683908,0.04215173489836253,1,1,0.018965384442853943,10,0.11569781082455328,0.032456740675730164,10.0,0.00969499422263237,0.06075787858766663,,,,,
332116,33,Manufacturing - metals/machinery,11,0.044288235409233136,1,1,0.023354392087357612,10,0.12375338733323084,0.059617654128678664,1,1,0.031880336928382984,10,0.16363815358526237,0.03554645396917598,10.0,0.024071200159502683,0.15085259703779233,,,,,
332117,33,Manufacturing - metals/machinery,24,0.02334884683774388,3,1,0.011309827866824959,24,0.0652430348555545,0.03294350750743558,1,1,0.019430464085910103,23,0.09042312751024151,0.03277649459271762,10.0,0.00016701291471795526,0.0010466587356305463,Powder Metallurgy Part Manufacturing,Manufacturing,Fabricated Metal Product Manufacturing,Forging and Stamping,Forging and Stamping
332119,33,Manufacturing - metals/machinery,13,0.012216633814966439,3,1,0.006143141910378125,13,0.034136600892809545,0.0087879426231109,3,1,0.004776136620060109,13,0.02412108838692689,0.021152678109525112,10.0,0.0,0.0,"Metal Crown, Closure, and Other Metal Stamping (except Automotive)",Manufacturing,Fabricated Metal Product Manufacturing,Forging and Stamping,Forging and Stamping
332211,33,Manufacturing - metals/machinery,11,0.05358691263276599,1,1,0.0269805373884351,10,0.1497364230874765,0.06891633135221152,1,1,0.03550648222946047,10,0.1891611030183278,0.03169099657827225,10.0,0.03722533477393927,0.23328867646979834,,,,,
332212,33,Manufacturing - metals/machinery,11,0.04778351918935012,1,1,0.024374831607463055,10,0.13352016181596849,0.06311293790879566,1,1,0.03290077644848843,10,0.17323198602288797,0.028757438549540916,10.0,0.03435549935925474,0.21530361039467433,,,,,
332213,33,Manufacturing - metals/machinery,11,0.04873164312607801,1,1,0.026084197921790543,10,0.13616947822466272,0.06406106184552354,1,1,0.03461014276281592,10,0.17583439050598398,0.035819796867418166,10.0,0.028241264978105377,0.17698611358594035,,,,,
332214,33,Manufacturing - metals/machinery,11,0.05851119416915168,1,1,0.028911839169097352,10,0.1634962063499898,0.07384061288859721,1,1,0.037437784010122724,10,0.20267723930589315,0.052129744167266914,10.0,0.021710868721330295,0.13606055821301907,,,,,
332215,33,Manufacturing - metals/machinery,13,0.015931867258196494,12,4,0.009581789362769821,12,0.04451797461621532,0.00781522138769204,1,1,0.0028676614513563565,12,0.021451169396596345,0.02046967272649868,10.0,0.0,0.0,"Metal Kitchen Cookware, Utensil, Cutlery, and Flatware (except Precious) Manufacturing",Manufacturing,Fabricated Metal Product Manufacturing,Cutlery and Handtool Manufacturing,Cutlery and Handtool Manufacturing
332216,33,Manufacturing - metals/machinery,13,0.009418042709062886,6,2,0.005479549775407134,13,0.026316575418414288,0.009414195846936037,1,1,0.0059501496068195305,12,0.025840024207554334,0.01713879261713199,10.0,0.0,0.0,Saw Blade and Handtool Manufacturing,Manufacturing,Fabricated Metal Product Manufacturing,Cutlery and Handtool Manufacturing,Cutlery and Handtool Manufacturing
332311,33,Manufacturing - metals/machinery,24,0.007349222757859712,6,2,0.004953767639561489,24,0.02053572923255368,0.013589734468539245,1,1,0.008054008736260446,23,0.03730101575861931,0.021560011414666062,10.0,0.0,0.0,Prefabricated Metal Building and Component Manufacturing,Manufacturing,Fabricated Metal Product Manufacturing,Architectural and Structural Metals Manufacturing,Plate Work and Fabricated Structural Product Manufacturing
332312,33,Manufacturing - metals/machinery,24,0.008482252288824262,12,4,0.004258813349760976,23,0.023701722212626505,0.010055694637269283,1,1,0.005490163567368051,23,0.02760080596107212,0.020389353675723598,10.0,0.0,0.0,Fabricated Structural Metal Manufacturing,Manufacturing,Fabricated Metal Product Manufacturing,Architectural and Structural Metals Manufacturing,Plate Work and Fabricated Structural Product Manufacturing
332313,33,Manufacturing - metals/machinery,24,0.006588992994329667,3,1,0.0038764401307022265,24,0.018411440298504837,0.015312360989598695,1,1,0.008773185106066332,23,0.04202926995350507,0.023922198324893805,10.0,0.0,0.0,Plate Work Manufacturing,Manufacturing,Fabricated Metal Product Manufacturing,Architectural and Structural Metals Manufacturing,Plate Work and Fabricated Structural Product Manufacturing
332321,33,Manufacturing - metals/machinery,24,0.011744613793551087,6,2,0.006767008343053997,24,0.032817648444162746,0.017266222765327598,1,1,0.009812566490340246,23,0.04739221718807761,0.02615204102494182,10.0,0.0,0.0,Metal Window and Door Manufacturing,Manufacturing,Fabricated Metal Product Manufacturing,Architectural and Structural Metals Manufacturing,Ornamental and Architectural Metal Products Manufacturing
332322,33,Manufacturing - metals/machinery,24,0.006573592421388724,6,2,0.0032847541065022154,24,0.018368406904857436,0.01549641336296639,1,1,0.00931148220404713,23,0.04253445572408014,0.02072198987174715,10.0,0.0,0.0,Sheet Metal Work Manufacturing,Manufacturing,Fabricated Metal Product Manufacturing,Architectural and Structural Metals Manufacturing,Ornamental and Architectural Metal Products Manufacturing
332323,33,Manufacturing - metals/machinery,24,0.011609368463981126,6,2,0.005935120675913601,24,0.032439736172413206,0.009713682539609091,1,1,0.006140026345514414,23,0.02666205335527286,0.022040070052948557,10.0,0.0,0.0,Ornamental and Architectural Metal Work Manufacturing,Manufacturing,Fabricated Metal Product Manufacturing,Architectural and Structural Metals Manufacturing,Ornamental and Architectural Metal Products Manufacturing
332410,33,Manufacturing - metals/machinery,24,0.007697287472506581,3,1,0.0038178310491890862,24,0.02150831680689954,0.019979942123669707,1,1,0.011215587974738213,23,0.05484081662792155,0.030066365780631106,10.0,0.0,0.0,Power Boiler and Heat Exchanger Manufacturing,Manufacturing,Fabricated Metal Product Manufacturing,"Boiler, Tank, and Shipping Container Manufacturing",Power Boiler and Heat Exchanger Manufacturing
332420,33,Manufacturing - metals/machinery,24,0.01021683707940732,12,4,0.006268569903762233,23,0.028548624363227977,0.010219665582048006,1,1,0.004577677665380285,23,0.02805087235562209,0.02297535354185902,10.0,0.0,0.0,Metal Tank (Heavy Gauge) Manufacturing,Manufacturing,Fabricated Metal Product Manufacturing,"Boiler, Tank, and Shipping Container Manufacturing",Metal Tank (Heavy Gauge) Manufacturing
332431,33,Manufacturing - metals/machinery,24,0.014145381188248252,1,1,0.006479584053410734,23,0.03952604616079451,0.02947479990769378,1,1,0.015005528894436106,23,0.08090224120156891,0.02163809457948962,10.0,0.007836705328204161,0.04911210671449656,Metal Can Manufacturing,Manufacturing,Fabricated Metal Product Manufacturing,"Boiler, Tank, and Shipping Container Manufacturing","Metal Can, Box, and Other Metal Container (Light Gauge) Manufacturing"
332439,33,Manufacturing - metals/machinery,24,0.009224179467423875,1,1,0.005001837684263288,23,0.025774868741448183,0.023428064797394656,1,1,0.013527782525288658,23,0.06430520156406755,0.021672588321592395,10.0,0.001755476475802261,0.011001453340870458,Other Metal Container Manufacturing,Manufacturing,Fabricated Metal Product Manufacturing,"Boiler, Tank, and Shipping Container Manufacturing","Metal Can, Box, and Other Metal Container (Light Gauge) Manufacturing"
332510,33,Manufacturing - metals/machinery,24,0.019741549371930043,1,1,0.010558765228899382,23,0.055163263638930815,0.03507096809137557,1,1,0.01908471006992475,23,0.09626256763698572,0.0198133516539312,10.0,0.015257616437444367,0.09561845894444777,Hardware Manufacturing,Manufacturing,Fabricated Metal Product Manufacturing,Hardware Manufacturing,Hardware Manufacturing
332611,33,Manufacturing - metals/machinery,11,0.025178511522598434,1,1,0.013003804251244321,10,0.07035561611652599,0.04050793024204396,1,1,0.021529749092269693,10,0.11118590637701761,0.03655991452365655,10.0,0.003948015718387411,0.02474194972906872,,,,,
332612,33,Manufacturing - metals/machinery,11,0.03221032444829127,1,1,0.015759911946364114,10,0.09000441586226308,0.044374089945586156,1,1,0.024285856787389485,10,0.12179771666374706,0.03234576592604828,10.0,0.012028324019537878,0.07538069993751546,,,,,
332613,33,Manufacturing - metals/machinery,13,0.016140615131673426,3,1,0.0083795932751542,13,0.045101273006920524,0.013371091882264423,3,1,0.007012587984836184,13,0.03670088699414471,0.029315327711800416,10.0,0.0,0.0,Spring Manufacturing,Manufacturing,Fabricated Metal Product Manufacturing,Spring and Wire Product Manufacturing,Spring and Wire Product Manufacturing
332618,33,Manufacturing - metals/machinery,24,0.017772484942329345,1,1,0.009205046862233456,23,0.049661161539156014,0.03310190366177487,1,1,0.017730991703258828,23,0.09085789225585097,0.022381571598692848,10.0,0.010720332063082025,0.06718360206834195,Other Fabricated Wire Product Manufacturing,Manufacturing,Fabricated Metal Product Manufacturing,Spring and Wire Product Manufacturing,Spring and Wire Product Manufacturing
332710,33,Manufacturing - metals/machinery,24,0.008899466512924772,6,2,0.005181317637042752,24,0.024867532342539238,0.010616742202364162,1,1,0.006697736733877168,23,0.029140765709026534,0.020452974667806774,10.0,0.0,0.0,Machine Shops,Manufacturing,Fabricated Metal Product Manufacturing,"Machine Shops; Turned Product; and Screw, Nut, and Bolt Manufacturing",Machine Shops
332721,33,Manufacturing - metals/machinery,24,0.015257911577484915,1,1,0.007805691512191228,23,0.04263475895792916,0.02976489481067332,1,1,0.0163316363532166,23,0.08169849182534568,0.028255924492808247,10.0,0.001508970317865073,0.00945661578128775,Precision Turned Product Manufacturing,Manufacturing,Fabricated Metal Product Manufacturing,"Machine Shops; Turned Product; and Screw, Nut, and Bolt Manufacturing","Turned Product and Screw, Nut, and Bolt Manufacturing"
332722,33,Manufacturing - metals/machinery,24,0.012307449626217905,1,1,0.006792089436529314,23,0.0343903649943127,0.026741625880704042,1,1,0.015318034277554685,23,0.07340024271235547,0.023038972248234577,10.0,0.003702653632469466,0.023204281992102147,"Bolt, Nut, Screw, Rivet, and Washer Manufacturing",Manufacturing,Fabricated Metal Product Manufacturing,"Machine Shops; Turned Product; and Screw, Nut, and Bolt Manufacturing","Turned Product and Screw, Nut, and Bolt Manufacturing"
332811,33,Manufacturing - metals/machinery,24,0.008053184596762417,6,2,0.003713766827638331,24,0.022502790266088958,0.017140450859329102,1,1,0.007990421589241856,23,0.047046999269471305,0.023844537233425847,10.0,0.0,0.0,Metal Heat Treating,Manufacturing,Fabricated Metal Product Manufacturing,"Coating, Engraving, Heat Treating, and Allied Activities","Coating, Engraving, Heat Treating, and Allied Activities"
332812,33,Manufacturing - metals/machinery,24,0.010625559268775689,6,2,0.006092720620278126,24,0.029690705436118157,0.01032488265786017,1,1,0.005797922210793692,23,0.028339671508543815,0.01857977464460977,10.0,0.0,0.0,"Metal Coating, Engraving (except Jewelry and Silverware), and Allied Services to Manufacturers",Manufacturing,Fabricated Metal Product Manufacturing,"Coating, Engraving, Heat Treating, and Allied Activities","Coating, Engraving, Heat Treating, and Allied Activities"
332813,33,Manufacturing - metals/machinery,24,0.013184601367063287,6,2,0.0068903914846535725,24,0.036841365765326164,0.02595345584610539,1,1,0.013345453021175051,23,0.07123687867098315,0.022647538072609767,10.0,0.0033059177734956237,0.02071796497144471,"Electroplating, Plating, Polishing, Anodizing, and Coloring",Manufacturing,Fabricated Metal Product Manufacturing,"Coating, Engraving, Heat Treating, and Allied Activities","Coating, Engraving, Heat Treating, and Allied Activities"
332911,33,Manufacturing - metals/machinery,24,0.004235381627907139,6,2,0.0021494999290450115,24,0.011834809363237117,0.014952090403649827,1,1,0.009516326078009283,23,0.041040401566491594,0.019961677701128094,10.0,0.0,0.0,Industrial Valve Manufacturing,Manufacturing,Fabricated Metal Product Manufacturing,Other Fabricated Metal Product Manufacturing,Metal Valve Manufacturing
332912,33,Manufacturing - metals/machinery,24,0.007062755989599608,1,1,0.003731007099383092,23,0.019735263090631016,0.020374478173087775,1,1,0.012256951940408463,23,0.05592373663866615,0.019695684764475647,10.0,0.0006787934086121272,0.0042539527677372905,Fluid Power Valve and Hose Fitting Manufacturing,Manufacturing,Fabricated Metal Product Manufacturing,Other Fabricated Metal Product Manufacturing,Metal Valve Manufacturing
332913,33,Manufacturing - metals/machinery,24,0.012304926910564448,1,1,0.006804490354349278,23,0.03438331583996033,0.027634345630009976,1,1,0.01533043519537465,23,0.07585057413818139,0.02052274275168633,10.0,0.007111602878323645,0.044567938290897634,Plumbing Fixture Fitting and Trim Manufacturing,Manufacturing,Fabricated Metal Product Manufacturing,Other Fabricated Metal Product Manufacturing,Metal Valve Manufacturing
332919,33,Manufacturing - metals/machinery,24,0.010386356299291518,6,2,0.005938495667325914,24,0.02902230721568099,0.02293433456323412,1,1,0.014174802401758033,23,0.06295001399306945,0.018997604642341244,10.0,0.003936729920892876,0.024671222393065028,Other Metal Valve and Pipe Fitting Manufacturing,Manufacturing,Fabricated Metal Product Manufacturing,Other Fabricated Metal Product Manufacturing,Metal Valve Manufacturing
332991,33,Manufacturing - metals/machinery,24,0.018760036831549858,1,1,0.009754893998946213,23,0.05242065038148842,0.034089455550995386,1,1,0.018280838839971586,23,0.09356851832934396,0.02209118749775666,10.0,0.011998268053238725,0.07519234121245548,Ball and Roller Bearing Manufacturing,Manufacturing,Fabricated Metal Product Manufacturing,Other Fabricated Metal Product Manufacturing,All Other Fabricated Metal Product Manufacturing
332992,33,Manufacturing - metals/machinery,24,0.025271008847799925,12,4,0.010346602645043317,23,0.07061407882580253,0.010484847823232774,2,1,0.004086386461501536,24,0.028778742865545468,0.030735135942548526,10.0,0.0,0.0,Small Arms Ammunition Manufacturing,Manufacturing,Fabricated Metal Product Manufacturing,Other Fabricated Metal Product Manufacturing,All Other Fabricated Metal Product Manufacturing
332993,33,Manufacturing - metals/machinery,24,0.014721803003534891,12,4,0.009075890187273143,23,0.041136725645207206,0.007025103580985671,4,2,0.0029929172801504487,24,0.019282459122871035,0.01975592267877991,10.0,0.0,0.0,Ammunition (except Small Arms) Manufacturing,Manufacturing,Fabricated Metal Product Manufacturing,Other Fabricated Metal Product Manufacturing,All Other Fabricated Metal Product Manufacturing
332994,33,Manufacturing - metals/machinery,24,0.02464296846232783,6,2,0.010583992614724558,24,0.06885916300298706,0.019099132498532647,9,3,0.005165793981248251,24,0.05242317603430717,0.02275487211805152,10.0,0.0,0.0,"Small Arms, Ordnance, and Ordnance Accessories Manufacturing",Manufacturing,Fabricated Metal Product Manufacturing,Other Fabricated Metal Product Manufacturing,All Other Fabricated Metal Product Manufacturing
332995,33,Manufacturing - metals/machinery,11,0.012850472737022807,12,4,0.006575082110663588,10,0.03590771940550979,0.012164375073376072,1,1,0.004134876803153524,10,0.03338869845883969,0.030579115958513325,10.0,0.0,0.0,,,,,
332996,33,Manufacturing - metals/machinery,24,0.015286705334233625,6,2,0.0077146061120828835,24,0.04271521655346838,0.011611686611814071,3,1,0.004165224719982207,24,0.03187168272449567,0.02624676753812441,10.0,0.0,0.0,Fabricated Pipe and Pipe Fitting Manufacturing,Manufacturing,Fabricated Metal Product Manufacturing,Other Fabricated Metal Product Manufacturing,All Other Fabricated Metal Product Manufacturing
332997,33,Manufacturing - metals/machinery,11,0.03101112868085023,1,1,0.016746469285234544,10,0.08665353640352622,0.04634054740029576,1,1,0.025272414126259916,10,0.12719523643696906,0.03544103090739437,10.0,0.010899516492901384,0.0683065388728168,,,,,
332998,33,Manufacturing - metals/machinery,11,0.028675512139263837,1,1,0.015184689069185598,10,0.08012718790799363,0.044004930858709365,1,1,0.02371063391021097,10,0.12078445117655842,0.030523124573453037,10.0,0.013481806285256328,0.08448957581736825,,,,,
332999,33,Manufacturing - metals/machinery,24,0.00943336810946859,6,2,0.0052550837320914645,24,0.026359398759532287,0.00682013473960702,1,1,0.004347660463648246,23,0.018719861965436447,0.0218730416931833,10.0,0.0,0.0,All Other Miscellaneous Fabricated Metal Product Manufacturing,Manufacturing,Fabricated Metal Product Manufacturing,Other Fabricated Metal Product Manufacturing,All Other Fabricated Metal Product Manufacturing
333111,33,Manufacturing - metals/machinery,24,0.01541515211610129,12,4,0.008768544262611658,23,0.04307413183201349,0.01036548425454897,9,3,0.004912820252475206,24,0.028451114509981418,0.02011917985925891,10.0,0.0,0.0,Farm Machinery and Equipment Manufacturing,Manufacturing,Machinery Manufacturing,"Agriculture, Construction, and Mining Machinery Manufacturing",Agricultural Implement Manufacturing
333112,33,Manufacturing - metals/machinery,24,0.07395357257233899,6,2,0.02041752284520067,24,0.20664641584055682,0.07106059193935461,1,1,0.01765017954253516,23,0.19504665568580448,0.058693305918993334,10.0,0.01236728602036128,0.07750495206381214,Lawn and Garden Tractor and Home Lawn and Garden Equipment Manufacturing,Manufacturing,Machinery Manufacturing,"Agriculture, Construction, and Mining Machinery Manufacturing",Agricultural Implement Manufacturing
333120,33,Manufacturing - metals/machinery,24,0.007499101797357931,6,2,0.0038012515595864105,24,0.020954532073912513,0.010744232747349553,1,1,0.004828094603253851,23,0.0294907009368696,0.02791364378963209,10.0,0.0,0.0,Construction Machinery Manufacturing,Manufacturing,Machinery Manufacturing,"Agriculture, Construction, and Mining Machinery Manufacturing",Construction Machinery Manufacturing
333131,33,Manufacturing - metals/machinery,24,0.009700979795924257,12,4,0.005533539677306351,23,0.02710717866954295,0.012549155864316455,1,1,0.007241320940876653,23,0.034444842298861605,0.03096500438593497,10.0,0.0,0.0,Mining Machinery and Equipment Manufacturing,Manufacturing,Machinery Manufacturing,"Agriculture, Construction, and Mining Machinery Manufacturing",Mining and Oil and Gas Field Machinery Manufacturing
333132,33,Manufacturing - metals/machinery,24,0.007534594598123365,12,4,0.004137163579689513,23,0.02105370862226852,0.00972999395185524,1,1,0.005656354537041082,23,0.026706824814689337,0.034258756601499664,10.0,0.0,0.0,Oil and Gas Field Machinery and Equipment Manufacturing,Manufacturing,Machinery Manufacturing,"Agriculture, Construction, and Mining Machinery Manufacturing",Mining and Oil and Gas Field Machinery Manufacturing
333210,33,Manufacturing - metals/machinery,11,0.07908351417657478,1,1,0.04119818221271173,10,0.22098086932418995,0.09441293289602032,1,1,0.049724127053737105,10,0.25914401093890305,0.04713284580691262,10.0,0.0472800870891077,0.29630113489581184,,,,,
333220,33,Manufacturing - metals/machinery,11,0.04225630267290835,1,1,0.02215971811223084,10,0.1180756140683911,0.05758572139235388,1,1,0.030685662953256213,10,0.15806091768020702,0.04473818964324015,10.0,0.012847531749113725,0.08051461983768977,,,,,
333241,33,Manufacturing - metals/machinery,13,0.02666475567771328,12,4,0.014359473325734331,12,0.07450858692017497,0.011335336958267751,12,4,0.007555999447314176,12,0.031113159972952293,0.020558551384497806,10.0,0.0,0.0,Food Product Machinery Manufacturing,Manufacturing,Machinery Manufacturing,Industrial Machinery Manufacturing,Industrial Machinery Manufacturing
333242,33,Manufacturing - metals/machinery,13,0.053630358507574874,12,4,0.02893891142813712,12,0.14985782268995723,0.03830093978812935,12,4,0.022135437549716967,12,0.10512817317471171,0.033609475997551055,10.0,0.004691463790578297,0.02940108893731717,Semiconductor Machinery Manufacturing,Manufacturing,Machinery Manufacturing,Industrial Machinery Manufacturing,Industrial Machinery Manufacturing
333243,33,Manufacturing - metals/machinery,13,0.013488774065028871,12,4,0.007867243355780587,12,0.03769130709533638,0.00717005631126297,3,1,0.0029083855207935883,13,0.019680324444584684,0.018227570892524726,10.0,0.0,0.0,"Sawmill, Woodworking, and Paper Machinery Manufacturing",Manufacturing,Machinery Manufacturing,Industrial Machinery Manufacturing,Industrial Machinery Manufacturing
333244,33,Manufacturing - metals/machinery,11,0.044816563156491296,1,1,0.024728784698165085,10,0.12522967889782322,0.06014598187593682,1,1,0.03325472953919045,10,0.1650883041876759,0.031191099877976157,10.0,0.02895488199796066,0.1814583035898543,,,,,
333248,33,Manufacturing - metals/machinery,2,,,,,,,,,,,,,,,,,All Other Industrial Machinery Manufacturing,Manufacturing,Machinery Manufacturing,Industrial Machinery Manufacturing,Industrial Machinery Manufacturing
333249,33,Manufacturing - metals/machinery,11,0.01388983780016384,12,4,0.0073950158427216195,10,0.03881198836206218,0.006877052501208305,3,1,0.003624933807469738,11,0.018876089471378518,0.024259648830722805,10.0,0.0,0.0,,,,,
333291,33,Manufacturing - metals/machinery,11,0.048274184982139236,1,1,0.026388880682783777,10,0.13489121562619863,0.06360360370158476,1,1,0.034914825523809145,10,0.17457876233492056,0.03209782506205787,10.0,0.03150577863952689,0.19744460176382944,,,,,
333292,33,Manufacturing - metals/machinery,11,0.06637289655822187,1,1,0.033900200743678485,10,0.18546394319620332,0.0817023152776674,1,1,0.04242614558470385,10,0.22425598945610145,0.03745757551256955,10.0,0.04424473976509785,0.27727881678518634,,,,,
333293,33,Manufacturing - metals/machinery,11,0.07455142346435573,1,1,0.038775010471134644,10,0.20831697399948135,0.08988084218380124,1,1,0.04730095531216001,10,0.24670435750289685,0.04391044011741518,10.0,0.045970402066386064,0.28809342669389804,,,,,
333294,33,Manufacturing - metals/machinery,11,0.02028962301970444,1,1,0.011060811825829986,10,0.05669473062544393,0.03561904173914997,1,1,0.01958675666685536,10,0.0977669166601285,0.02293560032385846,10.0,0.012683441415291506,0.07948627672052667,,,,,
333295,33,Manufacturing - metals/machinery,11,0.049810460828716555,1,1,0.02740134755016551,10,0.13918398859706607,0.06513987954816208,1,1,0.035927292391190885,10,0.17879552239711527,0.06155952189858913,10.0,0.0035803576495729503,0.022437861269205793,,,,,
333298,33,Manufacturing - metals/machinery,11,0.026970297489595462,1,1,0.016341228884308445,10,0.07536235392721335,0.042299716209040994,1,1,0.024867173725333817,10,0.11610398897427188,0.03521204734015936,10.0,0.007087668868881632,0.044417945458885506,,,,,
333310,33,Manufacturing - metals/machinery,2,,,,,,,,,,,,,,,,,Commercial and Service Industry Machinery Manufacturing,Manufacturing,Machinery Manufacturing,Commercial and Service Industry Machinery Manufacturing,Commercial and Service Industry Machinery Manufacturing
333311,33,Manufacturing - metals/machinery,11,0.08058853644674818,1,1,0.04127098541260926,10,0.22518631129370853,0.0959179551661937,1,1,0.04979693025363463,10,0.26327498638561053,0.03494676143082294,10.0,0.06097119373537076,0.38210238203864777,,,,,
333312,33,Manufacturing - metals/machinery,11,0.05734891506650101,1,1,0.030975178029950957,10,0.1602484821033457,0.07267833378594654,1,1,0.03950112287097633,10,0.19948702310084124,0.052661438649505635,10.0,0.020016895136440907,0.12544453936473982,,,,,
333313,33,Manufacturing - metals/machinery,11,0.060748923095777216,1,1,0.03135031363985682,10,0.16974903019913623,0.07607834181522274,1,1,0.03987625848088219,10,0.20881934327038285,0.030815111294310714,10.0,0.04526323052091203,0.28366163004565853,,,,,
333314,33,Manufacturing - metals/machinery,22,0.006910872929965879,6,2,0.0037944021886534562,22,0.019310860471413307,0.011716682909688247,1,1,0.00816944290930607,21,0.03215987588755328,0.021912147778473706,10.0,0.0,0.0,,,,,
333315,33,Manufacturing - metals/machinery,11,0.09515174891369337,1,1,0.049546969940548434,10,0.26587989180295307,0.1104811676331389,1,1,0.05807291478157381,10,0.3032479982927398,0.05050083950863269,10.0,0.0599803281245062,0.37589269370886386,,,,,
333316,33,Manufacturing - metals/machinery,11,0.05621417844469337,1,1,0.028269763202052,10,0.15707771904669687,0.0715435971641389,1,1,0.03679570804307737,10,0.19637240532005107,0.02462011171567947,10.0,0.04692348544845942,0.29406633632975476,,,,,
333318,33,Manufacturing - metals/machinery,11,0.014028677036100628,3,1,0.006937452259936291,11,0.03919994298665201,0.011871212569571748,1,1,0.007529235673010984,10,0.0325840279040502,0.02512035287060648,10.0,0.0,0.0,,,,,
333319,33,Manufacturing - metals/machinery,11,0.02393219728368936,1,1,0.012600565704051481,10,0.06687307482036767,0.03926161600313489,1,1,0.021126510545076853,10,0.10776503107048663,0.019371332643822996,10.0,0.01989028335931189,0.12465107184883192,,,,,
333411,33,Manufacturing - metals/machinery,11,0.0185237630073954,1,1,0.009918664783763353,10,0.05176043699057074,0.033853181726840924,1,1,0.018444609624788725,10,0.09291999545654332,0.026480367960041783,10.0,0.0073728137667991404,0.04620492941057481,,,,,
333412,33,Manufacturing - metals/machinery,11,0.021635669568173678,1,1,0.012187173552560725,10,0.06045595114692229,0.0369650882876192,1,1,0.020713118393586097,10,0.10146153656845133,0.03683744850955213,10.0,0.00012763977806706794,0.0007999099288426363,,,,,
333413,33,Manufacturing - metals/machinery,13,0.012917117948840418,12,4,0.007148629844994471,12,0.03609394427167934,0.007609776732719623,1,1,0.0027574567371794236,12,0.02088726622907007,0.018716664000369816,10.0,0.0,0.0,Industrial and Commercial Fan and Blower and Air Purification Equipment Manufacturing,Manufacturing,Machinery Manufacturing,"Ventilation, Heating, Air-Conditioning, and Commercial Refrigeration Equipment Manufacturing","Ventilation, Heating, Air-Conditioning, and Commercial Refrigeration Equipment Manufacturing"
333414,33,Manufacturing - metals/machinery,24,0.013277346409433424,1,1,0.00641878013184931,23,0.03710052066381363,0.02414101149653104,1,1,0.014944724972874681,23,0.06626209307810758,0.023303756790929817,10.0,0.0008372547056012224,0.005247019088584825,Heating Equipment (except Warm Air Furnaces) Manufacturing,Manufacturing,Machinery Manufacturing,"Ventilation, Heating, Air-Conditioning, and Commercial Refrigeration Equipment Manufacturing","Ventilation, Heating, Air-Conditioning, and Commercial Refrigeration Equipment Manufacturing"
333415,33,Manufacturing - metals/machinery,24,0.009786599522359496,6,2,0.005560353620847729,24,0.027346423495420488,0.02406414999748358,1,1,0.013034430217551657,23,0.06605112412990351,0.024124933504244626,10.0,0.0,0.0,Air-Conditioning and Warm Air Heating Equipment and Commercial and Industrial Refrigeration Equipment Manufacturing,Manufacturing,Machinery Manufacturing,"Ventilation, Heating, Air-Conditioning, and Commercial Refrigeration Equipment Manufacturing","Ventilation, Heating, Air-Conditioning, and Commercial Refrigeration Equipment Manufacturing"
333511,33,Manufacturing - metals/machinery,24,0.014011987573781927,1,1,0.007592986211302405,23,0.039153308085179306,0.02700040547051349,1,1,0.016118931052327777,23,0.07411053926596642,0.021004672607997266,10.0,0.005995732862516225,0.03757485573889623,Industrial Mold Manufacturing,Manufacturing,Machinery Manufacturing,Metalworking Machinery Manufacturing,Metalworking Machinery Manufacturing
333512,33,Manufacturing - metals/machinery,11,0.050171881756668715,1,1,0.027246187801249266,10,0.1401938970676545,0.06550130047611424,1,1,0.035772132642274634,10,0.17978754823546025,0.04491305533856878,10.0,0.020588245137545466,0.1290251515034388,,,,,
333513,33,Manufacturing - metals/machinery,11,0.03317759918929583,1,1,0.019080623587651814,10,0.09270724483196803,0.04850701790874136,1,1,0.027606568428677185,10,0.13314175075358028,0.04453721333115598,10.0,0.003969804577585383,0.024878499048368332,,,,,
333514,33,Manufacturing - metals/machinery,24,0.01357116249490363,1,1,0.007434309178593779,23,0.037921522798894124,0.026235459586270504,1,1,0.01596025401961915,23,0.07201092072311009,0.021758048263985124,10.0,0.0044774113222853795,0.028059636474192313,"Special Die and Tool, Die Set, Jig, and Fixture Manufacturing",Manufacturing,Machinery Manufacturing,Metalworking Machinery Manufacturing,Metalworking Machinery Manufacturing
333515,33,Manufacturing - metals/machinery,24,0.017531300955237333,1,1,0.01026966800370892,23,0.04898722781618479,0.03286071967468286,1,1,0.018795612844734293,23,0.09019589199940206,0.025752797072195428,10.0,0.007107922602487434,0.0445448742490539,Cutting Tool and Machine Tool Accessory Manufacturing,Manufacturing,Machinery Manufacturing,Metalworking Machinery Manufacturing,Metalworking Machinery Manufacturing
333516,33,Manufacturing - metals/machinery,11,0.02970829324103248,1,1,0.015569177972174164,10,0.08301305948396909,0.04503771196047801,1,1,0.024095122813199536,10,0.12361922210173437,0.029541634013893932,10.0,0.015496077946584079,0.09711288122954001,,,,,
333517,33,Manufacturing - metals/machinery,13,0.014885729844406476,12,4,0.008030229688406767,12,0.04159478186815766,0.00557300869031639,3,1,0.00216974349532855,13,0.015296758406991809,0.023754101737510705,10.0,0.0,0.0,Machine Tool Manufacturing,Manufacturing,Machinery Manufacturing,Metalworking Machinery Manufacturing,Metalworking Machinery Manufacturing
333518,33,Manufacturing - metals/machinery,11,0.05852509431510562,1,1,0.03147379474787867,10,0.16353504714213993,0.07385451303455115,1,1,0.03999973958890404,10,0.2027153923371003,0.03996691157320828,10.0,0.03388760146134287,0.21237132564855357,,,,,
333519,33,Manufacturing - metals/machinery,13,0.014452983251521709,3,1,0.006485186022040657,13,0.040385570071129515,0.009718817695900491,1,1,0.005301633986288998,12,0.02667614829923162,0.021418228417102794,10.0,0.0,0.0,Rolling Mill and Other Metalworking Machinery Manufacturing,Manufacturing,Machinery Manufacturing,Metalworking Machinery Manufacturing,Metalworking Machinery Manufacturing
333611,33,Manufacturing - metals/machinery,24,0.009179494637393423,6,2,0.0040222498482576875,24,0.025650007160769237,0.015063203243612551,1,1,0.0074952429769139335,23,0.0413453833749316,0.027136193464925896,10.0,0.0,0.0,Turbine and Turbine Generator Set Units Manufacturing,Manufacturing,Machinery Manufacturing,"Engine, Turbine, and Power Transmission Equipment Manufacturing","Engine, Turbine, and Power Transmission Equipment Manufacturing"
333612,33,Manufacturing - metals/machinery,24,0.008657354464054611,6,2,0.005253432348855863,24,0.024191005362292364,0.023001612114335955,1,1,0.013580759958394,23,0.06313467698259735,0.022800902630359398,10.0,0.00020070948397655705,0.0012578328752763086,"Speed Changer, Industrial High-Speed Drive, and Gear Manufacturing",Manufacturing,Machinery Manufacturing,"Engine, Turbine, and Power Transmission Equipment Manufacturing","Engine, Turbine, and Power Transmission Equipment Manufacturing"
333613,33,Manufacturing - metals/machinery,24,0.012184584277411769,1,1,0.006594543018780297,23,0.03404704575930276,0.025062079098928356,1,1,0.01512048785980567,23,0.0687902335087623,0.023391964426052025,10.0,0.0016701146728763314,0.01046649664681791,Mechanical Power Transmission Equipment Manufacturing,Manufacturing,Machinery Manufacturing,"Engine, Turbine, and Power Transmission Equipment Manufacturing","Engine, Turbine, and Power Transmission Equipment Manufacturing"
333618,33,Manufacturing - metals/machinery,24,0.016510047768147754,6,2,0.009454150340322478,24,0.04613356837233065,0.015208924734735028,1,1,0.008278664637228629,23,0.04174535878646834,0.02349093792623023,10.0,0.0,0.0,Other Engine Equipment Manufacturing,Manufacturing,Machinery Manufacturing,"Engine, Turbine, and Power Transmission Equipment Manufacturing","Engine, Turbine, and Power Transmission Equipment Manufacturing"
333911,33,Manufacturing - metals/machinery,17,0.010724686202736852,1,1,0.006961733974810674,16,0.029967693077199334,0.02605410492218238,1,1,0.015487678815836046,16,0.07151313960761363,0.02374419290909452,10.0,0.0023099120130878614,0.014476063669203358,,,,,
333912,33,Manufacturing - metals/machinery,24,0.007535683642171456,6,2,0.0045790364483079965,24,0.02105675170783427,0.019014342975420036,1,1,0.011543283030761301,23,0.05219044629664296,0.022238196767037963,10.0,0.0,0.0,Air and Gas Compressor Manufacturing,Manufacturing,Machinery Manufacturing,Other General Purpose Machinery Manufacturing,Pump and Compressor Manufacturing
333913,33,Manufacturing - metals/machinery,17,0.01198181281572504,6,2,0.007317606465582529,17,0.033480447090234726,0.019785773851234076,1,1,0.01026766857472743,16,0.054307864802651346,0.03560038041754934,10.0,0.0,0.0,,,,,
333914,33,Manufacturing - metals/machinery,7,0.0064903704576948495,6,2,0.0036167807694849857,7,0.018135862080877092,0.01331048365232431,1,1,0.008407402801930553,6,0.03653452991444372,0.025066919794670822,10.0,0.0,0.0,"Measuring, Dispensing, and Other Pumping Equipment Manufacturing",Manufacturing,Machinery Manufacturing,Other General Purpose Machinery Manufacturing,Pump and Compressor Manufacturing
333921,33,Manufacturing - metals/machinery,24,0.009158695034561015,6,2,0.005296985227529953,24,0.025591887407703625,0.01333634315780554,1,1,0.008903642480346113,23,0.03660550891875749,0.019559150496715576,10.0,0.0,0.0,Elevator and Moving Stairway Manufacturing,Manufacturing,Machinery Manufacturing,Other General Purpose Machinery Manufacturing,Material Handling Equipment Manufacturing
333922,33,Manufacturing - metals/machinery,24,0.010339572580297069,12,4,0.0061311149202114505,23,0.028891580767808064,0.016111160897715106,1,1,0.010140306352641144,23,0.04422181080333645,0.022172417513967733,10.0,0.0,0.0,Conveyor and Conveying Equipment Manufacturing,Manufacturing,Machinery Manufacturing,Other General Purpose Machinery Manufacturing,Material Handling Equipment Manufacturing
333923,33,Manufacturing - metals/machinery,24,0.006053011910659971,6,2,0.003236706975848607,24,0.01691376322833571,0.01709880528466822,1,1,0.00976595809239465,23,0.046932690764010916,0.028343352914515497,10.0,0.0,0.0,"Overhead Traveling Crane, Hoist, and Monorail System Manufacturing",Manufacturing,Machinery Manufacturing,Other General Purpose Machinery Manufacturing,Material Handling Equipment Manufacturing
333924,33,Manufacturing - metals/machinery,24,0.01702587669011585,12,4,0.01000684898701841,23,0.047574934816221354,0.006273149909398649,12,4,0.003203375108598255,23,0.017218501521745505,0.023829166773594878,10.0,0.0,0.0,"Industrial Truck, Tractor, Trailer, and Stacker Machinery Manufacturing",Manufacturing,Machinery Manufacturing,Other General Purpose Machinery Manufacturing,Material Handling Equipment Manufacturing
333991,33,Manufacturing - metals/machinery,24,0.014314244177596294,6,2,0.009095735709065194,24,0.03999789532646885,0.01633031231104687,1,1,0.008248432404946418,23,0.044823336193044114,0.03265449341647235,10.0,0.0,0.0,Power-Driven Handtool Manufacturing,Manufacturing,Machinery Manufacturing,Other General Purpose Machinery Manufacturing,All Other General Purpose Machinery Manufacturing
333992,33,Manufacturing - metals/machinery,24,0.010218609557011307,6,2,0.0058080544880986336,24,0.028553577148215655,0.017898801643191666,1,1,0.010572126859557475,23,0.049128515623223824,0.022545351325054037,10.0,0.0,0.0,Welding and Soldering Equipment Manufacturing,Manufacturing,Machinery Manufacturing,Other General Purpose Machinery Manufacturing,All Other General Purpose Machinery Manufacturing
333993,33,Manufacturing - metals/machinery,24,0.007186456517889775,3,1,0.004094438408802137,24,0.020080916044499367,0.015488112565239994,1,1,0.01003348382381376,23,0.04251167174787235,0.017606029615719727,10.0,0.0,0.0,Packaging Machinery Manufacturing,Manufacturing,Machinery Manufacturing,Other General Purpose Machinery Manufacturing,All Other General Purpose Machinery Manufacturing
333994,33,Manufacturing - metals/machinery,24,0.012260311755515226,1,1,0.007691387497906582,23,0.03425864895014816,0.026484934765508852,1,1,0.016217332338931953,23,0.07269567859043245,0.026208169537393307,10.0,0.00027676522811554555,0.0017344691230322788,Industrial Process Furnace and Oven Manufacturing,Manufacturing,Machinery Manufacturing,Other General Purpose Machinery Manufacturing,All Other General Purpose Machinery Manufacturing
333995,33,Manufacturing - metals/machinery,24,0.009859349382241214,1,1,0.0062250887670650245,23,0.0275497064102892,0.025188768101686743,1,1,0.014751033608090396,23,0.06913796866865629,0.027203432635231763,10.0,0.0,0.0,Fluid Power Cylinder and Actuator Manufacturing,Manufacturing,Machinery Manufacturing,Other General Purpose Machinery Manufacturing,All Other General Purpose Machinery Manufacturing
333996,33,Manufacturing - metals/machinery,24,0.010172453436576984,1,1,0.006681779093792658,23,0.028424604381585238,0.02550187215602251,1,1,0.01520772393481803,23,0.0699973746630783,0.020333471179437696,10.0,0.005168400976584813,0.03239002229569717,Fluid Power Pump and Motor Manufacturing,Manufacturing,Machinery Manufacturing,Other General Purpose Machinery Manufacturing,All Other General Purpose Machinery Manufacturing
333997,33,Manufacturing - metals/machinery,22,0.010819849793774663,1,1,0.006476074151687135,21,0.030233606059121124,0.02585018214967754,1,1,0.015002018992712507,21,0.07095341369329546,0.020027964980272855,10.0,0.005822217169404686,0.03648744452718916,,,,,
333998,33,Manufacturing - metals/machinery,2,,,,,,,,,,,,,,,,,All Other Miscellaneous General Purpose Machinery Manufacturing,Manufacturing,Machinery Manufacturing,Other General Purpose Machinery Manufacturing,All Other General Purpose Machinery Manufacturing
333999,33,Manufacturing - metals/machinery,22,0.006703561172616702,3,1,0.0035014026506107188,22,0.018731574980155808,0.018034467994900983,1,1,0.010943973234223624,21,0.04950089175277506,0.020785139412937366,10.0,0.0,0.0,,,,,
334111,33,Manufacturing - metals/machinery,24,0.008544254473749601,6,2,0.0036545908607256198,24,0.023874973197581584,0.017570540783284704,1,1,0.010121007740377653,23,0.0482275073263602,0.021109232568109204,10.0,0.0,0.0,Electronic Computer Manufacturing,Manufacturing,Computer and Electronic Product Manufacturing,Computer and Peripheral Equipment Manufacturing,Computer and Peripheral Equipment Manufacturing
334112,33,Manufacturing - metals/machinery,24,0.04186500756952008,1,1,0.02244579543516023,23,0.11698222901830373,0.0571944262889656,1,1,0.0309717402761856,23,0.1569868933972789,0.022031952983691844,10.0,0.03516247330527376,0.2203608619937703,Computer Storage Device Manufacturing,Manufacturing,Computer and Electronic Product Manufacturing,Computer and Peripheral Equipment Manufacturing,Computer and Peripheral Equipment Manufacturing
334113,33,Manufacturing - metals/machinery,11,0.030178397582520743,3,1,0.01840101019638295,11,0.08432665900135021,0.04419032680227075,1,1,0.0256094655377128,10,0.12129332476995915,0.03548733111539268,10.0,0.008702995686878073,0.05454109029357957,,,,,
334118,33,Manufacturing - metals/machinery,13,0.01558231696100882,6,2,0.008720882651482452,13,0.04354123591979631,0.029078079475983697,1,1,0.015413171288037174,12,0.07981332551235937,0.01875735583990613,10.0,0.010320723636077566,0.06467928285648862,Computer Terminal and Other Computer Peripheral Equipment Manufacturing,Manufacturing,Computer and Electronic Product Manufacturing,Computer and Peripheral Equipment Manufacturing,Computer and Peripheral Equipment Manufacturing
334119,33,Manufacturing - metals/machinery,11,0.03872397949738504,1,1,0.020282960052022812,10,0.10820534143080593,0.05405339821683057,1,1,0.028808904893048184,10,0.14836541974831152,0.027236573119844315,10.0,0.026816825096986255,0.16805924438261174,,,,,
334210,33,Manufacturing - metals/machinery,24,0.06244869158137542,1,1,0.032266336285771115,23,0.17449864611477056,0.07777811030082095,1,1,0.04079228112679649,23,0.2134848568765599,0.03608725249588374,10.0,0.04169085780493721,0.26127380981979376,Telephone Apparatus Manufacturing,Manufacturing,Computer and Electronic Product Manufacturing,Communications Equipment Manufacturing,Telephone Apparatus Manufacturing
334220,33,Manufacturing - metals/machinery,24,0.0252422523911938,1,1,0.013925243263218012,23,0.07053372545701676,0.04057167111063932,1,1,0.02245118810424338,23,0.11136086190315007,0.02363444237734608,10.0,0.01693722873329324,0.10614447655746595,Radio and Television Broadcasting and Wireless Communications Equipment Manufacturing,Manufacturing,Computer and Electronic Product Manufacturing,Communications Equipment Manufacturing,Radio and Television Broadcasting and Wireless Communications Equipment Manufacturing
334290,33,Manufacturing - metals/machinery,24,0.009621067508738005,1,1,0.005059429192883177,23,0.02688388198279388,0.024950486228183532,1,1,0.013585374033908549,23,0.0684839341149192,0.017925447326098912,10.0,0.00702503890208462,0.04402544765731701,Other Communications Equipment Manufacturing,Manufacturing,Computer and Electronic Product Manufacturing,Communications Equipment Manufacturing,Other Communications Equipment Manufacturing
334310,33,Manufacturing - metals/machinery,24,0.030843558469969348,1,1,0.0179286430454765,23,0.08618529961285179,0.04617297718941488,1,1,0.02645458788650187,23,0.12673529079997276,0.02105262097696565,10.0,0.02512035621244923,0.15742758765879075,Audio and Video Equipment Manufacturing,Manufacturing,Computer and Electronic Product Manufacturing,Audio and Video Equipment Manufacturing,Audio and Video Equipment Manufacturing
334411,33,Manufacturing - metals/machinery,11,0.1007851820014475,1,1,0.05169163161572471,10,0.2816212375685451,0.11611460072089302,1,1,0.06021757645675008,10,0.31871060919716254,0.049041637652706915,10.0,0.06707296306818611,0.4203417612254548,,,,,
334412,33,Manufacturing - metals/machinery,24,0.03882459269202966,1,1,0.0198709298520201,23,0.10848648208887544,0.05415401141147519,1,1,0.02839687469304547,23,0.14864158219781723,0.029495935334918278,10.0,0.02465807607655691,0.15453050905048507,Bare Printed Circuit Board Manufacturing,Manufacturing,Computer and Electronic Product Manufacturing,Semiconductor and Other Electronic Component Manufacturing,Semiconductor and Other Electronic Component Manufacturing
334413,33,Manufacturing - metals/machinery,24,0.008370723006261589,1,1,0.004622957870086057,23,0.023390079032977525,0.023700141725707113,1,1,0.013148902711111427,23,0.06505199656687165,0.01984711484288732,10.0,0.003853026882819792,0.024146661067098358,Semiconductor and Related Device Manufacturing,Manufacturing,Computer and Electronic Product Manufacturing,Semiconductor and Other Electronic Component Manufacturing,Semiconductor and Other Electronic Component Manufacturing
334414,33,Manufacturing - metals/machinery,11,0.10985441763134013,1,1,0.0573403273324065,10,0.30696315104402433,0.12518383635078564,1,1,0.06586627217343187,10,0.34360378881979714,0.05882458168718495,10.0,0.0663592546636007,0.415868998519566,,,,,
334415,33,Manufacturing - metals/machinery,11,0.07109565837607046,1,1,0.03860958925698375,10,0.19866062550079935,0.08642507709551597,1,1,0.04713553409800912,10,0.23721899571642252,0.05464550717371595,10.0,0.031779569921800026,0.19916043336771833,,,,,
334416,33,Manufacturing - metals/machinery,24,0.031167965766372145,1,1,0.016350188108414845,23,0.08709178191982335,0.04649738448581767,1,1,0.024876132949440216,23,0.12762572186051668,0.02883912464622094,10.0,0.017658259839596728,0.11066313014391682,"Capacitor, Resistor, Coil, Transformer, and Other Inductor Manufacturing",Manufacturing,Computer and Electronic Product Manufacturing,Semiconductor and Other Electronic Component Manufacturing,Semiconductor and Other Electronic Component Manufacturing
334417,33,Manufacturing - metals/machinery,24,0.020484316860686608,1,1,0.010925333348156456,23,0.05723875822310789,0.03581373558013213,1,1,0.019451278189181825,23,0.09830131106256472,0.03010211395357044,10.0,0.005711621626561688,0.03579434967740518,Electronic Connector Manufacturing,Manufacturing,Computer and Electronic Product Manufacturing,Semiconductor and Other Electronic Component Manufacturing,Semiconductor and Other Electronic Component Manufacturing
334418,33,Manufacturing - metals/machinery,24,0.01879593541058102,1,1,0.010478021089130072,23,0.05252096078479318,0.03412535413002654,1,1,0.019003965930155443,23,0.09366705251816516,0.024136134942101217,10.0,0.009989219187925325,0.06260176671263304,Printed Circuit Assembly (Electronic Assembly) Manufacturing,Manufacturing,Computer and Electronic Product Manufacturing,Semiconductor and Other Electronic Component Manufacturing,Semiconductor and Other Electronic Component Manufacturing
334419,33,Manufacturing - metals/machinery,24,0.019652535701427373,1,1,0.01100558951546424,23,0.054914535209317814,0.0349819544208729,1,1,0.019531534356489612,23,0.09601824348673546,0.02228031063447322,10.0,0.01270164378639968,0.07960034975949934,Other Electronic Component Manufacturing,Manufacturing,Computer and Electronic Product Manufacturing,Semiconductor and Other Electronic Component Manufacturing,Semiconductor and Other Electronic Component Manufacturing
334510,33,Manufacturing - metals/machinery,24,0.014156303054363426,12,4,0.007792105624898617,23,0.03955656482822986,0.010221629285955158,7,3,0.004971204719802932,24,0.028056262317475687,0.01636485519170456,10.0,0.0,0.0,Electromedical and Electrotherapeutic Apparatus Manufacturing,Manufacturing,Computer and Electronic Product Manufacturing,"Navigational, Measuring, Electromedical, and Control Instruments Manufacturing","Navigational, Measuring, Electromedical, and Control Instruments Manufacturing"
334511,33,Manufacturing - metals/machinery,24,0.010461383076343192,6,2,0.005840041190743879,24,0.029231952457019823,0.015312129717176139,1,1,0.008716025451307337,23,0.0420286351584472,0.015231666900983922,10.0,8.046281619221614e-05,0.0005042550727483589,"Search, Detection, Navigation, Guidance, Aeronautical, and Nautical System and Instrument Manufacturing",Manufacturing,Computer and Electronic Product Manufacturing,"Navigational, Measuring, Electromedical, and Control Instruments Manufacturing","Navigational, Measuring, Electromedical, and Control Instruments Manufacturing"
334512,33,Manufacturing - metals/machinery,24,0.03082747973494422,1,1,0.016232918175158324,23,0.0861403712497096,0.04615689845438975,1,1,0.024758863016183696,23,0.12669115799149594,0.020437676339519723,10.0,0.025719222114870027,0.1611806401056541,"Automatic Environmental Control Manufacturing for Residential, Commercial, and Appliance Use",Manufacturing,Computer and Electronic Product Manufacturing,"Navigational, Measuring, Electromedical, and Control Instruments Manufacturing","Navigational, Measuring, Electromedical, and Control Instruments Manufacturing"
334513,33,Manufacturing - metals/machinery,24,0.006956292304930731,6,2,0.003598178003988997,24,0.019437774570620944,0.019985424276285246,1,1,0.011891596382852886,23,0.05485586400515889,0.02094192704077629,10.0,0.0,0.0,"Instruments and Related Products Manufacturing for Measuring, Displaying, and Controlling Industrial Process Variables",Manufacturing,Computer and Electronic Product Manufacturing,"Navigational, Measuring, Electromedical, and Control Instruments Manufacturing","Navigational, Measuring, Electromedical, and Control Instruments Manufacturing"
334514,33,Manufacturing - metals/machinery,24,0.01618273533915335,1,1,0.008420264211209208,23,0.04521896833396741,0.031512154058598876,1,1,0.01694620905223458,23,0.08649435777049318,0.015158152403482342,10.0,0.016354001655116534,0.1024894315733052,Totalizing Fluid Meter and Counting Device Manufacturing,Manufacturing,Computer and Electronic Product Manufacturing,"Navigational, Measuring, Electromedical, and Control Instruments Manufacturing","Navigational, Measuring, Electromedical, and Control Instruments Manufacturing"
334515,33,Manufacturing - metals/machinery,24,0.02067516945028146,1,1,0.011309540709596173,23,0.05777205231860391,0.036004588169726987,1,1,0.019835485550621545,23,0.09882516202290038,0.02107466207763311,10.0,0.014929926092093877,0.09356484552705371,Instrument Manufacturing for Measuring and Testing Electricity and Electrical Signals,Manufacturing,Computer and Electronic Product Manufacturing,"Navigational, Measuring, Electromedical, and Control Instruments Manufacturing","Navigational, Measuring, Electromedical, and Control Instruments Manufacturing"
334516,33,Manufacturing - metals/machinery,24,0.008059560517550992,12,4,0.004770971405022159,23,0.022520606324635064,0.00960978196335809,1,1,0.005237355728496538,23,0.026376867721878746,0.01600427807999804,10.0,0.0,0.0,Analytical Laboratory Instrument Manufacturing,Manufacturing,Computer and Electronic Product Manufacturing,"Navigational, Measuring, Electromedical, and Control Instruments Manufacturing","Navigational, Measuring, Electromedical, and Control Instruments Manufacturing"
334517,33,Manufacturing - metals/machinery,24,0.006247491528451101,8,3,0.0022810309579668064,24,0.017457192228081023,0.012605740072863334,1,1,0.007909101614532729,23,0.03460015427052539,0.01664160478577343,10.0,0.0,0.0,Irradiation Apparatus Manufacturing,Manufacturing,Computer and Electronic Product Manufacturing,"Navigational, Measuring, Electromedical, and Control Instruments Manufacturing","Navigational, Measuring, Electromedical, and Control Instruments Manufacturing"
334518,33,Manufacturing - metals/machinery,11,0.04814253533254057,1,1,0.023253610272836723,10,0.13452335066322313,0.06347195405198611,1,1,0.031779555113862094,10,0.17421741122348683,0.03253698671194212,10.0,0.030934967340043987,0.19386736563206478,,,,,
334519,33,Manufacturing - metals/machinery,24,0.008241943584655418,6,2,0.004547842151916115,24,0.023030234268440905,0.009057020542158387,1,1,0.006158477573671004,23,0.024859651728390445,0.01868252899847906,10.0,0.0,0.0,Other Measuring and Controlling Device Manufacturing,Manufacturing,Computer and Electronic Product Manufacturing,"Navigational, Measuring, Electromedical, and Control Instruments Manufacturing","Navigational, Measuring, Electromedical, and Control Instruments Manufacturing"
334610,33,Manufacturing - metals/machinery,2,,,,,,,,,,,,,,,,,Manufacturing and Reproducing Magnetic and Optical Media,Manufacturing,Computer and Electronic Product Manufacturing,Manufacturing and Reproducing Magnetic and Optical Media,Manufacturing and Reproducing Magnetic and Optical Media
334611,33,Manufacturing - metals/machinery,11,0.01509766950799223,1,1,0.008060514086917159,10,0.04218699898940098,0.030427088227437754,1,1,0.01658645892794253,10,0.08351607605638173,0.029850437858514968,10.0,0.0005766503689227861,0.0036138291883407517,,,,,
334612,33,Manufacturing - metals/machinery,11,0.06377624035598073,1,1,0.03505827647307175,10,0.1782081788200008,0.07910565907542624,1,1,0.043584221314097116,10,0.21712870421416067,0.046612600439299635,10.0,0.03249305863612661,0.20363181928948884,,,,,
334613,33,Manufacturing - metals/machinery,22,0.05801477491322987,1,1,0.030646813881517652,20,0.16210907579737,0.0733441936326754,1,1,0.03917275872254303,20,0.20131467092526076,0.027884201933499952,10.0,0.045459991699175445,0.2848947191538281,,,,,
334614,33,Manufacturing - metals/machinery,11,0.03995030435301562,1,1,0.019230135288411283,9,0.1116320269479169,0.05527972307246115,1,1,0.027756080129436655,9,0.15173142832419356,0.031880576812684296,10.0,0.023399146259776855,0.14664088032025283,,,,,
335110,33,Manufacturing - metals/machinery,22,0.050037479055532144,1,1,0.02541327001001898,21,0.13981833932915588,0.06536689777497767,1,1,0.033939214851044355,21,0.17941864056587317,0.031173776810357656,10.0,0.034193120964620016,0.21428599588558614,,,,,
335121,33,Manufacturing - metals/machinery,22,0.02986132558944936,1,1,0.016145119947747054,21,0.0834406735289441,0.04519074430889489,1,1,0.024671064788772425,21,0.12403926430734856,0.02413076376202459,10.0,0.021059980546870298,0.13198148567621762,,,,,
335122,33,Manufacturing - metals/machinery,22,0.014721196389891111,1,1,0.008408540439163472,21,0.041135030601534166,0.03005061510933664,1,1,0.016934485280188843,21,0.0824827350633332,0.023902608571789778,10.0,0.006148006537546862,0.03852914464790986,,,,,
335129,33,Manufacturing - metals/machinery,22,0.011754881969550386,1,1,0.007251664668954708,21,0.03284634052344532,0.027084300688995915,1,1,0.01577760950998008,21,0.07434081432203395,0.02151182594805114,10.0,0.005572474740944775,0.03492232547728463,,,,,
335131,33,Manufacturing - metals/machinery,2,,,,,,,,,,,,,,,,,Residential Electric Lighting Fixture Manufacturing,Manufacturing,"Electrical Equipment, Appliance, and Component Manufacturing",Electric Lighting Equipment Manufacturing,Electric Lighting Equipment Manufacturing
335132,33,Manufacturing - metals/machinery,2,,,,,,,,,,,,,,,,,"Commercial, Industrial, and Institutional Electric Lighting Fixture Manufacturing",Manufacturing,"Electrical Equipment, Appliance, and Component Manufacturing",Electric Lighting Equipment Manufacturing,Electric Lighting Equipment Manufacturing
335139,33,Manufacturing - metals/machinery,2,,,,,,,,,,,,,,,,,Electric Lamp Bulb and Other Lighting Equipment Manufacturing,Manufacturing,"Electrical Equipment, Appliance, and Component Manufacturing",Electric Lighting Equipment Manufacturing,Electric Lighting Equipment Manufacturing
335210,33,Manufacturing - metals/machinery,13,0.012648396793157313,12,4,0.0054333076972510235,12,0.03534306420259102,0.011129432719590411,7,3,0.00531686158277511,13,0.03054799534302884,0.02946448131717455,10.0,0.0,0.0,Small Electrical Appliance Manufacturing,Manufacturing,"Electrical Equipment, Appliance, and Component Manufacturing",Household Appliance Manufacturing,Small Electrical Appliance Manufacturing
335211,33,Manufacturing - metals/machinery,11,0.051060609484661845,1,1,0.028195207092788853,10,0.14267724429835466,0.06639002820410737,1,1,0.03672115193381423,10,0.1822269223868639,0.028935255102033226,10.0,0.03745477310207415,0.23472655108468296,,,,,
335212,33,Manufacturing - metals/machinery,11,0.11024364522470587,1,1,0.05867815914325286,10,0.30805075890822314,0.12557306394415138,1,1,0.06720410398427823,10,0.34467213821451387,0.052991445406477336,10.0,0.07258161853767404,0.45486413560862987,,,,,
335220,33,Manufacturing - metals/machinery,7,0.012669499643674871,6,2,0.006709156032685039,7,0.035402031312249,0.01055955897195398,1,1,0.0052338221186807345,6,0.028983809546005324,0.0341784046203636,10.0,0.0,0.0,Major Household Appliance Manufacturing,Manufacturing,"Electrical Equipment, Appliance, and Component Manufacturing",Household Appliance Manufacturing,Major Household Appliance Manufacturing
335221,33,Manufacturing - metals/machinery,17,0.014158941945707163,2,1,0.003656226630788259,17,0.03956393860909004,0.014773871338872445,1,1,0.007691981551274225,16,0.040551227023814744,0.04244763067152144,10.0,0.0,0.0,,,,,
335222,33,Manufacturing - metals/machinery,17,0.04265894418921043,1,1,0.02073629545097929,16,0.11920070408525328,0.05798836290865596,1,1,0.029262240292004662,16,0.15916608552431963,0.04435520742393528,10.0,0.013633155484720674,0.08543807110000892,,,,,
335224,33,Manufacturing - metals/machinery,17,0.045474220640851507,1,1,0.026938584600028643,7,0.12706735295827268,0.060803639360297035,1,1,0.035464529441054014,7,0.16689343822062447,0.029947815966975155,10.0,0.03085582339332188,0.19337137582583414,,,,,
335228,33,Manufacturing - metals/machinery,17,0.00955739228663155,6,2,0.004655438315146462,8,0.026705956076465562,0.017879436212739692,1,1,0.011399558541678411,7,0.04907536151427977,0.023860227963246657,10.0,0.0,0.0,,,,,
335311,33,Manufacturing - metals/machinery,24,0.00730139955551896,6,2,0.00393926327371807,24,0.020402098185208842,0.016954430358633865,1,1,0.01054498195558774,23,0.0465364113956668,0.024387521936949846,10.0,0.0,0.0,"Power, Distribution, and Specialty Transformer Manufacturing",Manufacturing,"Electrical Equipment, Appliance, and Component Manufacturing",Electrical Equipment Manufacturing,Electrical Equipment Manufacturing
335312,33,Manufacturing - metals/machinery,24,0.018767159669807305,1,1,0.010719888039741221,23,0.052440553530792994,0.034096578389252834,1,1,0.019245832880766593,23,0.09358806904997814,0.021501390010142694,10.0,0.01259518837911014,0.07893320086156608,Motor and Generator Manufacturing,Manufacturing,"Electrical Equipment, Appliance, and Component Manufacturing",Electrical Equipment Manufacturing,Electrical Equipment Manufacturing
335313,33,Manufacturing - metals/machinery,24,0.008178407832842757,6,2,0.003489072965192732,24,0.02285269808008464,0.013940883381491949,1,1,0.009646819699428658,23,0.03826484703626449,0.023090437504459323,10.0,0.0,0.0,Switchgear and Switchboard Apparatus Manufacturing,Manufacturing,"Electrical Equipment, Appliance, and Component Manufacturing",Electrical Equipment Manufacturing,Electrical Equipment Manufacturing
335314,33,Manufacturing - metals/machinery,24,0.007060350234143633,6,2,0.0035178887771019907,24,0.019728540754913163,0.019389148006535163,1,1,0.011337821143367413,23,0.053219208735261675,0.01931128438086576,10.0,7.786362566940264e-05,0.00048796612005948996,Relay and Industrial Control Manufacturing,Manufacturing,"Electrical Equipment, Appliance, and Component Manufacturing",Electrical Equipment Manufacturing,Electrical Equipment Manufacturing
335910,33,Manufacturing - metals/machinery,2,,,,,,,,,,,,,,,,,Battery Manufacturing,Manufacturing,"Electrical Equipment, Appliance, and Component Manufacturing",Other Electrical Equipment and Component Manufacturing,Battery Manufacturing
335911,33,Manufacturing - metals/machinery,22,0.011826526720810537,12,4,0.007497408743247341,21,0.03304653546395636,0.011409546558159542,9,3,0.005871841082552112,22,0.03131685000541119,0.03134922162011193,10.0,0.0,0.0,,,,,
335912,33,Manufacturing - metals/machinery,22,0.01408036746673525,6,2,0.007009336378515136,22,0.039344380122713976,0.017636756077874703,1,1,0.011030186442619667,21,0.048409254641046964,0.026930341339132836,10.0,0.0,0.0,,,,,
335921,33,Manufacturing - metals/machinery,24,0.009168048797721939,1,1,0.005168161966367244,23,0.025618024368564245,0.024497467517167464,1,1,0.013694106807392616,23,0.06724049127078716,0.04160482732725841,10.0,0.0,0.0,Fiber Optic Cable Manufacturing,Manufacturing,"Electrical Equipment, Appliance, and Component Manufacturing",Other Electrical Equipment and Component Manufacturing,Communication and Energy Wire and Cable Manufacturing
335929,33,Manufacturing - metals/machinery,24,0.01460698588795149,1,1,0.008182146759439011,23,0.04081589536497629,0.029936404607397014,1,1,0.01670809160046438,23,0.0821692508122235,0.026103083483913235,10.0,0.0038333211234837794,0.024023166394928235,Other Communication and Energy Wire Manufacturing,Manufacturing,"Electrical Equipment, Appliance, and Component Manufacturing",Other Electrical Equipment and Component Manufacturing,Communication and Energy Wire and Cable Manufacturing
335931,33,Manufacturing - metals/machinery,24,0.02255446374687706,1,1,0.012485515928143273,23,0.06302331222658483,0.037883882466322585,1,1,0.021011460769168645,23,0.10398343692037385,0.021443144938980984,10.0,0.0164407375273416,0.10303299946750195,Current-Carrying Wiring Device Manufacturing,Manufacturing,"Electrical Equipment, Appliance, and Component Manufacturing",Other Electrical Equipment and Component Manufacturing,Wiring Device Manufacturing
335932,33,Manufacturing - metals/machinery,24,0.012750952451733417,1,1,0.007395710378994061,23,0.03562963263372651,0.027307625738021705,1,1,0.015921655220019433,23,0.0749537954801493,0.018145033948103784,10.0,0.00916259178991792,0.057421348248006474,Noncurrent-Carrying Wiring Device Manufacturing,Manufacturing,"Electrical Equipment, Appliance, and Component Manufacturing",Other Electrical Equipment and Component Manufacturing,Wiring Device Manufacturing
335991,33,Manufacturing - metals/machinery,24,0.0053434405059523404,3,1,0.0028035680790273972,24,0.014931027540721,0.01608185352691349,1,1,0.009371975646833189,23,0.044141368120468316,0.022933630070917997,10.0,0.0,0.0,Carbon and Graphite Product Manufacturing,Manufacturing,"Electrical Equipment, Appliance, and Component Manufacturing",Other Electrical Equipment and Component Manufacturing,All Other Electrical Equipment and Component Manufacturing
335999,33,Manufacturing - metals/machinery,24,0.007337201466194987,6,2,0.0035455141610573524,24,0.02050213847081111,0.017302456891126534,1,1,0.01065642583149427,23,0.04749167238350875,0.02291644151889105,10.0,0.0,0.0,All Other Miscellaneous Electrical Equipment and Component Manufacturing,Manufacturing,"Electrical Equipment, Appliance, and Component Manufacturing",Other Electrical Equipment and Component Manufacturing,All Other Electrical Equipment and Component Manufacturing
336110,33,Manufacturing - metals/machinery,2,,,,,,,,,,,,,,,,,Automobile and Light Duty Motor Vehicle Manufacturing,Manufacturing,Transportation Equipment Manufacturing,Motor Vehicle Manufacturing,Automobile and Light Duty Motor Vehicle Manufacturing
336111,33,Manufacturing - metals/machinery,22,0.058953822909191385,6,2,0.02556317448592288,22,0.1647330315566119,0.05185019883926953,6,2,0.02013287739684053,22,0.14231809226799627,0.03454599652727084,10.0,0.01730420231199869,0.10844427536372178,,,,,
336112,33,Manufacturing - metals/machinery,22,0.19884125019021798,6,2,0.07682763707904841,22,0.5556165881353634,0.19328531577081673,6,2,0.07139733998996606,22,0.530528291495891,0.0600898348380247,10.0,0.13319548093279204,0.8347271461027373,,,,,
336120,33,Manufacturing - metals/machinery,24,0.02714266134711745,6,2,0.01429208407667687,24,0.07584398547168716,0.021586726927716224,6,2,0.00886178698759452,24,0.05925110922305653,0.03578413659773261,10.0,0.0,0.0,Heavy Duty Truck Manufacturing,Manufacturing,Transportation Equipment Manufacturing,Motor Vehicle Manufacturing,Heavy Duty Truck Manufacturing
336211,33,Manufacturing - metals/machinery,24,0.022331289766697966,6,2,0.012352480391186865,24,0.062399703366204616,0.017193026057741062,3,1,0.0073398540125488385,24,0.04719130733590315,0.031039835081322253,10.0,0.0,0.0,Motor Vehicle Body Manufacturing,Manufacturing,Transportation Equipment Manufacturing,Motor Vehicle Body and Trailer Manufacturing,Motor Vehicle Body and Trailer Manufacturing
336212,33,Manufacturing - metals/machinery,24,0.014874746907442591,3,1,0.00565671548215579,24,0.0415640925521443,0.009957128097255016,3,1,0.004289710191837774,24,0.027330261156031502,0.0294170381732596,10.0,0.0,0.0,Truck Trailer Manufacturing,Manufacturing,Transportation Equipment Manufacturing,Motor Vehicle Body and Trailer Manufacturing,Motor Vehicle Body and Trailer Manufacturing
336213,33,Manufacturing - metals/machinery,24,0.0417070851130102,6,2,0.01863926156631777,24,0.11654095067997085,0.03548994695674317,6,2,0.013208964477235421,24,0.0974125781317298,0.05964612857989458,10.0,0.0,0.0,Motor Home Manufacturing,Manufacturing,Transportation Equipment Manufacturing,Motor Vehicle Body and Trailer Manufacturing,Motor Vehicle Body and Trailer Manufacturing
336214,33,Manufacturing - metals/machinery,24,0.0348673255227828,6,2,0.015768525418095324,24,0.0974288002405987,0.02700536226510178,3,1,0.011319592371380633,24,0.07412414464386971,0.04500349984909183,10.0,0.0,0.0,Travel Trailer and Camper Manufacturing,Manufacturing,Transportation Equipment Manufacturing,Motor Vehicle Body and Trailer Manufacturing,Motor Vehicle Body and Trailer Manufacturing
336310,33,Manufacturing - metals/machinery,13,0.0290549580676758,3,1,0.014243473756414037,13,0.08118746313722512,0.025980983538789047,3,1,0.012876468466096021,13,0.07131243650480018,0.04786784695940881,10.0,0.0,0.0,Motor Vehicle Gasoline Engine and Engine Parts Manufacturing,Manufacturing,Transportation Equipment Manufacturing,Motor Vehicle Parts Manufacturing,Motor Vehicle Gasoline Engine and Engine Parts Manufacturing
336311,33,Manufacturing - metals/machinery,11,0.07214070514464253,1,1,0.0363195263365904,10,0.20158077068918676,0.08747012386408806,1,1,0.04484547117761577,10,0.24008743336494648,0.04539126943145729,10.0,0.04207885443263077,0.2637053586641239,,,,,
336312,33,Manufacturing - metals/machinery,11,0.07150943328488385,6,2,0.026318278665781816,11,0.19981682524743635,0.07120456533070754,1,1,0.026139048041924375,10,0.19544183292433773,0.04826681851717078,10.0,0.02293774681353676,0.1437493209349332,,,,,
336320,33,Manufacturing - metals/machinery,13,0.024946008930391523,12,4,0.012976454023548337,12,0.06970594057439852,0.015330211463009244,3,1,0.007570830422027079,13,0.042078265818106184,0.03281736290356935,10.0,0.0,0.0,Motor Vehicle Electrical and Electronic Equipment Manufacturing,Manufacturing,Transportation Equipment Manufacturing,Motor Vehicle Parts Manufacturing,Motor Vehicle Electrical and Electronic Equipment Manufacturing
336321,33,Manufacturing - metals/machinery,11,0.03699542301022281,1,1,0.018513452289929212,10,0.10337528400118524,0.05232484172966834,1,1,0.027039397130954584,10,0.14362088902060904,0.027563629472334362,10.0,0.024761212257333975,0.15517685657847227,,,,,
336322,33,Manufacturing - metals/machinery,11,0.08167410305956553,1,1,0.0408347094992489,10,0.2282196799585617,0.09700352177901106,1,1,0.04936065434027427,10,0.26625464264199095,0.04135924638179405,10.0,0.05564427539721701,0.3487189420691413,,,,,
336330,33,Manufacturing - metals/machinery,24,0.035387386098393855,6,2,0.017858453079908965,24,0.09888199107684774,0.029831451678992628,6,2,0.012428155990826615,24,0.0818811766894076,0.035131015844259095,10.0,0.0,0.0,Motor Vehicle Steering and Suspension Components (except Spring) Manufacturing,Manufacturing,Transportation Equipment Manufacturing,Motor Vehicle Parts Manufacturing,Motor Vehicle Steering and Suspension Components (except Spring) Manufacturing
336340,33,Manufacturing - metals/machinery,24,0.024579626630676057,6,2,0.012960344452052514,24,0.06868216868035563,0.0381286584771926,1,1,0.0197059024201489,23,0.10465529654058435,0.03579034018412653,10.0,0.0023383182930660704,0.014654083920728034,Motor Vehicle Brake System Manufacturing,Manufacturing,Transportation Equipment Manufacturing,Motor Vehicle Parts Manufacturing,Motor Vehicle Brake System Manufacturing
336350,33,Manufacturing - metals/machinery,24,0.05718024913018536,6,2,0.02539484319665619,24,0.1597771835574921,0.05162431471078413,6,2,0.019964546107573842,24,0.14169808696504047,0.04408739825681263,10.0,0.007536916453971504,0.04723334994535478,Motor Vehicle Transmission and Power Train Parts Manufacturing,Manufacturing,Transportation Equipment Manufacturing,Motor Vehicle Parts Manufacturing,Motor Vehicle Transmission and Power Train Parts Manufacturing
336360,33,Manufacturing - metals/machinery,24,0.07494951402279341,6,2,0.03296840540860086,24,0.209429347401059,0.0693935796033922,6,2,0.02753810831951851,24,0.19047105094845668,0.0470080767163591,10.0,0.022385502887033094,0.14028844528438786,Motor Vehicle Seating and Interior Trim Manufacturing,Manufacturing,Transportation Equipment Manufacturing,Motor Vehicle Parts Manufacturing,Motor Vehicle Seating and Interior Trim Manufacturing
336370,33,Manufacturing - metals/machinery,24,0.061171791451918006,6,2,0.02790037854572171,24,0.17093063951332327,0.055615857032516786,6,2,0.02247008145663936,24,0.15265404665570464,0.03976291228816559,10.0,0.015852944744351193,0.0993493415174778,Motor Vehicle Metal Stamping,Manufacturing,Transportation Equipment Manufacturing,Motor Vehicle Parts Manufacturing,Motor Vehicle Metal Stamping
336390,33,Manufacturing - metals/machinery,13,0.04318617198340512,6,2,0.021146429663549463,13,0.12067392208152092,0.03816588411629207,3,1,0.019676755316305968,13,0.10475747323534529,0.05750336464362301,10.0,0.0,0.0,Other Motor Vehicle Parts Manufacturing,Manufacturing,Transportation Equipment Manufacturing,Motor Vehicle Parts Manufacturing,Other Motor Vehicle Parts Manufacturing
336391,33,Manufacturing - metals/machinery,11,0.08291621753550349,1,1,0.03974241878163946,10,0.23169048597358116,0.09824563625494902,1,1,0.04826836362266483,10,0.26966399046613215,0.05549993762658345,10.0,0.04274569862836557,0.2678844265161462,,,,,
336399,33,Manufacturing - metals/machinery,11,0.05046954581706274,6,2,0.01777767774514288,11,0.14102565149229443,0.05705407775959241,1,1,0.02448784701799143,10,0.15660166565659212,0.03085060854111584,10.0,0.02620346921847657,0.1642153842273857,,,,,
336411,33,Manufacturing - metals/machinery,24,0.010117370503329207,7,3,0.004712531405249164,24,0.028270687669603493,0.01443634104821816,2,1,0.005877171332913662,24,0.039624776053057836,0.021605421945666354,10.0,0.0,0.0,Aircraft Manufacturing,Manufacturing,Transportation Equipment Manufacturing,Aerospace Product and Parts Manufacturing,Aerospace Product and Parts Manufacturing
336412,33,Manufacturing - metals/machinery,24,0.00866671533021538,6,2,0.00421098476253431,24,0.024217162170868365,0.015724621583663327,1,1,0.009378223788874564,23,0.04316084018038938,0.022589627441242148,10.0,0.0,0.0,Aircraft Engine and Engine Parts Manufacturing,Manufacturing,Transportation Equipment Manufacturing,Aerospace Product and Parts Manufacturing,Aerospace Product and Parts Manufacturing
336413,33,Manufacturing - metals/machinery,24,0.005585657313943596,6,2,0.0032982648888372074,24,0.015607847246473185,0.013862786673195574,1,1,0.0085746931888311,23,0.03805048769365899,0.021123206811560085,10.0,0.0,0.0,Other Aircraft Parts and Auxiliary Equipment Manufacturing,Manufacturing,Transportation Equipment Manufacturing,Aerospace Product and Parts Manufacturing,Aerospace Product and Parts Manufacturing
336414,33,Manufacturing - metals/machinery,24,0.020865944869711724,2,1,0.00995045114116295,24,0.058305130779650265,0.01664862330502806,2,1,0.01144517952302362,24,0.04569703416191329,0.020089365837372912,10.0,0.0,0.0,Guided Missile and Space Vehicle Manufacturing,Manufacturing,Transportation Equipment Manufacturing,Aerospace Product and Parts Manufacturing,Aerospace Product and Parts Manufacturing
336415,33,Manufacturing - metals/machinery,24,0.011950608746998288,6,2,0.006597428608077789,24,0.03339325442681446,0.006115359540360873,1,1,0.0031727647021048723,23,0.01678539953173517,0.029385798358688226,10.0,0.0,0.0,Guided Missile and Space Vehicle Propulsion Unit and Propulsion Unit Parts Manufacturing,Manufacturing,Transportation Equipment Manufacturing,Aerospace Product and Parts Manufacturing,Aerospace Product and Parts Manufacturing
336419,33,Manufacturing - metals/machinery,24,0.01919662641808309,6,2,0.0057408632054906554,24,0.05364060054903649,0.01978447195658813,1,1,0.007731226703086686,23,0.05430429137060108,0.02606352362938787,10.0,0.0,0.0,Other Guided Missile and Space Vehicle Parts and Auxiliary Equipment Manufacturing,Manufacturing,Transportation Equipment Manufacturing,Aerospace Product and Parts Manufacturing,Aerospace Product and Parts Manufacturing
336510,33,Manufacturing - metals/machinery,24,0.013043196804707719,6,2,0.007983646716531493,24,0.036446242920304746,0.02202668899499544,1,1,0.011978971026994113,23,0.06045871427544139,0.03843379356358198,10.0,0.0,0.0,Railroad Rolling Stock Manufacturing,Manufacturing,Transportation Equipment Manufacturing,Railroad Rolling Stock Manufacturing,Railroad Rolling Stock Manufacturing
336611,33,Manufacturing - metals/machinery,24,0.009414910410820857,12,4,0.005738282330877316,23,0.026307822924348828,0.009505448508068535,1,1,0.004849316761081831,23,0.02609049392488393,0.018238115214582573,10.0,0.0,0.0,Ship Building and Repairing,Manufacturing,Transportation Equipment Manufacturing,Ship and Boat Building,Ship and Boat Building
336612,33,Manufacturing - metals/machinery,24,0.020989571460414115,3,1,0.008871828581673047,24,0.058650577131768654,0.01671291999891071,1,1,0.008145790640039204,23,0.04587351531371917,0.05181087240710751,10.0,0.0,0.0,Boat Building,Manufacturing,Transportation Equipment Manufacturing,Ship and Boat Building,Ship and Boat Building
336991,33,Manufacturing - metals/machinery,24,0.022603268735087674,6,2,0.01320999565150209,24,0.0631596866509441,0.033517683381279695,1,1,0.019021397383612366,23,0.09199912175560813,0.0402109420410276,10.0,0.0,0.0,"Motorcycle, Bicycle, and Parts Manufacturing",Manufacturing,Transportation Equipment Manufacturing,Other Transportation Equipment Manufacturing,Other Transportation Equipment Manufacturing
336992,33,Manufacturing - metals/machinery,24,0.02460057536448415,6,2,0.008167161623942367,24,0.06874070514596865,0.020975538690209676,9,3,0.004667762279986767,24,0.057573523679976736,0.03417253247201185,10.0,0.0,0.0,"Military Armored Vehicle, Tank, and Tank Component Manufacturing",Manufacturing,Transportation Equipment Manufacturing,Other Transportation Equipment Manufacturing,Other Transportation Equipment Manufacturing
336999,33,Manufacturing - metals/machinery,24,0.028552869105710373,6,2,0.011898607311238346,24,0.07978448988232562,0.01785144924336756,6,2,0.0064683102221559955,24,0.04899854306076233,0.028399863487363418,10.0,0.0,0.0,All Other Transportation Equipment Manufacturing,Manufacturing,Transportation Equipment Manufacturing,Other Transportation Equipment Manufacturing,Other Transportation Equipment Manufacturing
337110,33,Manufacturing - metals/machinery,24,0.011315689423176109,6,2,0.004860198993298023,24,0.03161911697743805,0.015376561037784054,1,1,0.008387689267829715,23,0.04220548583282265,0.027013342727375454,10.0,0.0,0.0,Wood Kitchen Cabinet and Countertop Manufacturing,Manufacturing,Furniture and Related Product Manufacturing,Household and Institutional Furniture and Kitchen Cabinet Manufacturing,Wood Kitchen Cabinet and Countertop Manufacturing
337121,33,Manufacturing - metals/machinery,24,0.031609907460949535,3,1,0.0140438089842667,24,0.08832668733437365,0.04276839547733779,1,1,0.022028125590259906,23,0.11739041681529769,0.03896971843780546,10.0,0.003798677039532329,0.023806054244248517,Upholstered Household Furniture Manufacturing,Manufacturing,Furniture and Related Product Manufacturing,Household and Institutional Furniture and Kitchen Cabinet Manufacturing,Household and Institutional Furniture Manufacturing
337122,33,Manufacturing - metals/machinery,24,0.045580305080047206,1,1,0.022960680734088655,23,0.12736378176318003,0.060909723799492735,1,1,0.03148662557511403,23,0.16718461810698235,0.02936660938504712,10.0,0.031543114414445614,0.19767858256127982,Nonupholstered Wood Household Furniture Manufacturing,Manufacturing,Furniture and Related Product Manufacturing,Household and Institutional Furniture and Kitchen Cabinet Manufacturing,Household and Institutional Furniture Manufacturing
337124,33,Manufacturing - metals/machinery,22,0.033804936704040965,1,1,0.013540234426856859,21,0.09446019664261379,0.04913435542348649,1,1,0.02206617926788223,21,0.13486366272895065,0.03728571680321356,10.0,0.011848638620272925,0.07425462359112316,,,,,
337125,33,Manufacturing - metals/machinery,22,0.013880304112732677,6,2,0.007470239410185522,22,0.03878534864380561,0.023448727842898677,1,1,0.014184747491568676,21,0.06436191735846006,0.031547524294425894,10.0,0.0,0.0,,,,,
337126,33,Manufacturing - metals/machinery,2,,,,,,,,,,,,,,,,,Household Furniture (except Wood and Upholstered) Manufacturing,Manufacturing,Furniture and Related Product Manufacturing,Household and Institutional Furniture and Kitchen Cabinet Manufacturing,Household and Institutional Furniture Manufacturing
337127,33,Manufacturing - metals/machinery,24,0.02046538735386673,6,2,0.011751906199412326,24,0.05718586402744031,0.02843625547321125,1,1,0.015754847379230604,23,0.07805165111783026,0.026416136055984474,10.0,0.0020201194172267747,0.01265995290620468,Institutional Furniture Manufacturing,Manufacturing,Furniture and Related Product Manufacturing,Household and Institutional Furniture and Kitchen Cabinet Manufacturing,Household and Institutional Furniture Manufacturing
337129,33,Manufacturing - metals/machinery,11,0.060672398947699824,1,1,0.029501947339035484,10,0.16953520089548796,0.07600181766714535,1,1,0.038027892180060856,10,0.20860930028095154,0.03784851967676349,10.0,0.03815329799038186,0.23910415971235885,,,,,
337211,33,Manufacturing - metals/machinery,24,0.027488423304685483,1,1,0.01704245370327516,23,0.0768101385158225,0.04281784202413101,1,1,0.02556839854430053,23,0.11752613737889024,0.0269692938469231,10.0,0.015848548177207912,0.09932178852605153,Wood Office Furniture Manufacturing,Manufacturing,Furniture and Related Product Manufacturing,Office Furniture (including Fixtures) Manufacturing,Office Furniture (including Fixtures) Manufacturing
337212,33,Manufacturing - metals/machinery,24,0.015816392741992126,3,1,0.006460630392426128,24,0.04419530737967021,0.015735299776928946,1,1,0.009514334418499424,23,0.043190149616581575,0.023136083818080022,10.0,0.0,0.0,Custom Architectural Woodwork and Millwork Manufacturing,Manufacturing,Furniture and Related Product Manufacturing,Office Furniture (including Fixtures) Manufacturing,Office Furniture (including Fixtures) Manufacturing
337214,33,Manufacturing - metals/machinery,24,0.034206593326963464,1,1,0.0193504164860971,23,0.09558253459923337,0.049536012046408985,1,1,0.02787636132712247,23,0.1359661272440499,0.026140629767442625,10.0,0.02339538227896636,0.14661729170494903,Office Furniture (except Wood) Manufacturing,Manufacturing,Furniture and Related Product Manufacturing,Office Furniture (including Fixtures) Manufacturing,Office Furniture (including Fixtures) Manufacturing
337215,33,Manufacturing - metals/machinery,24,0.027188762127678887,1,1,0.013541595993755538,23,0.07597280360364629,0.042518180847124415,1,1,0.022067540834780908,23,0.11670362930769532,0.023056529144396577,10.0,0.019461651702727838,0.12196486600367844,"Showcase, Partition, Shelving, and Locker Manufacturing",Manufacturing,Furniture and Related Product Manufacturing,Office Furniture (including Fixtures) Manufacturing,Office Furniture (including Fixtures) Manufacturing
337910,33,Manufacturing - metals/machinery,24,0.016045591780193814,3,1,0.008340793036853797,24,0.044835751892504966,0.029817642520633788,1,1,0.015309369898873618,23,0.08184327340036625,0.033161004838713634,10.0,0.0,0.0,Mattress Manufacturing,Manufacturing,Furniture and Related Product Manufacturing,Other Furniture Related Product Manufacturing,Mattress Manufacturing
337920,33,Manufacturing - metals/machinery,24,0.03293102858262115,1,1,0.016620735293778697,23,0.0920182594273601,0.048260447302066675,1,1,0.02514668013480407,23,0.13246496533834815,0.023440333121554826,10.0,0.02482011418051185,0.155545990980705,Blind and Shade Manufacturing,Manufacturing,Furniture and Related Product Manufacturing,Other Furniture Related Product Manufacturing,Blind and Shade Manufacturing
339111,33,Manufacturing - metals/machinery,7,0.009254906256362478,6,2,0.0036972715439165566,7,0.025860727755199556,0.020820546412950936,1,1,0.01210858108328056,6,0.057148101874283874,0.02223730646149438,10.0,0.0,0.0,,,,,
339112,33,Manufacturing - metals/machinery,24,0.016544927239710017,12,4,0.009081284745296033,23,0.04623103111191235,0.005651805752548417,12,4,0.0022778108668758783,23,0.015513040076575136,0.01575404333314297,10.0,0.0,0.0,Surgical and Medical Instrument Manufacturing,Manufacturing,Miscellaneous Manufacturing,Medical Equipment and Supplies Manufacturing,Medical Equipment and Supplies Manufacturing
339113,33,Manufacturing - metals/machinery,24,0.006703670740899571,12,4,0.004205451514210426,23,0.018731881143768423,0.009894032847624063,1,1,0.0060279165469336645,23,0.027157077720679865,0.01506705594901923,10.0,0.0,0.0,Surgical Appliance and Supplies Manufacturing,Manufacturing,Miscellaneous Manufacturing,Medical Equipment and Supplies Manufacturing,Medical Equipment and Supplies Manufacturing
339114,33,Manufacturing - metals/machinery,24,0.0115930768087784,12,4,0.006786093764667347,23,0.032394212852326666,0.007739303405969148,1,1,0.00371896179691432,23,0.021242790208675935,0.022752998190934813,10.0,0.0,0.0,Dental Equipment and Supplies Manufacturing,Manufacturing,Miscellaneous Manufacturing,Medical Equipment and Supplies Manufacturing,Medical Equipment and Supplies Manufacturing
339115,33,Manufacturing - metals/machinery,24,0.010446610048908353,3,1,0.00626875705750166,24,0.029190672596367557,0.02428397313100842,1,1,0.013495755879715146,23,0.06665449325287656,0.02093774255349365,10.0,0.0033462305775147708,0.02097060261060967,Ophthalmic Goods Manufacturing,Manufacturing,Miscellaneous Manufacturing,Medical Equipment and Supplies Manufacturing,Medical Equipment and Supplies Manufacturing
339116,33,Manufacturing - metals/machinery,24,0.025728239175315158,3,1,0.011514824988433231,24,0.07189170484315557,0.020810620365127583,3,1,0.010147819698115216,24,0.057120856922063735,0.03429932694905645,10.0,0.0,0.0,Dental Laboratories,Manufacturing,Miscellaneous Manufacturing,Medical Equipment and Supplies Manufacturing,Medical Equipment and Supplies Manufacturing
339910,33,Manufacturing - metals/machinery,13,0.03838392932856561,12,4,0.014302862742952857,12,0.10725514867948516,0.03258489944033787,3,1,0.012054446374594676,13,0.08943882239427721,0.053852353914745785,10.0,0.0,0.0,Jewelry and Silverware Manufacturing,Manufacturing,Miscellaneous Manufacturing,Other Miscellaneous Manufacturing,Jewelry and Silverware Manufacturing
339911,33,Manufacturing - metals/machinery,11,0.04537917617900333,1,1,0.01775404745253515,10,0.12680177285574,0.053779483689709834,1,1,0.02627999229356052,10,0.1476135809161181,0.025304330433727724,10.0,0.02847515325598211,0.17845187573741636,,,,,
339912,33,Manufacturing - metals/machinery,11,0.05952781049365301,1,1,0.023693013132159723,10,0.16633690913737315,0.0679281180043595,1,1,0.032218957973185094,10,0.18644866137743762,0.03845362739744559,10.0,0.029474490606913907,0.18471465589403502,,,,,
339913,33,Manufacturing - metals/machinery,11,0.11176296028838603,6,2,0.034703458788205806,11,0.3122961388340539,0.10657629693457582,8,3,0.029642432764714476,11,0.2925299343158703,0.04414304824942454,10.0,0.06243324868515128,0.391264982354581,,,,,
339914,33,Manufacturing - metals/machinery,11,0.05184509686648839,6,2,0.019742573010897414,11,0.14486931562213048,0.054983767230133256,1,1,0.023006880704861156,10,0.15091909063179162,0.03405304855820927,10.0,0.020930718671923983,0.13117141017502046,,,,,
339920,33,Manufacturing - metals/machinery,24,0.015746603572689838,6,2,0.008524697552722,24,0.044000297440336976,0.02552119372708328,1,1,0.013217494790441257,23,0.07005040838704749,0.02393012644609191,10.0,0.0015910672809913706,0.009971111943276116,Sporting and Athletic Goods Manufacturing,Manufacturing,Miscellaneous Manufacturing,Other Miscellaneous Manufacturing,Sporting and Athletic Goods Manufacturing
339930,33,Manufacturing - metals/machinery,13,0.052966873620965624,12,4,0.027517704201283345,12,0.14800386528109688,0.037637454901520095,12,4,0.020714230322863188,12,0.10330704412555246,0.025533426150992293,10.0,0.012104028750527802,0.07585513640940734,"Doll, Toy, and Game Manufacturing",Manufacturing,Miscellaneous Manufacturing,Other Miscellaneous Manufacturing,"Doll, Toy, and Game Manufacturing"
339931,33,Manufacturing - metals/machinery,11,0.0882590367040023,2,1,0.05501053185587401,11,0.24661977732829607,0.0840603331551008,2,1,0.05650526023773468,11,0.23072826175905717,0.0501369207596072,10.0,0.033923412395493596,0.21259575037117603,,,,,
339932,33,Manufacturing - metals/machinery,11,0.0355989549410929,1,1,0.01523132403930395,10,0.09947317202357654,0.05092837366053842,1,1,0.02375726888032932,10,0.13978787244669338,0.02900063785050176,10.0,0.021927735810036663,0.13741964971350937,,,,,
339940,33,Manufacturing - metals/machinery,13,0.018291862043122747,3,1,0.008666007927360097,13,0.05111244256068655,0.015683207105068403,1,1,0.009607966509175312,12,0.043047165985924396,0.02896577126629027,10.0,0.0,0.0,Office Supplies (except Paper) Manufacturing,Manufacturing,Miscellaneous Manufacturing,Other Miscellaneous Manufacturing,Office Supplies (except Paper) Manufacturing
339941,33,Manufacturing - metals/machinery,11,0.045331842418075766,1,1,0.022623550121254866,10,0.12666950944095545,0.060661261137521294,1,1,0.031149494962280238,10,0.1665026393905416,0.029911726887210575,10.0,0.03074953425031072,0.19270526889498277,,,,,
339942,33,Manufacturing - metals/machinery,11,0.056167589448194354,1,1,0.026235839248693126,10,0.15694753670648995,0.07149700816763987,1,1,0.0347617840897185,10,0.19624452814212595,0.04729245665299488,10.0,0.024204551514644998,0.15168830103711228,,,,,
339943,33,Manufacturing - metals/machinery,11,0.04525080100089125,1,1,0.02356797213209567,10,0.12644305765758232,0.060580219720336774,1,1,0.03209391697312104,10,0.1662801974299206,0.02898037352262251,10.0,0.03159984619771426,0.1980341168422443,,,,,
339944,33,Manufacturing - metals/machinery,11,0.07221072427043795,1,1,0.04051583637685256,10,0.20177642318956812,0.08754014298988348,1,1,0.04904178121787793,10,0.24027962141105924,0.04383164744838057,10.0,0.04370849554150291,0.27391821019973217,,,,,
339950,33,Manufacturing - metals/machinery,24,0.012065034653916704,6,2,0.0048801885254702165,24,0.03371299156352772,0.014643776291767807,1,1,0.008768193258765319,23,0.040194142975307205,0.019761210776630313,10.0,0.0,0.0,Sign Manufacturing,Manufacturing,Miscellaneous Manufacturing,Other Miscellaneous Manufacturing,Sign Manufacturing
339991,33,Manufacturing - metals/machinery,24,0.01752012818118412,1,1,0.009483125181013801,23,0.04895600804366014,0.03284954690062965,1,1,0.01800907002203917,23,0.09016522504104528,0.020897009464222054,10.0,0.011952537436407593,0.07490575050374947,"Gasket, Packing, and Sealing Device Manufacturing",Manufacturing,Miscellaneous Manufacturing,Other Miscellaneous Manufacturing,All Other Miscellaneous Manufacturing
339992,33,Manufacturing - metals/machinery,24,0.01556380271738222,3,1,0.008651407253292784,24,0.043489502082547364,0.020685119923404674,1,1,0.011163700941350451,23,0.05677638411685497,0.025496687428748534,10.0,0.0,0.0,Musical Instrument Manufacturing,Manufacturing,Miscellaneous Manufacturing,Other Miscellaneous Manufacturing,All Other Miscellaneous Manufacturing
339993,33,Manufacturing - metals/machinery,24,0.014261126275054228,3,1,0.007440258967308706,24,0.039849469445264143,0.02065063745927464,1,1,0.012120631041393475,23,0.05668173687110575,0.02198149848252775,10.0,0.0,0.0,"Fastener, Button, Needle, and Pin Manufacturing",Manufacturing,Miscellaneous Manufacturing,Other Miscellaneous Manufacturing,All Other Miscellaneous Manufacturing
339994,33,Manufacturing - metals/machinery,24,0.016900051863051054,1,1,0.007248692562888012,23,0.04722334599323022,0.03222947058249658,1,1,0.015774637403913383,23,0.08846324355143091,0.021734420463069937,10.0,0.010495050119426644,0.0657717752362378,"Broom, Brush, and Mop Manufacturing",Manufacturing,Miscellaneous Manufacturing,Other Miscellaneous Manufacturing,All Other Miscellaneous Manufacturing
339995,33,Manufacturing - metals/machinery,24,0.02073234600421342,1,1,0.011185308508703714,23,0.05793181917677153,0.03606176472365895,1,1,0.019711253349729084,23,0.09898209986036711,0.023954518397066492,10.0,0.012107246326592457,0.0758753007428142,Burial Casket Manufacturing,Manufacturing,Miscellaneous Manufacturing,Other Miscellaneous Manufacturing,All Other Miscellaneous Manufacturing
339999,33,Manufacturing - metals/machinery,24,0.044760914334331034,11,4,0.020544132755280376,24,0.1250741809381551,0.03791268887850534,11,4,0.022221852140480055,24,0.10406250457524714,0.03243870750324035,10.0,0.0054739813752649885,0.03430507416013652,All Other Miscellaneous Manufacturing,Manufacturing,Miscellaneous Manufacturing,Other Miscellaneous Manufacturing,All Other Miscellaneous Manufacturing
423110,42,Wholesale trade,24,0.011853424330562337,12,4,0.005965826698807143,23,0.03312169470855473,0.007467496539583729,1,1,0.002638347209270177,23,0.020496736470112104,0.020060880858917513,10.0,0.0,0.0,Automobile and Other Motor Vehicle Merchant Wholesalers,Wholesale Trade,"Merchant Wholesalers, Durable Goods",Motor Vehicle and Motor Vehicle Parts and Supplies Merchant Wholesalers,Automobile and Other Motor Vehicle Merchant Wholesalers
423120,42,Wholesale trade,24,0.007742287750484902,6,2,0.003876041657347761,24,0.021634059835026444,0.008712408492808087,1,1,0.004659698747888231,23,0.023913762791915344,0.01745955926853342,10.0,0.0,0.0,Motor Vehicle Supplies and New Parts Merchant Wholesalers,Wholesale Trade,"Merchant Wholesalers, Durable Goods",Motor Vehicle and Motor Vehicle Parts and Supplies Merchant Wholesalers,Motor Vehicle Supplies and New Parts Merchant Wholesalers
423130,42,Wholesale trade,24,0.02983964439544954,12,4,0.015470227934202854,23,0.083380090370141,0.014510225676004013,12,4,0.008666754055782698,23,0.03982757410417061,0.017004944978557444,10.0,0.0,0.0,Tire and Tube Merchant Wholesalers,Wholesale Trade,"Merchant Wholesalers, Durable Goods",Motor Vehicle and Motor Vehicle Parts and Supplies Merchant Wholesalers,Tire and Tube Merchant Wholesalers
423140,42,Wholesale trade,24,0.007371415678191712,3,1,0.004380492915550857,24,0.02059774229404786,0.015163765562278768,1,1,0.007914415480513788,23,0.041621406180379024,0.016042190875165285,10.0,0.0,0.0,Motor Vehicle Parts (Used) Merchant Wholesalers,Wholesale Trade,"Merchant Wholesalers, Durable Goods",Motor Vehicle and Motor Vehicle Parts and Supplies Merchant Wholesalers,Motor Vehicle Parts (Used) Merchant Wholesalers
423210,42,Wholesale trade,24,0.009431446187195117,3,1,0.004228727663949143,24,0.02635402838545132,0.00779708489320584,1,1,0.00514566654153765,23,0.021401388463186496,0.02262379570284784,10.0,0.0,0.0,Furniture Merchant Wholesalers,Wholesale Trade,"Merchant Wholesalers, Durable Goods",Furniture and Home Furnishing Merchant Wholesalers,Furniture Merchant Wholesalers
423220,42,Wholesale trade,24,0.009472548889438048,3,1,0.004278659037230297,24,0.026468880525847314,0.010499811642841963,1,1,0.00715575630557631,23,0.028819815461359883,0.01896187827790229,10.0,0.0,0.0,Home Furnishing Merchant Wholesalers,Wholesale Trade,"Merchant Wholesalers, Durable Goods",Furniture and Home Furnishing Merchant Wholesalers,Home Furnishing Merchant Wholesalers
423310,42,Wholesale trade,24,0.007991829464281536,12,4,0.003974734148859487,23,0.02233134732182559,0.007337589255163992,1,1,0.0045088495256033236,23,0.020140167791414372,0.018817771832236974,10.0,0.0,0.0,"Lumber, Plywood, Millwork, and Wood Panel Merchant Wholesalers",Wholesale Trade,"Merchant Wholesalers, Durable Goods",Lumber and Other Construction Materials Merchant Wholesalers,"Lumber, Plywood, Millwork, and Wood Panel Merchant Wholesalers"
423320,42,Wholesale trade,24,0.03356186869829891,12,4,0.014056642082691369,23,0.09378099845860484,0.018232449978853385,12,4,0.007253168204271214,23,0.050044311428886296,0.02963402347648485,10.0,0.0,0.0,"Brick, Stone, and Related Construction Material Merchant Wholesalers",Wholesale Trade,"Merchant Wholesalers, Durable Goods",Lumber and Other Construction Materials Merchant Wholesalers,"Brick, Stone, and Related Construction Material Merchant Wholesalers"
423330,42,Wholesale trade,24,0.030273629118926268,12,4,0.015107483121492783,23,0.08459276184112771,0.01494421039948074,12,4,0.008304009243072627,23,0.041018772581733316,0.024189463056732363,10.0,0.0,0.0,"Roofing, Siding, and Insulation Material Merchant Wholesalers",Wholesale Trade,"Merchant Wholesalers, Durable Goods",Lumber and Other Construction Materials Merchant Wholesalers,"Roofing, Siding, and Insulation Material Merchant Wholesalers"
423390,42,Wholesale trade,24,0.03471759911616891,12,4,0.016912251134974715,23,0.09701042389707343,0.019388180396723388,12,4,0.01010877725655456,23,0.053216552846074086,0.020604983438400337,10.0,0.0,0.0,Other Construction Material Merchant Wholesalers,Wholesale Trade,"Merchant Wholesalers, Durable Goods",Lumber and Other Construction Materials Merchant Wholesalers,Other Construction Material Merchant Wholesalers
423410,42,Wholesale trade,24,0.009773452100153679,1,1,0.005257188759049308,23,0.027309686018353818,0.025102870819599207,1,1,0.01378313360007468,23,0.06890219836128295,0.017069444239066835,10.0,0.008033426580532372,0.05034494560950788,Photographic Equipment and Supplies Merchant Wholesalers,Wholesale Trade,"Merchant Wholesalers, Durable Goods",Professional and Commercial Equipment and Supplies Merchant Wholesalers,Photographic Equipment and Supplies Merchant Wholesalers
423420,42,Wholesale trade,24,0.02349971773316365,1,1,0.012364667226811838,23,0.06566460921239378,0.03882913645260918,1,1,0.02089061206783721,23,0.10657796398195844,0.017398478755673914,10.0,0.021430657696935265,0.13430449451579943,Office Equipment Merchant Wholesalers,Wholesale Trade,"Merchant Wholesalers, Durable Goods",Professional and Commercial Equipment and Supplies Merchant Wholesalers,Office Equipment Merchant Wholesalers
423430,42,Wholesale trade,24,0.00783425368443007,12,4,0.004604018837862356,23,0.021891037692460022,0.00902770493235221,1,1,0.005721278551573234,23,0.024779186431155592,0.01775172557244701,10.0,0.0,0.0,Computer and Computer Peripheral Equipment and Software Merchant Wholesalers,Wholesale Trade,"Merchant Wholesalers, Durable Goods",Professional and Commercial Equipment and Supplies Merchant Wholesalers,Computer and Computer Peripheral Equipment and Software Merchant Wholesalers
423440,42,Wholesale trade,24,0.018492878055697645,12,4,0.009758381164136737,23,0.051674136027010036,0.00650546115250661,12,4,0.002954907285716582,23,0.017856147927577448,0.01964219503296368,10.0,0.0,0.0,Other Commercial Equipment Merchant Wholesalers,Wholesale Trade,"Merchant Wholesalers, Durable Goods",Professional and Commercial Equipment and Supplies Merchant Wholesalers,Other Commercial Equipment Merchant Wholesalers
423450,42,Wholesale trade,24,0.0334396860090504,12,4,0.017053326034933817,23,0.09343958676025493,0.018110267289604874,12,4,0.010249852156513662,23,0.049708945169329125,0.017474994358627614,10.0,0.0006352729309772598,0.003981212853148813,"Medical, Dental, and Hospital Equipment and Supplies Merchant Wholesalers",Wholesale Trade,"Merchant Wholesalers, Durable Goods",Professional and Commercial Equipment and Supplies Merchant Wholesalers,"Medical, Dental, and Hospital Equipment and Supplies Merchant Wholesalers"
423460,42,Wholesale trade,24,0.014111352363686977,3,1,0.008360548799893628,24,0.039430960360524674,0.011332034404061234,3,1,0.006993543509575612,24,0.031104095143408627,0.027066990003066164,10.0,0.0,0.0,Ophthalmic Goods Merchant Wholesalers,Wholesale Trade,"Merchant Wholesalers, Durable Goods",Professional and Commercial Equipment and Supplies Merchant Wholesalers,Ophthalmic Goods Merchant Wholesalers
423490,42,Wholesale trade,24,0.0231814748492676,12,4,0.011732248624986152,23,0.06477535195224515,0.011230658551541482,7,3,0.0058345322949932546,24,0.03082583935547275,0.020397569025208073,10.0,0.0,0.0,Other Professional Equipment and Supplies Merchant Wholesalers,Wholesale Trade,"Merchant Wholesalers, Durable Goods",Professional and Commercial Equipment and Supplies Merchant Wholesalers,Other Professional Equipment and Supplies Merchant Wholesalers
423510,42,Wholesale trade,24,0.0072532082139652836,12,4,0.004193866473135707,23,0.02026743845667613,0.008473157082113669,1,1,0.005466603100195795,23,0.023257067058731994,0.021166485069453844,10.0,0.0,0.0,Metal Service Centers and Other Metal Merchant Wholesalers,Wholesale Trade,"Merchant Wholesalers, Durable Goods",Metal and Mineral (except Petroleum) Merchant Wholesalers,Metal Service Centers and Other Metal Merchant Wholesalers
423520,42,Wholesale trade,24,0.01596475327532761,12,4,0.00936777593042022,23,0.04460986710139267,0.0047632125787200295,12,4,0.002564302052000065,23,0.013074035248577417,0.02112459347048993,10.0,0.0,0.0,Coal and Other Mineral and Ore Merchant Wholesalers,Wholesale Trade,"Merchant Wholesalers, Durable Goods",Metal and Mineral (except Petroleum) Merchant Wholesalers,Coal and Other Mineral and Ore Merchant Wholesalers
423610,42,Wholesale trade,24,0.014830591615688164,12,4,0.008302574703377794,23,0.041440710645576896,0.006239697296808375,4,2,0.0024561089091137845,24,0.01712668100587851,0.017301582333710545,10.0,0.0,0.0,"Electrical Apparatus and Equipment, Wiring Supplies, and Related Equipment Merchant Wholesalers",Wholesale Trade,"Merchant Wholesalers, Durable Goods",Household Appliances and Electrical and Electronic Goods Merchant Wholesalers,"Electrical Apparatus and Equipment, Wiring Supplies, and Related Equipment Merchant Wholesalers"
423620,42,Wholesale trade,24,0.013761631203373476,12,4,0.007662689456066417,23,0.038453744226014136,0.0067927305511445825,1,1,0.0024270030937183123,23,0.018644643125211424,0.017031673735432247,10.0,0.0,0.0,"Household Appliances, Electric Housewares, and Consumer Electronics Merchant Wholesalers",Wholesale Trade,"Merchant Wholesalers, Durable Goods",Household Appliances and Electrical and Electronic Goods Merchant Wholesalers,"Household Appliances, Electric Housewares, and Consumer Electronics Merchant Wholesalers"
423690,42,Wholesale trade,24,0.005902444051497624,8,3,0.0025141446053204056,24,0.016493035637302166,0.016903909856004262,1,1,0.010217465589051414,23,0.04639774304500234,0.020895462253230666,10.0,0.0,0.0,Other Electronic Parts and Equipment Merchant Wholesalers,Wholesale Trade,"Merchant Wholesalers, Durable Goods",Household Appliances and Electrical and Electronic Goods Merchant Wholesalers,Other Electronic Parts and Equipment Merchant Wholesalers
423710,42,Wholesale trade,24,0.00832634488206561,12,4,0.00470105972764732,23,0.023266074471901644,0.008598275988113045,1,1,0.005576961451140608,23,0.02360049262714088,0.016528555226619467,10.0,0.0,0.0,Hardware Merchant Wholesalers,Wholesale Trade,"Merchant Wholesalers, Durable Goods","Hardware, and Plumbing and Heating Equipment and Supplies Merchant Wholesalers",Hardware Merchant Wholesalers
423720,42,Wholesale trade,24,0.01727898719703046,12,4,0.009320982350677503,23,0.048282194482606344,0.006612025041103558,12,4,0.0025175084722573477,23,0.018148643803568006,0.017056938851460503,10.0,0.0,0.0,Plumbing and Heating Equipment and Supplies (Hydronics) Merchant Wholesalers,Wholesale Trade,"Merchant Wholesalers, Durable Goods","Hardware, and Plumbing and Heating Equipment and Supplies Merchant Wholesalers",Plumbing and Heating Equipment and Supplies (Hydronics) Merchant Wholesalers
423730,42,Wholesale trade,24,0.02190690429334921,12,4,0.011608072056444632,23,0.061213854813498995,0.007790204260695028,12,4,0.004804598178024477,23,0.021382502547327785,0.021114361636260598,10.0,0.0,0.0,Warm Air Heating and Air-Conditioning Equipment and Supplies Merchant Wholesalers,Wholesale Trade,"Merchant Wholesalers, Durable Goods","Hardware, and Plumbing and Heating Equipment and Supplies Merchant Wholesalers",Warm Air Heating and Air-Conditioning Equipment and Supplies Merchant Wholesalers
423740,42,Wholesale trade,24,0.01659175161626633,12,4,0.00841582942943356,23,0.04636187116808227,0.007273250242337898,4,2,0.003189882019591021,24,0.019963570482844733,0.018692923752237772,10.0,0.0,0.0,Refrigeration Equipment and Supplies Merchant Wholesalers,Wholesale Trade,"Merchant Wholesalers, Durable Goods","Hardware, and Plumbing and Heating Equipment and Supplies Merchant Wholesalers",Refrigeration Equipment and Supplies Merchant Wholesalers
423810,42,Wholesale trade,24,0.01962893141874257,12,4,0.010397625581732,23,0.05484857841716243,0.0071870682760660255,12,4,0.003594151703311845,23,0.01972701877615333,0.021853683155318132,10.0,0.0,0.0,Construction and Mining (except Oil Well) Machinery and Equipment Merchant Wholesalers,Wholesale Trade,"Merchant Wholesalers, Durable Goods","Machinery, Equipment, and Supplies Merchant Wholesalers",Construction and Mining (except Oil Well) Machinery and Equipment Merchant Wholesalers
423820,42,Wholesale trade,24,0.019665518138851635,12,4,0.01064959764818886,23,0.054950811673987236,0.009266297489594087,4,2,0.004753018721899058,24,0.02543407374762022,0.018892104113015024,10.0,0.0,0.0,Farm and Garden Machinery and Equipment Merchant Wholesalers,Wholesale Trade,"Merchant Wholesalers, Durable Goods","Machinery, Equipment, and Supplies Merchant Wholesalers",Farm and Garden Machinery and Equipment Merchant Wholesalers
423830,42,Wholesale trade,24,0.014215724081832842,12,4,0.008066856551854124,23,0.03972260335652553,0.006727173296542991,1,1,0.0023770773110466537,23,0.018464701994452257,0.01802921527642338,10.0,0.0,0.0,Industrial Machinery and Equipment Merchant Wholesalers,Wholesale Trade,"Merchant Wholesalers, Durable Goods","Machinery, Equipment, and Supplies Merchant Wholesalers",Industrial Machinery and Equipment Merchant Wholesalers
423840,42,Wholesale trade,24,0.015987547551341297,12,4,0.008442638456840752,23,0.04467356051438231,0.006451046760436738,4,2,0.0022762375453848046,24,0.01770679165422326,0.015428916292265124,10.0,0.0,0.0,Industrial Supplies Merchant Wholesalers,Wholesale Trade,"Merchant Wholesalers, Durable Goods","Machinery, Equipment, and Supplies Merchant Wholesalers",Industrial Supplies Merchant Wholesalers
423850,42,Wholesale trade,24,0.010070673940834437,12,4,0.005168463373766144,23,0.028140204760719274,0.00933948414204614,1,1,0.0036237342739570775,23,0.025634956000526232,0.018928258007520456,10.0,0.0,0.0,Service Establishment Equipment and Supplies Merchant Wholesalers,Wholesale Trade,"Merchant Wholesalers, Durable Goods","Machinery, Equipment, and Supplies Merchant Wholesalers",Service Establishment Equipment and Supplies Merchant Wholesalers
423860,42,Wholesale trade,24,0.021645532643150875,12,4,0.010867273287140333,23,0.06048351126365919,0.006628628889928632,12,4,0.004063799408720177,23,0.018194217941025336,0.01625542801609604,10.0,0.0,0.0,Transportation Equipment and Supplies (except Motor Vehicle) Merchant Wholesalers,Wholesale Trade,"Merchant Wholesalers, Durable Goods","Machinery, Equipment, and Supplies Merchant Wholesalers",Transportation Equipment and Supplies (except Motor Vehicle) Merchant Wholesalers
423910,42,Wholesale trade,24,0.027951246367949413,12,4,0.01318122529244602,23,0.07810339215949584,0.012621827648503886,12,4,0.006377751414025865,23,0.03464431134466657,0.021823372718497824,10.0,0.0,0.0,Sporting and Recreational Goods and Supplies Merchant Wholesalers,Wholesale Trade,"Merchant Wholesalers, Durable Goods",Miscellaneous Durable Goods Merchant Wholesalers,Sporting and Recreational Goods and Supplies Merchant Wholesalers
423920,42,Wholesale trade,24,0.0758167416381205,7,3,0.05083878047668635,24,0.21185261746350253,0.0793384093366712,7,3,0.050964417807005225,24,0.21776755563415123,0.02722220586956663,10.0,0.05211620346710458,0.3266087518971946,Toy and Hobby Goods and Supplies Merchant Wholesalers,Wholesale Trade,"Merchant Wholesalers, Durable Goods",Miscellaneous Durable Goods Merchant Wholesalers,Toy and Hobby Goods and Supplies Merchant Wholesalers
423930,42,Wholesale trade,24,0.013605334541575986,12,4,0.006505982415794741,23,0.038017008800734955,0.00668261492303019,9,3,0.004052571509926162,24,0.01834239845743855,0.0234865522421561,10.0,0.0,0.0,Recyclable Material Merchant Wholesalers,Wholesale Trade,"Merchant Wholesalers, Durable Goods",Miscellaneous Durable Goods Merchant Wholesalers,Recyclable Material Merchant Wholesalers
423940,42,Wholesale trade,24,0.023198599889850156,12,4,0.0132522326362577,23,0.0648232039779745,0.013134307513616175,12,4,0.006448758757837545,23,0.03605096278210141,0.029600934205765143,10.0,0.0,0.0,"Jewelry, Watch, Precious Stone, and Precious Metal Merchant Wholesalers",Wholesale Trade,"Merchant Wholesalers, Durable Goods",Miscellaneous Durable Goods Merchant Wholesalers,"Jewelry, Watch, Precious Stone, and Precious Metal Merchant Wholesalers"
423990,42,Wholesale trade,24,0.050607525554960814,12,4,0.025879079333046034,23,0.14141120444536326,0.035278106835515285,12,4,0.01907560545462588,23,0.09683112072956183,0.023322391687184273,10.0,0.011955715148331013,0.07492566501125675,Other Miscellaneous Durable Goods Merchant Wholesalers,Wholesale Trade,"Merchant Wholesalers, Durable Goods",Miscellaneous Durable Goods Merchant Wholesalers,Other Miscellaneous Durable Goods Merchant Wholesalers
424110,42,Wholesale trade,24,0.028039139662763432,1,1,0.013607730686679666,23,0.07834898995440924,0.04336855838220896,1,1,0.022133675527705038,23,0.11903774009627602,0.02253867026288838,10.0,0.02082988811932058,0.1305395118641681,Printing and Writing Paper Merchant Wholesalers,Wholesale Trade,"Merchant Wholesalers, Nondurable Goods",Paper and Paper Product Merchant Wholesalers,Printing and Writing Paper Merchant Wholesalers
424120,42,Wholesale trade,24,0.019252782485931486,1,1,0.009490820532024406,23,0.05379751589125636,0.034582201205377014,1,1,0.018016765373049776,23,0.09492100343209783,0.019138804686207555,10.0,0.015443396519169459,0.09678273025707111,Stationery and Office Supplies Merchant Wholesalers,Wholesale Trade,"Merchant Wholesalers, Nondurable Goods",Paper and Paper Product Merchant Wholesalers,Stationery and Office Supplies Merchant Wholesalers
424130,42,Wholesale trade,24,0.006647489401113764,8,3,0.002253447448540169,24,0.018574895184875075,0.012822724735199034,1,1,0.007395849599386358,23,0.035195732376035835,0.017632111752857855,10.0,0.0,0.0,Industrial and Personal Service Paper Merchant Wholesalers,Wholesale Trade,"Merchant Wholesalers, Nondurable Goods",Paper and Paper Product Merchant Wholesalers,Industrial and Personal Service Paper Merchant Wholesalers
424210,42,Wholesale trade,24,0.038577965454267005,12,4,0.02037279486607614,23,0.10779733844158974,0.023248546734821476,12,4,0.013569320987655986,23,0.06381246154059608,0.016440364705245764,10.0,0.006808182029575713,0.04266642018105104,Drugs and Druggists' Sundries Merchant Wholesalers,Wholesale Trade,"Merchant Wholesalers, Nondurable Goods",Drugs and Druggists' Sundries Merchant Wholesalers,Drugs and Druggists' Sundries Merchant Wholesalers
424310,42,Wholesale trade,24,0.010246390237938885,3,1,0.0042065321316438935,24,0.02863120393409782,0.015812957025693897,1,1,0.008935136335836516,23,0.04340330273349187,0.018450931019665537,10.0,0.0,0.0,"Piece Goods, Notions, and Other Dry Goods Merchant Wholesalers",Wholesale Trade,"Merchant Wholesalers, Nondurable Goods","Apparel, Piece Goods, and Notions Merchant Wholesalers","Piece Goods, Notions, and Other Dry Goods Merchant Wholesalers"
424320,42,Wholesale trade,22,0.0165312558386212,12,4,0.008340975778121503,21,0.046192829495191816,0.009240023860136372,3,1,0.004600357319506238,22,0.025361958058479482,0.02642380940310763,10.0,0.0,0.0,,,,,
424330,42,Wholesale trade,22,0.017894174341369504,3,1,0.008854343046114458,22,0.050001194850364104,0.012976555531181929,3,1,0.007487337755796443,22,0.03561796615539354,0.02777563790270384,10.0,0.0,0.0,,,,,
424340,42,Wholesale trade,24,0.031639367335896215,12,4,0.01839051246298033,23,0.08840900624551061,0.018732805681636308,12,4,0.011587038584560174,23,0.0514176845435434,0.028035273563227096,10.0,0.0,0.0,Footwear Merchant Wholesalers,Wholesale Trade,"Merchant Wholesalers, Nondurable Goods","Apparel, Piece Goods, and Notions Merchant Wholesalers",Footwear Merchant Wholesalers
424350,42,Wholesale trade,2,,,,,,,,,,,,,,,,,Clothing and Clothing Accessories Merchant Wholesalers,Wholesale Trade,"Merchant Wholesalers, Nondurable Goods","Apparel, Piece Goods, and Notions Merchant Wholesalers",Clothing and Clothing Accessories Merchant Wholesalers
424410,42,Wholesale trade,24,0.011152382871232151,12,4,0.005637808128811129,23,0.03116279401062683,0.007584408600895036,9,3,0.0038142662253915958,24,0.020817635944008483,0.018833075481814614,10.0,0.0,0.0,General Line Grocery Merchant Wholesalers,Wholesale Trade,"Merchant Wholesalers, Nondurable Goods",Grocery and Related Product Merchant Wholesalers,General Line Grocery Merchant Wholesalers
424420,42,Wholesale trade,24,0.021996247590701706,12,4,0.010750392378150318,23,0.06146350431027227,0.008847040998706444,12,4,0.003946918499730162,23,0.02428330122813446,0.017930567469011036,10.0,0.0,0.0,Packaged Frozen Food Merchant Wholesalers,Wholesale Trade,"Merchant Wholesalers, Nondurable Goods",Grocery and Related Product Merchant Wholesalers,Packaged Frozen Food Merchant Wholesalers
424430,42,Wholesale trade,24,0.012252379649088624,12,4,0.0065811656290354495,23,0.03423648448525338,0.007025556743211461,1,1,0.002854730820972198,23,0.019283702959633595,0.015874038027814515,10.0,0.0,0.0,Dairy Product (except Dried or Canned) Merchant Wholesalers,Wholesale Trade,"Merchant Wholesalers, Nondurable Goods",Grocery and Related Product Merchant Wholesalers,Dairy Product (except Dried or Canned) Merchant Wholesalers
424440,42,Wholesale trade,24,0.017889387227366653,12,4,0.009878517372319344,23,0.04998781835053454,0.010670634340943098,9,3,0.005619905000523252,24,0.029288688504357993,0.015399413030502527,10.0,0.0,0.0,Poultry and Poultry Product Merchant Wholesalers,Wholesale Trade,"Merchant Wholesalers, Nondurable Goods",Grocery and Related Product Merchant Wholesalers,Poultry and Poultry Product Merchant Wholesalers
424450,42,Wholesale trade,24,0.02885344373070963,12,4,0.0137921697101314,23,0.08062437721688216,0.013524025011264103,12,4,0.006988695831711245,23,0.03712065686294077,0.01779521123714812,10.0,0.0,0.0,Confectionery Merchant Wholesalers,Wholesale Trade,"Merchant Wholesalers, Nondurable Goods",Grocery and Related Product Merchant Wholesalers,Confectionery Merchant Wholesalers
424460,42,Wholesale trade,24,0.03894611842539547,12,4,0.019953553274958957,23,0.10882605807363095,0.023616699705949942,12,4,0.013150079396538802,23,0.06482296544775017,0.027910086577966915,10.0,0.0,0.0,Fish and Seafood Merchant Wholesalers,Wholesale Trade,"Merchant Wholesalers, Nondurable Goods",Grocery and Related Product Merchant Wholesalers,Fish and Seafood Merchant Wholesalers
424470,42,Wholesale trade,24,0.02180342335718029,12,4,0.011646175876588985,23,0.060924700904859685,0.009617155483465017,12,4,0.00484270199816883,23,0.026397106512440965,0.019206827821585653,10.0,0.0,0.0,Meat and Meat Product Merchant Wholesalers,Wholesale Trade,"Merchant Wholesalers, Nondurable Goods",Grocery and Related Product Merchant Wholesalers,Meat and Meat Product Merchant Wholesalers
424480,42,Wholesale trade,24,0.025813163648605086,12,4,0.012228185131447956,23,0.07212900694246045,0.015812455556172306,9,3,0.007545973994659385,24,0.043401926303174514,0.021335157514651364,10.0,0.0,0.0,Fresh Fruit and Vegetable Merchant Wholesalers,Wholesale Trade,"Merchant Wholesalers, Nondurable Goods",Grocery and Related Product Merchant Wholesalers,Fresh Fruit and Vegetable Merchant Wholesalers
424490,42,Wholesale trade,24,0.017363680450758798,12,4,0.008763435093122742,23,0.048518850491505935,0.005887282593603527,11,4,0.002212869494755469,24,0.016159375395290946,0.017272938661001686,10.0,0.0,0.0,Other Grocery and Related Products Merchant Wholesalers,Wholesale Trade,"Merchant Wholesalers, Nondurable Goods",Grocery and Related Product Merchant Wholesalers,Other Grocery and Related Products Merchant Wholesalers
424510,42,Wholesale trade,24,0.037510918922036826,10,4,0.025886343814996004,24,0.10481571992404247,0.03710108379071645,10,4,0.022732013197771548,24,0.10183481615061503,0.03162156118113054,10.0,0.00547952260958591,0.0343398007039967,Grain and Field Bean Merchant Wholesalers,Wholesale Trade,"Merchant Wholesalers, Nondurable Goods",Farm Product Raw Material Merchant Wholesalers,Grain and Field Bean Merchant Wholesalers
424520,42,Wholesale trade,24,0.027448749237236073,3,1,0.009448810138262417,24,0.07669927836998955,0.03338155179656773,1,1,0.01550725002791295,23,0.09162546865750366,0.028456247641858484,10.0,0.004925304154709247,0.030866550816561734,Livestock Merchant Wholesalers,Wholesale Trade,"Merchant Wholesalers, Nondurable Goods",Farm Product Raw Material Merchant Wholesalers,Livestock Merchant Wholesalers
424590,42,Wholesale trade,24,0.05350364347255294,12,4,0.02475520631722914,23,0.14950374638357217,0.041333145130613036,11,4,0.021110652816314614,24,0.11345095089529149,0.04836477568261243,10.0,0.0,0.0,Other Farm Product Raw Material Merchant Wholesalers,Wholesale Trade,"Merchant Wholesalers, Nondurable Goods",Farm Product Raw Material Merchant Wholesalers,Other Farm Product Raw Material Merchant Wholesalers
424610,42,Wholesale trade,24,0.014148788411360715,12,4,0.007938074738693852,23,0.039535566869797055,0.004933672299682624,1,1,0.0023152311683585095,23,0.01354191199426037,0.01715556148081545,10.0,0.0,0.0,Plastics Materials and Basic Forms and Shapes Merchant Wholesalers,Wholesale Trade,"Merchant Wholesalers, Nondurable Goods",Chemical and Allied Products Merchant Wholesalers,Plastics Materials and Basic Forms and Shapes Merchant Wholesalers
424690,42,Wholesale trade,24,0.01627684658606316,12,4,0.00881672250862514,23,0.045481940779891844,0.006192658793439636,4,2,0.002785730537640332,24,0.016997570024388686,0.014818311442197201,10.0,0.0,0.0,Other Chemical and Allied Products Merchant Wholesalers,Wholesale Trade,"Merchant Wholesalers, Nondurable Goods",Chemical and Allied Products Merchant Wholesalers,Other Chemical and Allied Products Merchant Wholesalers
424710,42,Wholesale trade,24,0.008536434929425801,12,4,0.005726673274622917,23,0.02385312326184739,0.00980495693492972,1,1,0.0057161831862224885,23,0.02691258272846224,0.015662740133079295,10.0,0.0,0.0,Petroleum Bulk Stations and Terminals,Wholesale Trade,"Merchant Wholesalers, Nondurable Goods",Petroleum and Petroleum Products Merchant Wholesalers,Petroleum Bulk Stations and Terminals
424720,42,Wholesale trade,24,0.008374725935336166,12,4,0.0051994049988311405,23,0.023401264306620883,0.008229342263925622,1,1,0.005350623904520347,23,0.02258784571401246,0.017878875505734852,10.0,0.0,0.0,Petroleum and Petroleum Products Merchant Wholesalers (except Bulk Stations and Terminals),Wholesale Trade,"Merchant Wholesalers, Nondurable Goods",Petroleum and Petroleum Products Merchant Wholesalers,Petroleum and Petroleum Products Merchant Wholesalers (except Bulk Stations and Terminals)
424810,42,Wholesale trade,24,0.022047083515581083,12,4,0.013302851300674583,23,0.061605553724612426,0.01175114540069487,12,4,0.006499377422254428,23,0.03225446831120183,0.017177422431538424,10.0,0.0,0.0,Beer and Ale Merchant Wholesalers,Wholesale Trade,"Merchant Wholesalers, Nondurable Goods","Beer, Wine, and Distilled Alcoholic Beverage Merchant Wholesalers",Beer and Ale Merchant Wholesalers
424820,42,Wholesale trade,24,0.035444372778726904,12,4,0.018216289766981086,23,0.09904122737648637,0.020114954059281376,12,4,0.011412815888560931,23,0.05521139652037723,0.01772931382647589,10.0,0.0023856402328054846,0.014950647343376422,Wine and Distilled Alcoholic Beverage Merchant Wholesalers,Wholesale Trade,"Merchant Wholesalers, Nondurable Goods","Beer, Wine, and Distilled Alcoholic Beverage Merchant Wholesalers",Wine and Distilled Alcoholic Beverage Merchant Wholesalers
424910,42,Wholesale trade,24,0.030173352352375414,4,2,0.015682961235008203,24,0.0843125612547457,0.031049123448036134,4,2,0.01923357475487776,24,0.08522343432888302,0.030216786461667318,10.0,0.000832336986368816,0.0052162000719676435,Farm Supplies Merchant Wholesalers,Wholesale Trade,"Merchant Wholesalers, Nondurable Goods",Miscellaneous Nondurable Goods Merchant Wholesalers,Farm Supplies Merchant Wholesalers
424920,42,Wholesale trade,24,0.016215296051689324,6,2,0.0072818279662370715,24,0.04530995182954082,0.02464358596113448,1,1,0.01462590828305568,23,0.06764155623593834,0.020895052366474893,10.0,0.0037485335946595873,0.023491808638156943,"Book, Periodical, and Newspaper Merchant Wholesalers",Wholesale Trade,"Merchant Wholesalers, Nondurable Goods",Miscellaneous Nondurable Goods Merchant Wholesalers,"Book, Periodical, and Newspaper Merchant Wholesalers"
424930,42,Wholesale trade,24,0.09184281317078807,5,2,0.04260208369032348,24,0.2566338244699755,0.0847193862888537,5,2,0.044004601649414464,24,0.23253722656148182,0.054350432268808015,10.0,0.030368954020045684,0.19032019811594825,"Flower, Nursery Stock, and Florists' Supplies Merchant Wholesalers",Wholesale Trade,"Merchant Wholesalers, Nondurable Goods",Miscellaneous Nondurable Goods Merchant Wholesalers,"Flower, Nursery Stock, and Florists' Supplies Merchant Wholesalers"
424940,42,Wholesale trade,24,0.007758777833274269,8,3,0.005004439626982812,24,0.02168013761581254,0.012092233878304569,1,1,0.006183565054788657,23,0.033190685770627316,0.01634421887534049,10.0,0.0,0.0,Tobacco Product and Electronic Cigarette Merchant Wholesalers,Wholesale Trade,"Merchant Wholesalers, Nondurable Goods",Miscellaneous Nondurable Goods Merchant Wholesalers,Tobacco Product and Electronic Cigarette Merchant Wholesalers
424950,42,Wholesale trade,24,0.006464462909565824,8,3,0.0030778680390909086,24,0.01806346933799989,0.012769733724876864,1,1,0.007483902795221353,23,0.035050282991747395,0.014976367926925546,10.0,0.0,0.0,"Paint, Varnish, and Supplies Merchant Wholesalers",Wholesale Trade,"Merchant Wholesalers, Nondurable Goods",Miscellaneous Nondurable Goods Merchant Wholesalers,"Paint, Varnish, and Supplies Merchant Wholesalers"
424990,42,Wholesale trade,24,0.051311676341605744,12,4,0.026023174005825767,23,0.1433787934503319,0.035982257622160216,12,4,0.019219700127405613,23,0.09876386927957159,0.0257380827072686,10.0,0.010244174914891616,0.06419955715464139,Other Miscellaneous Nondurable Goods Merchant Wholesalers,Wholesale Trade,"Merchant Wholesalers, Nondurable Goods",Miscellaneous Nondurable Goods Merchant Wholesalers,Other Miscellaneous Nondurable Goods Merchant Wholesalers
425110,42,Wholesale trade,22,0.010348169152185595,12,4,0.005664998628466837,21,0.0289156019301061,0.00711359172993328,1,1,0.0038427743173066143,21,0.019525340824937183,0.01739782876947534,10.0,0.0,0.0,,,,,
425120,42,Wholesale trade,24,0.054350694289320045,12,4,0.027472633515500177,23,0.15187063697764755,0.03902127556987452,12,4,0.02066915963708002,23,0.10710534619516897,0.022377067729464815,10.0,0.0166442078404097,0.1043081342735369,Wholesale Trade Agents and Brokers,Wholesale Trade,Wholesale Trade Agents and Brokers,Wholesale Trade Agents and Brokers,Wholesale Trade Agents and Brokers
441110,44,Retail trade - general,24,0.009038962349114088,3,1,0.0034769825303867193,24,0.025257321686995945,0.009497541949725616,1,1,0.004513427093149678,23,0.026068792054400113,0.02216631233975629,10.0,0.0,0.0,New Car Dealers,Retail Trade,Motor Vehicle and Parts Dealers,Automobile Dealers,New Car Dealers
441120,44,Retail trade - general,24,0.020657869156290642,12,4,0.007029934861932722,23,0.05772371058713862,0.00887312944623403,2,1,0.0037711399929014787,24,0.02435490863110449,0.020783251572190277,10.0,0.0,0.0,Used Car Dealers,Retail Trade,Motor Vehicle and Parts Dealers,Automobile Dealers,Used Car Dealers
441210,44,Retail trade - general,24,0.028876207615654393,8,3,0.007642777017245935,24,0.08068798570895117,0.018374913322043218,4,2,0.005667427564660129,24,0.05043534389693427,0.03904689113593819,10.0,0.0,0.0,Recreational Vehicle Dealers,Retail Trade,Motor Vehicle and Parts Dealers,Other Motor Vehicle Dealers,Recreational Vehicle Dealers
441221,44,Retail trade - general,11,0.04108499077958756,12,4,0.01709117396560138,10,0.11480264974541136,0.02946593036779891,4,2,0.013998058394838104,11,0.0808778961455153,0.05485943152853813,10.0,0.0,0.0,,,,,
441222,44,Retail trade - general,24,0.05255518746122091,6,2,0.02044293120842321,24,0.14685350206802572,0.03893683080404095,5,2,0.015350519392268615,24,0.10687356274506676,0.06721160961565925,10.0,0.0,0.0,Boat Dealers,Retail Trade,Motor Vehicle and Parts Dealers,Other Motor Vehicle Dealers,"Motorcycle, Boat, and Other Motor Vehicle Dealers"
441227,44,Retail trade - general,2,,,,,,,,,,,,,,,,,"Motorcycle, ATV, and All Other Motor Vehicle Dealers",Retail Trade,Motor Vehicle and Parts Dealers,Other Motor Vehicle Dealers,"Motorcycle, Boat, and Other Motor Vehicle Dealers"
441228,44,Retail trade - general,11,0.029435911777614645,12,4,0.010676313893759882,10,0.08225195151854059,0.018254021630361585,5,2,0.008020368587532193,11,0.05010352115919483,0.04854437607375889,10.0,0.0,0.0,,,,,
441229,44,Retail trade - general,11,0.020830952143714287,12,4,0.012821287745072962,10,0.058207351576342846,0.009426601433726409,12,4,0.006017813866652807,10,0.025874074982382485,0.02163789126628573,10.0,0.0,0.0,,,,,
441310,44,Retail trade - general,22,0.01739447334612139,12,4,0.007704552396181513,21,0.048604894224603595,0.009139854900952031,4,2,0.0034579624461086797,22,0.025087014943607776,0.01628753856493319,10.0,0.0,0.0,,,,,
441320,44,Retail trade - general,22,0.022352856830870706,12,4,0.012247766864307022,21,0.06245996761519868,0.010430265276487612,12,4,0.005444292985886867,21,0.028628925042320133,0.020914617352014803,10.0,0.0,0.0,,,,,
441330,44,Retail trade - general,2,,,,,,,,,,,,,,,,,Automotive Parts and Accessories Retailers,Retail Trade,Motor Vehicle and Parts Dealers,"Automotive Parts, Accessories, and Tire Retailers",Automotive Parts and Accessories Retailers
441340,44,Retail trade - general,2,,,,,,,,,,,,,,,,,Tire Dealers,Retail Trade,Motor Vehicle and Parts Dealers,"Automotive Parts, Accessories, and Tire Retailers",Tire Dealers
442110,44,Retail trade - general,22,0.019689487694147342,3,1,0.009932422863970286,22,0.05501778913726401,0.014771868883959765,3,1,0.00856541757365227,22,0.040545730698450425,0.02982932475209598,10.0,0.0,0.0,,,,,
442210,44,Retail trade - general,22,0.010791996439943658,3,1,0.004748993232400875,22,0.030155776205361376,0.010621369508950231,1,1,0.005732261999603734,21,0.029153466710380646,0.02055121445770007,10.0,0.0,0.0,,,,,
442291,44,Retail trade - general,22,0.041648599460034935,12,4,0.022536128947851588,21,0.11637752584267023,0.026319180740589403,12,4,0.01573265506943143,21,0.07224071800898119,0.02737581554373351,10.0,0.0,0.0,,,,,
442299,44,Retail trade - general,22,0.09571597838458915,12,4,0.06665944361834915,21,0.2674565025577368,0.08091064267022055,12,4,0.059855969739928995,21,0.22208301157530433,0.06642297530616716,10.0,0.014487667364053394,0.0907932397389975,,,,,
443111,44,Retail trade - general,11,0.01859787089548712,12,4,0.011857470935616787,10,0.051967514605985296,0.017006781613803673,11,4,0.007112051036708885,11,0.046680104784128006,0.016242443975018138,10.0,0.0007643376387855352,0.0047900527211150986,,,,,
443112,44,Retail trade - general,11,0.08572605521894493,12,4,0.054515925174621026,10,0.23954193744753044,0.0703966364994994,12,4,0.04771245129620087,10,0.19322423506512237,0.0669972371829965,10.0,0.0033993993165029046,0.02130380753202769,,,,,
443120,44,Retail trade - general,11,0.026338409111434723,12,4,0.01818161867603001,10,0.0735966857651987,0.022108550733322532,12,4,0.011378144797609855,10,0.06068340784825813,0.032458215310174066,10.0,0.0,0.0,,,,,
443130,44,Retail trade - general,11,0.036321565107628066,1,1,0.02707188793678701,10,0.1014923415615779,0.04699082309054017,1,1,0.03559783277781238,10,0.12898010896890905,0.04331916795575646,10.0,0.003671655134783708,0.023010016486054226,,,,,
443141,44,Retail trade - general,11,0.01581654763029812,3,1,0.006300024214568,11,0.04419574017976594,0.01587877576007015,1,1,0.00991286586420959,10,0.043583961572254665,0.028290478206172726,10.0,0.0,0.0,,,,,
443142,44,Retail trade - general,11,0.02417054691846115,11,4,0.013993625743735255,11,0.0675390885912956,0.02974136016702008,1,1,0.0182746333477149,10,0.0816338940868236,0.03367037907678342,10.0,0.0,0.0,,,,,
444110,44,Retail trade - general,24,0.04193150401811531,12,4,0.01656270265113765,23,0.11716803819952873,0.028486638803785706,5,2,0.01164378227783342,24,0.07818994295952006,0.03736092996675704,10.0,0.0,0.0,Home Centers,Retail Trade,Building Material and Garden Equipment and Supplies Dealers,Building Material and Supplies Dealers,Home Centers
444120,44,Retail trade - general,24,0.009649762466054819,12,4,0.004599165054157333,23,0.026964063505821954,0.007105198744171738,1,1,0.0034753474291278844,23,0.019502303811603484,0.016923962752026768,10.0,0.0,0.0,Paint and Wallpaper Retailers,Retail Trade,Building Material and Garden Equipment and Supplies Dealers,Building Material and Supplies Dealers,Paint and Wallpaper Retailers
444130,44,Retail trade - general,22,0.024785679422216753,12,4,0.015292939283104288,21,0.06925793627838717,0.016487477161935923,12,4,0.008489465404684133,21,0.04525472126486325,0.022627769197926736,10.0,0.0,0.0,,,,,
444140,44,Retail trade - general,2,,,,,,,,,,,,,,,,,Hardware Retailers,Retail Trade,Building Material and Garden Equipment and Supplies Dealers,Building Material and Supplies Dealers,Hardware Retailers
444180,44,Retail trade - general,2,,,,,,,,,,,,,,,,,Other Building Material Dealers,Retail Trade,Building Material and Garden Equipment and Supplies Dealers,Building Material and Supplies Dealers,Other Building Material Dealers
444190,44,Retail trade - general,22,0.017545108967995708,12,4,0.008933922189540113,21,0.049025811163102985,0.005052097181299399,12,4,0.002130448311119958,21,0.013866963847600574,0.023819345818862876,10.0,0.0,0.0,,,,,
444210,44,Retail trade - general,22,0.02947805620215159,4,2,0.013227822100010651,22,0.08236971451463795,0.03153394134016048,4,2,0.01677843561988021,22,0.08655415936078534,0.036622981702593774,10.0,0.0,0.0,,,,,
444220,44,Retail trade - general,22,0.13258292145891,12,4,0.05789050933421599,21,0.3704727786389789,0.12460475108371322,5,2,0.05843828380004456,22,0.3420143193034752,0.10783270229462416,10.0,0.016772048789089056,0.105109304925115,,,,,
444230,44,Retail trade - general,2,,,,,,,,,,,,,,,,,Outdoor Power Equipment Retailers,Retail Trade,Building Material and Garden Equipment and Supplies Dealers,Lawn and Garden Equipment and Supplies Retailers,Outdoor Power Equipment Retailers
444240,44,Retail trade - general,2,,,,,,,,,,,,,,,,,"Nursery, Garden Center, and Farm Supply Retailers",Retail Trade,Building Material and Garden Equipment and Supplies Dealers,Lawn and Garden Equipment and Supplies Retailers,"Nursery, Garden Center, and Farm Supply Retailers"
445110,44,Retail trade - general,24,0.014628776888412397,12,4,0.00911336879245568,23,0.04087678535292679,0.009363606139245216,11,4,0.00389188270775792,24,0.025701165903282988,0.0174556800104672,10.0,0.0,0.0,Supermarkets and Other Grocery Retailers (except Convenience Retailers),Retail Trade,Food and Beverage Retailers,Grocery and Convenience Retailers,Supermarkets and Other Grocery Retailers (except Convenience Retailers)
445120,44,Retail trade - general,22,0.0487835620288343,12,4,0.023121222271470218,21,0.1363145537740348,0.03345414330938878,12,4,0.016317748393050065,21,0.09182471737497849,0.02177390199902498,10.0,0.011680241310363798,0.07319928894367554,,,,,
445131,44,Retail trade - general,2,,,,,,,,,,,,,,,,,Convenience Retailers,Retail Trade,Food and Beverage Retailers,Grocery and Convenience Retailers,Convenience Retailers and Vending Machine Operators
445132,44,Retail trade - general,2,,,,,,,,,,,,,,,,,Vending Machine Operators,Retail Trade,Food and Beverage Retailers,Grocery and Convenience Retailers,Convenience Retailers and Vending Machine Operators
445210,44,Retail trade - general,22,0.17226141998201677,12,4,0.10247413166777249,21,0.4813453060982092,0.15693200126257126,12,4,0.09567065778935233,21,0.4307459476620702,0.04175004437690673,10.0,0.11518195688566453,0.7218375989964143,,,,,
445220,44,Retail trade - general,22,0.053098847619916054,12,4,0.025570282725693675,21,0.14837263656446625,0.03941481525141892,8,3,0.020412195198221912,22,0.10818553138178266,0.07000130979740224,10.0,0.0,0.0,,,,,
445230,44,Retail trade - general,24,0.10031002834278505,12,4,0.0449190222827116,23,0.28029352888428816,0.08552344773514861,10,4,0.03865838651610053,24,0.23474420924746278,0.06476377524797715,10.0,0.020759672487171463,0.13009947520657905,Fruit and Vegetable Retailers,Retail Trade,Food and Beverage Retailers,Specialty Food Retailers,Fruit and Vegetable Retailers
445240,44,Retail trade - general,2,,,,,,,,,,,,,,,,,Meat Retailers,Retail Trade,Food and Beverage Retailers,Specialty Food Retailers,Meat Retailers
445250,44,Retail trade - general,2,,,,,,,,,,,,,,,,,Fish and Seafood Retailers,Retail Trade,Food and Beverage Retailers,Specialty Food Retailers,Fish and Seafood Retailers
445291,44,Retail trade - general,24,0.0796484154633939,12,4,0.04081697385352045,23,0.22255935731556734,0.06431899674394838,12,4,0.034013499975100295,23,0.17654236855611558,0.03691832974356486,10.0,0.027400667000383516,0.17171814243519576,Baked Goods Retailers,Retail Trade,Food and Beverage Retailers,Specialty Food Retailers,Other Specialty Food Retailers
445292,44,Retail trade - general,24,0.2870192167750885,12,4,0.16697445232222258,23,0.8020098334792316,0.27168979805564303,12,4,0.16017097844380243,23,0.7457324101652572,0.08409443225703624,10.0,0.1875953657986068,1.0,Confectionery and Nut Retailers,Retail Trade,Food and Beverage Retailers,Specialty Food Retailers,Other Specialty Food Retailers
445298,44,Retail trade - general,2,,,,,,,,,,,,,,,,,All Other Specialty Food Retailers,Retail Trade,Food and Beverage Retailers,Specialty Food Retailers,Other Specialty Food Retailers
445299,44,Retail trade - general,22,0.08029047780640516,12,4,0.0456680522601432,21,0.2243534543052656,0.06496105908695965,12,4,0.038864578381723046,21,0.17830469714539918,0.034295739802531325,10.0,0.030665319284428325,0.19217749935176817,,,,,
445310,44,Retail trade - general,22,0.05881388332245942,12,4,0.03445436082953331,21,0.16434200225232667,0.04348446460301389,12,4,0.02765088695111316,21,0.11935587874562016,0.02256785606550276,10.0,0.02091660853751113,0.13108298290896697,,,,,
445320,44,Retail trade - general,2,,,,,,,,,,,,,,,,,"Beer, Wine, and Liquor Retailers",Retail Trade,Food and Beverage Retailers,"Beer, Wine, and Liquor Retailers","Beer, Wine, and Liquor Retailers"
446110,44,Retail trade - general,22,0.023996720256188053,12,4,0.014617162701993446,21,0.06705336957209439,0.014060213575858333,12,4,0.00781368882357329,21,0.03859238378621676,0.01719287440970152,10.0,0.0,0.0,,,,,
446120,44,Retail trade - general,22,0.25271501945370634,12,4,0.1531947998743839,21,0.7061545667466234,0.23738560073426082,12,4,0.14639132599596374,21,0.6515744700057975,0.12111773244095587,10.0,0.11626786829330495,0.7286429329602405,,,,,
446130,44,Retail trade - general,22,0.028865537136704207,3,1,0.015928119347723854,22,0.08065816948569568,0.024177922558171555,3,1,0.014561114057405839,22,0.06636340632268257,0.03605216088471749,10.0,0.0,0.0,,,,,
446191,44,Retail trade - general,22,0.028575966960640003,12,4,0.013888834013270287,21,0.07984903157745663,0.013246548241194476,12,4,0.007085360134850132,21,0.03635904040921396,0.024167342332389017,10.0,0.0,0.0,,,,,
446199,44,Retail trade - general,22,0.04235567080350813,12,4,0.022228875651003833,21,0.11835327567854706,0.027026252084062605,12,4,0.015425401772583678,21,0.07418148288458784,0.021270877762374386,10.0,0.005755374321688218,0.03606854488343998,,,,,
447110,44,Retail trade - general,22,0.013829918379254772,12,4,0.007315326504933505,21,0.03864455718680707,0.00973771788969439,9,3,0.0032360196221817568,22,0.02672802542958904,0.018123565449831673,10.0,0.0,0.0,,,,,
447190,44,Retail trade - general,22,0.008945144821486254,8,3,0.005112990859339008,22,0.024995169972711277,0.016374633539040798,1,1,0.009790408817059865,21,0.04494498881456297,0.01692258456342315,10.0,0.0,0.0,,,,,
448110,44,Retail trade - general,22,0.09479072037771392,12,4,0.0689285639213004,21,0.2648710797823663,0.09114157711651823,12,4,0.06212509004288024,21,0.2501648146370364,0.0727143307002441,10.0,0.01842724641627412,0.115482317447014,,,,,
448120,44,Retail trade - general,22,0.08675297389002207,12,4,0.05847748192524106,21,0.24241142779609018,0.08310383062882637,12,4,0.05167400804682091,21,0.2281028597772658,0.062069418611928794,10.0,0.021034412016897576,0.13182124941366047,,,,,
448130,44,Retail trade - general,22,0.12238800614414033,12,4,0.06272259359072443,21,0.3419854096544121,0.12472643674313463,11,4,0.06190669357249428,22,0.3423483213187599,0.08192855512733746,10.0,0.04279788161579717,0.26821145379867,,,,,
448140,44,Retail trade - general,22,0.16089113005155992,12,4,0.10618486385153532,21,0.44957362043828314,0.15318409878504555,12,4,0.09938138997311516,21,0.42045872904866766,0.09696902694085993,10.0,0.056215071844185616,0.3522960851211949,,,,,
448150,44,Retail trade - general,22,0.13517087605623987,12,4,0.09067559427527577,21,0.3777042283620222,0.11984145733679434,12,4,0.08387212039685561,21,0.3289400612649477,0.06348088995589715,10.0,0.05636056738089719,0.3532078958919464,,,,,
448190,44,Retail trade - general,22,0.09192071207277787,12,4,0.06207562677777362,21,0.2568514952103358,0.08156662467448815,12,4,0.055272152899353465,21,0.22388354676127153,0.07878299246123009,10.0,0.002783632213258058,0.01744483639309788,,,,,
448210,44,Retail trade - general,22,0.0837853786911105,12,4,0.05706854086972105,21,0.23411915887397872,0.079168063862717,12,4,0.0502650669913009,21,0.21729999247292206,0.053324839232336343,10.0,0.025843224630380662,0.16195775555399264,,,,,
448310,44,Retail trade - general,22,0.0723241127650542,12,4,0.04874357598139922,21,0.2020932615138706,0.06197002536676448,12,4,0.04194010210297907,21,0.17009492702885662,0.05407092567969637,10.0,0.00789909968706811,0.04950312797694986,,,,,
448320,44,Retail trade - general,22,0.15802761550417938,12,4,0.11126422287001256,21,0.441572181192807,0.15437847224298368,12,4,0.1044607489915924,21,0.42373703763367826,0.08565858005721619,10.0,0.06871989218576749,0.43066295555220435,,,,,
449110,44,Retail trade - general,2,,,,,,,,,,,,,,,,,Furniture Retailers,Retail Trade,"Furniture, Home Furnishings, Electronics, and Appliance Retailers",Furniture and Home Furnishings Retailers,Furniture Retailers
449121,44,Retail trade - general,2,,,,,,,,,,,,,,,,,Floor Covering Retailers,Retail Trade,"Furniture, Home Furnishings, Electronics, and Appliance Retailers",Furniture and Home Furnishings Retailers,Home Furnishings Retailers
449122,44,Retail trade - general,2,,,,,,,,,,,,,,,,,Window Treatment Retailers,Retail Trade,"Furniture, Home Furnishings, Electronics, and Appliance Retailers",Furniture and Home Furnishings Retailers,Home Furnishings Retailers
449129,44,Retail trade - general,2,,,,,,,,,,,,,,,,,All Other Home Furnishings Retailers,Retail Trade,"Furniture, Home Furnishings, Electronics, and Appliance Retailers",Furniture and Home Furnishings Retailers,Home Furnishings Retailers
449210,44,Retail trade - general,2,,,,,,,,,,,,,,,,,Electronics and Appliance Retailers,Retail Trade,"Furniture, Home Furnishings, Electronics, and Appliance Retailers",Electronics and Appliance Retailers,Electronics and Appliance Retailers
451110,45,Retail trade - specialty,22,0.0875434477919414,12,4,0.05674421387122658,21,0.2446202270868526,0.07221402907249588,12,4,0.049940739992806425,21,0.19821260250981948,0.04536079235102583,10.0,0.026853236721470053,0.1682874335912656,,,,,
451120,45,Retail trade - specialty,22,0.23194954410663687,12,4,0.14285217041889398,21,0.6481301751663529,0.21662012538719136,12,4,0.13604869654047383,21,0.5945775268389221,0.09789490605178852,10.0,0.11872521933540284,0.7440429871360873,,,,,
451130,45,Retail trade - specialty,22,0.03882908386697113,11,4,0.023166798090078555,22,0.10849903165439724,0.03708597772485012,11,4,0.024844517475278233,22,0.10179335311818895,0.04437883372921371,10.0,0.0,0.0,,,,,
451140,45,Retail trade - specialty,22,0.01785427720997231,12,4,0.00767664289781961,21,0.04988971140313124,0.019804708737392367,9,3,0.009752711755558542,22,0.05435983715638741,0.023775486709531203,10.0,0.0,0.0,,,,,
451211,45,Retail trade - specialty,22,0.11261310011214479,1,1,0.06395629273479334,21,0.314671660954655,0.12101340762285127,1,1,0.0724822375758187,21,0.332156822872007,0.07953091418226506,10.0,0.041482493440586216,0.25996800432259387,,,,,
451212,45,Retail trade - specialty,22,0.05410929655861124,3,1,0.024882346569869276,22,0.15119610599681868,0.04919167774842367,3,1,0.023515341279551263,22,0.1350210006777349,0.0973482687143654,10.0,0.0,0.0,,,,,
451220,45,Retail trade - specialty,11,0.0556653306844289,1,1,0.03535253890043755,10,0.15554408897913213,0.06077044999813359,1,1,0.043878483741462915,10,0.16680234027283578,0.06867957837852248,10.0,0.0,0.0,,,,,
452111,45,Retail trade - specialty,17,0.12165087427914872,12,4,0.0861994488165316,16,0.3399256625373492,0.11800173101795301,12,4,0.07939597493811144,16,0.3238903922983087,0.0641853268586297,10.0,0.05381640415932332,0.33726379560947906,,,,,
452112,45,Retail trade - specialty,17,0.1160667482765891,12,4,0.0718565953337506,16,0.3243220941917867,0.10073732955714357,12,4,0.06505312145533045,16,0.27650317421515763,0.053519046137751713,10.0,0.047218283419391854,0.2959138154426345,,,,,
452210,45,Retail trade - specialty,5,0.09726909104573639,11,4,0.045864178734232694,5,0.2717963221723839,0.09539619691106652,11,4,0.04754189811943237,5,0.26184286768294246,0.1601531915959443,10.0,0.0,0.0,,,,,
452311,45,Retail trade - specialty,5,0.04171493769638519,11,4,0.026460137771992097,5,0.11656289293580904,0.04654698769880933,11,4,0.028137857157191776,5,0.127761872440483,0.04547528481570676,10.0,0.001071702883102571,0.006716290093457996,,,,,
452319,45,Retail trade - specialty,5,0.02680661094138359,11,4,0.012576796868966377,5,0.0749049691473745,0.031638660943807725,11,4,0.014254516254166058,5,0.08684159305530859,0.08033961350018134,10.0,0.0,0.0,,,,,
452910,45,Retail trade - specialty,17,0.07198202330234416,12,4,0.03936467880431153,16,0.20113737042021582,0.05665260458289864,12,4,0.032561204925891374,16,0.15549970466352153,0.032484453391153724,10.0,0.024168151191744917,0.1514601826547256,,,,,
452990,45,Retail trade - specialty,17,0.12528580260952873,12,4,0.07570491888596391,16,0.3500826419121533,0.1099563838900832,12,4,0.06890144500754375,16,0.3018075752502658,0.03493213937842736,10.0,0.07502424451165585,0.47017190877014614,,,,,
453110,45,Retail trade - specialty,22,0.1552304970501991,2,1,0.09160601880567137,22,0.43375627070881906,0.1481992805910344,2,1,0.09310074718753204,22,0.40677643213263026,0.051209534927491016,10.0,0.09698974566354339,0.6078282313482604,,,,,
453210,45,Retail trade - specialty,22,0.025471306405450922,8,3,0.016583017925947297,22,0.07117376473346722,0.02994854537787013,1,1,0.016309827416434566,21,0.08220257472092737,0.019803286994188585,10.0,0.010145258383681546,0.06357965388749506,,,,,
453220,45,Retail trade - specialty,22,0.09402034986243221,12,4,0.05641634468005801,21,0.26271845482707434,0.07869093114298668,12,4,0.04961287080163786,21,0.21599036165277502,0.06523352874825271,10.0,0.013457402394733975,0.08433663827213873,,,,,
453310,45,Retail trade - specialty,22,0.042175645834185115,12,4,0.020714761200496444,21,0.11785023690194138,0.03221600025794628,3,1,0.014305729144127163,22,0.0884262702912478,0.04163379935236179,10.0,0.0,0.0,,,,,
453910,45,Retail trade - specialty,22,0.05621814176572302,12,4,0.031121761928259196,21,0.1570887936446793,0.0408887230462775,12,4,0.024318288049839043,21,0.11223110401677774,0.027030581971785116,10.0,0.013858141074492382,0.08684804070219941,,,,,
453920,45,Retail trade - specialty,22,0.046171402558702446,12,4,0.027959635041203884,21,0.12901546904653627,0.0312087596888409,12,4,0.02115616116278373,21,0.08566160285584655,0.03264896962509499,10.0,0.0,0.0,,,,,
453930,45,Retail trade - specialty,22,0.02374049089143771,1,1,0.01062377452419881,21,0.06633739496779832,0.03906990961088323,1,1,0.01914971936522418,21,0.10723883659811033,0.0305896069342734,10.0,0.008480302676609833,0.05314548813338292,,,,,
453991,45,Retail trade - specialty,22,0.049547918976171626,12,4,0.024556880504104355,21,0.1384503751832789,0.0342185002567261,12,4,0.017753406625684198,21,0.09392271940760424,0.02482106717529362,10.0,0.009397433081432479,0.058893082872035804,,,,,
453998,45,Retail trade - specialty,22,0.09079321123150982,12,4,0.04981124645436898,21,0.2537009508944767,0.0754637925120643,12,4,0.04300777257594883,21,0.20713253229592046,0.0495907874714854,10.0,0.0258730050405789,0.16214438738744866,,,,,
454110,45,Retail trade - specialty,5,0.027874014555677326,11,4,0.01490780200148607,5,0.07788758544942398,0.026001120421007447,11,4,0.01658552138668575,5,0.07136770808959066,0.08923172352870481,10.0,0.0,0.0,,,,,
454111,45,Retail trade - specialty,17,0.14112906089604146,12,4,0.07581351206139786,16,0.3943530189374361,0.12579964217659595,12,4,0.0690100381829777,16,0.34529404868955227,0.06849128959430012,10.0,0.05730835258229583,0.359147602184843,,,,,
454112,45,Retail trade - specialty,17,0.03549263571100356,12,4,0.017918788104646567,16,0.09917608714898987,0.020163216991558035,12,4,0.011115314226226412,16,0.05534386830645786,0.05708075795052704,10.0,0.0,0.0,,,,,
454113,45,Retail trade - specialty,17,0.10685235789810613,12,4,0.06617090713597285,16,0.29857457882994715,0.09152293917866061,12,4,0.05936743325755269,16,0.25121157477224315,0.061522775605494816,10.0,0.030000163573165796,0.18800901311869347,,,,,
454210,45,Retail trade - specialty,22,0.015721889180295042,3,1,0.00663676689585854,22,0.043931238699421296,0.020142828375308244,1,1,0.00722790012671148,21,0.05528790576371719,0.039318767895107354,10.0,0.0,0.0,,,,,
454310,45,Retail trade - specialty,11,0.019719625429965186,3,1,0.00964236499144419,11,0.055102002176224574,0.021547155467708898,1,1,0.014890720556508589,10,0.05914249373415628,0.04420063949030916,10.0,0.0,0.0,,,,,
454311,45,Retail trade - specialty,11,0.025397306761622218,3,1,0.014154719387082208,11,0.07096698958199335,0.032546791655099036,1,1,0.02158526222621015,10,0.08933422439046701,0.056925916699147296,10.0,0.0,0.0,,,,,
454312,45,Retail trade - specialty,11,0.01848624820995844,1,1,0.010229801922306736,10,0.05165561043302007,0.026561814953673844,1,1,0.01875574676333211,10,0.07290669883640612,0.029168345227657183,10.0,0.0,0.0,,,,,
454319,45,Retail trade - specialty,11,0.03783467733909742,12,4,0.021958849473557064,10,0.10572038908547265,0.03404575547715978,12,4,0.015155375595136909,10,0.09344857064776353,0.06371208000414821,10.0,0.0,0.0,,,,,
454390,45,Retail trade - specialty,22,0.07869329705737381,12,4,0.04439845399073132,21,0.21989049645540623,0.06336387833792828,12,4,0.03759498011231117,21,0.17392076569869547,0.02443914611470313,10.0,0.03892473222322515,0.2439386863124929,,,,,
455110,45,Retail trade - specialty,2,,,,,,,,,,,,,,,,,Department Stores,Retail Trade,General Merchandise Retailers,Department Stores,Department Stores
455211,45,Retail trade - specialty,2,,,,,,,,,,,,,,,,,Warehouse Clubs and Supercenters,Retail Trade,General Merchandise Retailers,"Warehouse Clubs, Supercenters, and Other General Merchandise Retailers","Warehouse Clubs, Supercenters, and Other General Merchandise Retailers"
455219,45,Retail trade - specialty,2,,,,,,,,,,,,,,,,,All Other General Merchandise Retailers,Retail Trade,General Merchandise Retailers,"Warehouse Clubs, Supercenters, and Other General Merchandise Retailers","Warehouse Clubs, Supercenters, and Other General Merchandise Retailers"
456110,45,Retail trade - specialty,2,,,,,,,,,,,,,,,,,Pharmacies and Drug Retailers,Retail Trade,Health and Personal Care Retailers,Health and Personal Care Retailers,Pharmacies and Drug Retailers
456120,45,Retail trade - specialty,2,,,,,,,,,,,,,,,,,"Cosmetics, Beauty Supplies, and Perfume Retailers",Retail Trade,Health and Personal Care Retailers,Health and Personal Care Retailers,"Cosmetics, Beauty Supplies, and Perfume Retailers"
456130,45,Retail trade - specialty,2,,,,,,,,,,,,,,,,,Optical Goods Retailers,Retail Trade,Health and Personal Care Retailers,Health and Personal Care Retailers,Optical Goods Retailers
456191,45,Retail trade - specialty,2,,,,,,,,,,,,,,,,,Food (Health) Supplement Retailers,Retail Trade,Health and Personal Care Retailers,Health and Personal Care Retailers,Other Health and Personal Care Retailers
456199,45,Retail trade - specialty,2,,,,,,,,,,,,,,,,,All Other Health and Personal Care Retailers,Retail Trade,Health and Personal Care Retailers,Health and Personal Care Retailers,Other Health and Personal Care Retailers
457110,45,Retail trade - specialty,2,,,,,,,,,,,,,,,,,Gasoline Stations with Convenience Stores,Retail Trade,Gasoline Stations and Fuel Dealers,Gasoline Stations,Gasoline Stations with Convenience Stores
457120,45,Retail trade - specialty,2,,,,,,,,,,,,,,,,,Other Gasoline Stations,Retail Trade,Gasoline Stations and Fuel Dealers,Gasoline Stations,Other Gasoline Stations
457210,45,Retail trade - specialty,2,,,,,,,,,,,,,,,,,Fuel Dealers,Retail Trade,Gasoline Stations and Fuel Dealers,Fuel Dealers,Fuel Dealers
458110,45,Retail trade - specialty,2,,,,,,,,,,,,,,,,,Clothing and Clothing Accessories Retailers,Retail Trade,"Clothing, Clothing Accessories, Shoe, and Jewelry Retailers",Clothing and Clothing Accessories Retailers,Clothing and Clothing Accessories Retailers
458210,45,Retail trade - specialty,2,,,,,,,,,,,,,,,,,Shoe Retailers,Retail Trade,"Clothing, Clothing Accessories, Shoe, and Jewelry Retailers",Shoe Retailers,Shoe Retailers
458310,45,Retail trade - specialty,2,,,,,,,,,,,,,,,,,Jewelry Retailers,Retail Trade,"Clothing, Clothing Accessories, Shoe, and Jewelry Retailers","Jewelry, Luggage, and Leather Goods Retailers",Jewelry Retailers
458320,45,Retail trade - specialty,2,,,,,,,,,,,,,,,,,Luggage and Leather Goods Retailers,Retail Trade,"Clothing, Clothing Accessories, Shoe, and Jewelry Retailers","Jewelry, Luggage, and Leather Goods Retailers",Luggage and Leather Goods Retailers
459110,45,Retail trade - specialty,2,,,,,,,,,,,,,,,,,Sporting Goods Retailers,Retail Trade,"Sporting Goods, Hobby, Musical Instrument, Book, and Miscellaneous Retailers","Sporting Goods, Hobby, and Musical Instrument Retailers",Sporting Goods Retailers
459120,45,Retail trade - specialty,2,,,,,,,,,,,,,,,,,"Hobby, Toy, and Game Retailers",Retail Trade,"Sporting Goods, Hobby, Musical Instrument, Book, and Miscellaneous Retailers","Sporting Goods, Hobby, and Musical Instrument Retailers","Hobby, Toy, and Game Retailers"
459130,45,Retail trade - specialty,2,,,,,,,,,,,,,,,,,"Sewing, Needlework, and Piece Goods Retailers",Retail Trade,"Sporting Goods, Hobby, Musical Instrument, Book, and Miscellaneous Retailers","Sporting Goods, Hobby, and Musical Instrument Retailers","Sewing, Needlework, and Piece Goods Retailers"
459140,45,Retail trade - specialty,2,,,,,,,,,,,,,,,,,Musical Instrument and Supplies Retailers,Retail Trade,"Sporting Goods, Hobby, Musical Instrument, Book, and Miscellaneous Retailers","Sporting Goods, Hobby, and Musical Instrument Retailers",Musical Instrument and Supplies Retailers
459210,45,Retail trade - specialty,2,,,,,,,,,,,,,,,,,Book Retailers and News Dealers,Retail Trade,"Sporting Goods, Hobby, Musical Instrument, Book, and Miscellaneous Retailers",Book Retailers and News Dealers,Book Retailers and News Dealers
459310,45,Retail trade - specialty,2,,,,,,,,,,,,,,,,,Florists,Retail Trade,"Sporting Goods, Hobby, Musical Instrument, Book, and Miscellaneous Retailers",Florists,Florists
459410,45,Retail trade - specialty,2,,,,,,,,,,,,,,,,,Office Supplies and Stationery Retailers,Retail Trade,"Sporting Goods, Hobby, Musical Instrument, Book, and Miscellaneous Retailers","Office Supplies, Stationery, and Gift Retailers",Office Supplies and Stationery Retailers
459420,45,Retail trade - specialty,2,,,,,,,,,,,,,,,,,"Gift, Novelty, and Souvenir Retailers",Retail Trade,"Sporting Goods, Hobby, Musical Instrument, Book, and Miscellaneous Retailers","Office Supplies, Stationery, and Gift Retailers","Gift, Novelty, and Souvenir Retailers"
459510,45,Retail trade - specialty,2,,,,,,,,,,,,,,,,,Used Merchandise Retailers,Retail Trade,"Sporting Goods, Hobby, Musical Instrument, Book, and Miscellaneous Retailers",Used Merchandise Retailers,Used Merchandise Retailers
459910,45,Retail trade - specialty,2,,,,,,,,,,,,,,,,,Pet and Pet Supplies Retailers,Retail Trade,"Sporting Goods, Hobby, Musical Instrument, Book, and Miscellaneous Retailers",Other Miscellaneous Retailers,Pet and Pet Supplies Retailers
459920,45,Retail trade - specialty,2,,,,,,,,,,,,,,,,,Art Dealers,Retail Trade,"Sporting Goods, Hobby, Musical Instrument, Book, and Miscellaneous Retailers",Other Miscellaneous Retailers,Art Dealers
459930,45,Retail trade - specialty,2,,,,,,,,,,,,,,,,,Manufactured (Mobile) Home Dealers,Retail Trade,"Sporting Goods, Hobby, Musical Instrument, Book, and Miscellaneous Retailers",Other Miscellaneous Retailers,Manufactured (Mobile) Home Dealers
459991,45,Retail trade - specialty,2,,,,,,,,,,,,,,,,,"Tobacco, Electronic Cigarette, and Other Smoking Supplies Retailers",Retail Trade,"Sporting Goods, Hobby, Musical Instrument, Book, and Miscellaneous Retailers",Other Miscellaneous Retailers,All Other Miscellaneous Retailers
459999,45,Retail trade - specialty,2,,,,,,,,,,,,,,,,,All Other Miscellaneous Retailers,Retail Trade,"Sporting Goods, Hobby, Musical Instrument, Book, and Miscellaneous Retailers",Other Miscellaneous Retailers,All Other Miscellaneous Retailers
481111,48,Transportation,24,0.0052174937658843405,8,3,0.0028685094120187993,24,0.014579098059607748,0.018149805912944867,1,1,0.009361935028131034,23,0.04981747052835608,0.023018478712624628,10.0,0.0,0.0,Scheduled Passenger Air Transportation,Transportation and Warehousing,Air Transportation,Scheduled Air Transportation,Scheduled Air Transportation
481112,48,Transportation,24,0.027867587862074918,12,4,0.014752077589372518,23,0.07786962751781297,0.01600713942985236,12,4,0.007948603710952363,23,0.043936293347424,0.02037524840342855,10.0,0.0,0.0,Scheduled Freight Air Transportation,Transportation and Warehousing,Air Transportation,Scheduled Air Transportation,Scheduled Air Transportation
481211,48,Transportation,24,0.021971439712604374,12,4,0.010700085865239503,23,0.06139418434485196,0.01168957911983368,9,3,0.005686766167142273,24,0.03208548157949494,0.02170280542325754,10.0,0.0,0.0,Nonscheduled Chartered Passenger Air Transportation,Transportation and Warehousing,Air Transportation,Nonscheduled Air Transportation,Nonscheduled Air Transportation
481212,48,Transportation,24,0.025139073743520656,12,4,0.013747446318127656,23,0.07024541622473357,0.011217507389639132,12,4,0.006943972439707501,23,0.03078974213087286,0.024202675655401164,10.0,0.0,0.0,Nonscheduled Chartered Freight Air Transportation,Transportation and Warehousing,Air Transportation,Nonscheduled Air Transportation,Nonscheduled Air Transportation
481219,48,Transportation,24,0.08140783313370249,12,4,0.03992072247149172,23,0.22747564929294506,0.06607841441425696,12,4,0.033117248593071566,23,0.18137160686081574,0.03282652888812114,10.0,0.033251885526135824,0.20838733651760727,Other Nonscheduled Air Transportation,Transportation and Warehousing,Air Transportation,Nonscheduled Air Transportation,Nonscheduled Air Transportation
482111,48,Transportation,24,0.06755464794951897,12,4,0.034433492780262635,23,0.1887660783187123,0.052225229230073444,12,4,0.027630018901842482,23,0.14334747327243924,0.08420805867696948,10.0,0.0,0.0,Line-Haul Railroads,Transportation and Warehousing,Rail Transportation,Rail Transportation,Rail Transportation
482112,48,Transportation,24,0.14961463639650838,12,4,0.07536566611349682,23,0.4180640271081461,0.13428521767706286,12,4,0.06856219223507666,23,0.36858520174310366,0.12216763232620202,10.0,0.01211758535086084,0.07594009471450601,Short Line Railroads,Transportation and Warehousing,Rail Transportation,Rail Transportation,Rail Transportation
483111,48,Transportation,24,0.028271317337483635,12,4,0.01623824978024255,23,0.07899775758861911,0.017346949711742776,4,2,0.010651122383906796,24,0.047613795991353625,0.02424562036267335,10.0,0.0,0.0,Deep Sea Freight Transportation,Transportation and Warehousing,Water Transportation,"Deep Sea, Coastal, and Great Lakes Water Transportation","Deep Sea, Coastal, and Great Lakes Water Transportation"
483112,48,Transportation,24,0.026634724577614177,12,4,0.015227779302768307,23,0.07442467185044445,0.01917483003041267,12,4,0.008424305424348152,23,0.05263095013291682,0.04392642874255195,10.0,0.0,0.0,Deep Sea Passenger Transportation,Transportation and Warehousing,Water Transportation,"Deep Sea, Coastal, and Great Lakes Water Transportation","Deep Sea, Coastal, and Great Lakes Water Transportation"
483113,48,Transportation,24,0.04032788739106871,12,4,0.019517504957876422,23,0.11268709675430841,0.03489141880296657,12,4,0.012714031079456267,23,0.09576974190504095,0.03313827946863679,10.0,0.00175313933432978,0.010986806632005412,Coastal and Great Lakes Freight Transportation,Transportation and Warehousing,Water Transportation,"Deep Sea, Coastal, and Great Lakes Water Transportation","Deep Sea, Coastal, and Great Lakes Water Transportation"
483114,48,Transportation,24,0.07205263958366617,10,4,0.032502087969399074,24,0.20133469153571582,0.06722058958124204,10,4,0.029347757352174618,24,0.1845066419125634,0.11697568202937347,10.0,0.0,0.0,Coastal and Great Lakes Passenger Transportation,Transportation and Warehousing,Water Transportation,"Deep Sea, Coastal, and Great Lakes Water Transportation","Deep Sea, Coastal, and Great Lakes Water Transportation"
483211,48,Transportation,24,0.021372682951363284,12,4,0.009744645158037316,23,0.05972109494068907,0.008535684731361008,11,4,0.00387396899758464,24,0.023428692548201558,0.020440773648466852,10.0,0.0,0.0,Inland Water Freight Transportation,Transportation and Warehousing,Water Transportation,Inland Water Transportation,Inland Water Transportation
483212,48,Transportation,24,0.08106797356854326,8,3,0.04848196836529648,24,0.22652598914014324,0.07521930736735011,8,3,0.045085937997064646,24,0.2064614710432636,0.11789298368727708,10.0,0.0,0.0,Inland Water Passenger Transportation,Transportation and Warehousing,Water Transportation,Inland Water Transportation,Inland Water Transportation
484110,48,Transportation,24,0.042514557361829595,12,4,0.021224522331447622,23,0.11879724797982101,0.027185138642384067,12,4,0.014421048453027467,23,0.07461759368789322,0.02285974054454952,10.0,0.004325398097834547,0.027106979791494918,"General Freight Trucking, Local",Transportation and Warehousing,Truck Transportation,General Freight Trucking,"General Freight Trucking, Local"
484121,48,Transportation,24,0.02310898997784097,12,4,0.011665299944003392,23,0.06457280948726382,0.008032958124470945,12,4,0.004861826065583236,23,0.02204881179120108,0.018496266689350664,10.0,0.0,0.0,"General Freight Trucking, Long-Distance, Truckload",Transportation and Warehousing,Truck Transportation,General Freight Trucking,"General Freight Trucking, Long-Distance"
484122,48,Transportation,24,0.012127706982821139,12,4,0.006346749670405586,23,0.03388811511320903,0.009472643176991261,9,3,0.005494351921527206,24,0.02600045006315043,0.01880452522584316,10.0,0.0,0.0,"General Freight Trucking, Long-Distance, Less Than Truckload",Transportation and Warehousing,Truck Transportation,General Freight Trucking,"General Freight Trucking, Long-Distance"
484210,48,Transportation,24,0.03747167422177414,6,2,0.02418850740423519,24,0.10470605954702568,0.034978867648744895,6,2,0.01875821031515284,24,0.09600977093445295,0.04834248574679507,10.0,0.0,0.0,Used Household and Office Goods Moving,Transportation and Warehousing,Truck Transportation,Specialized Freight Trucking,Used Household and Office Goods Moving
484220,48,Transportation,24,0.03893481097203106,12,4,0.014943415594537341,23,0.108794461970444,0.02360539225258553,12,4,0.008139941716117186,23,0.06479192882248629,0.032573916951547134,10.0,0.0,0.0,"Specialized Freight (except Used Goods) Trucking, Local",Transportation and Warehousing,Truck Transportation,Specialized Freight Trucking,"Specialized Freight (except Used Goods) Trucking, Local"
484230,48,Transportation,24,0.026719857029356198,12,4,0.012475311074000775,23,0.07466255509816719,0.011390438309910671,12,4,0.00567183719558062,23,0.03126440180852399,0.018459449902560193,10.0,0.0,0.0,"Specialized Freight (except Used Goods) Trucking, Long-Distance",Transportation and Warehousing,Truck Transportation,Specialized Freight Trucking,"Specialized Freight (except Used Goods) Trucking, Long-Distance"
485111,48,Transportation,24,0.03742050613201078,9,3,0.02007629265257711,24,0.10456308197356684,0.0442373620275633,9,3,0.023497118179897795,24,0.12142242675380653,0.03183232463560938,10.0,0.012405037391953921,0.0777415373777455,Mixed Mode Transit Systems,Transportation and Warehousing,Transit and Ground Passenger Transportation,Urban Transit Systems,Urban Transit Systems
485112,48,Transportation,24,0.037471149103798305,12,4,0.020799096023133828,23,0.10470459222443633,0.023876651692698467,12,4,0.013995622144713673,23,0.06553647998893851,0.05790771062631648,10.0,0.0,0.0,Commuter Rail Systems,Transportation and Warehousing,Transit and Ground Passenger Transportation,Urban Transit Systems,Urban Transit Systems
485113,48,Transportation,24,0.018064680989800262,12,4,0.008043012698130758,23,0.05047763684700648,0.020996915883108383,9,3,0.010302823476788825,24,0.05763219966154472,0.0187736367954004,10.0,0.0022232790877079814,0.013933140935981145,Bus and Other Motor Vehicle Transit Systems,Transportation and Warehousing,Transit and Ground Passenger Transportation,Urban Transit Systems,Urban Transit Systems
485119,48,Transportation,24,0.06607146838445646,12,4,0.033395590907937735,23,0.18462167081401304,0.050742049665010946,12,4,0.02659211702951758,23,0.13927645154222548,0.05523809906357844,10.0,0.0,0.0,Other Urban Transit Systems,Transportation and Warehousing,Transit and Ground Passenger Transportation,Urban Transit Systems,Urban Transit Systems
485210,48,Transportation,24,0.01952996100976414,3,1,0.009740777056176509,24,0.05457202814949739,0.024130914649251458,1,1,0.012964753304577432,23,0.0662343793166386,0.03751159866506006,10.0,0.0,0.0,Interurban and Rural Bus Transportation,Transportation and Warehousing,Transit and Ground Passenger Transportation,Interurban and Rural Bus Transportation,Interurban and Rural Bus Transportation
485310,48,Transportation,24,0.024104367718149,3,1,0.01326340546432156,24,0.06735416588814529,0.019550068691614318,3,1,0.011896400174003544,24,0.05366090279660786,0.03446119426795751,10.0,0.0,0.0,Taxi and Ridesharing Services,Transportation and Warehousing,Transit and Ground Passenger Transportation,Taxi and Limousine Service,Taxi and Ridesharing Services
485320,48,Transportation,24,0.04092469787626092,3,1,0.01539131793729473,24,0.11435474773331146,0.03678925403614744,5,2,0.014806487617050803,24,0.10097890784599638,0.0788662863247804,10.0,0.0,0.0,Limousine Service,Transportation and Warehousing,Transit and Ground Passenger Transportation,Taxi and Limousine Service,Limousine Service
485410,48,Transportation,24,0.3538776524528937,9,3,0.1767504573071137,24,0.9888305051649765,0.36069450834844624,9,3,0.18017128283443437,24,0.9900319664891167,0.154597121054618,10.0,0.20609738729382823,1.0,School and Employee Bus Transportation,Transportation and Warehousing,Transit and Ground Passenger Transportation,School and Employee Bus Transportation,School and Employee Bus Transportation
485510,48,Transportation,24,0.041287416241356234,10,4,0.015681404702863066,24,0.11536828159650887,0.04523433468112175,9,3,0.016232292774396747,24,0.1241589108806589,0.07457179302723323,10.0,0.0,0.0,Charter Bus Industry,Transportation and Warehousing,Transit and Ground Passenger Transportation,Charter Bus Industry,Charter Bus Industry
485991,48,Transportation,24,0.034754677058865646,12,4,0.016627885159114886,23,0.09711402976354495,0.019425258339420125,12,4,0.009824411280694731,23,0.05331832414469879,0.029862736504390096,10.0,0.0,0.0,Special Needs Transportation,Transportation and Warehousing,Transit and Ground Passenger Transportation,Other Transit and Ground Passenger Transportation,Other Transit and Ground Passenger Transportation
485999,48,Transportation,24,0.030801389344326358,12,4,0.015010443356104236,23,0.08606746759513918,0.017990685673735247,12,4,0.008206969477684081,23,0.04938071831925193,0.042410840741423136,10.0,0.0,0.0,All Other Transit and Ground Passenger Transportation,Transportation and Warehousing,Transit and Ground Passenger Transportation,Other Transit and Ground Passenger Transportation,Other Transit and Ground Passenger Transportation
486110,48,Transportation,24,0.013258725338015493,12,4,0.005991975711024814,23,0.037048488320631526,0.004952416448461336,2,1,0.002160172744106295,24,0.013593360813263806,0.01849131201776647,10.0,0.0,0.0,Pipeline Transportation of Crude Oil,Transportation and Warehousing,Pipeline Transportation,Pipeline Transportation of Crude Oil,Pipeline Transportation of Crude Oil
486210,48,Transportation,24,0.006134608774606194,7,3,0.0024466424054243783,24,0.017141767081183024,0.014903882839924804,1,1,0.008152691587226459,23,0.040908081755655364,0.017994045876866722,10.0,0.0,0.0,Pipeline Transportation of Natural Gas,Transportation and Warehousing,Pipeline Transportation,Pipeline Transportation of Natural Gas,Pipeline Transportation of Natural Gas
486910,48,Transportation,24,0.012186083987846416,2,1,0.004820239621124507,24,0.034051236358557654,0.012427854499367747,2,1,0.006314968002985179,24,0.03411189509257376,0.020025704753302228,10.0,0.0,0.0,Pipeline Transportation of Refined Petroleum Products,Transportation and Warehousing,Pipeline Transportation,Other Pipeline Transportation,Pipeline Transportation of Refined Petroleum Products
486990,48,Transportation,24,0.06289882316274002,12,4,0.037535744846894904,23,0.17575643630272464,0.0475694044432945,12,4,0.03073227096847475,23,0.13056819534445194,0.058593657827385945,10.0,0.0,0.0,All Other Pipeline Transportation,Transportation and Warehousing,Pipeline Transportation,Other Pipeline Transportation,All Other Pipeline Transportation
487110,48,Transportation,24,0.11134267108319605,12,4,0.04480038349467334,23,0.3111217363698047,0.09601325236375052,12,4,0.03799690961625319,23,0.26353655752050276,0.1467060425707777,10.0,0.0,0.0,"Scenic and Sightseeing Transportation, Land",Transportation and Warehousing,Scenic and Sightseeing Transportation,"Scenic and Sightseeing Transportation, Land","Scenic and Sightseeing Transportation, Land"
487210,48,Transportation,24,0.13973032027139,8,3,0.06501739766276081,24,0.3904445568209904,0.13465657051795848,8,3,0.061621367294528974,24,0.36960448863221274,0.20384512535850705,10.0,0.0,0.0,"Scenic and Sightseeing Transportation, Water",Transportation and Warehousing,Scenic and Sightseeing Transportation,"Scenic and Sightseeing Transportation, Water","Scenic and Sightseeing Transportation, Water"
487990,48,Transportation,24,0.09868208073126959,8,3,0.05467976014285438,24,0.27574460004428114,0.09360833097783808,8,3,0.05128372977462255,24,0.25693554476916214,0.12154313292337313,10.0,0.0,0.0,"Scenic and Sightseeing Transportation, Other",Transportation and Warehousing,Scenic and Sightseeing Transportation,"Scenic and Sightseeing Transportation, Other","Scenic and Sightseeing Transportation, Other"
488111,48,Transportation,24,0.02597582378640206,12,4,0.012873863108258351,23,0.07258352365215688,0.026242092337795075,5,2,0.008269286408876864,24,0.07202912625683217,0.036983687310172285,10.0,0.0,0.0,Air Traffic Control,Transportation and Warehousing,Support Activities for Transportation,Support Activities for Air Transportation,Airport Operations
488119,48,Transportation,24,0.037448847659777254,12,4,0.022717862999927493,23,0.10464227591820904,0.024649645535341092,12,4,0.01591438912150734,23,0.06765818851624482,0.04688255946746207,10.0,0.0,0.0,Other Airport Operations,Transportation and Warehousing,Support Activities for Transportation,Support Activities for Air Transportation,Airport Operations
488190,48,Transportation,24,0.022449636003218504,12,4,0.011355992830519438,23,0.06273039497114724,0.009065519731153928,12,4,0.004552518952099283,23,0.024882980247677714,0.022035756755744578,10.0,0.0,0.0,Other Support Activities for Air Transportation,Transportation and Warehousing,Support Activities for Transportation,Support Activities for Air Transportation,Other Support Activities for Air Transportation
488210,48,Transportation,24,0.034787425285715115,12,4,0.0176161550419365,23,0.09720553722516159,0.019458006566269587,12,4,0.010812681163516346,23,0.05340821126711509,0.022245941349701585,10.0,0.0,0.0,Support Activities for Rail Transportation,Transportation and Warehousing,Support Activities for Transportation,Support Activities for Rail Transportation,Support Activities for Rail Transportation
488310,48,Transportation,24,0.025941073237448972,10,4,0.014905252827103047,24,0.07248642115744476,0.01936591709290383,10,4,0.01175092220987859,24,0.053155444672950115,0.04174064488012541,10.0,0.0,0.0,Port and Harbor Operations,Transportation and Warehousing,Support Activities for Transportation,Support Activities for Water Transportation,Port and Harbor Operations
488320,48,Transportation,24,0.07400819469915357,12,4,0.04557147434034237,23,0.20679904493390833,0.05867877597970804,12,4,0.03876800046192222,23,0.16106112688093258,0.030146002967792802,10.0,0.028532773011915237,0.17881297488351625,Marine Cargo Handling,Transportation and Warehousing,Support Activities for Transportation,Support Activities for Water Transportation,Marine Cargo Handling
488330,48,Transportation,24,0.040064792480215834,12,4,0.021247576023277797,23,0.11195193794503713,0.024735373760770306,12,4,0.014444102144857642,23,0.0678934947979898,0.024484356284438416,10.0,0.0002510174763318898,0.0015731096894057185,Navigational Services to Shipping,Transportation and Warehousing,Support Activities for Transportation,Support Activities for Water Transportation,Navigational Services to Shipping
488390,48,Transportation,24,0.02450354893005166,12,4,0.010343918188505484,23,0.06846958687243765,0.009982062160525808,5,2,0.0043483762600050055,24,0.027398700012518606,0.023669234693854017,10.0,0.0,0.0,Other Support Activities for Water Transportation,Transportation and Warehousing,Support Activities for Transportation,Support Activities for Water Transportation,Other Support Activities for Water Transportation
488410,48,Transportation,24,0.02494748112940866,12,4,0.013070102200642473,23,0.06971005429926284,0.010600911610668479,12,4,0.006266628322222318,23,0.029097314002764284,0.01968612820638243,10.0,0.0,0.0,Motor Vehicle Towing,Transportation and Warehousing,Support Activities for Transportation,Support Activities for Road Transportation,Motor Vehicle Towing
488490,48,Transportation,24,0.06028346547347466,12,4,0.030693241354344286,23,0.16844841488024268,0.044954046754029135,12,4,0.023889767475924133,23,0.12338957838121706,0.029308194000880288,10.0,0.015645852753148847,0.09805150989746743,Other Support Activities for Road Transportation,Transportation and Warehousing,Support Activities for Transportation,Support Activities for Road Transportation,Other Support Activities for Road Transportation
488510,48,Transportation,24,0.03189529034362233,12,4,0.016984092384335476,23,0.0891241248048744,0.01656587162417681,12,4,0.01018061850591532,23,0.04546989788058046,0.017713964384068238,10.0,0.0,0.0,Freight Transportation Arrangement,Transportation and Warehousing,Support Activities for Transportation,Freight Transportation Arrangement,Freight Transportation Arrangement
488991,48,Transportation,24,0.037126402343067126,12,4,0.01880164901692096,23,0.10374127591665343,0.021796983623621598,12,4,0.011998175138500806,23,0.05982822044958402,0.02527527301277313,10.0,0.0,0.0,Packing and Crating,Transportation and Warehousing,Support Activities for Transportation,Other Support Activities for Transportation,Other Support Activities for Transportation
488999,48,Transportation,24,0.06269913091852543,12,4,0.03031590401025212,23,0.1751984418055996,0.0473697121990799,12,4,0.023512430131831963,23,0.1300200813569736,0.03258902849252631,10.0,0.01478068370655359,0.09262955350597932,All Other Support Activities for Transportation,Transportation and Warehousing,Support Activities for Transportation,Other Support Activities for Transportation,Other Support Activities for Transportation
491110,49,Warehousing & couriers,24,0.1427053860031071,12,4,0.08684102391841587,23,0.3987577004456345,0.12737596728366157,12,4,0.08003755003999571,23,0.3496207357043341,0.04564352499930435,10.0,0.08173244228435722,0.5122117343189211,Postal Service,Transportation and Warehousing,Postal Service,Postal Service,Postal Service
492110,49,Warehousing & couriers,24,0.22041726959096725,12,4,0.14950778693558497,23,0.6159058604745717,0.20508785087152173,12,4,0.14270431305716483,23,0.5629238139251366,0.07525990460251572,10.0,0.129827946269006,0.813623032212248,Couriers and Express Delivery Services,Transportation and Warehousing,Couriers and Messengers,Couriers and Express Delivery Services,Couriers and Express Delivery Services
492210,49,Warehousing & couriers,24,0.10277756862747776,12,4,0.05840601797649659,23,0.2871885082346794,0.08744814990803224,12,4,0.051602544098076436,23,0.2400271193917033,0.05170574265701342,10.0,0.035742407251018814,0.2239952691378395,Local Messengers and Local Delivery,Transportation and Warehousing,Couriers and Messengers,Local Messengers and Local Delivery,Local Messengers and Local Delivery
493110,49,Warehousing & couriers,24,0.06779267185142412,12,4,0.03489779366121671,23,0.18943118190332914,0.052463253131978596,12,4,0.028094319782796556,23,0.14400079974739327,0.03553532632775332,10.0,0.01692792680422528,0.10608618199184126,General Warehousing and Storage,Transportation and Warehousing,Warehousing and Storage,Warehousing and Storage,General Warehousing and Storage
493120,49,Warehousing & couriers,24,0.03986786125786516,12,4,0.021849536795166928,23,0.11140165849469603,0.02453844253841963,12,4,0.015046062916746773,23,0.06735295924556438,0.021684219698893264,10.0,0.002854222839526365,0.017887223113682498,Refrigerated Warehousing and Storage,Transportation and Warehousing,Warehousing and Storage,Warehousing and Storage,Refrigerated Warehousing and Storage
493130,49,Warehousing & couriers,24,0.06567476041132242,10,4,0.039200882560597845,24,0.1835131607321866,0.05735984012621445,10,4,0.03604655194337339,24,0.15744092023380002,0.05032301174348195,10.0,0.0070368283827325,0.04409933154186265,Farm Product Warehousing and Storage,Transportation and Warehousing,Warehousing and Storage,Warehousing and Storage,Farm Product Warehousing and Storage
493190,49,Warehousing & couriers,24,0.029314396869791585,12,4,0.014304617400185505,23,0.08191240578329881,0.013984978150346057,12,4,0.00750114352176535,23,0.038385878074192976,0.018152205474721083,10.0,0.0,0.0,Other Warehousing and Storage,Transportation and Warehousing,Warehousing and Storage,Warehousing and Storage,Other Warehousing and Storage
511110,51,Information,22,0.054071361872479726,1,1,0.027249446652413446,21,0.1510901061559395,0.06940078059192525,1,1,0.03577539149343882,21,0.19049081617546468,0.024248492829105062,10.0,0.045152287762820195,0.28296635922119645,,,,,
511120,51,Information,22,0.02465656686075545,1,1,0.011516143721724699,21,0.06889716063039703,0.03998598558020098,1,1,0.02004208856275007,21,0.10975327602639495,0.019268790289601604,10.0,0.020717195290599375,0.1298332734644422,,,,,
511130,51,Information,22,0.011547122884800805,1,1,0.005260890662485537,21,0.03226580507764492,0.02535527270327353,1,1,0.013786835503510907,21,0.06959498942811629,0.016043258249459253,10.0,0.009312014453814278,0.0583577700614478,,,,,
511140,51,Information,22,0.04869389115948902,1,1,0.024940615408110815,21,0.1360639889519313,0.06402330987893456,1,1,0.03346656024913619,21,0.17573076915091526,0.027617735302602836,10.0,0.03640557457633173,0.22815129428952127,,,,,
511191,51,Information,22,0.031802389863910624,1,1,0.015923611920406082,21,0.08886453557213633,0.04256380127921744,1,1,0.024449556761431453,21,0.11682884797626875,0.03522397029542797,10.0,0.007339830983789472,0.04599822852148024,,,,,
511199,51,Information,22,0.02356283534051084,12,4,0.011072583347473566,21,0.06584097699127248,0.022206979370001136,5,2,0.011211455758824538,22,0.06095357413711003,0.02347902348470267,10.0,0.0,0.0,,,,,
511210,51,Information,22,0.025248264214649308,12,4,0.01262253963329983,21,0.07055052412848774,0.01034474886008818,12,4,0.005819065754879674,21,0.02839420013263772,0.02078844784607843,10.0,0.0,0.0,,,,,
512110,51,Information,24,0.14800681483017497,2,1,0.06287131773623207,24,0.4135713359177516,0.14097559837101026,2,1,0.06436604611809274,24,0.38694891563860545,0.06361866248836757,10.0,0.07735693588264268,0.4847907291475794,Motion Picture and Video Production,Information,Motion Picture and Sound Recording Industries,Motion Picture and Video Industries,Motion Picture and Video Production
512120,51,Information,24,0.026140136776478834,2,1,0.010918195509697243,24,0.07304265888111687,0.020156140766041688,11,4,0.012524501813768962,24,0.05532444552817563,0.02326786669776832,10.0,0.0,0.0,Motion Picture and Video Distribution,Information,Motion Picture and Sound Recording Industries,Motion Picture and Video Industries,Motion Picture and Video Distribution
512131,51,Information,24,0.08256421118250754,3,1,0.029102079558276206,24,0.23070688438856554,0.07764659237231995,3,1,0.027735074267958192,24,0.21312386731234778,0.14640204960968806,10.0,0.0,0.0,Motion Picture Theaters (except Drive-Ins),Information,Motion Picture and Sound Recording Industries,Motion Picture and Video Industries,Motion Picture and Video Exhibition
512132,51,Information,24,0.19866723484877202,8,3,0.08326741816485271,24,0.5551303418951847,0.19663820977085822,8,3,0.07987138779662088,24,0.5397312933810317,0.2861517454688832,10.0,0.0,0.0,Drive-In Motion Picture Theaters,Information,Motion Picture and Sound Recording Industries,Motion Picture and Video Industries,Motion Picture and Video Exhibition
512191,51,Information,24,0.03795781960606965,12,4,0.017392389992853502,23,0.10606448210523044,0.02262840088662412,12,4,0.010588916114433347,23,0.062110289205308485,0.034644387917840025,10.0,0.0,0.0,Teleproduction and Other Postproduction Services,Information,Motion Picture and Sound Recording Industries,Motion Picture and Video Industries,Postproduction Services and Other Motion Picture and Video Industries
512199,51,Information,24,0.17929224968943291,2,1,0.060725595955092526,24,0.5009913584643972,0.17226103323026823,2,1,0.062220324336953195,24,0.4728209760090299,0.07588276136482794,10.0,0.09637827186544029,0.6039961660647186,Other Motion Picture and Video Industries,Information,Motion Picture and Sound Recording Industries,Motion Picture and Video Industries,Postproduction Services and Other Motion Picture and Video Industries
512210,51,Information,17,0.027714747175608706,12,4,0.01598970631236747,16,0.07744254902850864,0.021448703952332428,5,2,0.010636260140312465,17,0.05887226464800164,0.03760193866027932,10.0,0.0,0.0,,,,,
512220,51,Information,17,0.016601261556631913,6,2,0.008185311529816712,17,0.0463884445305724,0.03107789819211191,1,1,0.01593718348438419,16,0.08530241506133998,0.03621384378060834,10.0,0.0,0.0,,,,,
512230,51,Information,24,0.031983893379507376,12,4,0.01815114524384214,23,0.0893717058095693,0.016654474660061848,12,4,0.011347671365421986,23,0.04571309492357349,0.019232226398383647,10.0,0.0,0.0,Music Publishers,Information,Motion Picture and Sound Recording Industries,Sound Recording Industries,Music Publishers
512240,51,Information,24,0.05580634025023136,12,4,0.026815945328393265,23,0.15593810809624523,0.04047692153078583,12,4,0.02001247144997311,23,0.11110079386580765,0.03201533760249417,10.0,0.00846158392829166,0.05302817899306661,Sound Recording Studios,Information,Motion Picture and Sound Recording Industries,Sound Recording Industries,Sound Recording Studios
512250,51,Information,7,0.07385850584222806,12,4,0.03553155635429452,6,0.20638077351443537,0.05852908712278253,12,4,0.02872808247587437,6,0.16065026186925818,0.04524595029596298,10.0,0.013283136826819544,0.08324452764533313,Record Production and Distribution,Information,Motion Picture and Sound Recording Industries,Sound Recording Industries,Record Production and Distribution
512290,51,Information,24,0.06682002428564147,10,4,0.03580986403406773,24,0.18671333979842716,0.06354005633809814,10,4,0.032655533416843276,24,0.17440433794036597,0.05656473888232459,10.0,0.0069753174557735526,0.043713846687909653,Other Sound Recording Industries,Information,Motion Picture and Sound Recording Industries,Sound Recording Industries,Other Sound Recording Industries
513110,51,Information,2,,,,,,,,,,,,,,,,,Newspaper Publishers,Information,Publishing Industries,"Newspaper, Periodical, Book, and Directory Publishers",Newspaper Publishers
513120,51,Information,2,,,,,,,,,,,,,,,,,Periodical Publishers,Information,Publishing Industries,"Newspaper, Periodical, Book, and Directory Publishers",Periodical Publishers
513130,51,Information,2,,,,,,,,,,,,,,,,,Book Publishers,Information,Publishing Industries,"Newspaper, Periodical, Book, and Directory Publishers",Book Publishers
513140,51,Information,2,,,,,,,,,,,,,,,,,Directory and Mailing List Publishers,Information,Publishing Industries,"Newspaper, Periodical, Book, and Directory Publishers",Directory and Mailing List Publishers
513191,51,Information,2,,,,,,,,,,,,,,,,,Greeting Card Publishers,Information,Publishing Industries,"Newspaper, Periodical, Book, and Directory Publishers",Other Publishers
513199,51,Information,2,,,,,,,,,,,,,,,,,All Other Publishers,Information,Publishing Industries,"Newspaper, Periodical, Book, and Directory Publishers",Other Publishers
513210,51,Information,2,,,,,,,,,,,,,,,,,Software Publishers,Information,Publishing Industries,Software Publishers,Software Publishers
515111,51,Information,22,0.008932418704026224,6,2,0.005267905521511104,22,0.024959609735805768,0.017548789257170017,1,1,0.00943862686695259,21,0.04816780387738875,0.018419601790445002,10.0,0.0,0.0,,,,,
515112,51,Information,22,0.013246888961010629,1,1,0.006090573403169256,21,0.03701541426079215,0.027136003968642,1,1,0.014616518244194628,21,0.07448272915144548,0.02122565470289488,10.0,0.0059103492657471175,0.03703976246429012,,,,,
515120,51,Information,22,0.008309756966405442,6,2,0.003650116922473558,22,0.023219723319439254,0.012199573206793417,1,1,0.006857049376004679,21,0.033485310069045454,0.01641363063685019,10.0,0.0,0.0,,,,,
515210,51,Information,22,0.01460637453656109,12,4,0.006896952993356903,21,0.04081418708274934,0.007509222975495089,4,2,0.0032502608767209108,22,0.0206112669230127,0.016808024406649573,10.0,0.0,0.0,,,,,
516110,51,Information,9,0.00809054715562657,1,1,0.0036815642439192026,8,0.022607191427619824,0.0234199658750721,1,1,0.012207509084944574,8,0.06428297169416973,0.08915908128387547,10.0,0.0,0.0,Radio Broadcasting Stations,Information,Broadcasting and Content Providers,Radio and Television Broadcasting Stations,Radio Broadcasting Stations
516120,51,Information,2,,,,,,,,,,,,,,,,,Television Broadcasting Stations,Information,Broadcasting and Content Providers,Radio and Television Broadcasting Stations,Television Broadcasting Stations
516210,51,Information,2,,,,,,,,,,,,,,,,,"Media Streaming Distribution Services, Social Networks, and Other Media Networks and Content Providers",Information,Broadcasting and Content Providers,"Media Streaming Distribution Services, Social Networks, and Other Media Networks and Content Providers","Media Streaming Distribution Services, Social Networks, and Other Media Networks and Content Providers"
517110,51,Information,17,0.0355158152958662,1,1,0.01733921140267107,16,0.09924085721980491,0.05084523401531173,1,1,0.025865156243696442,16,0.13955967128323826,0.019732306751592838,10.0,0.03111292726371889,0.19498262853865517,,,,,
517111,51,Information,2,,,,,,,,,,,,,,,,,Wired Telecommunications Carriers,Information,Telecommunications,Wired and Wireless Telecommunications (except Satellite),Wired and Wireless Telecommunications Carriers (except Satellite)
517112,51,Information,2,,,,,,,,,,,,,,,,,Wireless Telecommunications Carriers (except Satellite),Information,Telecommunications,Wired and Wireless Telecommunications (except Satellite),Wired and Wireless Telecommunications Carriers (except Satellite)
517121,51,Information,2,,,,,,,,,,,,,,,,,Telecommunications Resellers,Information,Telecommunications,Wired and Wireless Telecommunications (except Satellite),Telecommunications Resellers and Agents for Wireless Telecommunication Services
517210,51,Information,10,0.009468640762807512,12,4,0.0050092769764377276,9,0.026457960156042848,0.012017109857241672,4,2,0.006190740780553871,10,0.03298448584081962,0.020209922278384817,10.0,0.0,0.0,,,,,
517211,51,Information,7,0.059052960666732865,1,1,0.029960930871811897,6,0.16501004944172323,0.0743823793861784,1,1,0.038486875712837265,6,0.20416427650375385,0.061672257524355775,10.0,0.012710121861822618,0.07965348128958334,,,,,
517212,51,Information,7,0.038634955725017,12,4,0.02117913226583777,6,0.10795658477383083,0.023305537005571475,12,4,0.014375658387417613,6,0.06396888806918316,0.041151405770648776,10.0,0.0,0.0,,,,,
517310,51,Information,7,0.05829788907771688,1,1,0.025831531273988535,6,0.16290017385159458,0.0736273077971624,1,1,0.034357476115013906,6,0.20209176086292405,0.05251587528376792,10.0,0.021111432513394472,0.13230393169974125,,,,,
517311,51,Information,5,0.004525504010016901,3,1,0.002789860971209546,5,0.01264549028550714,0.007270297944199821,9,3,0.002421474389214277,5,0.019955467033904835,0.024975238229290344,10.0,0.0,0.0,,,,,
517312,51,Information,5,0.010746782000630572,3,1,0.0058090485735322606,5,0.030029434752159096,0.008940255526756678,3,1,0.004442043283214245,5,0.024539155865160915,0.02783799484813789,10.0,0.0,0.0,,,,,
517410,51,Information,24,0.014496911085147834,3,1,0.008045057632093539,24,0.04050831639776031,0.024212392722368963,1,1,0.013371791585196023,23,0.06645801980765582,0.021133770706289225,10.0,0.003078622016079738,0.01929351770356213,Satellite Telecommunications,Information,Telecommunications,Satellite Telecommunications,Satellite Telecommunications
517510,51,Information,7,0.028337644447205823,12,4,0.014781481247022166,6,0.07918309359092984,0.013008225727760296,12,4,0.00797800736860201,6,0.03570489430725574,0.026210440638507315,10.0,0.0,0.0,,,,,
517810,51,Information,2,,,,,,,,,,,,,,,,,All Other Telecommunications,Information,Telecommunications,All Other Telecommunications,All Other Telecommunications
517910,51,Information,7,0.010899832473840668,12,4,0.005306379639142563,6,0.03045709944274089,0.008884866021929488,4,2,0.004138226476121176,7,0.02438712310858247,0.043082776073108495,10.0,0.0,0.0,,,,,
517911,51,Information,15,0.016887896835645948,1,1,0.008962512164493841,14,0.047189381537419084,0.03221731555509147,1,1,0.017488457005519212,14,0.08842988051039179,0.021392924734866932,10.0,0.010824390820224537,0.0678357313205378,,,,,
517919,51,Information,15,0.022330634149577082,12,4,0.00999383923166056,14,0.06239787139347522,0.007427643870983452,12,4,0.0031903653532404045,14,0.020387349121674697,0.019245876771662486,10.0,0.0,0.0,,,,,
518111,51,Information,7,0.05264710755704034,1,1,0.026824616252489997,6,0.14711035184125643,0.06797652627648587,1,1,0.035350561093515365,6,0.1865815320914029,0.09351507695213451,10.0,0.0,0.0,,,,,
518112,51,Information,7,0.03546970141934713,12,4,0.01724359806468584,6,0.09911200249417476,0.020140282699901604,12,4,0.010440124186265684,6,0.05528091841023511,0.13411338774857487,10.0,0.0,0.0,,,,,
518210,51,Information,24,0.024813073706134156,12,4,0.012215871423762781,23,0.0693344833658252,0.009483654986688628,12,4,0.005412397545342626,23,0.026030675207578624,0.019742107086885008,10.0,0.0,0.0,"Computing Infrastructure Providers, Data Processing, Web Hosting, and Related Services",Information,"Computing Infrastructure Providers, Data Processing, Web Hosting, and Related Services","Computing Infrastructure Providers, Data Processing, Web Hosting, and Related Services","Computing Infrastructure Providers, Data Processing, Web Hosting, and Related Services"
519110,51,Information,22,0.015794337758593468,3,1,0.00873188924044339,22,0.04413367975152151,0.02318963606190138,1,1,0.011554178378295829,21,0.06365076390448476,0.019041870433640484,10.0,0.004147765628260896,0.02599376901779598,,,,,
519120,51,Information,22,0.012819257564903316,12,4,0.0058313430873762435,21,0.035820495716187284,0.007617521439126745,1,1,0.004050432488920358,21,0.020908523849401558,0.0194279957108029,10.0,0.0,0.0,,,,,
519130,51,Information,15,0.09526208211765719,12,4,0.046854963648781715,14,0.26618819281336104,0.07993266339821166,12,4,0.04005148977036156,14,0.21939866035996172,0.034373117104038634,10.0,0.045559546294173026,0.2855186211239383,,,,,
519190,51,Information,22,0.0683339285515265,12,4,0.03243350068598777,21,0.19094360048211295,0.053004509832080965,12,4,0.025630026807567617,21,0.1454864376564132,0.03540294382794792,10.0,0.017601566004133047,0.11030783367930107,,,,,
519210,51,Information,2,,,,,,,,,,,,,,,,,Libraries and Archives,Information,"Web Search Portals, Libraries, Archives, and Other Information Services","Web Search Portals, Libraries, Archives, and Other Information Services",Libraries and Archives
519290,51,Information,2,,,,,,,,,,,,,,,,,Web Search Portals and All Other Information Services,Information,"Web Search Portals, Libraries, Archives, and Other Information Services","Web Search Portals, Libraries, Archives, and Other Information Services",Web Search Portals and All Other Information Services
521110,52,Finance & insurance,24,0.016150219424630442,12,4,0.008051686615015392,23,0.045128110016238884,0.008734894257740777,7,3,0.003952632707522565,24,0.02397548157487174,0.020136935975611784,10.0,0.0,0.0,Monetary Authorities-Central Bank,Finance and Insurance,Monetary Authorities-Central Bank,Monetary Authorities-Central Bank,Monetary Authorities-Central Bank
522110,52,Finance & insurance,24,0.0059477655897768045,8,3,0.0027668833420119027,24,0.016619676354173715,0.014723748805050825,1,1,0.008724599336144325,23,0.04041365101537467,0.014939892196753731,10.0,0.0,0.0,Commercial Banking,Finance and Insurance,Credit Intermediation and Related Activities,Depository Credit Intermediation,Commercial Banking
522120,52,Finance & insurance,22,0.008069378572706221,1,1,0.004404690264386824,21,0.022548040643732607,0.021120640834475325,1,1,0.012930635105412196,21,0.057971799112244565,0.01677283610822195,10.0,0.004347804726253374,0.027247400629070245,,,,,
522130,52,Finance & insurance,24,0.029190692971299566,12,4,0.01613471724492857,23,0.08156674341216893,0.013861274251854037,12,4,0.009331243366508415,23,0.0380463364092888,0.015023237719760352,10.0,0.0,0.0,Credit Unions,Finance and Insurance,Credit Intermediation and Related Activities,Depository Credit Intermediation,Credit Unions
522180,52,Finance & insurance,2,,,,,,,,,,,,,,,,,Savings Institutions and Other Depository Credit Intermediation,Finance and Insurance,Credit Intermediation and Related Activities,Depository Credit Intermediation,Savings Institutions and Other Depository Credit Intermediation
522190,52,Finance & insurance,22,0.006576027551913317,8,3,0.003727605964023596,22,0.01837521132251446,0.020296645731403707,1,1,0.011895039621457385,21,0.055710102653358316,0.020507178485484254,10.0,0.0,0.0,,,,,
522210,52,Finance & insurance,24,0.006068415020862453,7,3,0.0025456271563456625,24,0.01695680371178263,0.014258239314201657,1,1,0.007415026467213294,23,0.039135923559098756,0.01907507287365149,10.0,0.0,0.0,Credit Card Issuing,Finance and Insurance,Credit Intermediation and Related Activities,Nondepository Credit Intermediation,Credit Card Issuing
522220,52,Finance & insurance,24,0.005313002849809886,12,4,0.002236214545109129,23,0.014845976442719306,0.011669401469727413,1,1,0.007102142136416386,23,0.032030098095268064,0.019404377010290498,10.0,0.0,0.0,Sales Financing,Finance and Insurance,Credit Intermediation and Related Activities,Nondepository Credit Intermediation,Sales Financing
522291,52,Finance & insurance,24,0.012972906408188479,12,4,0.007481255166728784,23,0.036249832415666795,0.009381674222770933,2,1,0.003264227074212675,24,0.02575075906272853,0.017113430841259495,10.0,0.0,0.0,Consumer Lending,Finance and Insurance,Credit Intermediation and Related Activities,Nondepository Credit Intermediation,Other Nondepository Credit Intermediation
522292,52,Finance & insurance,24,0.010629717503974484,12,4,0.005353832685835259,23,0.029702324677355115,0.007948703793993882,1,1,0.003250060022886145,23,0.021817551046840508,0.03570566379123735,10.0,0.0,0.0,Real Estate Credit,Finance and Insurance,Credit Intermediation and Related Activities,Nondepository Credit Intermediation,Other Nondepository Credit Intermediation
522293,52,Finance & insurance,22,0.014072224433375136,3,1,0.009275002888598817,22,0.039321626270541504,0.011573778141349465,3,1,0.007907997598280802,22,0.031767631798595763,0.023572844019997714,10.0,0.0,0.0,,,,,
522294,52,Finance & insurance,22,0.023671822528094556,12,4,0.012828391570956346,21,0.06614551686545757,0.01068307128905381,12,4,0.006024917692536191,21,0.02932282535953649,0.02331760014005315,10.0,0.0,0.0,,,,,
522298,52,Finance & insurance,22,0.015643869578766664,12,4,0.008664961030283838,21,0.04371323069168946,0.006822422817997418,2,1,0.002534501572941314,22,0.018726142268285246,0.016609294721231176,10.0,0.0,0.0,,,,,
522299,52,Finance & insurance,2,,,,,,,,,,,,,,,,,"International, Secondary Market, and All Other Nondepository Credit Intermediation",Finance and Insurance,Credit Intermediation and Related Activities,Nondepository Credit Intermediation,Other Nondepository Credit Intermediation
522310,52,Finance & insurance,24,0.05409269404650595,12,4,0.02703022942049376,23,0.1511497140579147,0.03876327532706042,12,4,0.020226755542073607,23,0.10639718878817801,0.04948988193917512,10.0,0.0,0.0,Mortgage and Nonmortgage Loan Brokers,Finance and Insurance,Credit Intermediation and Related Activities,Activities Related to Credit Intermediation,Mortgage and Nonmortgage Loan Brokers
522320,52,Finance & insurance,24,0.019583027308619865,12,4,0.008892065466077492,23,0.05472030983595321,0.00894360796802832,2,1,0.0044106516035559455,24,0.02454835762440006,0.019526941629112664,10.0,0.0,0.0,"Financial Transactions Processing, Reserve, and Clearinghouse Activities",Finance and Insurance,Credit Intermediation and Related Activities,Activities Related to Credit Intermediation,"Financial Transactions Processing, Reserve, and Clearinghouse Activities"
522390,52,Finance & insurance,24,0.01141435938745652,12,4,0.0056240461502749025,23,0.0318948277208199,0.008922492291214413,2,1,0.003745291337231734,24,0.02449039945049954,0.018786701089639,10.0,0.0,0.0,Other Activities Related to Credit Intermediation,Finance and Insurance,Credit Intermediation and Related Activities,Activities Related to Credit Intermediation,Other Activities Related to Credit Intermediation
523110,52,Finance & insurance,22,0.024786581591575124,8,3,0.012426487921749118,22,0.06926045718519266,0.017969725696022603,8,3,0.009030457553517283,22,0.04932318750724308,0.022319986926933672,10.0,0.0,0.0,,,,,
523120,52,Finance & insurance,22,0.02203264618419414,8,3,0.010307420503601627,22,0.061565211890112194,0.01625518826539252,1,1,0.007950788112120695,21,0.04461713619573797,0.02193502202657179,10.0,0.0,0.0,,,,,
523130,52,Finance & insurance,22,0.03930061985743692,12,4,0.020028223183782327,21,0.10981663158879215,0.0239712011379914,12,4,0.013224749305362172,21,0.0657959986982264,0.020228387784424116,10.0,0.003742813353567284,0.02345596027086581,,,,,
523140,52,Finance & insurance,22,0.019561372738195328,8,3,0.007636120169754765,22,0.0546598010706678,0.02470355599515628,1,1,0.01257970408248694,21,0.0678061615995877,0.018567713673440112,10.0,0.006135842321716167,0.038452912323105555,,,,,
523150,52,Finance & insurance,2,,,,,,,,,,,,,,,,,Investment Banking and Securities Intermediation,Finance and Insurance,"Securities, Commodity Contracts, and Other Financial Investments and Related Activities",Securities and Commodity Contracts Intermediation and Brokerage,Investment Banking and Securities Intermediation
523160,52,Finance & insurance,2,,,,,,,,,,,,,,,,,Commodity Contracts Intermediation,Finance and Insurance,"Securities, Commodity Contracts, and Other Financial Investments and Related Activities",Securities and Commodity Contracts Intermediation and Brokerage,Commodity Contracts Intermediation
523210,52,Finance & insurance,24,0.016952793124674664,7,3,0.0075764405463963165,24,0.04737071943716719,0.01567591249590255,7,3,0.0077020778767151925,24,0.04302714378960566,0.022977404104655076,10.0,0.0,0.0,Securities and Commodity Exchanges,Finance and Insurance,"Securities, Commodity Contracts, and Other Financial Investments and Related Activities",Securities and Commodity Exchanges,Securities and Commodity Exchanges
523910,52,Finance & insurance,24,0.06819021299733166,12,4,0.036219075219542964,23,0.19054202009671842,0.05286079427788615,12,4,0.02941560134112281,23,0.1450919681276531,0.02782127122504447,10.0,0.025039523052841677,0.156921011668696,Miscellaneous Intermediation,Finance and Insurance,"Securities, Commodity Contracts, and Other Financial Investments and Related Activities",Other Financial Investment Activities,Miscellaneous Intermediation
523920,52,Finance & insurance,22,0.037159937630609055,12,4,0.02021078335503274,21,0.10383498264012433,0.021830518911163527,12,4,0.013407309476612584,21,0.05992026789112654,0.020037650072944724,10.0,0.001792868838218803,0.011235788768374553,,,,,
523930,52,Finance & insurance,22,0.07992968023095365,12,4,0.04054933367412293,21,0.22334528765127348,0.06460026151150812,12,4,0.03374585979570278,21,0.17731438228098848,0.021282181837082192,10.0,0.04331807967442593,0.27147150014443505,,,,,
523940,52,Finance & insurance,2,,,,,,,,,,,,,,,,,Portfolio Management and Investment Advice,Finance and Insurance,"Securities, Commodity Contracts, and Other Financial Investments and Related Activities",Other Financial Investment Activities,Portfolio Management and Investment Advice
523991,52,Finance & insurance,24,0.017158564792640614,2,1,0.007331202109103217,24,0.04794570149939418,0.011758890666540988,2,1,0.008825930490963889,24,0.032275727467077873,0.02117645767148666,10.0,0.0,0.0,"Trust, Fiduciary, and Custody Activities",Finance and Insurance,"Securities, Commodity Contracts, and Other Financial Investments and Related Activities",Other Financial Investment Activities,All Other Financial Investment Activities
523999,52,Finance & insurance,24,0.024573844247020152,12,4,0.012434883617419883,23,0.06866601112615041,0.012030565553355382,12,4,0.005631409738999728,23,0.03302141894896406,0.017437493536345675,10.0,0.0,0.0,Miscellaneous Financial Investment Activities,Finance and Insurance,"Securities, Commodity Contracts, and Other Financial Investments and Related Activities",Other Financial Investment Activities,All Other Financial Investment Activities
524113,52,Finance & insurance,24,0.013699893107453238,12,4,0.009164025347424602,23,0.0382812311776383,0.008672941007749782,1,1,0.004770434410667192,23,0.023805432692786396,0.01655018075522336,10.0,0.0,0.0,Direct Life Insurance Carriers,Finance and Insurance,Insurance Carriers and Related Activities,Insurance Carriers,"Direct Life, Health, and Medical Insurance Carriers"
524114,52,Finance & insurance,24,0.0223839309361007,12,4,0.011788500585077608,23,0.06254679712522607,0.008883938335395707,12,4,0.004985026706657453,23,0.02438457680055153,0.015626963698308703,10.0,0.0,0.0,Direct Health and Medical Insurance Carriers,Finance and Insurance,Insurance Carriers and Related Activities,Insurance Carriers,"Direct Life, Health, and Medical Insurance Carriers"
524126,52,Finance & insurance,24,0.006583784109820204,6,2,0.003366258331357725,24,0.018396885257051562,0.01296024175415265,1,1,0.0073588649714638995,23,0.03557318820513553,0.01543129511208562,10.0,0.0,0.0,Direct Property and Casualty Insurance Carriers,Finance and Insurance,Insurance Carriers and Related Activities,Insurance Carriers,"Direct Insurance (except Life, Health, and Medical) Carriers"
524127,52,Finance & insurance,24,0.006047368705567579,8,3,0.003638785655620679,24,0.016897994576928706,0.017849281015557203,1,1,0.010534098943806318,23,0.04899259172301473,0.029013656589882635,10.0,0.0,0.0,Direct Title Insurance Carriers,Finance and Insurance,Insurance Carriers and Related Activities,Insurance Carriers,"Direct Insurance (except Life, Health, and Medical) Carriers"
524128,52,Finance & insurance,24,0.03434279334268116,12,4,0.015981251095765946,23,0.09596311452399574,0.01901337462323563,12,4,0.00917777721734579,23,0.05218778836979575,0.022549185471332618,10.0,0.0,0.0,"Other Direct Insurance (except Life, Health, and Medical) Carriers",Finance and Insurance,Insurance Carriers and Related Activities,Insurance Carriers,"Direct Insurance (except Life, Health, and Medical) Carriers"
524130,52,Finance & insurance,24,0.020467476670060984,12,4,0.011231927834479604,23,0.05719170214570942,0.009339250685987985,12,4,0.004428453956059449,23,0.025634315211839422,0.01566588973686473,10.0,0.0,0.0,Reinsurance Carriers,Finance and Insurance,Insurance Carriers and Related Activities,Insurance Carriers,Reinsurance Carriers
524210,52,Finance & insurance,24,0.030585335956771178,12,4,0.015078833118476537,23,0.08546375560915208,0.015255917237325651,12,4,0.008275359240056382,23,0.041874343505318275,0.01770364004246243,10.0,0.0,0.0,Insurance Agencies and Brokerages,Finance and Insurance,Insurance Carriers and Related Activities,"Agencies, Brokerages, and Other Insurance Related Activities",Insurance Agencies and Brokerages
524291,52,Finance & insurance,24,0.027889330218522083,10,4,0.014167778506244927,24,0.07793038158114561,0.020589445009411594,10,4,0.011013447889020471,24,0.05651377622831806,0.026014992411713234,10.0,0.0,0.0,Claims Adjusting,Finance and Insurance,Insurance Carriers and Related Activities,"Agencies, Brokerages, and Other Insurance Related Activities",Other Insurance Related Activities
524292,52,Finance & insurance,24,0.01869786220419696,12,4,0.010471656722633296,23,0.0522469175454428,0.0072057995759039414,12,4,0.003668182844213141,23,0.019778432327466716,0.016791348788728615,10.0,0.0,0.0,Pharmacy Benefit Management and Other Third Party Administration of Insurance and Pension Funds,Finance and Insurance,Insurance Carriers and Related Activities,"Agencies, Brokerages, and Other Insurance Related Activities",Other Insurance Related Activities
524298,52,Finance & insurance,24,0.033871858316571656,12,4,0.017095988516729346,23,0.09464719384762658,0.018542439597126127,12,4,0.010292514638309191,23,0.0508951689392349,0.015288931819860182,10.0,0.0032535077772659453,0.020389515040008008,All Other Insurance Related Activities,Finance and Insurance,Insurance Carriers and Related Activities,"Agencies, Brokerages, and Other Insurance Related Activities",Other Insurance Related Activities
525110,52,Finance & insurance,24,0.05155712414427477,12,4,0.02833247920390109,23,0.1440646414348614,0.03622770542482924,12,4,0.021529005325480938,23,0.09943757282959098,0.03301880750562232,10.0,0.003208897919206921,0.020109948051361848,Pension Funds,Finance and Insurance,"Funds, Trusts, and Other Financial Vehicles",Insurance and Employee Benefit Funds,Pension Funds
525120,52,Finance & insurance,24,0.061174999759074644,12,4,0.03035465217971326,23,0.1709396043969898,0.04584558103962912,12,4,0.023551178301293108,23,0.12583665595388793,0.03434550763309395,10.0,0.011500073406535173,0.0720701887735424,Health and Welfare Funds,Finance and Insurance,"Funds, Trusts, and Other Financial Vehicles",Insurance and Employee Benefit Funds,Health and Welfare Funds
525190,52,Finance & insurance,24,0.028898408045656573,12,4,0.014492929638312247,23,0.08075001975450835,0.013568989326211046,12,4,0.0076894557598920915,23,0.03724407462539185,0.02387222482138445,10.0,0.0,0.0,Other Insurance Funds,Finance and Insurance,"Funds, Trusts, and Other Financial Vehicles",Insurance and Employee Benefit Funds,Other Insurance Funds
525910,52,Finance & insurance,24,0.09297137379123363,12,4,0.04606249866190433,23,0.2597873300973845,0.07764195507178809,12,4,0.03925902478348418,23,0.21311113887967553,0.04636631444835575,10.0,0.03127564062343234,0.19600234225142693,Open-End Investment Funds,Finance and Insurance,"Funds, Trusts, and Other Financial Vehicles",Other Investment Pools and Funds,Open-End Investment Funds
525920,52,Finance & insurance,24,0.14613482292846008,12,4,0.07774094269214639,23,0.4083404808891654,0.13080540420901454,12,4,0.07093746881372623,23,0.35903383211853745,0.06276734336943082,10.0,0.06803806083958372,0.4263899642334482,"Trusts, Estates, and Agency Accounts",Finance and Insurance,"Funds, Trusts, and Other Financial Vehicles",Other Investment Pools and Funds,"Trusts, Estates, and Agency Accounts"
525930,52,Finance & insurance,7,0.12191309856181234,12,4,0.06543524570475477,6,0.3406583885744286,0.1065836798423668,12,4,0.05863177182633462,6,0.2925501988736874,0.05726699334801997,10.0,0.04931668649434683,0.30906436678164123,,,,,
525990,52,Finance & insurance,24,0.1540569727233974,12,4,0.08148258518810954,23,0.43047712424435236,0.13872755400395187,12,4,0.07467911130968938,23,0.3807784979195657,0.05952284753094096,10.0,0.07920470647301091,0.4963705835146273,Other Financial Vehicles,Finance and Insurance,"Funds, Trusts, and Other Financial Vehicles",Other Investment Pools and Funds,Other Financial Vehicles
531110,53,Real estate,24,0.01904484703364697,12,4,0.009755521888326913,23,0.05321648762654677,0.009628735028659921,8,3,0.004744497448613801,24,0.026428889973611064,0.018991566385477544,10.0,0.0,0.0,Lessors of Residential Buildings and Dwellings,Real Estate and Rental and Leasing,Real Estate,Lessors of Real Estate,Lessors of Residential Buildings and Dwellings
531120,53,Real estate,24,0.03670972953320968,12,4,0.020002957820499746,23,0.1025769786455374,0.021380310813764153,12,4,0.013199483942079591,23,0.058684539601171426,0.02363879031578619,10.0,0.0,0.0,Lessors of Nonresidential Buildings (except Miniwarehouses),Real Estate and Rental and Leasing,Real Estate,Lessors of Real Estate,Lessors of Nonresidential Buildings (except Miniwarehouses)
531130,53,Real estate,24,0.040255548793291886,12,4,0.020249376170226544,23,0.11248496301772806,0.024926130073846357,12,4,0.013445902291806389,23,0.06841708149915592,0.02095980186440812,10.0,0.003966328209438236,0.024856712882336658,Lessors of Miniwarehouses and Self-Storage Units,Real Estate and Rental and Leasing,Real Estate,Lessors of Real Estate,Lessors of Miniwarehouses and Self-Storage Units
531190,53,Real estate,24,0.031153358436532986,12,4,0.015889328669561893,23,0.08705096506336506,0.01582393971708746,12,4,0.009085854791141738,23,0.04343344795418708,0.025844763343468143,10.0,0.0,0.0,Lessors of Other Real Estate Property,Real Estate and Rental and Leasing,Real Estate,Lessors of Real Estate,Lessors of Other Real Estate Property
531210,53,Real estate,24,0.08307378428877944,12,4,0.044811232201571294,23,0.23213077038023722,0.06774436556933391,12,4,0.03800775832315114,23,0.18594429887569475,0.027413981592060165,10.0,0.040330383977273745,0.25274781158351717,Offices of Real Estate Agents and Brokers,Real Estate and Rental and Leasing,Real Estate,Offices of Real Estate Agents and Brokers,Offices of Real Estate Agents and Brokers
531311,53,Real estate,24,0.039598188491493234,12,4,0.01996788737435129,23,0.11064811936626441,0.024268769772047706,12,4,0.013164413495931135,23,0.06661276317099082,0.01999551793344022,10.0,0.004273251838607488,0.026780182682165806,Residential Property Managers,Real Estate and Rental and Leasing,Real Estate,Activities Related to Real Estate,Real Estate Property Managers
531312,53,Real estate,24,0.039450844746623706,12,4,0.02138314115960977,23,0.11023640082833941,0.024121426027178178,12,4,0.014579667281189616,23,0.0662083350078037,0.019930201393308235,10.0,0.004191224633869943,0.026266123691321332,Nonresidential Property Managers,Real Estate and Rental and Leasing,Real Estate,Activities Related to Real Estate,Real Estate Property Managers
531320,53,Real estate,24,0.03998245126468525,12,4,0.02207889491196304,23,0.11172185417121125,0.02465303254523972,12,4,0.015275421033542886,23,0.06766748515922896,0.022443859103990573,10.0,0.0022091734412491466,0.013844741795634495,Offices of Real Estate Appraisers,Real Estate and Rental and Leasing,Real Estate,Activities Related to Real Estate,Offices of Real Estate Appraisers
531390,53,Real estate,24,0.08694652101234904,12,4,0.0453157309176453,23,0.24295225114963404,0.07161710229290351,12,4,0.038512257039225145,23,0.1965741617246913,0.02673133434538963,10.0,0.04488576794751388,0.2812960974131196,Other Activities Related to Real Estate,Real Estate and Rental and Leasing,Real Estate,Activities Related to Real Estate,Other Activities Related to Real Estate
532111,53,Real estate,24,0.02222697673971296,3,1,0.010664819355901092,24,0.062108224369286036,0.019457453490303957,3,1,0.009297814065583077,24,0.053406693187762075,0.046498267805342386,10.0,0.0,0.0,Passenger Car Rental,Real Estate and Rental and Leasing,Rental and Leasing Services,Automotive Equipment Rental and Leasing,Passenger Car Rental and Leasing
532112,53,Real estate,24,0.03380148601942187,12,4,0.017241865889000244,23,0.09445055449032921,0.018472067299976344,12,4,0.010438392010580088,23,0.050702011510660325,0.020773330199962522,10.0,0.0,0.0,Passenger Car Leasing,Real Estate and Rental and Leasing,Rental and Leasing Services,Automotive Equipment Rental and Leasing,Passenger Car Rental and Leasing
532120,53,Real estate,24,0.03235350918977463,12,4,0.01587990155001669,23,0.09040451301242645,0.0170240904703291,12,4,0.009076427671596535,23,0.04672761402218658,0.020698234651372344,10.0,0.0,0.0,"Truck, Utility Trailer, and RV (Recreational Vehicle) Rental and Leasing",Real Estate and Rental and Leasing,Rental and Leasing Services,Automotive Equipment Rental and Leasing,"Truck, Utility Trailer, and RV (Recreational Vehicle) Rental and Leasing"
532210,53,Real estate,24,0.0270628468674975,6,2,0.011314566423715316,24,0.07562096208590673,0.021719562430742655,9,3,0.009094868803860342,24,0.05961571525735129,0.029202152339346747,10.0,0.0,0.0,Consumer Electronics and Appliances Rental,Real Estate and Rental and Leasing,Rental and Leasing Services,Consumer Goods Rental,Consumer Electronics and Appliances Rental
532220,53,Real estate,17,0.11121631411771667,10,4,0.060603520415401346,17,0.310768660607207,0.11579859070018914,4,2,0.06381879170755579,17,0.31784322692494477,0.07203557785309866,10.0,0.04376301284709047,0.27425986649758566,,,,,
532230,53,Real estate,17,0.12771730096251122,1,1,0.07040899820492588,16,0.35687691029282625,0.14304671968195673,1,1,0.07893494304595125,16,0.39263371609121733,0.06372086644020278,10.0,0.07932585324175395,0.4971298021894972,,,,,
532281,53,Real estate,7,0.19165973375549034,10,4,0.09386214190245545,7,0.5355494760281709,0.19530887701668606,10,4,0.090707811285231,7,0.5360825493877905,0.2281301545732873,10.0,0.0,0.0,Formal Wear and Costume Rental,Real Estate and Rental and Leasing,Rental and Leasing Services,Consumer Goods Rental,Other Consumer Goods Rental
532282,53,Real estate,7,0.17923951562006088,1,1,0.09259092452740404,6,0.5008440051175692,0.1945689343395064,1,1,0.10111686936842941,6,0.5340515594868583,0.14197165224066927,10.0,0.05259728209883713,0.329623639418189,Video Tape and Disc Rental,Real Estate and Rental and Leasing,Rental and Leasing Services,Consumer Goods Rental,Other Consumer Goods Rental
532283,53,Real estate,7,0.0155344506823414,1,1,0.008810265081453198,6,0.043407484505467116,0.03086386940178693,1,1,0.01733620992247857,6,0.08471495021431207,0.02583305841965185,10.0,0.005030810982135078,0.03152775502810669,Home Health Equipment Rental,Real Estate and Rental and Leasing,Rental and Leasing Services,Consumer Goods Rental,Other Consumer Goods Rental
532284,53,Real estate,7,0.2023211242864416,8,3,0.11371790151784292,7,0.5653403037659721,0.19752257595911882,8,3,0.11032187114961109,7,0.5421586960062313,0.3972207600708483,10.0,0.0,0.0,Recreational Goods Rental,Real Estate and Rental and Leasing,Rental and Leasing Services,Consumer Goods Rental,Other Consumer Goods Rental
532289,53,Real estate,7,0.07200530038386191,6,2,0.026730076557093935,7,0.20120241292322902,0.06302438977491001,6,2,0.021299779468011586,7,0.17298893967454973,0.15096510041595917,10.0,0.0,0.0,All Other Consumer Goods Rental,Real Estate and Rental and Leasing,Rental and Leasing Services,Consumer Goods Rental,Other Consumer Goods Rental
532291,53,Real estate,17,0.008767758991024388,12,4,0.004812223987363785,16,0.024499505668596835,0.010435724380800747,1,1,0.004570409837364769,16,0.028643909156725284,0.01602639046935478,10.0,0.0,0.0,,,,,
532292,53,Real estate,17,0.2006177087090938,8,3,0.10928235886639211,17,0.5605804968830581,0.20037600895808644,8,3,0.10588632849816028,17,0.549990780548211,0.2254916959695243,10.0,0.0,0.0,,,,,
532299,53,Real estate,17,0.08031857823411745,12,4,0.037244053819642756,16,0.22443197455071623,0.06498915951467193,12,4,0.030440579941222602,16,0.17838182701863892,0.06025647375097307,10.0,0.0047326857636988615,0.02965942427826627,,,,,
532310,53,Real estate,24,0.03997511350154086,6,2,0.02189687497863187,24,0.11170135046325863,0.02601887157143314,6,2,0.01646657788954952,24,0.0714164313331018,0.038390062398769444,10.0,0.0,0.0,General Rental Centers,Real Estate and Rental and Leasing,Rental and Leasing Services,General Rental Centers,General Rental Centers
532411,53,Real estate,24,0.04314200706912055,12,4,0.02195963298736064,23,0.12055051328698455,0.027812588349675024,12,4,0.015156159108940486,23,0.07633981360864175,0.02269953500607124,10.0,0.005113053343603784,0.03204316239175562,"Commercial Air, Rail, and Water Transportation Equipment Rental and Leasing",Real Estate and Rental and Leasing,Rental and Leasing Services,Commercial and Industrial Machinery and Equipment Rental and Leasing,"Construction, Transportation, Mining, and Forestry Machinery and Equipment Rental and Leasing"
532412,53,Real estate,24,0.04195569858432671,12,4,0.02096354962273249,23,0.11723564440456383,0.026626279864881183,12,4,0.014160075744312333,23,0.07308364171004281,0.026929336682247305,10.0,0.0,0.0,"Construction, Mining, and Forestry Machinery and Equipment Rental and Leasing",Real Estate and Rental and Leasing,Rental and Leasing Services,Commercial and Industrial Machinery and Equipment Rental and Leasing,"Construction, Transportation, Mining, and Forestry Machinery and Equipment Rental and Leasing"
532420,53,Real estate,24,0.012287942124428214,6,2,0.006471575543758795,24,0.03433585572333867,0.010543479717106823,11,4,0.004889171158060413,24,0.02893967531072434,0.023361949773910307,10.0,0.0,0.0,Office Machinery and Equipment Rental and Leasing,Real Estate and Rental and Leasing,Rental and Leasing Services,Commercial and Industrial Machinery and Equipment Rental and Leasing,Office Machinery and Equipment Rental and Leasing
532490,53,Real estate,24,0.06090625132689045,12,4,0.024550648750844534,23,0.1701886481099313,0.045576832607444925,12,4,0.01774717487242438,23,0.12509899698584742,0.03861592286398319,10.0,0.006960909743461738,0.04362355452112076,Other Commercial and Industrial Machinery and Equipment Rental and Leasing,Real Estate and Rental and Leasing,Rental and Leasing Services,Commercial and Industrial Machinery and Equipment Rental and Leasing,Other Commercial and Industrial Machinery and Equipment Rental and Leasing
533110,53,Real estate,24,0.025696152667439333,12,4,0.013420442832111065,23,0.0718020464045062,0.011254173477458027,12,4,0.00661696895369091,23,0.030890382972877963,0.021819927916729175,10.0,0.0,0.0,Lessors of Nonfinancial Intangible Assets (except Copyrighted Works),Real Estate and Rental and Leasing,Lessors of Nonfinancial Intangible Assets (except Copyrighted Works),Lessors of Nonfinancial Intangible Assets (except Copyrighted Works),Lessors of Nonfinancial Intangible Assets (except Copyrighted Works)
541110,54,Professional & technical services,24,0.027965786400535153,12,4,0.015069748792659094,23,0.0781440209691062,0.014192538353727191,12,4,0.008266274914238939,23,0.03895558798538406,0.01566952583872163,10.0,0.0,0.0,Offices of Lawyers,"Professional, Scientific, and Technical Services","Professional, Scientific, and Technical Services",Legal Services,Offices of Lawyers
541191,54,Professional & technical services,24,0.014569988501567446,12,4,0.008374358605018393,23,0.04071251459477412,0.00539766881910326,1,1,0.0023303149444763175,23,0.014815486656290835,0.03461721830455129,10.0,0.0,0.0,Title Abstract and Settlement Offices,"Professional, Scientific, and Technical Services","Professional, Scientific, and Technical Services",Legal Services,Other Legal Services
541199,54,Professional & technical services,24,0.04697436371326881,12,4,0.02307064564239086,23,0.13125916112088504,0.03164494499382328,12,4,0.016267171763970703,23,0.08685884147537161,0.023644410340103554,10.0,0.008000534653719728,0.05013881411010669,All Other Legal Services,"Professional, Scientific, and Technical Services","Professional, Scientific, and Technical Services",Legal Services,Other Legal Services
541211,54,Professional & technical services,24,0.041858759944706364,4,2,0.018185713109602254,24,0.11696477145364033,0.04400685550548494,4,2,0.021736326629471815,24,0.1207897339346485,0.027970809583941093,10.0,0.01603604592154385,0.1004968243150601,Offices of Certified Public Accountants,"Professional, Scientific, and Technical Services","Professional, Scientific, and Technical Services","Accounting, Tax Preparation, Bookkeeping, and Payroll Services","Accounting, Tax Preparation, Bookkeeping, and Payroll Services"
541213,54,Professional & technical services,24,0.9421767189979011,4,2,0.47647931527159204,24,1.0,0.9443248145586797,4,2,0.4800299287914616,24,1.0,0.508800851100621,10.0,0.43552396345805866,1.0,Tax Preparation Services,"Professional, Scientific, and Technical Services","Professional, Scientific, and Technical Services","Accounting, Tax Preparation, Bookkeeping, and Payroll Services","Accounting, Tax Preparation, Bookkeeping, and Payroll Services"
541214,54,Professional & technical services,24,0.11762048096338262,12,4,0.04715005598254211,23,0.3286636463268933,0.10229106224393711,12,4,0.04034658210412196,23,0.28076784970009355,0.03691708665113645,10.0,0.06537397559280066,0.40969432066169886,Payroll Services,"Professional, Scientific, and Technical Services","Professional, Scientific, and Technical Services","Accounting, Tax Preparation, Bookkeeping, and Payroll Services","Accounting, Tax Preparation, Bookkeeping, and Payroll Services"
541219,54,Professional & technical services,24,0.03043315149948215,4,2,0.014332800315269992,24,0.08503851080282908,0.03258124706026072,4,2,0.017883413835139552,24,0.08942879736493395,0.0219963486968071,10.0,0.01058489836345362,0.06633484815578244,Other Accounting Services,"Professional, Scientific, and Technical Services","Professional, Scientific, and Technical Services","Accounting, Tax Preparation, Bookkeeping, and Payroll Services","Accounting, Tax Preparation, Bookkeeping, and Payroll Services"
541310,54,Professional & technical services,24,0.022847957779028476,12,4,0.01285811732926017,23,0.06384341445701268,0.012623658373287636,12,4,0.006054643450840015,23,0.03464933630627759,0.022274273285294736,10.0,0.0,0.0,Architectural Services,"Professional, Scientific, and Technical Services","Professional, Scientific, and Technical Services","Architectural, Engineering, and Related Services",Architectural Services
541320,54,Professional & technical services,24,0.08986554324544097,12,4,0.031898641601819794,23,0.25110879398111535,0.07932694676537136,4,2,0.029885989962775555,24,0.21773609324217588,0.06838353901413949,10.0,0.01094340775123187,0.0685816024451579,Landscape Architectural Services,"Professional, Scientific, and Technical Services","Professional, Scientific, and Technical Services","Architectural, Engineering, and Related Services",Landscape Architectural Services
541330,54,Professional & technical services,24,0.03212287293210771,12,4,0.016238691225208605,23,0.08976005251711869,0.01679345421266218,12,4,0.00943521734678845,23,0.04609456510561952,0.017754732837303402,10.0,0.0,0.0,Engineering Services,"Professional, Scientific, and Technical Services","Professional, Scientific, and Technical Services","Architectural, Engineering, and Related Services",Engineering Services
541340,54,Professional & technical services,24,0.028382150610937455,12,4,0.015841445271428917,23,0.07930745592932746,0.01305273189149193,12,4,0.009037971393008761,23,0.03582705453919792,0.025413015546706642,10.0,0.0,0.0,Drafting Services,"Professional, Scientific, and Technical Services","Professional, Scientific, and Technical Services","Architectural, Engineering, and Related Services",Drafting Services
541350,54,Professional & technical services,24,0.06868727412948009,12,4,0.02959126565838541,23,0.19193094422626805,0.05335785541003456,12,4,0.022787791779965254,23,0.14645629832602364,0.02979836038338864,10.0,0.023559495026645918,0.14764577528825285,Building Inspection Services,"Professional, Scientific, and Technical Services","Professional, Scientific, and Technical Services","Architectural, Engineering, and Related Services",Building Inspection Services
541360,54,Professional & technical services,24,0.02480462684813036,12,4,0.010197193937802588,23,0.06931088054488115,0.010875430635873588,3,1,0.004793942566571187,24,0.029850812057411504,0.031051260170529827,10.0,0.0,0.0,Geophysical Surveying and Mapping Services,"Professional, Scientific, and Technical Services","Professional, Scientific, and Technical Services","Architectural, Engineering, and Related Services",Geophysical Surveying and Mapping Services
541370,54,Professional & technical services,24,0.019506326702717035,12,4,0.010988194423357417,23,0.05450598746109951,0.008788638030765291,7,3,0.004968204425277086,24,0.024122997137383726,0.028313766672531382,10.0,0.0,0.0,Surveying and Mapping (except Geophysical) Services,"Professional, Scientific, and Technical Services","Professional, Scientific, and Technical Services","Architectural, Engineering, and Related Services",Surveying and Mapping (except Geophysical) Services
541380,54,Professional & technical services,24,0.03454470765907301,12,4,0.01573531105938097,23,0.09652731809574962,0.019215288939627484,12,4,0.008931837180960816,23,0.052742001486693606,0.01614542961184598,10.0,0.0030698593277815045,0.019238602523676537,Testing Laboratories and Services,"Professional, Scientific, and Technical Services","Professional, Scientific, and Technical Services","Architectural, Engineering, and Related Services",Testing Laboratories and Services
541410,54,Professional & technical services,24,0.057703618606665216,12,4,0.028815526912558186,23,0.16123962036362638,0.04237419988721969,12,4,0.02201205303413803,23,0.11630843129504977,0.030707445865549788,10.0,0.0116667540216699,0.0731147650099709,Interior Design Services,"Professional, Scientific, and Technical Services","Professional, Scientific, and Technical Services",Specialized Design Services,Interior Design Services
541420,54,Professional & technical services,24,0.07680819789993379,12,4,0.03903653182608484,23,0.2146230161858359,0.061478779180488274,12,4,0.032233057947664685,23,0.16874655765651378,0.0316611703870065,10.0,0.029817608793481776,0.18686495455765306,Industrial Design Services,"Professional, Scientific, and Technical Services","Professional, Scientific, and Technical Services",Specialized Design Services,Industrial Design Services
541430,54,Professional & technical services,24,0.030378718384066736,12,4,0.015231959302177578,23,0.08488640985878573,0.01504929966462121,12,4,0.008428485423757423,23,0.04130722092074547,0.022173208769876347,10.0,0.0,0.0,Graphic Design Services,"Professional, Scientific, and Technical Services","Professional, Scientific, and Technical Services",Specialized Design Services,Graphic Design Services
541490,54,Professional & technical services,24,0.11098239406607635,12,4,0.054533811177866154,23,0.3101150242975152,0.09565297534663084,12,4,0.047730337299446,23,0.26254767148125296,0.038715732421619395,10.0,0.05693724292501144,0.35682188285152366,Other Specialized Design Services,"Professional, Scientific, and Technical Services","Professional, Scientific, and Technical Services",Specialized Design Services,Other Specialized Design Services
541511,54,Professional & technical services,24,0.03375892799031147,12,4,0.01571004900139647,23,0.09433163577044858,0.01852843776966618,12,4,0.008906575122976315,23,0.05085673681328409,0.025028810233967563,10.0,0.0,0.0,Custom Computer Programming Services,"Professional, Scientific, and Technical Services","Professional, Scientific, and Technical Services",Computer Systems Design and Related Services,Computer Systems Design and Related Services
541512,54,Professional & technical services,24,0.027334948664813057,12,4,0.012272868279032801,23,0.07638128858810556,0.018421814564714232,4,2,0.007018400793087,24,0.05056407812614386,0.020010368540612767,10.0,0.0,0.0,Computer Systems Design Services,"Professional, Scientific, and Technical Services","Professional, Scientific, and Technical Services",Computer Systems Design and Related Services,Computer Systems Design and Related Services
541513,54,Professional & technical services,24,0.008122937771603677,12,4,0.004477163922210353,23,0.022697699627098483,0.008574630508990554,1,1,0.005044290976641034,23,0.023535590668135722,0.01727899205817131,10.0,0.0,0.0,Computer Facilities Management Services,"Professional, Scientific, and Technical Services","Professional, Scientific, and Technical Services",Computer Systems Design and Related Services,Computer Systems Design and Related Services
541519,54,Professional & technical services,24,0.04272185826661498,12,4,0.020754530928026614,23,0.11937650314606063,0.02739243954716946,12,4,0.013951057049606459,23,0.07518659187796656,0.024305005482395774,10.0,0.0030874340647736864,0.01934874222173726,Other Computer Related Services,"Professional, Scientific, and Technical Services","Professional, Scientific, and Technical Services",Computer Systems Design and Related Services,Computer Systems Design and Related Services
541611,54,Professional & technical services,24,0.08808961596916132,12,4,0.044989770490426594,23,0.24614636966986664,0.0727601972497158,12,4,0.03818629661200644,23,0.19971172140964052,0.02485571704387989,10.0,0.04790448020583592,0.30021416468272877,Administrative Management and General Management Consulting Services,"Professional, Scientific, and Technical Services","Professional, Scientific, and Technical Services","Management, Scientific, and Technical Consulting Services",Management Consulting Services
541612,54,Professional & technical services,24,0.06744439766057474,12,4,0.03257622583810391,23,0.18845800899544293,0.05211497894112921,12,4,0.02577275195968376,23,0.14304485898848676,0.027471684041307332,10.0,0.024643294899821876,0.15443787640720266,Human Resources Consulting Services,"Professional, Scientific, and Technical Services","Professional, Scientific, and Technical Services","Management, Scientific, and Technical Consulting Services",Management Consulting Services
541613,54,Professional & technical services,24,0.08972529041178426,12,4,0.04356962346317727,23,0.25071688937964004,0.07439587169233873,12,4,0.036766149584757116,23,0.2042013100989188,0.03160803055772381,10.0,0.04278784113461492,0.2681485307764769,Marketing Consulting Services,"Professional, Scientific, and Technical Services","Professional, Scientific, and Technical Services","Management, Scientific, and Technical Consulting Services",Management Consulting Services
541614,54,Professional & technical services,24,0.0648420789495443,12,4,0.032277949798471754,23,0.1811864220280488,0.04951266023009877,12,4,0.0254744759200516,23,0.13590203132884301,0.027045964264760275,10.0,0.0224666959653385,0.14079727686082372,"Process, Physical Distribution, and Logistics Consulting Services","Professional, Scientific, and Technical Services","Professional, Scientific, and Technical Services","Management, Scientific, and Technical Consulting Services",Management Consulting Services
541618,54,Professional & technical services,24,0.0819545986332387,12,4,0.04101949198823125,23,0.22900346095713353,0.06662517991379316,12,4,0.0342160181098111,23,0.18287236528708847,0.02403511919167533,10.0,0.04259006072211783,0.2669090541957209,Other Management Consulting Services,"Professional, Scientific, and Technical Services","Professional, Scientific, and Technical Services","Management, Scientific, and Technical Consulting Services",Management Consulting Services
541620,54,Professional & technical services,24,0.045307026310914364,12,4,0.02180574222284511,23,0.12660016648128974,0.029977607591468843,12,4,0.015002268344424955,23,0.08228234449788184,0.01881855584494852,10.0,0.011159051746520321,0.06993302890122624,Environmental Consulting Services,"Professional, Scientific, and Technical Services","Professional, Scientific, and Technical Services","Management, Scientific, and Technical Consulting Services",Environmental Consulting Services
541690,54,Professional & technical services,24,0.13117863658576406,12,4,0.0645064165382144,23,0.3665488243828019,0.11584921786631855,12,4,0.05770294265979425,23,0.3179821880448975,0.0451266275295744,10.0,0.07072259033674415,0.4432137305511961,Other Scientific and Technical Consulting Services,"Professional, Scientific, and Technical Services","Professional, Scientific, and Technical Services","Management, Scientific, and Technical Consulting Services",Other Scientific and Technical Consulting Services
541710,54,Professional & technical services,7,0.02642850839836819,12,4,0.013245858774391994,6,0.07384844770268155,0.011200680754490832,7,3,0.006543975971540008,7,0.030743556490948527,0.02162789588183252,10.0,0.0,0.0,,,,,
541711,54,Professional & technical services,10,0.030280809927239506,12,4,0.015813484545770473,9,0.08461282697455068,0.014951391207793981,12,4,0.009010010667350318,9,0.04103848241820377,0.023296027353801395,10.0,0.0,0.0,,,,,
541712,54,Professional & technical services,10,0.014868037718524907,7,3,0.007773711325351029,10,0.04154534525171226,0.012256689452776415,7,3,0.007899348655669904,10,0.033642082373641774,0.01922041722539719,10.0,0.0,0.0,,,,,
541713,54,Professional & technical services,7,0.08882442907331461,12,4,0.044550435406734624,6,0.24819963753785804,0.07349501035386909,12,4,0.03774696152831447,6,0.2017286316915239,0.04861412854792584,10.0,0.024880881805943243,0.15592681761383517,Research and Development in Nanotechnology,"Professional, Scientific, and Technical Services","Professional, Scientific, and Technical Services",Scientific Research and Development Services,"Research and Development in the Physical, Engineering, and Life Sciences"
541714,54,Professional & technical services,7,0.08664231857659863,12,4,0.04359814803754793,6,0.24210222672415682,0.0713128998571531,12,4,0.03679467415912778,6,0.1957391888357062,0.04005824574392188,10.0,0.031254654113231216,0.19587082119948013,Research and Development in Biotechnology (except Nanobiotechnology),"Professional, Scientific, and Technical Services","Professional, Scientific, and Technical Services",Scientific Research and Development Services,"Research and Development in the Physical, Engineering, and Life Sciences"
541715,54,Professional & technical services,7,0.04688943475650235,12,4,0.023224452735736274,6,0.1310218464935261,0.03156001603705682,12,4,0.016420978857316117,6,0.08662572902111117,0.02734516445936567,10.0,0.0042148515776911505,0.026414192163681575,"Research and Development in the Physical, Engineering, and Life Sciences (except Nanotechnology and Biotechnology)","Professional, Scientific, and Technical Services","Professional, Scientific, and Technical Services",Scientific Research and Development Services,"Research and Development in the Physical, Engineering, and Life Sciences"
541720,54,Professional & technical services,24,0.050422570975994355,12,4,0.02257526304331888,23,0.14089439099731338,0.03509315225654883,12,4,0.015771789164898728,23,0.09632345859086237,0.01768374561000516,10.0,0.01740940664654367,0.1091035838726695,Research and Development in the Social Sciences and Humanities,"Professional, Scientific, and Technical Services","Professional, Scientific, and Technical Services",Scientific Research and Development Services,Research and Development in the Social Sciences and Humanities
541810,54,Professional & technical services,24,0.02582525989771503,12,4,0.012601713978140028,23,0.07216280715571234,0.010495841178269506,12,4,0.005798240099719873,23,0.028808917355739854,0.019079809794330427,10.0,0.0,0.0,Advertising Agencies,"Professional, Scientific, and Technical Services","Professional, Scientific, and Technical Services","Advertising, Public Relations, and Related Services",Advertising Agencies
541820,54,Professional & technical services,24,0.04075524735410482,12,4,0.01673789080421071,23,0.11388125684101391,0.025425828634659302,12,4,0.009934416925790555,23,0.06978865089476063,0.022129439407314707,10.0,0.003296389227344595,0.02065825021175876,Public Relations Agencies,"Professional, Scientific, and Technical Services","Professional, Scientific, and Technical Services","Advertising, Public Relations, and Related Services",Public Relations Agencies
541830,54,Professional & technical services,24,0.04220100304598508,12,4,0.020792367814427636,23,0.11792109185528453,0.02687158432653955,12,4,0.01398889393600748,23,0.07375695181857814,0.018037686561868334,10.0,0.008833897764671216,0.05536144483601575,Media Buying Agencies,"Professional, Scientific, and Technical Services","Professional, Scientific, and Technical Services","Advertising, Public Relations, and Related Services",Media Buying Agencies
541840,54,Professional & technical services,24,0.006887884366541353,3,1,0.0035345275487516834,24,0.019246624166502482,0.010409924273626359,1,1,0.005172588023235702,23,0.028573093188502072,0.018835730236530894,10.0,0.0,0.0,Media Representatives,"Professional, Scientific, and Technical Services","Professional, Scientific, and Technical Services","Advertising, Public Relations, and Related Services",Media Representatives
541850,54,Professional & technical services,24,0.024139772555318427,6,2,0.008516222347714505,24,0.0674530966422657,0.012676495643546119,3,1,0.005540912108898301,24,0.03479436370582809,0.025033733472226528,10.0,0.0,0.0,Indoor and Outdoor Display Advertising,"Professional, Scientific, and Technical Services","Professional, Scientific, and Technical Services","Advertising, Public Relations, and Related Services",Indoor and Outdoor Display Advertising
541860,54,Professional & technical services,24,0.024365969618575758,1,1,0.012554151096023512,23,0.06808515281980959,0.03969538833802128,1,1,0.021080095937048883,23,0.1089556465852127,0.024202337450997747,10.0,0.015493050887023536,0.09709391085028721,Direct Mail Advertising,"Professional, Scientific, and Technical Services","Professional, Scientific, and Technical Services","Advertising, Public Relations, and Related Services",Direct Mail Advertising
541870,54,Professional & technical services,24,0.03761597126084741,12,4,0.018189595634873264,23,0.1051092647594815,0.026585411163593906,3,1,0.011499385957820088,24,0.07297146556162136,0.03620975502442954,10.0,0.0,0.0,Advertising Material Distribution Services,"Professional, Scientific, and Technical Services","Professional, Scientific, and Technical Services","Advertising, Public Relations, and Related Services",Advertising Material Distribution Services
541890,54,Professional & technical services,24,0.04653288222099161,12,4,0.020548775484584458,23,0.1300255416368529,0.031203463501546083,12,4,0.013745301606164302,23,0.08564706591502538,0.0320368010100097,10.0,0.0,0.0,Other Services Related to Advertising,"Professional, Scientific, and Technical Services","Professional, Scientific, and Technical Services","Advertising, Public Relations, and Related Services",Other Services Related to Advertising
541910,54,Professional & technical services,24,0.025028184154569765,6,2,0.007443749230740958,24,0.06993556052319434,0.01637304076176907,11,4,0.0073145506789656315,24,0.04494061696975244,0.020961147926863214,10.0,0.0,0.0,Marketing Research and Public Opinion Polling,"Professional, Scientific, and Technical Services","Professional, Scientific, and Technical Services","Other Professional, Scientific, and Technical Services",Marketing Research and Public Opinion Polling
541921,54,Professional & technical services,24,0.27440618682398865,12,4,0.13847306986328878,23,0.7667655938620739,0.25907676810454316,12,4,0.13166959598486863,23,0.7111122466838373,0.10869061806702188,10.0,0.1503861500375213,0.9424599164707324,"Photography Studios, Portrait","Professional, Scientific, and Technical Services","Professional, Scientific, and Technical Services","Other Professional, Scientific, and Technical Services",Photographic Services
541922,54,Professional & technical services,24,0.11953587607005389,12,4,0.06509035393887752,23,0.3340157817267754,0.10420645735060838,12,4,0.05828688006045737,23,0.28602521386885843,0.035297855908049944,10.0,0.06890860144255843,0.431845583808517,Commercial Photography,"Professional, Scientific, and Technical Services","Professional, Scientific, and Technical Services","Other Professional, Scientific, and Technical Services",Photographic Services
541930,54,Professional & technical services,24,0.06841064933312249,12,4,0.02893694089225171,23,0.19115797923334624,0.053081230613676963,12,4,0.022133467013831558,23,0.14569702036426163,0.02183715261715553,10.0,0.031244077996521433,0.19580454138535894,Translation and Interpretation Services,"Professional, Scientific, and Technical Services","Professional, Scientific, and Technical Services","Other Professional, Scientific, and Technical Services",Translation and Interpretation Services
541940,54,Professional & technical services,24,0.04428003992078659,12,4,0.024428864641376984,23,0.12373048690726583,0.028950621201341065,12,4,0.017625390762956827,23,0.07946347885994554,0.024524214632297172,10.0,0.004426406569043893,0.02773999310631842,Veterinary Services,"Professional, Scientific, and Technical Services","Professional, Scientific, and Technical Services","Other Professional, Scientific, and Technical Services",Veterinary Services
541990,54,Professional & technical services,24,0.11025674964642478,12,4,0.0526150565051233,23,0.3080873762302224,0.09492733092697925,12,4,0.045811582626703144,23,0.2605559273456159,0.03706082953079285,10.0,0.0578665013961864,0.3626454833686242,"All Other Professional, Scientific, and Technical Services","Professional, Scientific, and Technical Services","Professional, Scientific, and Technical Services","Other Professional, Scientific, and Technical Services","All Other Professional, Scientific, and Technical Services"
551111,55,Management of companies,24,0.03148378783202014,12,4,0.015942283693099663,23,0.08797427475471217,0.01615436911257461,12,4,0.009138809814679507,23,0.044340408433562954,0.01795742103593326,10.0,0.0,0.0,Offices of Bank Holding Companies,Management of Companies and Enterprises,Management of Companies and Enterprises,Management of Companies and Enterprises,Management of Companies and Enterprises
551112,55,Management of companies,24,0.05270951478431764,12,4,0.02836679912943372,23,0.1472847346248168,0.03738009606487211,12,4,0.021563325251013565,23,0.10260064724608066,0.023132479588585303,10.0,0.014247616476286806,0.08928885692464407,Offices of Other Holding Companies,Management of Companies and Enterprises,Management of Companies and Enterprises,Management of Companies and Enterprises,Management of Companies and Enterprises
551114,55,Management of companies,24,0.008629737092763205,12,4,0.004965074522207957,23,0.024113834907995183,0.009119529179158259,1,1,0.0048612822704701235,23,0.025031225033165447,0.01549365782087235,10.0,0.0,0.0,"Corporate, Subsidiary, and Regional Managing Offices",Management of Companies and Enterprises,Management of Companies and Enterprises,Management of Companies and Enterprises,Management of Companies and Enterprises
561110,56,Administrative & waste services,24,0.06551356075452897,12,4,0.032786008456376414,23,0.18306272500403417,0.05018414203508344,12,4,0.02598253457795626,23,0.13774511026812206,0.02079711730184412,10.0,0.029387024733239318,0.18416651312971247,Office Administrative Services,Administrative and Support and Waste Management and Remediation Services,Administrative and Support Services,Office Administrative Services,Office Administrative Services
561210,56,Administrative & waste services,24,0.015621459644542871,12,4,0.005397155340589541,23,0.04365061123429895,0.00833236686068109,4,2,0.0037813976109587633,24,0.02287062696452163,0.015018542704093297,10.0,0.0,0.0,Facilities Support Services,Administrative and Support and Waste Management and Remediation Services,Administrative and Support Services,Facilities Support Services,Facilities Support Services
561310,56,Administrative & waste services,7,0.10313220484874668,12,4,0.04879318556338343,6,0.28817945838763886,0.08780278612930115,12,4,0.04198971168496328,6,0.24100052261078406,0.07903355063603623,10.0,0.008769235493264915,0.05495621071775962,,,,,
561311,56,Administrative & waste services,17,0.10999254145779014,12,4,0.05003889746500855,16,0.3073491066197358,0.09466312273834462,12,4,0.0432354235865884,16,0.25983073040886695,0.05601923289419777,10.0,0.03864388984414686,0.24217866595781576,Employment Placement Agencies,Administrative and Support and Waste Management and Remediation Services,Administrative and Support Services,Employment Services,Employment Placement Agencies and Executive Search Services
561312,56,Administrative & waste services,17,0.08048334988383563,12,4,0.039254977100401864,16,0.2248923913995857,0.06515393116439011,12,4,0.03245150322198171,16,0.17883409118295646,0.035306710792310333,10.0,0.029847220372079777,0.18705052833479327,Executive Search Services,Administrative and Support and Waste Management and Remediation Services,Administrative and Support Services,Employment Services,Employment Placement Agencies and Executive Search Services
561320,56,Administrative & waste services,24,0.08467535747646704,12,4,0.03900421133769937,23,0.23660600189955625,0.06934593875702151,12,4,0.03220073745927922,23,0.19034028665976943,0.04285138163906171,10.0,0.026494557117959804,0.16603961257131342,Temporary Help Services,Administrative and Support and Waste Management and Remediation Services,Administrative and Support Services,Employment Services,Temporary Help Services
561330,56,Administrative & waste services,24,0.1000817898590631,12,4,0.04694335455242843,23,0.27965576842218354,0.08475237113961759,12,4,0.040139880674008276,23,0.23262776316769646,0.030954147307039076,10.0,0.05379822383257851,0.3371498607210532,Professional Employer Organizations,Administrative and Support and Waste Management and Remediation Services,Administrative and Support Services,Employment Services,Professional Employer Organizations
561410,56,Administrative & waste services,24,0.01411767333741035,10,4,0.005520690359216961,24,0.039448622882011106,0.01411528076822136,2,1,0.006353449976248272,24,0.03874353186161671,0.022762923818053397,10.0,0.0,0.0,Document Preparation Services,Administrative and Support and Waste Management and Remediation Services,Administrative and Support Services,Business Support Services,Document Preparation Services
561421,56,Administrative & waste services,24,0.012574462541777645,12,4,0.006793974237143785,23,0.03513647177542304,0.010941551814118716,11,4,0.0055647439482322154,24,0.03003230104216023,0.02187042068312649,10.0,0.0,0.0,Telephone Answering Services,Administrative and Support and Waste Management and Remediation Services,Administrative and Support Services,Business Support Services,Telephone Call Centers
561422,56,Administrative & waste services,24,0.018110502078412517,11,4,0.008940971927826025,24,0.05060567344351266,0.016367395936291513,11,4,0.010618691313025706,24,0.04492512308908977,0.02731697139553906,10.0,0.0,0.0,Telemarketing Bureaus and Other Contact Centers,Administrative and Support and Waste Management and Remediation Services,Administrative and Support Services,Business Support Services,Telephone Call Centers
561431,56,Administrative & waste services,24,0.09370753390716369,12,4,0.059672149750040815,23,0.26184436188300797,0.07837811518771816,12,4,0.05286867587162066,23,0.2151317464308197,0.023660604344465014,10.0,0.054717510843253145,0.3429109707639453,Private Mail Centers,Administrative and Support and Waste Management and Remediation Services,Administrative and Support Services,Business Support Services,Business Service Centers
561439,56,Administrative & waste services,24,0.006614088660854828,6,2,0.0036244722145660304,24,0.01848156442314373,0.01706791517251374,1,1,0.011243023784899242,23,0.046847903782857796,0.02317504603159497,10.0,0.0,0.0,Other Business Service Centers (including Copy Shops),Administrative and Support and Waste Management and Remediation Services,Administrative and Support Services,Business Support Services,Business Service Centers
561440,56,Administrative & waste services,24,0.0056510866591759495,3,1,0.0031807783128461053,24,0.01579067465038034,0.01527544797795045,1,1,0.007898197774407995,23,0.0419279513565614,0.017762493277046258,10.0,0.0,0.0,Collection Agencies,Administrative and Support and Waste Management and Remediation Services,Administrative and Support Services,Business Support Services,Collection Agencies
561450,56,Administrative & waste services,24,0.005092534422485769,7,3,0.002121691262654888,24,0.014229927633610471,0.016843706063881435,1,1,0.009208391623730869,23,0.04623249606362084,0.020859312325553957,10.0,0.0,0.0,Credit Bureaus,Administrative and Support and Waste Management and Remediation Services,Administrative and Support Services,Business Support Services,Credit Bureaus
561491,56,Administrative & waste services,24,0.033324404810897996,3,1,0.018025196590582826,24,0.0931174597069784,0.028406786000710425,3,1,0.016658191300264812,24,0.0779707634992608,0.03759529669724639,10.0,0.0,0.0,Repossession Services,Administrative and Support and Waste Management and Remediation Services,Administrative and Support Services,Business Support Services,Other Business Support Services
561492,56,Administrative & waste services,24,0.02229163989111857,12,4,0.0113163494635413,23,0.062288910819042795,0.00940914627967043,12,4,0.0045128755851211455,23,0.025826164187803053,0.015651839326268905,10.0,0.0,0.0,Court Reporting and Stenotype Services,Administrative and Support and Waste Management and Remediation Services,Administrative and Support Services,Business Support Services,Other Business Support Services
561499,56,Administrative & waste services,24,0.07200088511731605,12,4,0.029904936864747707,23,0.20119007546643083,0.05667146639787052,12,4,0.02310146298632755,23,0.15555147645193512,0.029147039509218174,10.0,0.027524426888652344,0.17249373735488197,All Other Business Support Services,Administrative and Support and Waste Management and Remediation Services,Administrative and Support Services,Business Support Services,Other Business Support Services
561510,56,Administrative & waste services,24,0.014231480572847052,3,1,0.006872263840710255,24,0.03976663128216936,0.027930855571773647,1,1,0.013768164961216696,23,0.07666443271915062,0.04042910694613044,10.0,0.0,0.0,Travel Agencies,Administrative and Support and Waste Management and Remediation Services,Administrative and Support Services,Travel Arrangement and Reservation Services,Travel Agencies
561520,56,Administrative & waste services,24,0.02930666160559577,6,2,0.016298823695112805,24,0.08189079134918771,0.0199327825709206,6,2,0.010868526606030455,24,0.054711373390871086,0.06347716361626288,10.0,0.0,0.0,Tour Operators,Administrative and Support and Waste Management and Remediation Services,Administrative and Support Services,Travel Arrangement and Reservation Services,Tour Operators
561591,56,Administrative & waste services,24,0.0406991731567941,6,2,0.018282955520322816,24,0.11372457026736578,0.032277768199581544,10,4,0.014894001327957613,24,0.08859581054015027,0.046636636912887705,10.0,0.0,0.0,Convention and Visitors Bureaus,Administrative and Support and Waste Management and Remediation Services,Administrative and Support Services,Travel Arrangement and Reservation Services,Other Travel Arrangement and Reservation Services
561599,56,Administrative & waste services,24,0.01311310932574616,7,3,0.006295359791827469,24,0.03664159753797166,0.01126906559082239,7,3,0.0064209971221463455,24,0.030931258749852794,0.03303849276214331,10.0,0.0,0.0,All Other Travel Arrangement and Reservation Services,Administrative and Support and Waste Management and Remediation Services,Administrative and Support Services,Travel Arrangement and Reservation Services,Other Travel Arrangement and Reservation Services
561611,56,Administrative & waste services,24,0.053202673298373866,12,4,0.02611280740684374,23,0.14866275377691782,0.037873254578928345,12,4,0.019309333528423588,23,0.10395426556341385,0.026052234141563796,10.0,0.011821020437364549,0.07408154229108052,Investigation and Personal Background Check Services,Administrative and Support and Waste Management and Remediation Services,Administrative and Support Services,Investigation and Security Services,"Investigation, Guard, and Armored Car Services"
561612,56,Administrative & waste services,24,0.023540861522209758,12,4,0.008937197615599538,23,0.06577957616050384,0.020847351552391962,5,2,0.007488078440500438,24,0.05722167644860807,0.023496316668558354,10.0,0.0,0.0,Security Guards and Patrol Services,Administrative and Support and Waste Management and Remediation Services,Administrative and Support Services,Investigation and Security Services,"Investigation, Guard, and Armored Car Services"
561613,56,Administrative & waste services,24,0.0049034627997934545,3,1,0.002265809649268808,24,0.013701610044513516,0.011257195808738376,1,1,0.005888291690500725,23,0.030898678648336304,0.017467802581434697,10.0,0.0,0.0,Armored Car Services,Administrative and Support and Waste Management and Remediation Services,Administrative and Support Services,Investigation and Security Services,"Investigation, Guard, and Armored Car Services"
561621,56,Administrative & waste services,24,0.028215997370277142,12,4,0.015053668213350399,23,0.07884317853922354,0.014004873492393278,12,4,0.008250194334930244,23,0.03844048668107521,0.017187718839660762,10.0,0.0,0.0,Security Systems Services (except Locksmiths),Administrative and Support and Waste Management and Remediation Services,Administrative and Support Services,Investigation and Security Services,Security Systems Services
561622,56,Administrative & waste services,24,0.0174051611045061,12,4,0.009451314030599536,23,0.048634758731303525,0.00558399568009966,12,4,0.0026478401521793805,23,0.015326915425879434,0.017840021690970456,10.0,0.0,0.0,Locksmiths,Administrative and Support and Waste Management and Remediation Services,Administrative and Support Services,Investigation and Security Services,Security Systems Services
561710,56,Administrative & waste services,24,0.03401243804268465,12,4,0.013546765053894246,23,0.09504001187562222,0.018683019323239125,12,4,0.00674329117547409,23,0.05128103126724601,0.032308904335296006,10.0,0.0,0.0,Exterminating and Pest Control Services,Administrative and Support and Waste Management and Remediation Services,Administrative and Support Services,Services to Buildings and Dwellings,Exterminating and Pest Control Services
561720,56,Administrative & waste services,24,0.020055462908556285,12,4,0.00814819126668506,23,0.05604042352413033,0.010304102732369511,5,2,0.005026626853449711,24,0.028282634902715764,0.020847033890617924,10.0,0.0,0.0,Janitorial Services,Administrative and Support and Waste Management and Remediation Services,Administrative and Support Services,Services to Buildings and Dwellings,Janitorial Services
561730,56,Administrative & waste services,24,0.11991899643701734,4,2,0.047228164366520754,24,0.3350863243376962,0.11494366511586154,4,2,0.05077877788639031,24,0.3154966326800553,0.11659354484869433,10.0,0.0,0.0,Landscaping Services,Administrative and Support and Waste Management and Remediation Services,Administrative and Support Services,Services to Buildings and Dwellings,Landscaping Services
561740,56,Administrative & waste services,24,0.042777396440236565,12,4,0.020174793855724408,23,0.1195316919235873,0.027447977720791043,12,4,0.013371319977304253,23,0.07533903269969561,0.030037280838520003,10.0,0.0,0.0,Carpet and Upholstery Cleaning Services,Administrative and Support and Waste Management and Remediation Services,Administrative and Support Services,Services to Buildings and Dwellings,Carpet and Upholstery Cleaning Services
561790,56,Administrative & waste services,24,0.0682206454591453,6,2,0.03450089524812968,24,0.19062705668035124,0.05426440352903759,6,2,0.02907059815904733,24,0.14894458577204858,0.07604078065792853,10.0,0.0,0.0,Other Services to Buildings and Dwellings,Administrative and Support and Waste Management and Remediation Services,Administrative and Support Services,Services to Buildings and Dwellings,Other Services to Buildings and Dwellings
561910,56,Administrative & waste services,24,0.03237785630539061,12,4,0.01623452603866428,23,0.09047254548202996,0.017048437585945084,12,4,0.009431052160244124,23,0.04679444182852607,0.018187339898567988,10.0,0.0,0.0,Packaging and Labeling Services,Administrative and Support and Waste Management and Remediation Services,Administrative and Support Services,Other Support Services,Packaging and Labeling Services
561920,56,Administrative & waste services,24,0.149178030076577,10,4,0.05484147052141273,24,0.4168440301829279,0.15282717333777274,10,4,0.05168713990418827,24,0.41947904237677597,0.11026311170769929,10.0,0.04256406163007345,0.26674611962953687,Convention and Trade Show Organizers,Administrative and Support and Waste Management and Remediation Services,Administrative and Support Services,Other Support Services,Convention and Trade Show Organizers
561990,56,Administrative & waste services,24,0.018443813237508794,6,2,0.010033997633129446,24,0.05153703556695211,0.010413512329731759,6,2,0.004603700544047095,24,0.028582941661821414,0.030408069647183577,10.0,0.0,0.0,All Other Support Services,Administrative and Support and Waste Management and Remediation Services,Administrative and Support Services,Other Support Services,All Other Support Services
562111,56,Administrative & waste services,24,0.030711439358534695,12,4,0.015214067516270665,23,0.0858161228456942,0.015382020639089168,12,4,0.00841059363785051,23,0.04222047131136819,0.01948472366888759,10.0,0.0,0.0,Solid Waste Collection,Administrative and Support and Waste Management and Remediation Services,Waste Management and Remediation Services,Waste Collection,Waste Collection
562112,56,Administrative & waste services,24,0.03059753610733255,12,4,0.016172760399756077,23,0.08549784615134673,0.015268117387887024,12,4,0.009369286521335922,23,0.041907830400106455,0.01915626015337198,10.0,0.0,0.0,Hazardous Waste Collection,Administrative and Support and Waste Management and Remediation Services,Waste Management and Remediation Services,Waste Collection,Waste Collection
562119,56,Administrative & waste services,24,0.05617597031457695,12,4,0.02513894095997387,23,0.15697095512887796,0.04084655159513143,12,4,0.018335467081553716,23,0.11211535208892331,0.043082815412700315,10.0,0.0,0.0,Other Waste Collection,Administrative and Support and Waste Management and Remediation Services,Waste Management and Remediation Services,Waste Collection,Waste Collection
562211,56,Administrative & waste services,24,0.005597583578048678,12,4,0.0036660467019589524,23,0.015641172475342587,0.011788884537315622,1,1,0.007739555695915403,23,0.032358054450656294,0.018137053468255386,10.0,0.0,0.0,Hazardous Waste Treatment and Disposal,Administrative and Support and Waste Management and Remediation Services,Waste Management and Remediation Services,Waste Treatment and Disposal,Waste Treatment and Disposal
562212,56,Administrative & waste services,24,0.00842702170477335,12,4,0.003943263687315973,23,0.023547392924102444,0.009010960860807413,9,3,0.004553036650262096,24,0.024733227411279098,0.01662032244119892,10.0,0.0,0.0,Solid Waste Landfill,Administrative and Support and Waste Management and Remediation Services,Waste Management and Remediation Services,Waste Treatment and Disposal,Waste Treatment and Disposal
562213,56,Administrative & waste services,24,0.013154754202146696,12,4,0.006556046525446752,23,0.036757964660572476,0.011331056621347705,3,1,0.005086908479049986,24,0.031101411331705735,0.01910750576803167,10.0,0.0,0.0,Solid Waste Combustors and Incinerators,Administrative and Support and Waste Management and Remediation Services,Waste Management and Remediation Services,Waste Treatment and Disposal,Waste Treatment and Disposal
562219,56,Administrative & waste services,24,0.020426224331293777,12,4,0.010266695722463815,23,0.05707643188012563,0.007369608721665446,12,4,0.0034632218440436603,23,0.020228054617114927,0.018475249626854994,10.0,0.0,0.0,Other Nonhazardous Waste Treatment and Disposal,Administrative and Support and Waste Management and Remediation Services,Waste Management and Remediation Services,Waste Treatment and Disposal,Waste Treatment and Disposal
562910,56,Administrative & waste services,24,0.04035634966085792,7,3,0.01761903590906318,24,0.1127666280850345,0.03195604215015142,7,3,0.017744673239382055,24,0.08771273894905086,0.03788520430396479,10.0,0.0,0.0,Remediation Services,Administrative and Support and Waste Management and Remediation Services,Waste Management and Remediation Services,Remediation and Other Waste Management Services,Remediation Services
562920,56,Administrative & waste services,24,0.030638024188447105,12,4,0.014522519401716701,23,0.08561098087297767,0.015308605469001577,12,4,0.007719045523296546,23,0.042018961824726,0.021639319474677544,10.0,0.0,0.0,Materials Recovery Facilities,Administrative and Support and Waste Management and Remediation Services,Waste Management and Remediation Services,Remediation and Other Waste Management Services,Materials Recovery Facilities
562991,56,Administrative & waste services,24,0.05280989170793146,12,4,0.02527919961954761,23,0.1475652150773008,0.03748047298848593,12,4,0.018475725741127456,23,0.10287616118038076,0.03442533345105746,10.0,0.003055139537428475,0.019146354584733214,Septic Tank and Related Services,Administrative and Support and Waste Management and Remediation Services,Waste Management and Remediation Services,Remediation and Other Waste Management Services,All Other Waste Management Services
562998,56,Administrative & waste services,24,0.04901986813500869,12,4,0.022863808546016152,23,0.13697485736970508,0.033690449415563165,12,4,0.016060334667595995,23,0.09247332885525977,0.023523457095324267,10.0,0.010166992320238898,0.06371585901028937,All Other Miscellaneous Waste Management Services,Administrative and Support and Waste Management and Remediation Services,Waste Management and Remediation Services,Remediation and Other Waste Management Services,All Other Waste Management Services
611110,61,Educational services,24,0.09193872351990225,9,3,0.03001334398790478,24,0.2569018240972697,0.09523391171690407,9,3,0.033434169515225466,24,0.26139742832584106,0.04145713559590575,10.0,0.05377677612099832,0.33701544935099476,Elementary and Secondary Schools,Educational Services,Educational Services,Elementary and Secondary Schools,Elementary and Secondary Schools
611210,61,Educational services,24,0.07631839745599191,2,1,0.02549942553327986,24,0.21325438039587866,0.06928718099682721,2,1,0.026994153915140533,24,0.19017900873752433,0.04050506623685472,10.0,0.028782114759972485,0.18037558289620936,Junior Colleges,Educational Services,Educational Services,Junior Colleges,Junior Colleges
611310,61,Educational services,24,0.10147269129205685,2,1,0.030740000846486346,24,0.28354232570289506,0.09444147483289217,2,1,0.03223472922834702,24,0.25922235266364413,0.04698696362353523,10.0,0.04745451120935694,0.2973942391594662,"Colleges, Universities, and Professional Schools",Educational Services,Educational Services,"Colleges, Universities, and Professional Schools","Colleges, Universities, and Professional Schools"
611410,61,Educational services,24,0.02947676265084278,3,1,0.012134546473974,24,0.08236609998010806,0.01959836100720534,3,1,0.010767541183655985,24,0.05379345523382075,0.029449210314667757,10.0,0.0,0.0,Business and Secretarial Schools,Educational Services,Educational Services,Business Schools and Computer and Management Training,Business and Secretarial Schools
611420,61,Educational services,24,0.03064069591257512,7,3,0.01746143885331856,24,0.08561844639757593,0.027345507715573307,7,3,0.017587076183637435,24,0.07505777368847201,0.024961342933198922,10.0,0.002384164782374385,0.014941400794477444,Computer Training,Educational Services,Educational Services,Business Schools and Computer and Management Training,Computer Training
611430,61,Educational services,24,0.053514764648852325,12,4,0.02292089926983719,23,0.14953482197792498,0.0381853459294068,12,4,0.016117425391417035,23,0.10481089189480212,0.017003733866070125,10.0,0.02118161206333667,0.13274374223255944,Professional and Management Development Training,Educational Services,Educational Services,Business Schools and Computer and Management Training,Professional and Management Development Training
611511,61,Educational services,24,0.027629057993182257,12,4,0.012080002279842232,23,0.07720311012368207,0.015265355359535774,3,1,0.00824224448722112,24,0.0419002492024536,0.03289442761281665,10.0,0.0,0.0,Cosmetology and Barber Schools,Educational Services,Educational Services,Technical and Trade Schools,Technical and Trade Schools
611512,61,Educational services,24,0.03808633245318804,12,4,0.01703404445276714,23,0.10642358198807253,0.022756913733742515,12,4,0.010230570574346986,23,0.062463030441470654,0.019263094801231357,10.0,0.003493818932511158,0.02189552893319485,Flight Training,Educational Services,Educational Services,Technical and Trade Schools,Technical and Trade Schools
611513,61,Educational services,24,0.10796600263365497,10,4,0.05421244201346651,24,0.301686405414062,0.09898823721236924,10,4,0.051058111396242056,24,0.2717022767975703,0.0761535027963485,10.0,0.02283473441602074,0.1431037491483413,Apprenticeship Training,Educational Services,Educational Services,Technical and Trade Schools,Technical and Trade Schools
611519,61,Educational services,24,0.04097743679481697,12,4,0.014242210567110739,23,0.11450211463007975,0.02705136896680522,2,1,0.008842087580124357,24,0.07425042354278528,0.023669983607092104,10.0,0.003381385359713114,0.02119091527295212,Other Technical and Trade Schools,Educational Services,Educational Services,Technical and Trade Schools,Technical and Trade Schools
611610,61,Educational services,24,0.11158537748233159,5,2,0.04429294382194901,24,0.31179992412650664,0.1163839258096544,5,2,0.045695461781039996,24,0.31944985096846695,0.08084526976567005,10.0,0.035538656043984346,0.22271837398815578,Fine Arts Schools,Educational Services,Educational Services,Other Schools and Instruction,Fine Arts Schools
611620,61,Educational services,24,0.14773971782088063,7,3,0.07497557628653867,24,0.412824994155852,0.14444452962387883,7,3,0.07510121361685755,24,0.3964704158289419,0.08709085350525331,10.0,0.05735367611862552,0.35943164174734776,Sports and Recreation Instruction,Educational Services,Educational Services,Other Schools and Instruction,Sports and Recreation Instruction
611630,61,Educational services,24,0.09604302708867947,10,4,0.05287914366831201,24,0.2683703656769182,0.09276305914113614,10,4,0.04972481305108756,24,0.2546154480686616,0.06089306997367111,10.0,0.03186998916746503,0.19972708471623363,Language Schools,Educational Services,Educational Services,Other Schools and Instruction,Language Schools
611691,61,Educational services,24,0.062388626596070716,2,1,0.026892327819560857,24,0.17433080819296373,0.05571286985170344,2,1,0.02838705620142153,24,0.15292032681781134,0.055614137482378104,10.0,9.873236932533835e-05,0.0006187491369657353,Exam Preparation and Tutoring,Educational Services,Educational Services,Other Schools and Instruction,All Other Schools and Instruction
611692,61,Educational services,24,0.05501108505298292,12,4,0.01761189432104151,23,0.15371594856461182,0.04274663678267804,7,3,0.013873390891762,24,0.11733069369014985,0.06554447657720433,10.0,0.0,0.0,Automobile Driving Schools,Educational Services,Educational Services,Other Schools and Instruction,All Other Schools and Instruction
611699,61,Educational services,24,0.08682270373551974,12,4,0.02993093852862917,23,0.24260627196856224,0.07222117585088443,7,3,0.023855355485019224,24,0.19823221894117155,0.04850287582608058,10.0,0.02371830002480385,0.1486409955612748,All Other Miscellaneous Schools and Instruction,Educational Services,Educational Services,Other Schools and Instruction,All Other Schools and Instruction
611710,61,Educational services,24,0.14899448325561734,6,2,0.08291524980533198,24,0.4163311503940152,0.13503824132550962,6,2,0.07748495271624962,24,0.3706520962098316,0.06821132541145382,10.0,0.0668269159140558,0.41879980021194624,Educational Support Services,Educational Services,Educational Services,Educational Support Services,Educational Support Services
621111,62,Health care & social assistance,24,0.03956583060223593,12,4,0.0207118349463638,23,0.11055770261415082,0.024236411882790403,12,4,0.013908361067943647,23,0.06652394744468679,0.0177458354852638,10.0,0.006490576397526603,0.04067600698557423,Offices of Physicians (except Mental Health Specialists),Health Care and Social Assistance,Ambulatory Health Care Services,Offices of Physicians,Offices of Physicians
621112,62,Health care & social assistance,24,0.0631562373497172,12,4,0.03119410006094121,23,0.17647572162289377,0.047826818630271675,12,4,0.024390626182521052,23,0.13127474414915127,0.024025871639602084,10.0,0.02380094699066959,0.1491589385535447,"Offices of Physicians, Mental Health Specialists",Health Care and Social Assistance,Ambulatory Health Care Services,Offices of Physicians,Offices of Physicians
621210,62,Health care & social assistance,24,0.037635023808438854,12,4,0.019159772383993162,23,0.10516250276456303,0.02697109161451725,12,4,0.012356298505573007,23,0.0740300787825778,0.042184830475421056,10.0,0.0,0.0,Offices of Dentists,Health Care and Social Assistance,Ambulatory Health Care Services,Offices of Dentists,Offices of Dentists
621310,62,Health care & social assistance,24,0.03852111702555437,12,4,0.019190118786583388,23,0.10763848845461796,0.023191698306108843,12,4,0.012386644908163233,23,0.06365642433912083,0.021066877607692068,10.0,0.0021248206984167753,0.01331610881351454,Offices of Chiropractors,Health Care and Social Assistance,Ambulatory Health Care Services,Offices of Other Health Practitioners,Offices of Chiropractors
621320,62,Health care & social assistance,24,0.03441151103805627,12,4,0.017877388567906917,23,0.09615513047346458,0.01908209231861075,12,4,0.011073914689486762,23,0.05237640425806181,0.027210054524133487,10.0,0.0,0.0,Offices of Optometrists,Health Care and Social Assistance,Ambulatory Health Care Services,Offices of Other Health Practitioners,Offices of Optometrists
621330,62,Health care & social assistance,24,0.0767101918799419,12,4,0.036598611713310546,23,0.21434916068355692,0.061380773160496366,12,4,0.029795137834890392,23,0.1684775513632252,0.02603478566148066,10.0,0.035345987499015706,0.2215109331383676,Offices of Mental Health Practitioners (except Physicians),Health Care and Social Assistance,Ambulatory Health Care Services,Offices of Other Health Practitioners,Offices of Mental Health Practitioners (except Physicians)
621340,62,Health care & social assistance,24,0.05420217844277046,12,4,0.025873894989707293,23,0.1514556432685204,0.038872759723324934,12,4,0.019070421111287136,23,0.10669770085482949,0.027238577517708785,10.0,0.011634182205616149,0.07291063962322711,"Offices of Physical, Occupational and Speech Therapists, and Audiologists",Health Care and Social Assistance,Ambulatory Health Care Services,Offices of Other Health Practitioners,"Offices of Physical, Occupational and Speech Therapists, and Audiologists"
621391,62,Health care & social assistance,24,0.030989758124094345,12,4,0.016796142836032223,23,0.08659382124975455,0.015660339404648817,12,4,0.009992668957612067,23,0.042984398868900216,0.017555934106207954,10.0,0.0,0.0,Offices of Podiatrists,Health Care and Social Assistance,Ambulatory Health Care Services,Offices of Other Health Practitioners,Offices of All Other Health Practitioners
621399,62,Health care & social assistance,24,0.10261879201909511,12,4,0.05018840550459242,23,0.28674484316346865,0.08728937329964959,12,4,0.04338493162617227,23,0.23959131037828274,0.03140170393456255,10.0,0.05588766936508704,0.35024427574229555,Offices of All Other Miscellaneous Health Practitioners,Health Care and Social Assistance,Ambulatory Health Care Services,Offices of Other Health Practitioners,Offices of All Other Health Practitioners
621410,62,Health care & social assistance,24,0.03731217391485729,12,4,0.018236356433809216,23,0.10426037226508139,0.02198275519541177,12,4,0.011432882555389061,23,0.06033812506493104,0.01999010590246702,10.0,0.001992649292944751,0.012487799479643675,Family Planning Centers,Health Care and Social Assistance,Ambulatory Health Care Services,Outpatient Care Centers,Family Planning Centers
621420,62,Health care & social assistance,24,0.03239329925333511,12,4,0.016142572062050834,23,0.09051569728297401,0.017063880533889582,12,4,0.009339098183630679,23,0.04683682953271344,0.017548093517505494,10.0,0.0,0.0,Outpatient Mental Health and Substance Abuse Centers,Health Care and Social Assistance,Ambulatory Health Care Services,Outpatient Care Centers,Outpatient Mental Health and Substance Abuse Centers
621491,62,Health care & social assistance,24,0.03274152290102017,12,4,0.01785028296365373,23,0.09148872895949856,0.017686543258216336,12,4,0.011046809085233573,23,0.0485459101734122,0.018904284816648784,10.0,0.0,0.0,HMO Medical Centers,Health Care and Social Assistance,Ambulatory Health Care Services,Outpatient Care Centers,Other Outpatient Care Centers
621492,62,Health care & social assistance,24,0.0424136977883463,12,4,0.02204691222125565,23,0.11851541887219888,0.02708427906890077,12,4,0.015243438342835496,23,0.07434075497933586,0.01981274278748551,10.0,0.007271536281415261,0.04557023020196124,Kidney Dialysis Centers,Health Care and Social Assistance,Ambulatory Health Care Services,Outpatient Care Centers,Other Outpatient Care Centers
621493,62,Health care & social assistance,24,0.057421123217559794,12,4,0.02985639924242772,23,0.16045025133628132,0.042091704498114266,12,4,0.023052925364007562,23,0.1155330397680738,0.021065957646180654,10.0,0.021025746851933612,0.13176694540597023,Freestanding Ambulatory Surgical and Emergency Centers,Health Care and Social Assistance,Ambulatory Health Care Services,Outpatient Care Centers,Other Outpatient Care Centers
621498,62,Health care & social assistance,24,0.05205835968271712,12,4,0.02628141380923088,23,0.14546522999209038,0.03672894096327159,12,4,0.019477939930810727,23,0.10081336091150689,0.0176545923305101,10.0,0.01907434863276149,0.11953766363911049,All Other Outpatient Care Centers,Health Care and Social Assistance,Ambulatory Health Care Services,Outpatient Care Centers,Other Outpatient Care Centers
621511,62,Health care & social assistance,24,0.02858105368421887,12,4,0.01462863715805029,23,0.07986324526801115,0.013426218629152189,12,4,0.007825163279630135,23,0.036852198534421114,0.017573885974764752,10.0,0.0,0.0,Medical Laboratories,Health Care and Social Assistance,Ambulatory Health Care Services,Medical and Diagnostic Laboratories,Medical and Diagnostic Laboratories
621512,62,Health care & social assistance,24,0.037905734244951486,12,4,0.019512872745712305,23,0.10591894142587649,0.022576315525505965,12,4,0.01270939886729215,23,0.061967325641129986,0.01975990370309599,10.0,0.0028164118224099748,0.017650264005251996,Diagnostic Imaging Centers,Health Care and Social Assistance,Ambulatory Health Care Services,Medical and Diagnostic Laboratories,Medical and Diagnostic Laboratories
621610,62,Health care & social assistance,24,0.05433637882607391,12,4,0.026187543467120586,23,0.15183063567591168,0.03900696010662838,12,4,0.019384069588700432,23,0.10706605320372956,0.019369990595610627,10.0,0.019636969511017753,0.12306357095034753,Home Health Care Services,Health Care and Social Assistance,Ambulatory Health Care Services,Home Health Care Services,Home Health Care Services
621910,62,Health care & social assistance,24,0.03710517109327338,12,4,0.018283187050604374,23,0.1036819500244607,0.021775752373827853,12,4,0.011479713172184219,23,0.05976994505171181,0.016029193614497565,10.0,0.0057465587593302885,0.03601329834536833,Ambulance Services,Health Care and Social Assistance,Ambulatory Health Care Services,Other Ambulatory Health Care Services,Ambulance Services
621991,62,Health care & social assistance,24,0.03640985374795917,12,4,0.018579687035215557,23,0.1017390440595,0.02108043502851365,12,4,0.011776213156795402,23,0.05786144247464901,0.021729783503644004,10.0,0.0,0.0,Blood and Organ Banks,Health Care and Social Assistance,Ambulatory Health Care Services,Other Ambulatory Health Care Services,All Other Ambulatory Health Care Services
621999,62,Health care & social assistance,24,0.06836063130052043,12,4,0.030821663300428976,23,0.19101821523270243,0.053031212581074905,12,4,0.02401818942200882,23,0.14555973119009682,0.024156482184276663,10.0,0.02887473039679824,0.1809559988808257,All Other Miscellaneous Ambulatory Health Care Services,Health Care and Social Assistance,Ambulatory Health Care Services,Other Ambulatory Health Care Services,All Other Ambulatory Health Care Services
622110,62,Health care & social assistance,24,0.01951062191539432,12,4,0.010236136856162788,23,0.054517989454703895,0.007848320875635357,12,4,0.003432662977742633,23,0.021542020658203705,0.017245542645785965,10.0,0.0,0.0,General Medical and Surgical Hospitals,Health Care and Social Assistance,Hospitals,General Medical and Surgical Hospitals,General Medical and Surgical Hospitals
622210,62,Health care & social assistance,24,0.029224205477021144,12,4,0.013685628257414276,23,0.08166038647703137,0.013894786757575618,12,4,0.0068821543789941205,23,0.03813832131943737,0.018244163264027162,10.0,0.0,0.0,Psychiatric and Substance Abuse Hospitals,Health Care and Social Assistance,Hospitals,Psychiatric and Substance Abuse Hospitals,Psychiatric and Substance Abuse Hospitals
622310,62,Health care & social assistance,24,0.03824078304963212,12,4,0.018586509082978726,23,0.10685515900415765,0.022911364330186597,12,4,0.01178303520455857,23,0.0628869654451476,0.0191226142631781,10.0,0.0037887500670084964,0.02374384257320511,Specialty (except Psychiatric and Substance Abuse) Hospitals,Health Care and Social Assistance,Hospitals,Specialty (except Psychiatric and Substance Abuse) Hospitals,Specialty (except Psychiatric and Substance Abuse) Hospitals
623110,62,Health care & social assistance,24,0.007719423978137798,12,4,0.0038886673466871887,23,0.021570172230360667,0.009454122674694079,1,1,0.0046951882095747615,23,0.02594961510757098,0.01773866366138755,10.0,0.0,0.0,Nursing Care Facilities (Skilled Nursing Facilities),Health Care and Social Assistance,Nursing and Residential Care Facilities,Nursing Care Facilities (Skilled Nursing Facilities),Nursing Care Facilities (Skilled Nursing Facilities)
623210,62,Health care & social assistance,24,0.02100160726235622,12,4,0.010634502461687328,23,0.05868420843917668,0.008042307069554083,12,4,0.0038310285832671726,23,0.022074472715531857,0.019241239445513456,10.0,0.0,0.0,Residential Intellectual and Developmental Disability Facilities,Health Care and Social Assistance,Nursing and Residential Care Facilities,"Residential Intellectual and Developmental Disability, Mental Health, and Substance Abuse Facilities",Residential Intellectual and Developmental Disability Facilities
623220,62,Health care & social assistance,24,0.027451012243494534,12,4,0.013945310560405802,23,0.07670560182558567,0.012121593524049009,12,4,0.007141836681985647,23,0.03327127193742227,0.01651240452138103,10.0,0.0,0.0,Residential Mental Health and Substance Abuse Facilities,Health Care and Social Assistance,Nursing and Residential Care Facilities,"Residential Intellectual and Developmental Disability, Mental Health, and Substance Abuse Facilities",Residential Mental Health and Substance Abuse Facilities
623311,62,Health care & social assistance,24,0.028006310242161863,12,4,0.015352749567207065,23,0.07825725561534401,0.014154564824935661,12,4,0.00854927568878691,23,0.03885135848780687,0.018355603537266518,10.0,0.0,0.0,Continuing Care Retirement Communities,Health Care and Social Assistance,Nursing and Residential Care Facilities,Continuing Care Retirement Communities and Assisted Living Facilities for the Elderly,Continuing Care Retirement Communities and Assisted Living Facilities for the Elderly
623312,62,Health care & social assistance,24,0.03603133622941441,12,4,0.018445562581513312,23,0.10068136306019972,0.02070191750996888,12,4,0.011642088703093157,23,0.05682249002441253,0.020386215877402677,10.0,0.00031570163256620237,0.001978480958411275,Assisted Living Facilities for the Elderly,Health Care and Social Assistance,Nursing and Residential Care Facilities,Continuing Care Retirement Communities and Assisted Living Facilities for the Elderly,Continuing Care Retirement Communities and Assisted Living Facilities for the Elderly
623990,62,Health care & social assistance,24,0.023472569822718812,12,4,0.011626567980709046,23,0.06558875055951398,0.009767595174003772,12,4,0.004823094102288891,23,0.02681003240738754,0.01585264519978814,10.0,0.0,0.0,Other Residential Care Facilities,Health Care and Social Assistance,Nursing and Residential Care Facilities,Other Residential Care Facilities,Other Residential Care Facilities
624110,62,Health care & social assistance,24,0.03949921840120897,12,4,0.017366535609240678,23,0.11037156998911762,0.02927491899546813,12,4,0.010563061730820522,23,0.08035360935934738,0.019752277617486307,10.0,0.009522641377981821,0.059677754869276865,Child and Youth Services,Health Care and Social Assistance,Social Assistance,Individual and Family Services,Child and Youth Services
624120,62,Health care & social assistance,24,0.055060743722051456,12,4,0.02701483514645673,23,0.1538547084057052,0.03973132500260593,12,4,0.020211361268036576,23,0.10905428531101616,0.02038419526555498,10.0,0.019347129737050946,0.12124716452532436,Services for the Elderly and Persons with Disabilities,Health Care and Social Assistance,Social Assistance,Individual and Family Services,Services for the Elderly and Persons with Disabilities
624190,62,Health care & social assistance,24,0.039745652011856585,12,4,0.01911848178532249,23,0.11106017258952837,0.024416233292411056,12,4,0.012315007906902336,23,0.067017520093183,0.018899837645180863,10.0,0.005516395647230193,0.03457088155798214,Other Individual and Family Services,Health Care and Social Assistance,Social Assistance,Individual and Family Services,Other Individual and Family Services
624210,62,Health care & social assistance,24,0.05256649506255075,12,4,0.028413121735744853,23,0.14688509858466836,0.037237076343105226,12,4,0.0216096478573247,23,0.10220808763369307,0.018378721831850905,10.0,0.01885835451125432,0.11818404296551105,Community Food Services,Health Care and Social Assistance,Social Assistance,"Community Food and Housing, and Emergency and Other Relief Services",Community Food Services
624221,62,Health care & social assistance,24,0.035707721826906624,12,4,0.019105889450988244,23,0.09977709631463846,0.020378303107461096,12,4,0.012302415572568089,23,0.05593423529393165,0.017352972502578508,10.0,0.003025330604882588,0.018959544003637356,Temporary Shelters,Health Care and Social Assistance,Social Assistance,"Community Food and Housing, and Emergency and Other Relief Services",Community Housing Services
624229,62,Health care & social assistance,24,0.04674056675630796,12,4,0.02346524592867216,23,0.13060586877124053,0.03141114803686243,12,4,0.016661772050252002,23,0.08621711709171252,0.018992219710779332,10.0,0.012418928326083097,0.0778285909303221,Other Community Housing Services,Health Care and Social Assistance,Social Assistance,"Community Food and Housing, and Emergency and Other Relief Services",Community Housing Services
624230,62,Health care & social assistance,24,0.07226182762790387,12,4,0.04161783309002252,23,0.20191921988336436,0.05693240890845835,12,4,0.034814359211602364,23,0.1562677097765864,0.021547100860653083,10.0,0.035385308047805264,0.2217573523805554,Emergency and Other Relief Services,Health Care and Social Assistance,Social Assistance,"Community Food and Housing, and Emergency and Other Relief Services",Emergency and Other Relief Services
624310,62,Health care & social assistance,24,0.021596832022048613,12,4,0.010089778425546066,23,0.060347428469414904,0.011505113473091293,7,3,0.006924280098559133,24,0.03157916145881923,0.021919633213729094,10.0,0.0,0.0,Vocational Rehabilitation Services,Health Care and Social Assistance,Social Assistance,Vocational Rehabilitation Services,Vocational Rehabilitation Services
624410,62,Health care & social assistance,24,0.05214943070860313,5,2,0.017242690740471408,24,0.1457197072327654,0.05342631133737525,5,2,0.018645208699562398,24,0.1466441957150725,0.038251363797126924,10.0,0.015174947540248326,0.09510037851000172,Child Care Services,Health Care and Social Assistance,Social Assistance,Child Care Services,Child Care Services
711110,71,"Arts, entertainment & recreation",24,0.10905571998676375,12,4,0.03618140235889577,23,0.30473137237734044,0.09372630126731822,12,4,0.029377928480475615,23,0.2572593488609297,0.10148377110057524,10.0,0.0,0.0,Theater Companies and Dinner Theaters,"Arts, Entertainment, and Recreation","Performing Arts, Spectator Sports, and Related Industries",Performing Arts Companies,Theater Companies and Dinner Theaters
711120,71,"Arts, entertainment & recreation",24,0.31030086916841926,12,4,0.1541411088604341,23,0.8670651087632144,0.2949714504489737,12,4,0.14733763498201397,23,0.8096357399043901,0.13966339385503143,10.0,0.15530805659394228,0.9733051747666853,Dance Companies,"Arts, Entertainment, and Recreation","Performing Arts, Spectator Sports, and Related Industries",Performing Arts Companies,Dance Companies
711130,71,"Arts, entertainment & recreation",24,0.1804846610186623,12,4,0.07873825120663651,23,0.5043232803556879,0.1651552422992168,12,4,0.07193477732821635,23,0.45331704676668805,0.07974064882901889,10.0,0.0854145934701979,0.5352875288530201,Musical Groups and Artists,"Arts, Entertainment, and Recreation","Performing Arts, Spectator Sports, and Related Industries",Performing Arts Companies,Musical Groups and Artists
711190,71,"Arts, entertainment & recreation",24,0.1351704373132898,10,4,0.0720703833034603,24,0.37770300239477067,0.12349016185503997,10,4,0.06891605268623585,24,0.3389550019577701,0.13986346913606057,10.0,0.0,0.0,Other Performing Arts Companies,"Arts, Entertainment, and Recreation","Performing Arts, Spectator Sports, and Related Industries",Performing Arts Companies,Other Performing Arts Companies
711211,71,"Arts, entertainment & recreation",24,0.21434334715054418,4,2,0.12371685039317078,24,0.5989336675331259,0.21926096596073175,4,2,0.12726746391304034,24,0.6018260890590064,0.17672540293753053,10.0,0.04253556302320122,0.2665675207715593,Sports Teams and Clubs,"Arts, Entertainment, and Recreation","Performing Arts, Spectator Sports, and Related Industries",Spectator Sports,Spectator Sports
711212,71,"Arts, entertainment & recreation",24,0.10813464211729687,5,2,0.07048632556786422,24,0.3021576300439433,0.11090416536670587,5,2,0.07188884352695521,24,0.30440903975106776,0.13194711123859332,10.0,0.0,0.0,Racetracks,"Arts, Entertainment, and Recreation","Performing Arts, Spectator Sports, and Related Industries",Spectator Sports,Spectator Sports
711219,71,"Arts, entertainment & recreation",24,0.048171848716632326,12,4,0.015427462578199437,23,0.13460526023902886,0.04080554160484841,9,3,0.01658710030744089,24,0.11200278813137511,0.036385708946513176,10.0,0.004419832658335232,0.027698794848793878,Other Spectator Sports,"Arts, Entertainment, and Recreation","Performing Arts, Spectator Sports, and Related Industries",Spectator Sports,Spectator Sports
711310,71,"Arts, entertainment & recreation",24,0.11105219960264553,12,4,0.04710522424772338,23,0.31031007997144816,0.09572278088320002,12,4,0.040301750369303224,23,0.2627392732690314,0.11954571776652416,10.0,0.0,0.0,"Promoters of Performing Arts, Sports, and Similar Events with Facilities","Arts, Entertainment, and Recreation","Performing Arts, Spectator Sports, and Related Industries","Promoters of Performing Arts, Sports, and Similar Events","Promoters of Performing Arts, Sports, and Similar Events with Facilities"
711320,71,"Arts, entertainment & recreation",24,0.1019059164084066,7,3,0.03266167047062573,24,0.28475287462476373,0.09350560889770011,7,3,0.032787307800944604,24,0.25665359386431885,0.10703904319517274,10.0,0.0,0.0,"Promoters of Performing Arts, Sports, and Similar Events without Facilities","Arts, Entertainment, and Recreation","Performing Arts, Spectator Sports, and Related Industries","Promoters of Performing Arts, Sports, and Similar Events","Promoters of Performing Arts, Sports, and Similar Events without Facilities"
711410,71,"Arts, entertainment & recreation",24,0.13365796293464619,12,4,0.06235474881273883,23,0.3734767372053283,0.11832854421520067,12,4,0.055551274934318676,23,0.32478742706001656,0.038683662000674135,10.0,0.07964488221452654,0.4991291353658301,"Agents and Managers for Artists, Athletes, Entertainers, and Other Public Figures","Arts, Entertainment, and Recreation","Performing Arts, Spectator Sports, and Related Industries","Agents and Managers for Artists, Athletes, Entertainers, and Other Public Figures","Agents and Managers for Artists, Athletes, Entertainers, and Other Public Figures"
711510,71,"Arts, entertainment & recreation",24,0.23411214147740544,12,4,0.12301402479546254,23,0.6541730609936521,0.21878272275795993,12,4,0.11621055091704238,23,0.6005134101921498,0.08494968878887665,10.0,0.13383303396908328,0.838722648222971,"Independent Artists, Writers, and Performers","Arts, Entertainment, and Recreation","Performing Arts, Spectator Sports, and Related Industries","Independent Artists, Writers, and Performers","Independent Artists, Writers, and Performers"
712110,71,"Arts, entertainment & recreation",24,0.04090554815811094,12,4,0.01709100123025051,23,0.11430123820723441,0.027564765524276367,7,3,0.010766000877261709,24,0.07565959111151047,0.041501018327426316,10.0,0.0,0.0,Museums,"Arts, Entertainment, and Recreation","Museums, Historical Sites, and Similar Institutions","Museums, Historical Sites, and Similar Institutions",Museums
712120,71,"Arts, entertainment & recreation",24,0.10612648810413675,12,4,0.048358551119455064,23,0.2965463010054516,0.09079706938469122,12,4,0.04155507724103491,23,0.24921921203062822,0.08311571624679874,10.0,0.007681353137892477,0.04813852495668067,Historical Sites,"Arts, Entertainment, and Recreation","Museums, Historical Sites, and Similar Institutions","Museums, Historical Sites, and Similar Institutions",Historical Sites
712130,71,"Arts, entertainment & recreation",24,0.07584931974821582,12,4,0.03619235240507521,23,0.21194364957259332,0.06051990102877029,12,4,0.029388878526655053,23,0.1661146350732852,0.09349522397456875,10.0,0.0,0.0,Zoos and Botanical Gardens,"Arts, Entertainment, and Recreation","Museums, Historical Sites, and Similar Institutions","Museums, Historical Sites, and Similar Institutions",Zoos and Botanical Gardens
712190,71,"Arts, entertainment & recreation",24,0.1000118054851,8,3,0.05541304936263799,24,0.27946021302788293,0.0880898302758428,8,3,0.05201701899440615,24,0.2417883995379129,0.13169964147697769,10.0,0.0,0.0,Nature Parks and Other Similar Institutions,"Arts, Entertainment, and Recreation","Museums, Historical Sites, and Similar Institutions","Museums, Historical Sites, and Similar Institutions",Nature Parks and Other Similar Institutions
713110,71,"Arts, entertainment & recreation",24,0.15089971044355516,6,2,0.06832593638506712,24,0.4216548738607107,0.14693253123115824,7,3,0.06603647655786991,24,0.40329946663750965,0.20107246238023038,10.0,0.0,0.0,Amusement and Theme Parks,"Arts, Entertainment, and Recreation","Amusement, Gambling, and Recreation Industries",Amusement Parks and Arcades,Amusement and Theme Parks
713120,71,"Arts, entertainment & recreation",24,0.05704791261448144,8,3,0.03325908345864661,24,0.15940739930361725,0.050101268726380044,8,3,0.029863053090414773,24,0.13751764014344298,0.1038779924237162,10.0,0.0,0.0,Amusement Arcades,"Arts, Entertainment, and Recreation","Amusement, Gambling, and Recreation Industries",Amusement Parks and Arcades,Amusement Arcades
713210,71,"Arts, entertainment & recreation",24,0.027532877308140906,3,1,0.013046217922706715,24,0.07693435510420761,0.024763354058731903,3,1,0.0116792126323887,24,0.06797029493986252,0.05345535982320745,10.0,0.0,0.0,Casinos (except Casino Hotels),"Arts, Entertainment, and Recreation","Amusement, Gambling, and Recreation Industries",Gambling Industries,Casinos (except Casino Hotels)
713290,71,"Arts, entertainment & recreation",24,0.03427693857612596,3,1,0.016783954003319626,24,0.09577909837709037,0.029359319765938387,3,1,0.01541694871300161,24,0.08058527205125934,0.05478528225344013,10.0,0.0,0.0,Other Gambling Industries,"Arts, Entertainment, and Recreation","Amusement, Gambling, and Recreation Industries",Gambling Industries,Other Gambling Industries
713910,71,"Arts, entertainment & recreation",24,0.11682683128209792,6,2,0.057967845094744515,24,0.326445973043969,0.10913805550139169,6,2,0.05253754800566216,24,0.29956143275256114,0.15286216788333856,10.0,0.0,0.0,Golf Courses and Country Clubs,"Arts, Entertainment, and Recreation","Amusement, Gambling, and Recreation Industries",Other Amusement and Recreation Industries,Golf Courses and Country Clubs
713920,71,"Arts, entertainment & recreation",24,0.5943221763017748,3,1,0.31592352025542364,24,1.0,0.5946954100596404,1,1,0.3176992719723803,23,1.0,0.7007582332180491,10.0,0.0,0.0,Skiing Facilities,"Arts, Entertainment, and Recreation","Amusement, Gambling, and Recreation Industries",Other Amusement and Recreation Industries,Skiing Facilities
713930,71,"Arts, entertainment & recreation",24,0.09973362897199249,8,3,0.05101365209975008,24,0.2786829121159025,0.08781165376273528,8,3,0.04761762173151825,24,0.24102486243399648,0.15822764835195363,10.0,0.0,0.0,Marinas,"Arts, Entertainment, and Recreation","Amusement, Gambling, and Recreation Industries",Other Amusement and Recreation Industries,Marinas
713940,71,"Arts, entertainment & recreation",24,0.07621485583533608,6,2,0.04415803672101017,24,0.21296505691826137,0.0688041859089832,6,2,0.03872773963192782,24,0.1888532869270862,0.08401337640916509,10.0,0.0,0.0,Fitness and Recreational Sports Centers,"Arts, Entertainment, and Recreation","Amusement, Gambling, and Recreation Industries",Other Amusement and Recreation Industries,Fitness and Recreational Sports Centers
713950,71,"Arts, entertainment & recreation",24,0.06785827382653443,3,1,0.03814578902301892,24,0.1896144916821143,0.06988729890444825,3,1,0.0367787837327009,24,0.19182620851033994,0.08543743488450564,10.0,0.0,0.0,Bowling Centers,"Arts, Entertainment, and Recreation","Amusement, Gambling, and Recreation Industries",Other Amusement and Recreation Industries,Bowling Centers
713990,71,"Arts, entertainment & recreation",24,0.14970881386494314,7,3,0.09237140827460788,24,0.41832718459504026,0.14641362566794136,7,3,0.09249704560492676,24,0.40187517798524813,0.14599368258805573,10.0,0.00041994307988563184,0.0026317551176935367,All Other Amusement and Recreation Industries,"Arts, Entertainment, and Recreation","Amusement, Gambling, and Recreation Industries",Other Amusement and Recreation Industries,All Other Amusement and Recreation Industries
721110,72,Accommodation & food services,24,0.036678794468325567,3,1,0.01656240461603668,24,0.10249053765209054,0.03176117565813799,3,1,0.015195399325718664,24,0.08717787065517454,0.06309112865960094,10.0,0.0,0.0,Hotels (except Casino Hotels) and Motels,Accommodation and Food Services,Accommodation,Traveler Accommodation,Hotels (except Casino Hotels) and Motels
721120,72,Accommodation & food services,24,0.02635980659119093,3,1,0.01419038226642109,24,0.07365647614916312,0.029500564453488035,3,1,0.012823376976103074,24,0.08097295956114467,0.06751176900299874,10.0,0.0,0.0,Casino Hotels,Accommodation and Food Services,Accommodation,Traveler Accommodation,Casino Hotels
721191,72,Accommodation & food services,24,0.07050298137343694,8,3,0.025858995490536735,24,0.19700452459741782,0.05858100616417973,8,3,0.0224629651223049,24,0.1607927689201364,0.08963630542373595,10.0,0.0,0.0,Bed-and-Breakfast Inns,Accommodation and Food Services,Accommodation,Traveler Accommodation,Other Traveler Accommodation
721199,72,Accommodation & food services,24,0.0954902565045441,6,2,0.05170637260056963,24,0.26682577417145803,0.08815185263721724,8,3,0.047918582253112324,24,0.241958638116479,0.14962407784882803,10.0,0.0,0.0,All Other Traveler Accommodation,Accommodation and Food Services,Accommodation,Traveler Accommodation,Other Traveler Accommodation
721211,72,Accommodation & food services,24,0.17699762745349365,8,3,0.10438074490339407,24,0.4945795592196607,0.17192387770006212,8,3,0.10098471453516224,24,0.47189555367834063,0.26183982810988693,10.0,0.0,0.0,RV (Recreational Vehicle) Parks and Campgrounds,Accommodation and Food Services,Accommodation,RV (Recreational Vehicle) Parks and Recreational Camps,RV (Recreational Vehicle) Parks and Recreational Camps
721214,72,Accommodation & food services,24,0.9280378442754773,7,3,0.50441857360841,24,1.0,0.9247426560784755,7,3,0.5045442109387289,24,1.0,0.5663689490850692,10.0,0.3583737069934063,1.0,Recreational and Vacation Camps (except Campgrounds),Accommodation and Food Services,Accommodation,RV (Recreational Vehicle) Parks and Recreational Camps,RV (Recreational Vehicle) Parks and Recreational Camps
721310,72,Accommodation & food services,24,0.1274396461130373,5,2,0.0530675226692991,24,0.3561010670510625,0.1287165267418094,5,2,0.05447004062839009,24,0.3533002946824363,0.10020977736712453,10.0,0.028506749374684864,0.1786498864942977,"Rooming and Boarding Houses, Dormitories, and Workers' Camps",Accommodation and Food Services,Accommodation,"Rooming and Boarding Houses, Dormitories, and Workers' Camps","Rooming and Boarding Houses, Dormitories, and Workers' Camps"
722110,72,Accommodation & food services,11,0.04326830202263114,12,4,0.02038558651642316,10,0.1209034157712585,0.027938883303185613,12,4,0.013582112638003003,10,0.07668646718469495,0.04001356259985596,10.0,0.0,0.0,,,,,
722211,72,Accommodation & food services,11,0.037887221689711884,12,4,0.017645642429548847,10,0.10586721230644047,0.022557802970266355,12,4,0.010842168551128692,10,0.06191651249858304,0.02629747816853719,10.0,0.0,0.0,,,,,
722212,72,Accommodation & food services,11,0.015214455441016447,5,2,0.006051981229006923,11,0.04251333068157776,0.01830349067091012,9,3,0.009026583252355726,11,0.050239303463502284,0.02092770080223701,10.0,0.0,0.0,,,,,
722213,72,Accommodation & food services,11,0.082097149251396,12,4,0.03886716428704381,10,0.22940178619408197,0.06676773053195048,12,4,0.032063690408623655,10,0.18326363730690584,0.07049851689779194,10.0,0.0,0.0,,,,,
722310,72,Accommodation & food services,24,0.11935764897409078,9,3,0.056383068360133265,24,0.33351776669781347,0.12265283717109257,9,3,0.05980389388745395,24,0.33665671855103335,0.07010502225807033,10.0,0.05254781491302224,0.32931363188225893,Food Service Contractors,Accommodation and Food Services,Food Services and Drinking Places,Special Food Services,Food Service Contractors
722320,72,Accommodation & food services,24,0.2160679532681528,12,4,0.11202377192120089,23,0.6037526865547144,0.2007385345487073,12,4,0.10522029804278073,23,0.5509858384575438,0.10180300390016228,10.0,0.09893553064854502,0.6200223353530314,Caterers,Accommodation and Food Services,Food Services and Drinking Places,Special Food Services,Caterers
722330,72,Accommodation & food services,24,0.17018998397243745,12,4,0.06870154684241085,23,0.47555714993301623,0.15486056525299194,12,4,0.0618980729639907,23,0.4250602834266751,0.17050774003595276,10.0,0.0,0.0,Mobile Food Services,Accommodation and Food Services,Food Services and Drinking Places,Special Food Services,Mobile Food Services
722410,72,Accommodation & food services,24,0.04672596324572708,3,1,0.020159462574985947,24,0.13056506258682968,0.041808344435539505,3,1,0.018792457284667934,24,0.11475527489092086,0.06721863592410023,10.0,0.0,0.0,Drinking Places (Alcoholic Beverages),Accommodation and Food Services,Food Services and Drinking Places,Drinking Places (Alcoholic Beverages),Drinking Places (Alcoholic Beverages)
722511,72,Accommodation & food services,13,0.06726986196407891,3,1,0.02765755689860207,13,0.18797030874158682,0.062352243153891346,3,1,0.026290551608284057,13,0.17114403595249672,0.08229958428780704,10.0,0.0,0.0,Full-Service Restaurants,Accommodation and Food Services,Food Services and Drinking Places,Restaurants and Other Eating Places,Restaurants and Other Eating Places
722513,72,Accommodation & food services,13,0.03941675387343142,12,4,0.018441474034824667,12,0.11014114164730161,0.024087335153985895,12,4,0.011638000156404512,12,0.06611476259834166,0.03670572600045316,10.0,0.0,0.0,Limited-Service Restaurants,Accommodation and Food Services,Food Services and Drinking Places,Restaurants and Other Eating Places,Restaurants and Other Eating Places
722514,72,Accommodation & food services,13,0.08249721790866675,3,1,0.03990406419087879,13,0.23051968694234234,0.07757959909847917,3,1,0.03853705890056077,13,0.21293998460521749,0.11509119857262426,10.0,0.0,0.0,"Cafeterias, Grill Buffets, and Buffets",Accommodation and Food Services,Food Services and Drinking Places,Restaurants and Other Eating Places,Restaurants and Other Eating Places
722515,72,Accommodation & food services,13,0.08119325201140883,12,4,0.03757676947922509,12,0.22687605121692708,0.0658638332919633,12,4,0.03077329560080494,12,0.18078262597655284,0.0779607268752139,10.0,0.0,0.0,Snack and Nonalcoholic Beverage Bars,Accommodation and Food Services,Food Services and Drinking Places,Restaurants and Other Eating Places,Restaurants and Other Eating Places
811111,81,Other services,24,0.016282152716789393,12,4,0.007828021961948081,23,0.04549676755375033,0.006245269864825295,9,3,0.003253820136805789,24,0.017141976554727996,0.020078650434961733,10.0,0.0,0.0,General Automotive Repair,Other Services (except Public Administration),Repair and Maintenance,Automotive Repair and Maintenance,Automotive Mechanical and Electrical Repair and Maintenance
811112,81,Other services,22,0.012543357813484236,3,1,0.005773799969665316,22,0.03504955669621926,0.02469062667685483,1,1,0.011117594954615756,21,0.06777067328987664,0.019847854634135367,10.0,0.004842772042719462,0.030349327605829635,,,,,
811113,81,Other services,22,0.021444937604783332,1,1,0.009541610450777208,21,0.05992299411388249,0.03677435632422886,1,1,0.01806755529180258,21,0.10093801670214593,0.021440186904834686,10.0,0.015334169419394174,0.09609821134821633,,,,,
811114,81,Other services,2,,,,,,,,,,,,,,,,,Specialized Automotive Repair,Other Services (except Public Administration),Repair and Maintenance,Automotive Repair and Maintenance,Automotive Mechanical and Electrical Repair and Maintenance
811118,81,Other services,22,0.010364109158234021,6,2,0.005359132617643198,22,0.028960142646718024,0.02363414229040149,1,1,0.011825691871390515,21,0.06487084174136021,0.016861892264043034,10.0,0.006772250026358458,0.042441236726708256,,,,,
811121,81,Other services,24,0.012086129169942676,12,4,0.006083012488438764,23,0.03377193538434712,0.007812151188337226,3,1,0.0041943773998325455,24,0.021442742333155098,0.020432402062863484,10.0,0.0,0.0,"Automotive Body, Paint, and Interior Repair and Maintenance",Other Services (except Public Administration),Repair and Maintenance,Automotive Repair and Maintenance,"Automotive Body, Paint, Interior, and Glass Repair"
811122,81,Other services,24,0.015263472291818559,8,3,0.005070409936230896,24,0.042650297107697875,0.009017371426038999,9,3,0.005462713491861652,24,0.02475082308949331,0.026198794141838355,10.0,0.0,0.0,Automotive Glass Replacement Shops,Other Services (except Public Administration),Repair and Maintenance,Automotive Repair and Maintenance,"Automotive Body, Paint, Interior, and Glass Repair"
811191,81,Other services,24,0.01854062809889645,8,3,0.007351978324863201,24,0.051807562647794486,0.010764603832815647,3,1,0.005801215654378646,24,0.02954661536122793,0.01919519043015035,10.0,0.0,0.0,Automotive Oil Change and Lubrication Shops,Other Services (except Public Administration),Repair and Maintenance,Automotive Repair and Maintenance,Other Automotive Repair and Maintenance
811192,81,Other services,24,0.029583633529027806,3,1,0.015424057016458206,24,0.08266472630966187,0.022779447915651167,3,1,0.01405705172614019,24,0.06252488211903126,0.030927902322296374,10.0,0.0,0.0,Car Washes,Other Services (except Public Administration),Repair and Maintenance,Automotive Repair and Maintenance,Other Automotive Repair and Maintenance
811198,81,Other services,24,0.03758161931858872,12,4,0.016371730813692018,23,0.10501327608039536,0.022252200599143193,12,4,0.009568256935271862,23,0.06107769707599136,0.02358896897338899,10.0,0.0,0.0,All Other Automotive Repair and Maintenance,Other Services (except Public Administration),Repair and Maintenance,Automotive Repair and Maintenance,Other Automotive Repair and Maintenance
811210,81,Other services,2,,,,,,,,,,,,,,,,,Electronic and Precision Equipment Repair and Maintenance,Other Services (except Public Administration),Repair and Maintenance,Electronic and Precision Equipment Repair and Maintenance,Electronic and Precision Equipment Repair and Maintenance
811211,81,Other services,22,0.013242439428379167,12,4,0.007064091427010271,21,0.037002981055221755,0.008547758233469187,3,1,0.005080003058638194,22,0.02346183181913003,0.021532905252241337,10.0,0.0,0.0,,,,,
811212,81,Other services,22,0.011731402717008238,3,1,0.0063475222253444145,22,0.03278073309954833,0.01585686229492554,1,1,0.00832104256455245,21,0.043523813634075495,0.020197977746230337,10.0,0.0,0.0,,,,,
811213,81,Other services,22,0.008361529149023834,1,1,0.004360028307702445,21,0.02336438889280109,0.023690947868469363,1,1,0.012885973148727817,21,0.06502676132666134,0.021324689005449322,10.0,0.0023662588630200404,0.014829185598764163,,,,,
811219,81,Other services,22,0.0291726799486431,12,4,0.01498979813244343,21,0.0815164101227694,0.013843261229197573,12,4,0.008186324254023275,21,0.03799689438056303,0.018741906071004833,10.0,0.0,0.0,,,,,
811310,81,Other services,24,0.032376587258073235,10,4,0.012607168456857281,24,0.09046899941832341,0.020696311799823404,10,4,0.009452837839632825,24,0.05680710350726176,0.022658017492752768,10.0,0.0,0.0,Commercial and Industrial Machinery and Equipment (except Automotive and Electronic) Repair and Maintenance,Other Services (except Public Administration),Repair and Maintenance,Commercial and Industrial Machinery and Equipment (except Automotive and Electronic) Repair and Maintenance,Commercial and Industrial Machinery and Equipment (except Automotive and Electronic) Repair and Maintenance
811411,81,Other services,24,0.06734576872670225,12,4,0.026903847495527787,23,0.1881824129021915,0.052016350007256726,12,4,0.020100373617107634,23,0.14277414292518545,0.05508823572944129,10.0,0.0,0.0,Home and Garden Equipment Repair and Maintenance,Other Services (except Public Administration),Repair and Maintenance,Personal and Household Goods Repair and Maintenance,Home and Garden Equipment and Appliance Repair and Maintenance
811412,81,Other services,24,0.017464924330260936,12,4,0.008624501168121215,23,0.04880175345477313,0.00577991670874858,7,3,0.002834998608063516,24,0.015864678205129955,0.018173923976387375,10.0,0.0,0.0,Appliance Repair and Maintenance,Other Services (except Public Administration),Repair and Maintenance,Personal and Household Goods Repair and Maintenance,Home and Garden Equipment and Appliance Repair and Maintenance
811420,81,Other services,24,0.019278811402008957,6,2,0.008795524700325344,24,0.05387024776922429,0.013221899678324187,3,1,0.006289226496510133,24,0.03629138519238978,0.025533110854608167,10.0,0.0,0.0,Reupholstery and Furniture Repair,Other Services (except Public Administration),Repair and Maintenance,Personal and Household Goods Repair and Maintenance,Reupholstery and Furniture Repair
811430,81,Other services,24,0.04114553317346059,3,1,0.019878811443564626,24,0.11497182167673396,0.03622791436327301,3,1,0.018511806153246612,24,0.09943814632248751,0.046572005931109425,10.0,0.0,0.0,Footwear and Leather Goods Repair,Other Services (except Public Administration),Repair and Maintenance,Personal and Household Goods Repair and Maintenance,Footwear and Leather Goods Repair
811490,81,Other services,24,0.05826332494688015,12,4,0.02541858170166702,23,0.16280359225985244,0.04293390622743462,12,4,0.018615107823246865,23,0.1178447096575806,0.03246302687613924,10.0,0.010470879351295384,0.06562029865339863,Other Personal and Household Goods Repair and Maintenance,Other Services (except Public Administration),Repair and Maintenance,Personal and Household Goods Repair and Maintenance,Other Personal and Household Goods Repair and Maintenance
812111,81,Other services,24,0.06728516300638762,12,4,0.03294500018498825,23,0.18801306401955026,0.05195574428694209,12,4,0.026141526306568096,23,0.14260779273388832,0.04892942289712269,10.0,0.0030263213898194044,0.01896575318638829,Barber Shops,Other Services (except Public Administration),Personal and Laundry Services,Personal Care Services,"Hair, Nail, and Skin Care Services"
812112,81,Other services,24,0.04658917051324772,3,1,0.020173915948990928,24,0.13018282645006637,0.04167155170306015,3,1,0.018806910658672914,24,0.11437980707867704,0.058985240680410576,10.0,0.0,0.0,Beauty Salons,Other Services (except Public Administration),Personal and Laundry Services,Personal Care Services,"Hair, Nail, and Skin Care Services"
812113,81,Other services,24,0.08896834455052902,12,4,0.03911438539042546,23,0.24860177656259885,0.0736389258310835,12,4,0.032310911512005304,23,0.20212364996770227,0.0707533322812893,10.0,0.002885593549794202,0.018083821251019455,Nail Salons,Other Services (except Public Administration),Personal and Laundry Services,Personal Care Services,"Hair, Nail, and Skin Care Services"
812191,81,Other services,24,0.04195623118457472,1,1,0.012683486858808785,23,0.11723713263465872,0.05728564990402025,1,1,0.021209431699834157,23,0.15723728338912082,0.036159541301068215,10.0,0.021126108602952033,0.13239590576873023,Diet and Weight Reducing Centers,Other Services (except Public Administration),Personal and Laundry Services,Personal Care Services,Other Personal Care Services
812199,81,Other services,24,0.059771934780713847,12,4,0.021088162201493094,23,0.16701905885896243,0.04905130508100877,3,1,0.018893477342813388,24,0.1346357066831065,0.06158343808079113,10.0,0.0,0.0,Other Personal Care Services,Other Services (except Public Administration),Personal and Laundry Services,Personal Care Services,Other Personal Care Services
812210,81,Other services,24,0.03543482519073872,12,4,0.02236002432339481,23,0.09901454881628902,0.022571268924970002,12,4,0.015556550444974655,23,0.06195347376443915,0.018253931881820236,10.0,0.004317337043149766,0.02705646170240899,Funeral Homes and Funeral Services,Other Services (except Public Administration),Personal and Laundry Services,Death Care Services,Funeral Homes and Funeral Services
812220,81,Other services,24,0.05158521356330849,5,2,0.023981987839720054,24,0.14414313091906694,0.05435473681271749,5,2,0.025384505798811043,24,0.14919253198805985,0.04752833427160551,10.0,0.006826402541111984,0.042780606904869976,Cemeteries and Crematories,Other Services (except Public Administration),Personal and Laundry Services,Death Care Services,Cemeteries and Crematories
812310,81,Other services,24,0.010494411540174248,12,4,0.004896867968279875,23,0.02932424297705834,0.0060234491829922465,1,1,0.0029284012691309994,23,0.016533124574007022,0.020344305266398605,10.0,0.0,0.0,Coin-Operated Laundries and Drycleaners,Other Services (except Public Administration),Personal and Laundry Services,Drycleaning and Laundry Services,Coin-Operated Laundries and Drycleaners
812320,81,Other services,24,0.02631816727135921,1,1,0.011606990577947549,23,0.07354012455312837,0.03761691946284706,1,1,0.02013293541897292,23,0.10325067858556884,0.03345679246297231,10.0,0.004160126999874746,0.026071236904670843,Drycleaning and Laundry Services (except Coin-Operated),Other Services (except Public Administration),Personal and Laundry Services,Drycleaning and Laundry Services,Drycleaning and Laundry Services (except Coin-Operated)
812331,81,Other services,24,0.01257264417455171,3,1,0.005780767651108655,24,0.03513139076233805,0.016501800727832375,1,1,0.00917411310379132,23,0.045294036496405114,0.0353175019465351,10.0,0.0,0.0,Linen Supply,Other Services (except Public Administration),Personal and Laundry Services,Drycleaning and Laundry Services,Linen and Uniform Supply
812332,81,Other services,24,0.00788016018937896,1,1,0.004369201484244805,23,0.022019312965465603,0.021987369364293158,1,1,0.012895146325270177,23,0.06035079000599784,0.01853446257969394,10.0,0.0034529067845992176,0.021639135246049424,Industrial Launderers,Other Services (except Public Administration),Personal and Laundry Services,Drycleaning and Laundry Services,Linen and Uniform Supply
812910,81,Other services,24,0.09642099235080553,12,4,0.051361521687370085,23,0.2694265035214312,0.08109157363135999,12,4,0.04455804780894993,23,0.22257962971367254,0.045816552118196005,10.0,0.03527502151316399,0.22106619406444764,Pet Care (except Veterinary) Services,Other Services (except Public Administration),Personal and Laundry Services,Other Personal Services,Pet Care (except Veterinary) Services
812921,81,Other services,24,0.049438738432916664,9,3,0.02387024100790958,24,0.13814529502070672,0.055982692105725755,9,3,0.027291066535230266,24,0.15366093320512617,0.04726481112492985,10.0,0.008717880980795907,0.05463437543226384,Photofinishing Laboratories (except One-Hour),Other Services (except Public Administration),Personal and Laundry Services,Other Personal Services,Photofinishing
812922,81,Other services,24,0.04240945279176097,1,1,0.02351211008958899,23,0.11850355719602691,0.04738478411291678,1,1,0.03203805493061436,23,0.1300614506491289,0.03750812588666017,10.0,0.009876658226256607,0.06189635471488127,One-Hour Photofinishing,Other Services (except Public Administration),Personal and Laundry Services,Other Personal Services,Photofinishing
812930,81,Other services,24,0.04872043711326191,12,4,0.024771218178631135,23,0.13613816557398523,0.03339101839381639,12,4,0.017967744300210982,23,0.09165145251274162,0.05939476887306537,10.0,0.0,0.0,Parking Lots and Garages,Other Services (except Public Administration),Personal and Laundry Services,Other Personal Services,Parking Lots and Garages
812990,81,Other services,24,0.10798392312326349,12,4,0.052833896637266495,23,0.3017364801409332,0.09265450440381795,12,4,0.04603042275884634,23,0.25431748772390633,0.033621315007373136,10.0,0.059033189396444814,0.3699570388210154,All Other Personal Services,Other Services (except Public Administration),Personal and Laundry Services,Other Personal Services,All Other Personal Services
813110,81,Other services,24,0.026271339543777236,12,4,0.010691269840593117,23,0.07340927513328044,0.02884816326640855,5,2,0.010751452324177504,24,0.07918225297916319,0.02434722383134525,10.0,0.0045009394350633,0.028207085579032492,Religious Organizations,Other Services (except Public Administration),"Religious, Grantmaking, Civic, Professional, and Similar Organizations",Religious Organizations,Religious Organizations
813211,81,Other services,24,0.08467081136478416,12,4,0.03348173074273233,23,0.23659329882582225,0.06934139264533863,12,4,0.026678256864312175,23,0.19032780852166334,0.02451159870313806,10.0,0.044829793942200574,0.28094531207578005,Grantmaking Foundations,Other Services (except Public Administration),"Religious, Grantmaking, Civic, Professional, and Similar Organizations",Grantmaking and Giving Services,Grantmaking and Giving Services
813212,81,Other services,24,0.022482367638208607,12,4,0.009291641649862075,23,0.06282185607059163,0.009048543281279558,2,1,0.004383762133958398,24,0.024836383397256887,0.02043707218569184,10.0,0.0,0.0,Voluntary Health Organizations,Other Services (except Public Administration),"Religious, Grantmaking, Civic, Professional, and Similar Organizations",Grantmaking and Giving Services,Grantmaking and Giving Services
813219,81,Other services,24,0.038108001092789084,12,4,0.015762734512370424,23,0.10648413006646748,0.022778582373343556,12,4,0.00895926063395027,23,0.06252250638407258,0.020362371896107446,10.0,0.0024162104772361102,0.01514222901499571,Other Grantmaking and Giving Services,Other Services (except Public Administration),"Religious, Grantmaking, Civic, Professional, and Similar Organizations",Grantmaking and Giving Services,Grantmaking and Giving Services
813311,81,Other services,24,0.036777519470263295,12,4,0.015008774879734023,23,0.1027664021856711,0.021448100750817767,12,4,0.008205301001313867,23,0.05887060898436405,0.019529402862430857,10.0,0.0019186978883869096,0.01202435098691288,Human Rights Organizations,Other Services (except Public Administration),"Religious, Grantmaking, Civic, Professional, and Similar Organizations",Social Advocacy Organizations,Social Advocacy Organizations
813312,81,Other services,24,0.05253217838261544,12,4,0.02230141614022747,23,0.146789208438114,0.03973927320371956,7,3,0.01803445580235697,24,0.10907610148230917,0.04475887343221851,10.0,0.0,0.0,"Environment, Conservation and Wildlife Organizations",Other Services (except Public Administration),"Religious, Grantmaking, Civic, Professional, and Similar Organizations",Social Advocacy Organizations,Social Advocacy Organizations
813319,81,Other services,24,0.04117461626797895,12,4,0.017648195553423847,23,0.11505308776077462,0.02695678213723656,5,2,0.01195630626370683,24,0.07399080222137784,0.022000671655752563,10.0,0.004956110481483998,0.031059612000398532,Other Social Advocacy Organizations,Other Services (except Public Administration),"Religious, Grantmaking, Civic, Professional, and Similar Organizations",Social Advocacy Organizations,Social Advocacy Organizations
813410,81,Other services,24,0.07510256537489773,7,3,0.034439891015565285,24,0.20985701454751055,0.07180737717789593,7,3,0.03456552834588416,24,0.19709642700515007,0.06499895314858747,10.0,0.006808424029308452,0.04266793677714613,Civic and Social Organizations,Other Services (except Public Administration),"Religious, Grantmaking, Civic, Professional, and Similar Organizations",Civic and Social Organizations,Civic and Social Organizations
813910,81,Other services,24,0.013944095395608678,12,4,0.006884061632347396,23,0.03896359885552191,0.0046779852192297845,8,3,0.002091257243032258,24,0.012840103740440093,0.017636076626588927,10.0,0.0,0.0,Business Associations,Other Services (except Public Administration),"Religious, Grantmaking, Civic, Professional, and Similar Organizations","Business, Professional, Labor, Political, and Similar Organizations",Business Associations
813920,81,Other services,24,0.026368275637881217,6,2,0.013961165436856077,24,0.07368014097133818,0.014646411149456685,6,2,0.008530868347773727,24,0.040201375115743954,0.01800008445134777,10.0,0.0,0.0,Professional Organizations,Other Services (except Public Administration),"Religious, Grantmaking, Civic, Professional, and Similar Organizations","Business, Professional, Labor, Political, and Similar Organizations",Professional Organizations
813930,81,Other services,24,0.08358247513006789,12,4,0.05037554624880644,23,0.23355219108334593,0.0712576901412731,12,4,0.04357207237038629,23,0.1955876495626736,0.026838788915126414,10.0,0.04441890122614669,0.27837027498124733,Labor Unions and Similar Labor Organizations,Other Services (except Public Administration),"Religious, Grantmaking, Civic, Professional, and Similar Organizations","Business, Professional, Labor, Political, and Similar Organizations",Labor Unions and Similar Labor Organizations
813940,81,Other services,24,0.20886622403106686,10,4,0.11660005924859522,24,0.583629094374739,0.21251536729226256,10,4,0.11344572863137076,24,0.583310813222205,0.1833025923148788,10.0,0.029212774977383754,0.18307450159601935,Political Organizations,Other Services (except Public Administration),"Religious, Grantmaking, Civic, Professional, and Similar Organizations","Business, Professional, Labor, Political, and Similar Organizations",Political Organizations
813990,81,Other services,24,0.0572347782093499,8,3,0.03175805993191464,24,0.15992955265037692,0.05418705742393304,8,3,0.028362029563682806,24,0.14873228668025607,0.044718002150618316,10.0,0.009469055273314722,0.05934193434513986,"Other Similar Organizations (except Business, Professional, Labor, and Political Organizations)",Other Services (except Public Administration),"Religious, Grantmaking, Civic, Professional, and Similar Organizations","Business, Professional, Labor, Political, and Similar Organizations","Other Similar Organizations (except Business, Professional, Labor, and Political Organizations)"
814110,81,Other services,24,0.05431726073973645,12,4,0.0296357040177371,23,0.15177721453773066,0.03898784202029092,12,4,0.022832230139316942,23,0.10701357800332009,0.02397957040829301,10.0,0.015008271611997914,0.09405583164596289,Private Households,Other Services (except Public Administration),Private Households,Private Households,Private Households
999999,99,Other,23,0.27995862243673614,12,4,0.13785045316994474,22,0.7822806106307011,0.2646292037172906,12,4,0.1310469792915246,22,0.7263525362398461,0.07989759005510583,10.0,0.18473161366218477,1.0,,,,,
