naics_code,sector_2d,sector_label,seasonal_index_full,peak_excess_full,peak_quarter_full,n_excess_obs_full,rank_full,seasonal_index_precovid,peak_excess_precovid,peak_quarter_precovid,n_excess_obs_precovid,rank_precovid,seasonal_index_delta,rank_delta,peak_quarter_changed
111320,11,"Agriculture, forestry, fishing",0.6231664525739046,0.1720612372494464,2.0,22.0,43.0,0.4790554336453598,0.12934953165175425,2,18,59.0,-0.14411101892854478,-16.0,False
115310,11,"Agriculture, forestry, fishing",0.447566376900956,0.1382793927272043,4.0,23.0,63.0,0.322751917422733,0.10090036238758271,4,19,91.0,-0.124814459478223,-28.0,False
114119,11,"Agriculture, forestry, fishing",0.4251173062563578,0.1387868319175987,4.0,16.0,66.0,0.3343468020956924,0.11340407362794679,4,12,87.0,-0.0907705041606654,-21.0,False
525910,52,Finance & insurance,0.1826081451353075,0.0724463056007741,3.0,24.0,173.0,0.09299588411789944,0.02766875266679858,2,20,333.0,-0.08961226101740805,-160.0,True
485111,48,Transportation,0.1045594244832932,0.0364642383162009,1.0,23.0,300.0,0.02260048872184093,0.00663981986836069,3,20,881.0,-0.08195893576145227,-581.0,True
525120,52,Finance & insurance,0.9574946790972156,0.3097355400160116,4.0,21.0,14.0,0.877565709122561,0.29474928483420143,4,18,21.0,-0.0799289699746546,-7.0,False
525110,52,Finance & insurance,0.2613935565662473,0.1055993929636241,4.0,18.0,120.0,0.19995794623321209,0.08292688227778744,4,14,164.0,-0.06143561033303521,-44.0,False
445230,44,Retail trade - general,0.5262216136265826,0.1699071955172545,4.0,23.0,57.0,0.47210053719271045,0.15575139357590528,4,19,60.0,-0.05412107643387215,-3.0,False
111130,11,"Agriculture, forestry, fishing",0.6390638126174265,0.2165473026899831,4.0,12.0,41.0,0.5878023674503828,0.20422769469141402,4,8,45.0,-0.05126144516704367,-4.0,False
923130,92,Public administration,0.1138297860802254,0.040718810501172,3.0,24.0,287.0,0.06754321550844254,0.02565445410727978,3,20,443.0,-0.046286570571782856,-156.0,False
722320,72,Accommodation & food services,0.4714957328370557,0.1305268208042927,4.0,22.0,62.0,0.4271246850408052,0.12246547200401882,4,19,65.0,-0.04437104779625051,-3.0,False
114111,11,"Agriculture, forestry, fishing",0.6948461846401025,0.2344151317340224,4.0,23.0,37.0,0.6513399539546779,0.22539002564666097,4,19,40.0,-0.043506230685424585,-3.0,False
532281,53,Real estate,0.7387222678245624,0.2124380430216453,4.0,23.0,34.0,0.6972757890954261,0.1987098240767731,4,19,35.0,-0.041446478729136316,-1.0,False
523210,52,Finance & insurance,0.0886697331726127,0.0322745160619663,3.0,24.0,343.0,0.04869298579803926,0.01883227636072342,3,20,566.0,-0.03997674737457344,-223.0,False
111332,11,"Agriculture, forestry, fishing",0.7301616046594965,0.2423995632212743,4.0,13.0,35.0,0.6903793708460136,0.23846011028373315,4,9,36.0,-0.03978223381348289,-1.0,False
541921,54,Professional & technical services,0.6682809558467288,0.2038043896977841,4.0,23.0,39.0,0.6328184418363165,0.2061568123578501,4,19,43.0,-0.03546251401041223,-4.0,False
114210,11,"Agriculture, forestry, fishing",0.155499756306969,0.0449062495892917,4.0,23.0,210.0,0.1217953493643058,0.03776635823833826,4,19,272.0,-0.03370440694266319,-62.0,False
114112,11,"Agriculture, forestry, fishing",0.5036487348773457,0.1648983152409064,4.0,23.0,59.0,0.4720833216690353,0.15691833325001864,4,19,61.0,-0.03156541320831041,-2.0,False
512199,51,Information,0.1516007300122319,0.0575637574139729,4.0,22.0,215.0,0.12039121027751186,0.051278396225643855,4,19,279.0,-0.03120951973472004,-64.0,False
711130,71,"Arts, entertainment & recreation",0.5632170738809181,0.1300473052431099,2.0,24.0,51.0,0.5320100640464653,0.11508505983345763,2,20,56.0,-0.031207009834452792,-5.0,False
112330,11,"Agriculture, forestry, fishing",0.2384794337438768,0.0828715068316078,4.0,23.0,129.0,0.2111430880974006,0.0772666138241452,4,19,152.0,-0.027336345646476218,-23.0,False
111940,11,"Agriculture, forestry, fishing",0.7875377489884758,0.2186352746386287,4.0,23.0,29.0,0.7602426424330072,0.21772964417603363,4,19,31.0,-0.02729510655546863,-2.0,False
524291,52,Finance & insurance,0.1366003985142155,0.0447021321175646,4.0,23.0,240.0,0.10960374184533392,0.038204584743761254,4,19,300.0,-0.02699665666888157,-60.0,False
713930,71,"Arts, entertainment & recreation",0.5847632023229381,0.1678411649715834,3.0,24.0,46.0,0.558076397567331,0.16419653951492202,3,20,51.0,-0.02668680475560714,-5.0,False
111191,11,"Agriculture, forestry, fishing",0.972071087580778,0.3208754538695837,4.0,23.0,12.0,0.9456863900887093,0.32394258473469434,4,19,14.0,-0.02638469749206873,-2.0,False
459420,45,Retail trade - specialty,0.381793093698729,0.1472056902494221,4.0,23.0,75.0,0.35604964194741173,0.14544595976423738,4,19,83.0,-0.02574345175131726,-8.0,False
523999,52,Finance & insurance,0.0973088261351994,0.0280151452986802,4.0,23.0,316.0,0.07295394446729765,0.019679471483891743,3,20,413.0,-0.024354881667901743,-97.0,True
115114,11,"Agriculture, forestry, fishing",0.7941472499334709,0.1672864024683347,4.0,23.0,27.0,0.770843643105416,0.16631846362849517,4,19,30.0,-0.02330360682805488,-3.0,False
561790,56,Administrative & waste services,0.2953448382166818,0.088564450836822,3.0,24.0,97.0,0.27472851410191074,0.08711018133470708,3,20,118.0,-0.020616324114771045,-21.0,False
525990,52,Finance & insurance,0.1830453139266856,0.0403293171327818,4.0,15.0,171.0,0.16258251885537414,0.037531091303356814,4,11,209.0,-0.020462795071311463,-38.0,False
456120,45,Retail trade - specialty,0.1868892861122647,0.0518162626173539,4.0,23.0,169.0,0.16684335364683256,0.04690417176510317,4,19,205.0,-0.020045932465432154,-36.0,False
711510,71,"Arts, entertainment & recreation",0.5753288873297173,0.1986534224577816,4.0,23.0,48.0,0.5555012974002314,0.1925948619201113,4,19,54.0,-0.019827589929485967,-6.0,False
924110,92,Public administration,0.0983631251089801,0.0289348519352495,4.0,23.0,312.0,0.07944554431700748,0.02305591531218068,4,19,389.0,-0.018917580791972616,-77.0,False
611630,61,Educational services,0.3734853497420778,0.0994621783529677,2.0,24.0,77.0,0.35495599258217103,0.09316971249587058,2,20,84.0,-0.01852935715990678,-7.0,False
325992,32,Manufacturing - paper/chemicals,0.0309196295451875,0.0111415000131363,3.0,24.0,774.0,0.012897333368089209,0.004449263426483719,3,20,976.0,-0.01802229617709829,-202.0,False
458310,45,Retail trade - specialty,0.1027498978219418,0.0374170527993951,1.0,23.0,303.0,0.08491123462630602,0.03169284908009426,1,19,364.0,-0.017838663195635776,-61.0,False
221118,22,Utilities,0.0772085284874872,0.0213706389649642,4.0,23.0,391.0,0.0594020915486218,0.019236061899454267,3,20,483.0,-0.017806436938865404,-92.0,True
925110,92,Public administration,0.0755573045535866,0.0224658161566897,4.0,23.0,397.0,0.05833175668616931,0.018601484690808457,3,20,487.0,-0.01722554786741729,-90.0,True
485320,48,Transportation,0.1472751730758271,0.0425222914744247,4.0,22.0,221.0,0.1303433803708477,0.03934617785607942,4,19,254.0,-0.01693179270497941,-33.0,False
492110,49,Warehousing & couriers,0.1846176702692764,0.0631715811386004,4.0,23.0,170.0,0.16781068540145164,0.060544950396098286,4,19,204.0,-0.016806984867824754,-34.0,False
711110,71,"Arts, entertainment & recreation",0.2830492632139195,0.0468381228575157,4.0,22.0,111.0,0.2665208767839916,0.05145524989267915,3,20,122.0,-0.016528386429927877,-11.0,True
812191,81,Other services,0.0779465992885427,0.0173835158702498,2.0,24.0,387.0,0.0617110689274381,0.013588665270041558,4,19,467.0,-0.016235530361104596,-80.0,True
713940,71,"Arts, entertainment & recreation",0.6025141648668558,0.2177916482670851,3.0,24.0,44.0,0.5865372482993773,0.225378112852224,3,20,46.0,-0.015976916567478572,-2.0,False
711212,71,"Arts, entertainment & recreation",0.9215993913002968,0.2384495136098796,4.0,23.0,19.0,0.9061790550613542,0.23679371346198255,4,19,20.0,-0.015420336238942567,-1.0,False
486990,48,Transportation,0.0892167446697961,0.0266189237600702,4.0,23.0,340.0,0.07391141737112196,0.018760829108309843,4,19,405.0,-0.015305327298674135,-65.0,False
928120,92,Public administration,0.3211445326761553,0.1217145185458146,3.0,11.0,88.0,0.3061756449959937,0.12171451854581465,3,11,97.0,-0.01496888768016158,-9.0,False
311314,31,Manufacturing - food/textiles,0.2348996735036391,0.0500174308285491,1.0,23.0,138.0,0.22081398102860195,0.041207871642038735,1,19,145.0,-0.01408569247503716,-7.0,False
512110,51,Information,0.2215975249817715,0.0660483781725299,4.0,23.0,144.0,0.20771243563378447,0.06595726096679204,4,19,155.0,-0.013885089347987017,-11.0,False
333611,33,Manufacturing - metals/machinery,0.0624983379338626,0.0191349615856141,4.0,23.0,451.0,0.04897658885171121,0.015277640347409848,4,19,562.0,-0.01352174908215139,-111.0,False
455110,45,Retail trade - specialty,0.1293769402973124,0.0347852698680455,1.0,23.0,253.0,0.11604728817692862,0.03291198277500838,1,19,283.0,-0.01332965212038377,-30.0,False
813410,81,Other services,0.5029170408896481,0.1919210333519424,3.0,24.0,60.0,0.4896125788171565,0.20088127641354178,3,20,58.0,-0.013304462072491585,2.0,False
111110,11,"Agriculture, forestry, fishing",0.9302947615830416,0.3027766621665165,4.0,23.0,17.0,0.9171108301602472,0.3094290826867618,4,19,19.0,-0.013183931422794393,-2.0,False
459210,45,Retail trade - specialty,0.2711202256656659,0.0735436534413394,1.0,23.0,116.0,0.25794142311666685,0.07560660100608786,3,20,126.0,-0.013178802548999058,-10.0,True
213112,21,"Mining, quarrying, oil & gas",0.036374058892212,0.0083239319416357,2.0,24.0,701.0,0.02343899062758591,0.0061079979946080986,4,19,865.0,-0.01293506826462609,-164.0,True
327213,32,Manufacturing - paper/chemicals,0.0436404765851295,0.0174002306238614,3.0,24.0,610.0,0.030793983463381972,0.011933561152353075,3,20,773.0,-0.012846493121747526,-163.0,False
336611,33,Manufacturing - metals/machinery,0.0301402107481987,0.0088940137127285,3.0,24.0,783.0,0.017606584225259517,0.004875649366172399,3,20,938.0,-0.012533626522939184,-155.0,False
926140,92,Public administration,0.2356560424029256,0.0827055461506836,3.0,24.0,135.0,0.22314438938370545,0.0819786220096722,3,20,142.0,-0.012511653019220137,-7.0,False
531210,53,Real estate,0.1956972653293262,0.0639997231149861,4.0,23.0,163.0,0.18319607705254956,0.06149891467391131,4,19,180.0,-0.012501188276776626,-17.0,False
423920,42,Wholesale trade,0.3734569317446167,0.12774013375155,3.0,24.0,78.0,0.36124164839081696,0.12959080199850276,3,20,80.0,-0.012215283353799733,-2.0,False
551111,55,Management of companies,0.061417524443718,0.0221851400520763,4.0,23.0,458.0,0.049514001414269405,0.01911145963330551,4,19,558.0,-0.011903523029448596,-100.0,False
311313,31,Manufacturing - food/textiles,0.9521964263945032,0.3379195496297764,4.0,23.0,15.0,0.9403100778320828,0.35041378000249584,4,19,15.0,-0.011886348562420435,0.0,False
562119,56,Administrative & waste services,0.1550778915537687,0.0461017874832484,4.0,23.0,211.0,0.14326933519444834,0.042188757968688116,4,19,236.0,-0.011808556359320349,-25.0,False
712190,71,"Arts, entertainment & recreation",0.3579194552160184,0.1199042693304033,3.0,24.0,83.0,0.3461346176860027,0.12173258418005906,3,20,85.0,-0.011784837530015746,-2.0,False
115116,11,"Agriculture, forestry, fishing",0.7484311973916326,0.2133881031058328,4.0,22.0,31.0,0.7369263813778343,0.22286499747614977,4,18,33.0,-0.011504816013798269,-2.0,False
112410,11,"Agriculture, forestry, fishing",0.2934249156624817,0.0786359716340865,4.0,23.0,99.0,0.28212037289203784,0.07960502065144373,4,19,112.0,-0.011304542770443848,-13.0,False
326111,32,Manufacturing - paper/chemicals,0.0444560417532068,0.0155261009537518,3.0,24.0,600.0,0.033430526440032055,0.010317819003052887,3,20,735.0,-0.011025515313174743,-135.0,False
812921,81,Other services,0.2165354051306011,0.0784445940436215,4.0,23.0,148.0,0.2056274530383225,0.07544613208534719,4,19,160.0,-0.0109079520922786,-12.0,False
541820,54,Professional & technical services,0.1677026033308623,0.0474296967293519,4.0,23.0,191.0,0.1568735851404258,0.04428305934878489,4,19,215.0,-0.010829018190436496,-24.0,False
722410,72,Accommodation & food services,0.1382166676004227,0.0288635798480934,3.0,24.0,238.0,0.1276240268234294,0.030283357741998362,3,20,257.0,-0.01059264077699329,-19.0,False
458210,45,Retail trade - specialty,0.1344630811947454,0.0446404331999919,3.0,24.0,242.0,0.12390181628843594,0.045560851033005265,3,20,264.0,-0.010561264906309459,-22.0,False
922130,92,Public administration,0.0489324231187048,0.0130018623325269,4.0,23.0,554.0,0.03843230523851593,0.01012124601004561,4,19,679.0,-0.01050011788018887,-125.0,False
561320,56,Administrative & waste services,0.3044477018699862,0.0801967866251371,4.0,19.0,93.0,0.2940350731238852,0.0813671959434817,4,16,106.0,-0.010412628746100994,-13.0,False
525920,52,Finance & insurance,0.2230094975044697,0.0697243721646109,4.0,5.0,143.0,0.21261478801981545,0.06972437216461094,4,5,149.0,-0.010394709484654235,-6.0,False
333618,33,Manufacturing - metals/machinery,0.041310174975343,0.0118173365411966,3.0,24.0,644.0,0.030978641712862975,0.009202848803384397,3,20,767.0,-0.010331533262480024,-123.0,False
332117,33,Manufacturing - metals/machinery,0.0330751642717986,0.0117500445262766,3.0,24.0,739.0,0.02288597823536644,0.009081883293409001,3,20,877.0,-0.010189186036432162,-138.0,False
493110,49,Warehousing & couriers,0.0671422785223512,0.0225806698258532,4.0,23.0,429.0,0.057191983338806006,0.019681407074945395,4,19,498.0,-0.009950295183545198,-69.0,False
445298,44,Retail trade - general,0.1096944660491888,0.0339527023293515,3.0,24.0,294.0,0.10016403418643914,0.03324476605948997,3,20,317.0,-0.009530431862749655,-23.0,False
562213,56,Administrative & waste services,0.0258331553182963,0.0063454191117663,4.0,23.0,853.0,0.01639580132184131,0.003770025692257649,2,20,953.0,-0.00943735399645499,-100.0,True
531390,53,Real estate,0.130233076893913,0.0421008514336807,4.0,23.0,250.0,0.12087439037892811,0.040445701788011316,4,19,276.0,-0.009358686514984893,-26.0,False
212323,21,"Mining, quarrying, oil & gas",0.0192332246859224,0.0051462930847105,4.0,23.0,933.0,0.010012636567787737,0.0029753059450628393,3,20,988.0,-0.009220588118134662,-55.0,True
611310,61,Educational services,0.20143706284658,0.0500846904498343,2.0,24.0,157.0,0.1922452824750584,0.0487786480533358,2,20,171.0,-0.009191780371521602,-14.0,False
112210,11,"Agriculture, forestry, fishing",0.0754813869339538,0.0167106554513902,4.0,23.0,399.0,0.0663340685791919,0.01447780813074594,3,20,446.0,-0.009147318354761902,-47.0,True
491110,49,Warehousing & couriers,0.1005904800104613,0.0341125997351767,4.0,23.0,307.0,0.09148991511947586,0.03459469843905629,4,19,339.0,-0.00910056489098543,-32.0,False
721211,72,Accommodation & food services,0.9460174322316092,0.2522901822749313,4.0,23.0,16.0,0.9370050123555134,0.2719223560853809,3,20,16.0,-0.0090124198760958,0.0,True
423410,42,Wholesale trade,0.0507292071674305,0.0173071295711827,4.0,23.0,533.0,0.04196014275213351,0.014409759320701683,4,19,637.0,-0.008769064415296991,-104.0,False
333132,33,Manufacturing - metals/machinery,0.0291644632309361,0.0093382187948394,2.0,24.0,807.0,0.020413017082712186,0.003970857802124666,3,20,908.0,-0.008751446148223915,-101.0,True
484210,48,Transportation,0.2523720935757629,0.0961735337672736,3.0,24.0,122.0,0.2439833915397033,0.09788896107258149,3,20,131.0,-0.008388702036059598,-9.0,False
512191,51,Information,0.1641003319936692,0.0447268907895808,4.0,23.0,197.0,0.15591638138564717,0.04296453141945272,4,19,219.0,-0.008183950608022017,-22.0,False
531320,53,Real estate,0.152815177894045,0.0516002390161486,4.0,23.0,213.0,0.14465001712468448,0.050627613802343104,4,19,233.0,-0.008165160769360524,-20.0,False
336214,33,Manufacturing - metals/machinery,0.0896260214048276,0.0282803063558392,3.0,24.0,337.0,0.08169931275551316,0.026546764412279666,3,20,378.0,-0.00792670864931444,-41.0,False
331313,33,Manufacturing - metals/machinery,0.0393300998343084,0.0083106724830304,3.0,24.0,672.0,0.031455368325072675,0.006900935787177653,1,19,761.0,-0.007874731509235726,-89.0,True
424920,42,Wholesale trade,0.0546885981056496,0.0114888644200399,3.0,24.0,504.0,0.046816673530509834,0.010189697499887464,3,20,591.0,-0.007871924575139765,-87.0,False
332114,33,Manufacturing - metals/machinery,0.0279308779069378,0.0091087671005603,3.0,24.0,824.0,0.020127337515079086,0.005331940941881842,3,20,911.0,-0.007803540391858713,-87.0,False
922120,92,Public administration,0.0850966240021615,0.0233407236434852,4.0,23.0,354.0,0.07730163550293281,0.021189678610229298,4,19,396.0,-0.007794988499228689,-42.0,False
459110,45,Retail trade - specialty,0.1199313846876775,0.0408959698477081,3.0,24.0,272.0,0.11226108592514883,0.040906359919417226,3,20,295.0,-0.007670298762528671,-23.0,False
112111,11,"Agriculture, forestry, fishing",0.2483818263651381,0.0681715126291907,4.0,23.0,125.0,0.24073431087922836,0.067977358338002,4,19,135.0,-0.007647515485909723,-10.0,False
115111,11,"Agriculture, forestry, fishing",0.0075769927546396,-0.3441567287166811,3.0,6.0,995.0,0.0,-0.3606820830968316,2,10,997.0,-0.0075769927546396,-2.0,True
922160,92,Public administration,0.1513750079440105,0.0449208688363076,4.0,23.0,216.0,0.14382598047071693,0.04392496600193255,4,19,235.0,-0.007549027473293557,-19.0,False
331529,33,Manufacturing - metals/machinery,0.0304860195719894,0.0096988788805772,3.0,24.0,779.0,0.022983336869371963,0.008508093329282257,3,20,874.0,-0.0075026827026174366,-95.0,False
512120,51,Information,0.0493778311280848,0.0137022973825651,4.0,23.0,549.0,0.04189847778707742,0.01436807469026126,4,19,638.0,-0.007479353341007376,-89.0,False
926110,92,Public administration,0.0636114511379981,0.0161508555342793,3.0,24.0,445.0,0.05617508906712631,0.011767822765664172,4,19,507.0,-0.0074363620708717895,-62.0,True
335313,33,Manufacturing - metals/machinery,0.0210889303312007,0.0068538774048843,3.0,24.0,919.0,0.013712590263248996,0.004084622857463929,3,20,973.0,-0.007376340067951705,-54.0,False
711219,71,"Arts, entertainment & recreation",0.274242468999376,0.0704541387080878,4.0,23.0,115.0,0.2668760257383088,0.0700089973932715,4,19,121.0,-0.007366443261067168,-6.0,False
331512,33,Manufacturing - metals/machinery,0.0388035995157488,0.0122275201146726,3.0,24.0,679.0,0.0315599246051842,0.009774943932360647,3,20,758.0,-0.0072436749105646014,-79.0,False
713120,71,"Arts, entertainment & recreation",0.4033496737136869,0.1568113103659537,3.0,24.0,70.0,0.3962397004799106,0.1613414532409865,3,20,73.0,-0.007109973233776323,-3.0,False
611420,61,Educational services,0.1298061504920559,0.044016447437122,3.0,24.0,252.0,0.12277307885118836,0.03802244434903185,3,20,268.0,-0.0070330716408675414,-16.0,False
322219,32,Manufacturing - paper/chemicals,0.0432250236051717,0.0161535440187257,3.0,24.0,620.0,0.03623421873154517,0.015389708918438457,3,20,709.0,-0.0069908048736265285,-89.0,False
449129,44,Retail trade - general,0.1168511169746208,0.0335717940649125,1.0,23.0,279.0,0.10997810070255411,0.03207527869708065,1,19,298.0,-0.006873016272066698,-19.0,False
713950,71,"Arts, entertainment & recreation",0.2028076198820117,0.0660604748545618,2.0,23.0,155.0,0.19596971272315158,0.06939607998806702,2,20,168.0,-0.006837907158860124,-13.0,False
332410,33,Manufacturing - metals/machinery,0.0214405005071891,0.0069358393957049,2.0,24.0,915.0,0.01467357095021964,0.0059174405006624945,2,20,967.0,-0.0067669295569694615,-52.0,False
486910,48,Transportation,0.0465214764347113,0.0141105356871761,1.0,23.0,582.0,0.03978513905916979,0.013020273573793607,1,19,666.0,-0.00673633737554151,-84.0,False
524114,52,Finance & insurance,0.0189411179938193,0.0057017736091249,4.0,23.0,937.0,0.012372717152534289,0.00361361412989048,4,19,978.0,-0.006568400841285012,-41.0,False
444110,44,Retail trade - general,0.1139588491572799,0.037278315782243,3.0,24.0,286.0,0.10740765985233203,0.03462347017524803,3,20,302.0,-0.0065511893049478714,-16.0,False
337126,33,Manufacturing - metals/machinery,0.0462033709832829,0.014636726793618,3.0,24.0,587.0,0.039705373482649665,0.013284436608580646,3,20,667.0,-0.006497997500633235,-80.0,False
813920,81,Other services,0.1271924295743097,0.0323258336695542,2.0,24.0,258.0,0.12069768770996943,0.0314196594162469,2,20,278.0,-0.006494741864340278,-20.0,False
331420,33,Manufacturing - metals/machinery,0.0280196565332453,0.0074515441459604,4.0,23.0,821.0,0.021589069298745142,0.006519425457864193,4,19,895.0,-0.006430587234500157,-74.0,False
621492,62,Health care & social assistance,0.0162788364536763,0.0058423745597095,4.0,23.0,963.0,0.009931417785044291,0.0036336416383918944,4,19,990.0,-0.006347418668632008,-27.0,False
221113,22,Utilities,0.0773399193353147,0.0220286383015476,1.0,23.0,388.0,0.07104666721071531,0.020853650895540952,1,19,420.0,-0.0062932521245993855,-32.0,False
483111,48,Transportation,0.1300607944512263,0.0411205548666532,4.0,23.0,251.0,0.12380101242194971,0.0381203315337787,4,19,265.0,-0.0062597820292766004,-14.0,False
331491,33,Manufacturing - metals/machinery,0.021644836223794,0.0076231499612044,3.0,24.0,908.0,0.015466515135693118,0.004063203207253713,3,20,960.0,-0.006178321088100883,-52.0,False
336213,33,Manufacturing - metals/machinery,0.0657478247257667,0.0203098739615041,3.0,24.0,436.0,0.059654019035959335,0.018291726260302708,3,20,482.0,-0.006093805689807358,-46.0,False
561990,56,Administrative & waste services,0.0493996019821428,0.0147484995399958,3.0,24.0,548.0,0.04339655715519757,0.01433411520295171,3,20,622.0,-0.006003044826945227,-74.0,False
812113,81,Other services,0.1769904061468143,0.0541106788008523,4.0,22.0,175.0,0.171008807934504,0.05524398051121261,4,19,202.0,-0.005981598212310313,-27.0,False
512290,51,Information,0.2337836633169014,0.066545565502401,4.0,23.0,139.0,0.22785576670495927,0.06954997020492444,4,19,140.0,-0.005927896611942124,-1.0,False
455211,45,Retail trade - specialty,0.0471598205324815,0.0083800715909503,4.0,23.0,572.0,0.04130006080116265,0.00805782265584392,2,20,641.0,-0.005859759731318852,-69.0,True
326212,32,Manufacturing - paper/chemicals,0.0498424488384275,0.0162156017180777,3.0,24.0,542.0,0.04404694310930985,0.014196491707242718,3,20,615.0,-0.005795505729117648,-73.0,False
336360,33,Manufacturing - metals/machinery,0.0281215556155587,0.0088400301414238,3.0,24.0,817.0,0.022342717042196758,0.006210860352636597,3,20,884.0,-0.005778838573361943,-67.0,False
111992,11,"Agriculture, forestry, fishing",0.9247502579630812,0.2703689410236913,4.0,23.0,18.0,0.918973193265367,0.2787775660966618,4,19,18.0,-0.005777064697714218,0.0,False
221116,22,Utilities,0.015475434231547,0.0055081676250007,3.0,24.0,972.0,0.009914611327555051,0.0018076685078535948,3,20,991.0,-0.005560822903991949,-19.0,False
312113,31,Manufacturing - food/textiles,0.813791292545892,0.2918590864441758,3.0,24.0,26.0,0.808234713576908,0.3025255993368739,3,20,28.0,-0.005556578968983983,-2.0,False
812332,81,Other services,0.0375976371840941,0.0108705485733863,3.0,24.0,691.0,0.032052080568781,0.008555306407910473,3,20,752.0,-0.005545556615313099,-61.0,False
713910,71,"Arts, entertainment & recreation",0.7475318925139487,0.2285778154620591,4.0,23.0,32.0,0.7420803559232979,0.23741879088888762,4,19,32.0,-0.005451536590650785,0.0,False
337214,33,Manufacturing - metals/machinery,0.0263383065676608,0.0053403441820238,2.0,24.0,844.0,0.020888453483278138,0.004496418194193283,2,20,903.0,-0.005449853084382662,-59.0,False
483212,48,Transportation,0.2871857957084574,0.0792234329596309,4.0,23.0,107.0,0.281751336897301,0.0801192862047705,3,20,114.0,-0.005434458811156451,-7.0,True
326220,32,Manufacturing - paper/chemicals,0.0252430314105634,0.0077762546235203,3.0,24.0,865.0,0.01984482622285073,0.006386675892468739,3,20,914.0,-0.005398205187712668,-49.0,False
325212,32,Manufacturing - paper/chemicals,0.0100372717968674,0.0028362620987898,3.0,24.0,990.0,0.004688430649035075,0.0020109267175824805,3,20,996.0,-0.005348841147832325,-6.0,False
326150,32,Manufacturing - paper/chemicals,0.0499491353284067,0.0188375702472418,3.0,24.0,541.0,0.0446382183112261,0.017764095722386058,3,20,609.0,-0.0053109170171806025,-68.0,False
333996,33,Manufacturing - metals/machinery,0.0221519126317643,0.0048156321765486,3.0,24.0,899.0,0.016901393920242206,0.004388751649196852,3,20,947.0,-0.005250518711522094,-48.0,False
334111,33,Manufacturing - metals/machinery,0.0579129822988404,0.020939364002092,4.0,23.0,485.0,0.05266428229654611,0.020082530894895617,4,19,532.0,-0.005248700002294292,-47.0,False
423420,42,Wholesale trade,0.0322604047527957,0.0094121197259956,4.0,23.0,751.0,0.027044456423375503,0.008157385777677195,4,19,823.0,-0.0052159483294201975,-72.0,False
813990,81,Other services,0.4078274155438627,0.1464456847185946,3.0,24.0,69.0,0.402627150160867,0.15322029809040713,3,20,71.0,-0.005200265382995728,-2.0,False
524128,52,Finance & insurance,0.0331105954944497,0.0071745470666047,4.0,23.0,738.0,0.027956821808418797,0.005497954835340285,4,19,809.0,-0.005153773686030906,-71.0,False
327992,32,Manufacturing - paper/chemicals,0.0250713508173684,0.009072432293505,3.0,24.0,866.0,0.019919421918024538,0.007076535603864419,3,20,913.0,-0.005151928899343863,-47.0,False
313240,31,Manufacturing - food/textiles,0.0300224658227761,0.0094054191542171,3.0,24.0,789.0,0.024888713499820764,0.007998935662101327,3,20,848.0,-0.0051337523229553345,-59.0,False
332912,33,Manufacturing - metals/machinery,0.0234145706759091,0.00615806755923,3.0,24.0,884.0,0.018359173214316994,0.0051169501656108994,3,20,930.0,-0.0050553974615921045,-46.0,False
311615,31,Manufacturing - food/textiles,0.0309348919850293,0.0098009866480325,3.0,24.0,773.0,0.026022791202158193,0.008139158348998117,3,20,837.0,-0.004912100782871107,-64.0,False
523150,52,Finance & insurance,0.0451812575929722,0.012364170071701,3.0,24.0,598.0,0.04027449516072097,0.011443197477963036,3,20,656.0,-0.00490676243225123,-58.0,False
561439,56,Administrative & waste services,0.045337046753986,0.0099904473691857,4.0,23.0,596.0,0.040493469535951745,0.009001202680201551,4,19,652.0,-0.004843577218034252,-56.0,False
561510,56,Administrative & waste services,0.0867160655526315,0.023453395242862,4.0,23.0,348.0,0.0818831943652552,0.023509080724024654,4,19,376.0,-0.004832871187376311,-28.0,False
335991,33,Manufacturing - metals/machinery,0.015984895480538,0.0039533380252794,2.0,24.0,966.0,0.011192979530665153,0.003832791974846061,3,20,985.0,-0.004791915949872848,-19.0,True
325194,32,Manufacturing - paper/chemicals,0.0285759062696159,0.0088951714645277,3.0,24.0,813.0,0.023794892360762,0.00869269080853723,3,20,860.0,-0.004781013908853899,-47.0,False
334416,33,Manufacturing - metals/machinery,0.0239559633442238,0.0089725125823803,3.0,24.0,878.0,0.01918535402781475,0.006761442357707462,3,20,921.0,-0.00477060931640905,-43.0,False
814110,81,Other services,0.2144876837698686,0.0694967726222744,4.0,23.0,149.0,0.20978435071594484,0.07061798526902308,4,19,154.0,-0.004703333053923758,-5.0,False
238290,23,Construction,0.0581205041014195,0.0127957552545682,4.0,23.0,483.0,0.05345690946970035,0.011423296773784957,4,19,526.0,-0.004663594631719149,-43.0,False
325611,32,Manufacturing - paper/chemicals,0.0229931695813369,0.008176562750375,3.0,24.0,890.0,0.018353942018735338,0.006454222897749058,3,20,931.0,-0.004639227562601562,-41.0,False
541840,54,Professional & technical services,0.0612925012878664,0.017875130877614,4.0,23.0,460.0,0.05666741199402484,0.016243321641453756,4,19,500.0,-0.004625089293841554,-40.0,False
221210,22,Utilities,0.0229692673924672,0.0064447483935623,1.0,23.0,892.0,0.018440394915065356,0.0060200724868587005,1,19,928.0,-0.0045288724774018435,-36.0,False
331523,33,Manufacturing - metals/machinery,0.0280336287973583,0.009288509395879,3.0,24.0,820.0,0.023567800473565333,0.006787343002316558,3,20,863.0,-0.004465828323792966,-43.0,False
333413,33,Manufacturing - metals/machinery,0.0512576784908099,0.0186741918308401,3.0,24.0,527.0,0.04684308312436117,0.018194927168589364,3,20,590.0,-0.004414595366448733,-63.0,False
541810,54,Professional & technical services,0.0514615569310453,0.0127082495369128,4.0,23.0,524.0,0.04705375913876562,0.011787893600972746,4,19,587.0,-0.004407797792279684,-63.0,False
336390,33,Manufacturing - metals/machinery,0.0274171088337095,0.0091217508807074,3.0,24.0,832.0,0.023013813686275534,0.006300889344973297,3,20,872.0,-0.004403295147433966,-40.0,False
113210,11,"Agriculture, forestry, fishing",0.5601608130899746,0.1470900765745163,4.0,23.0,53.0,0.5557778191932623,0.14745255250645242,2,19,53.0,-0.004382993896712262,0.0,True
327420,32,Manufacturing - paper/chemicals,0.0342480935226465,0.0105345369334084,3.0,24.0,720.0,0.029873622180363973,0.010331796334917306,3,20,786.0,-0.00437447134228253,-66.0,False
331314,33,Manufacturing - metals/machinery,0.0395251104001374,0.0136021592525238,3.0,24.0,668.0,0.035184722675618334,0.013041466352101955,3,20,720.0,-0.004340387724519064,-52.0,False
923110,92,Public administration,0.1494848835593523,0.0411117777319349,2.0,24.0,217.0,0.14514829702898774,0.04143889173003844,2,20,231.0,-0.004336586530364561,-14.0,False
713210,71,"Arts, entertainment & recreation",0.0434226391169891,0.0064181605786413,2.0,24.0,615.0,0.03908980938445609,0.00674772322017526,3,20,673.0,-0.00433282973253301,-58.0,True
331318,33,Manufacturing - metals/machinery,0.0327693668068366,0.0104243655899418,3.0,24.0,745.0,0.028488819169512312,0.010424777930432116,3,20,801.0,-0.004280547637324286,-56.0,False
336991,33,Manufacturing - metals/machinery,0.0414533609958916,0.0159021963898427,3.0,24.0,643.0,0.03719218716732913,0.012797290685229978,3,20,697.0,-0.004261173828562469,-54.0,False
812220,81,Other services,0.2929832767614733,0.0868404462782168,4.0,23.0,100.0,0.2887451297154982,0.08926600229839016,4,19,108.0,-0.0042381470459750825,-8.0,False
813910,81,Other services,0.069358755871729,0.0230280471117122,3.0,24.0,417.0,0.06514390302328382,0.023115912062154697,3,20,452.0,-0.00421485284844518,-35.0,False
561621,56,Administrative & waste services,0.056442243099164,0.0147107591925191,4.0,23.0,493.0,0.05225379063978809,0.01367329545760222,4,19,536.0,-0.004188452459375908,-43.0,False
444140,44,Retail trade - general,0.0886624413590177,0.0238187483257583,3.0,24.0,344.0,0.08455490588250265,0.02302776045100747,3,20,368.0,-0.004107535476515045,-24.0,False
325180,32,Manufacturing - paper/chemicals,0.0198419123414621,0.005513511867382,3.0,24.0,931.0,0.015759644080989798,0.004021759918545495,3,20,958.0,-0.0040822682604723035,-27.0,False
321212,32,Manufacturing - paper/chemicals,0.0333477272883068,0.0093181639085391,3.0,24.0,733.0,0.02927655320248464,0.007569604147621258,3,20,795.0,-0.004071174085822162,-62.0,False
333924,33,Manufacturing - metals/machinery,0.0327130493595567,0.0109672361281649,3.0,24.0,746.0,0.02864675321580882,0.010894843480664985,3,20,800.0,-0.004066296143747879,-54.0,False
922150,92,Public administration,0.0502642588456984,0.0128399809780888,4.0,23.0,539.0,0.04628644160122208,0.011486315971088316,4,19,596.0,-0.003977817244476323,-57.0,False
532111,53,Real estate,0.0582322589855038,0.0126528455010014,3.0,24.0,481.0,0.05427893462063777,0.016209614385570476,3,20,519.0,-0.003953324364866027,-38.0,False
326291,32,Manufacturing - paper/chemicals,0.0240407241699247,0.0090631969049388,3.0,24.0,877.0,0.020133946268807542,0.0077614704608923,3,20,910.0,-0.003906777901117157,-33.0,False
327993,32,Manufacturing - paper/chemicals,0.0308098017318999,0.0087307451232238,3.0,24.0,776.0,0.026917386016965427,0.008372388936575829,3,20,825.0,-0.0038924157149344725,-49.0,False
623312,62,Health care & social assistance,0.0601146129981256,0.0171038934123301,3.0,24.0,471.0,0.05629125684542907,0.01643238476009611,3,20,505.0,-0.003823356152696529,-34.0,False
323117,32,Manufacturing - paper/chemicals,0.0313183531801773,0.0080374395051408,3.0,24.0,766.0,0.027511385764146183,0.00827569728125806,3,20,818.0,-0.0038069674160311137,-52.0,False
532411,53,Real estate,0.0747938944446889,0.0190781904442502,4.0,23.0,401.0,0.07099465737093542,0.018757989107548622,4,19,421.0,-0.0037992370737534725,-20.0,False
326191,32,Manufacturing - paper/chemicals,0.077271329818966,0.0265326813023513,3.0,24.0,390.0,0.07349373438357719,0.024927981207374134,3,20,410.0,-0.003777595435388817,-20.0,False
331221,33,Manufacturing - metals/machinery,0.0157897402561025,0.0048078000960736,3.0,24.0,969.0,0.012021455881406311,0.0041944311766794,3,20,980.0,-0.0037682843746961892,-11.0,False
311412,31,Manufacturing - food/textiles,0.0264384746262871,0.005411779095606,3.0,24.0,842.0,0.022716795237712032,0.003823221670796531,2,20,879.0,-0.0037216793885750665,-37.0,True
326130,32,Manufacturing - paper/chemicals,0.0427706800750834,0.0150847527572815,3.0,24.0,630.0,0.03905141377424395,0.014470135631217629,3,20,674.0,-0.0037192663008394564,-44.0,False
311213,31,Manufacturing - food/textiles,0.0682932964155556,0.0238417154690188,3.0,24.0,423.0,0.0646126498942971,0.023305432352199895,3,20,454.0,-0.0036806465212584905,-31.0,False
333242,33,Manufacturing - metals/machinery,0.0215857961104314,0.0080096196363505,4.0,23.0,911.0,0.017925443519585353,0.007573283930895407,4,19,935.0,-0.003660352590846048,-24.0,False
331210,33,Manufacturing - metals/machinery,0.0202351845516601,0.0050283233609712,3.0,24.0,925.0,0.016577508386238428,0.0037535108101417747,3,20,951.0,-0.0036576761654216715,-26.0,False
518210,51,Information,0.0403504960790876,0.0084520919879027,4.0,23.0,656.0,0.03669466168956079,0.007495257114281258,4,19,703.0,-0.0036558343895268103,-47.0,False
333912,33,Manufacturing - metals/machinery,0.016597482648977,0.0064750211937692,3.0,24.0,961.0,0.012992840570345957,0.005430827518495191,3,20,975.0,-0.0036046420786310443,-14.0,False
221111,22,Utilities,0.0205804513949724,0.0044506564843072,3.0,24.0,921.0,0.0170140042723928,0.0036848521826877228,4,19,945.0,-0.003566447122579603,-24.0,True
922140,92,Public administration,0.0377416653321102,0.0081949357416275,4.0,23.0,686.0,0.03422552405299932,0.007188099136597913,4,19,732.0,-0.0035161412791108806,-46.0,False
312230,31,Manufacturing - food/textiles,0.1379388785067063,0.042780126868956,1.0,23.0,239.0,0.13442321482556246,0.04418092636355973,1,19,249.0,-0.003515663681143838,-10.0,False
311421,31,Manufacturing - food/textiles,0.7867786452943643,0.258823136772088,4.0,23.0,30.0,0.7832723622316944,0.2680567533801267,4,19,29.0,-0.0035062830626698682,1.0,False
332993,33,Manufacturing - metals/machinery,0.0136365577607285,0.0046087918014629,3.0,24.0,980.0,0.01013521783000862,0.003529736337676133,3,20,986.0,-0.0035013399307198805,-6.0,False
311821,31,Manufacturing - food/textiles,0.05574750192104,0.0164653056815903,4.0,23.0,497.0,0.052302972766128775,0.016377282615409376,4,19,535.0,-0.0034445291549112245,-38.0,False
314110,31,Manufacturing - food/textiles,0.0241236117851556,0.0087192235728191,3.0,24.0,876.0,0.020679732945848385,0.006288842570498504,3,20,906.0,-0.003443878839307215,-30.0,False
457120,45,Retail trade - specialty,0.0938586195863884,0.0238645008472206,3.0,24.0,326.0,0.09043937298182285,0.021473989896012853,3,20,345.0,-0.003419246604565551,-19.0,False
333511,33,Manufacturing - metals/machinery,0.021286978687303,0.004574759962519,3.0,24.0,916.0,0.017873774350340144,0.002821733232823355,4,19,936.0,-0.0034132043369628565,-20.0,True
336612,33,Manufacturing - metals/machinery,0.0405819694763663,0.012287509283676,3.0,24.0,652.0,0.03717694909731257,0.011384286958110995,3,20,698.0,-0.0034050203790537345,-46.0,False
311611,31,Manufacturing - food/textiles,0.0297601775557317,0.0075730902977327,4.0,23.0,794.0,0.02636268748239308,0.006330638959325727,4,19,834.0,-0.0033974900733386194,-40.0,False
325991,32,Manufacturing - paper/chemicals,0.0374592345198772,0.012789710450042,3.0,24.0,692.0,0.03406812556085157,0.011982785479415014,3,20,734.0,-0.0033911089590256266,-42.0,False
488210,48,Transportation,0.0268874866532944,0.0060770124251074,3.0,24.0,837.0,0.023508046543313142,0.0055389414541672875,3,20,864.0,-0.0033794401099812577,-27.0,False
333993,33,Manufacturing - metals/machinery,0.0203273299722792,0.0051696015808293,3.0,24.0,924.0,0.01700906447778031,0.003970384663814804,3,20,946.0,-0.0033182654944988905,-22.0,False
811411,81,Other services,0.2371127319649026,0.0606011613552569,4.0,23.0,132.0,0.23381689777209813,0.062381718537682145,4,19,139.0,-0.0032958341928044643,-7.0,False
334112,33,Manufacturing - metals/machinery,0.0276734478829458,0.0091390311357842,3.0,24.0,827.0,0.024393235836383302,0.007556509627966661,3,20,852.0,-0.003280212046562498,-25.0,False
311224,31,Manufacturing - food/textiles,0.0549503089696194,0.0200687026621805,4.0,23.0,502.0,0.05169676989104658,0.020447115205202843,4,19,538.0,-0.0032535390785728216,-36.0,False
112320,11,"Agriculture, forestry, fishing",0.0521597707811094,0.0172864035226527,3.0,24.0,517.0,0.04893068497412037,0.01693514991635716,3,20,563.0,-0.0032290858069890307,-46.0,False
321211,32,Manufacturing - paper/chemicals,0.0469434245694353,0.0145632059277314,3.0,24.0,575.0,0.043738375937400695,0.013950023846770677,3,20,616.0,-0.003205048632034607,-41.0,False
522310,52,Finance & insurance,0.1040517314884113,0.0325100111325248,4.0,23.0,301.0,0.10088826581328507,0.03320178648074695,4,19,314.0,-0.003163465675126237,-13.0,False
332721,33,Manufacturing - metals/machinery,0.0232243909341061,0.0086713231205413,3.0,24.0,888.0,0.02008480169850068,0.007404118569044302,3,20,912.0,-0.0031395892356054188,-24.0,False
213111,21,"Mining, quarrying, oil & gas",0.0917838947046126,0.0279037546824681,4.0,23.0,332.0,0.08864631231414048,0.0338280274799585,4,19,350.0,-0.003137582390472113,-18.0,False
325612,32,Manufacturing - paper/chemicals,0.037242548570084,0.0117377820414793,3.0,24.0,693.0,0.034111714772228095,0.01091526557721402,3,20,733.0,-0.003130833797855906,-40.0,False
339994,33,Manufacturing - metals/machinery,0.0436297701636382,0.0166179726011474,3.0,24.0,611.0,0.04052497351198072,0.015861916812216662,3,20,651.0,-0.003104796651657478,-40.0,False
333998,33,Manufacturing - metals/machinery,0.0188713175807585,0.0067538823786018,3.0,24.0,938.0,0.015789906444746416,0.005889786423298813,3,20,957.0,-0.0030814111360120827,-19.0,False
321219,32,Manufacturing - paper/chemicals,0.0290953055525567,0.0067101404521319,3.0,24.0,809.0,0.026024111371287934,0.008895827095815326,3,20,836.0,-0.0030711941812687667,-27.0,False
332996,33,Manufacturing - metals/machinery,0.0301018348874582,0.0052776626528459,3.0,24.0,785.0,0.02704811824813954,0.005284764421412797,3,20,822.0,-0.003053716639318662,-37.0,False
424810,42,Wholesale trade,0.0621238006530978,0.0230361143374768,3.0,24.0,453.0,0.059120672247501636,0.023762481176344295,3,20,484.0,-0.0030031284055961616,-31.0,False
212322,21,"Mining, quarrying, oil & gas",0.0716805248595758,0.0155878949966635,4.0,23.0,406.0,0.06871695385907518,0.018880166382720505,4,19,437.0,-0.0029635710005006116,-31.0,False
562219,56,Administrative & waste services,0.0462654069120001,0.0123867293707984,3.0,24.0,585.0,0.04330990870556235,0.010536036545243342,3,20,623.0,-0.0029554982064377497,-38.0,False
332216,33,Manufacturing - metals/machinery,0.0274684920260865,0.0099576439935133,3.0,24.0,830.0,0.02454356835155548,0.009672993285365982,3,20,851.0,-0.0029249236745310207,-21.0,False
337920,33,Manufacturing - metals/machinery,0.0296291159270213,0.0087595112087859,3.0,24.0,796.0,0.02674018632173878,0.01061177959266929,3,20,828.0,-0.0028889296052825204,-32.0,False
488320,48,Transportation,0.157705493565429,0.0425234577060103,4.0,23.0,206.0,0.15482884699902255,0.047558607350605915,4,19,220.0,-0.00287664656640646,-14.0,False
311119,31,Manufacturing - food/textiles,0.0396261025284524,0.0123484884012035,3.0,24.0,666.0,0.03675177200923446,0.010455273441589192,3,20,702.0,-0.002874330519217941,-36.0,False
337121,33,Manufacturing - metals/machinery,0.0408896339928396,0.0125746327683254,3.0,24.0,647.0,0.03801667559491349,0.011442403732846235,3,20,687.0,-0.0028729583979261036,-40.0,False
335931,33,Manufacturing - metals/machinery,0.0242880532229699,0.0093796795848422,3.0,24.0,874.0,0.021433131659166493,0.008582060061351695,3,20,897.0,-0.0028549215638034066,-23.0,False
333241,33,Manufacturing - metals/machinery,0.0270514684143629,0.0099011472434326,3.0,24.0,835.0,0.02421076964483406,0.009355049236714947,3,20,854.0,-0.002840698769528839,-19.0,False
332812,33,Manufacturing - metals/machinery,0.0428081423507907,0.0140138774890234,3.0,24.0,628.0,0.039974057876158105,0.01287303236219503,3,20,661.0,-0.0028340844746325977,-33.0,False
327999,32,Manufacturing - paper/chemicals,0.0506754994334829,0.0103348149816898,3.0,24.0,535.0,0.047867837883248075,0.009606993325920108,3,20,577.0,-0.002807661550234826,-42.0,False
332999,33,Manufacturing - metals/machinery,0.0361474711007891,0.0122275443300067,3.0,24.0,704.0,0.03334068182901971,0.010846252754358146,3,20,736.0,-0.0028067892717693887,-32.0,False
332613,33,Manufacturing - metals/machinery,0.0239484861428444,0.0062798672237085,3.0,24.0,879.0,0.021165474450783744,0.00531405339569849,3,20,900.0,-0.002783011692060657,-21.0,False
713990,71,"Arts, entertainment & recreation",0.9699079971688428,0.3292460025215963,3.0,24.0,13.0,0.967155539967338,0.3506138394608889,3,20,12.0,-0.0027524572015047433,1.0,False
326122,32,Manufacturing - paper/chemicals,0.0404508833491954,0.0138898908686309,3.0,24.0,653.0,0.03773322935125596,0.014275224372749432,3,20,691.0,-0.00271765399793944,-38.0,False
311919,31,Manufacturing - food/textiles,0.0370995620558984,0.0149739876637316,3.0,24.0,695.0,0.03440847274628372,0.014307890644236163,3,20,729.0,-0.002691089309614682,-34.0,False
333111,33,Manufacturing - metals/machinery,0.038257919620408,0.0117504602516424,3.0,24.0,682.0,0.0355797769955839,0.010277401061173749,3,20,717.0,-0.0026781426248240967,-35.0,False
326299,32,Manufacturing - paper/chemicals,0.0335223005352445,0.0098825685473658,3.0,24.0,731.0,0.030863805828075665,0.009876322605647815,3,20,769.0,-0.0026584947071688347,-38.0,False
212319,21,"Mining, quarrying, oil & gas",0.1986267017337952,0.0598387248863122,4.0,23.0,158.0,0.1959717173307322,0.062292945092648766,4,19,167.0,-0.0026549844030629988,-9.0,False
339930,33,Manufacturing - metals/machinery,0.0324919403611972,0.0116089789315062,4.0,23.0,748.0,0.029868957957313383,0.011317699904198628,4,19,787.0,-0.002622982403883818,-39.0,False
112920,11,"Agriculture, forestry, fishing",0.1393649074296173,0.0301861783427127,4.0,23.0,236.0,0.13675850662076106,0.030227212655922386,4,19,246.0,-0.0026064008088562407,-10.0,False
423710,42,Wholesale trade,0.035215662685801,0.010642322297171,3.0,24.0,710.0,0.03261068026643616,0.010644559867649386,3,20,745.0,-0.00260498241936484,-35.0,False
111421,11,"Agriculture, forestry, fishing",0.6569261923943002,0.19096641747356,4.0,23.0,40.0,0.6543234075861692,0.19796110587583066,4,19,39.0,-0.00260278480813092,1.0,False
423450,42,Wholesale trade,0.0430074250048724,0.0129198005818233,4.0,23.0,621.0,0.04041491249311375,0.01256148271203275,4,19,653.0,-0.0025925125117586545,-32.0,False
332722,33,Manufacturing - metals/machinery,0.0221273014782664,0.0079263252125196,3.0,24.0,902.0,0.01953769797126995,0.0074189766873404474,3,20,919.0,-0.002589603506996451,-17.0,False
311511,31,Manufacturing - food/textiles,0.0334544167986388,0.0104057333285033,3.0,24.0,732.0,0.030865308806848235,0.011561429556911248,3,20,768.0,-0.0025891079917905666,-36.0,False
923120,92,Public administration,0.0394098021539689,0.0097333007574213,3.0,24.0,670.0,0.03683088017776796,0.009398767143899662,3,20,701.0,-0.0025789219762009374,-31.0,False
332510,33,Manufacturing - metals/machinery,0.0329650450577839,0.0130147317709941,3.0,24.0,742.0,0.030397653761472868,0.012135559823384958,3,20,779.0,-0.0025673912963110335,-37.0,False
321991,32,Manufacturing - paper/chemicals,0.0833126855554156,0.0296790878202003,3.0,24.0,365.0,0.08075481947544416,0.027705386504494438,3,20,385.0,-0.002557866079971438,-20.0,False
332811,33,Manufacturing - metals/machinery,0.0229540813583521,0.0056319251492557,3.0,24.0,893.0,0.020440460699357024,0.00640467155312992,3,20,907.0,-0.002513620658995075,-14.0,False
325510,32,Manufacturing - paper/chemicals,0.0320011958534399,0.0118093594027173,3.0,24.0,757.0,0.029494629551168872,0.011073126116548947,3,20,793.0,-0.002506566302271026,-36.0,False
322211,32,Manufacturing - paper/chemicals,0.0314443190201774,0.0127105189889544,3.0,24.0,765.0,0.028948944251295034,0.01227113103658589,3,20,799.0,-0.0024953747688823656,-34.0,False
336320,33,Manufacturing - metals/machinery,0.0261801610893236,0.0069702890221122,3.0,24.0,847.0,0.023696697580805684,0.005099297958785732,3,20,861.0,-0.002483463508517917,-14.0,False
322220,32,Manufacturing - paper/chemicals,0.0258998035104052,0.0100876786294518,3.0,24.0,852.0,0.023426778257307747,0.009814709954247904,3,20,866.0,-0.002473025253097453,-14.0,False
522292,52,Finance & insurance,0.0523710803063855,0.0156112682148629,4.0,23.0,516.0,0.049924707826068934,0.01551047113828202,4,19,553.0,-0.0024463724803165665,-37.0,False
457210,45,Retail trade - specialty,0.0607457408111369,0.0207452614598513,2.0,24.0,463.0,0.05830493402695781,0.021069817999567943,2,20,488.0,-0.0024408067841790934,-25.0,False
921120,92,Public administration,0.2377638297864645,0.0840736175937035,3.0,24.0,131.0,0.23532756608251118,0.08806258912039285,3,20,138.0,-0.0024362637039533064,-7.0,False
337127,33,Manufacturing - metals/machinery,0.1083367937464181,0.0433624935818846,3.0,24.0,297.0,0.1059287147945952,0.043731077952210366,3,20,305.0,-0.0024080789518228923,-8.0,False
334413,33,Manufacturing - metals/machinery,0.0215654517471332,0.0053994735865428,3.0,24.0,912.0,0.019160976694731827,0.00548073254006905,3,20,922.0,-0.002404475052401371,-10.0,False
623311,62,Health care & social assistance,0.0485210955317015,0.0152647284443041,3.0,24.0,559.0,0.046117903828662876,0.015084788239420058,3,20,598.0,-0.0024031917030386263,-39.0,False
326199,32,Manufacturing - paper/chemicals,0.0444067915884706,0.01354821229611,3.0,24.0,603.0,0.04201305034587556,0.01311626522381395,3,20,636.0,-0.002393741242595039,-33.0,False
332313,33,Manufacturing - metals/machinery,0.0291882204409758,0.0082903829601114,3.0,24.0,806.0,0.026801483879447027,0.007459484568011323,3,20,827.0,-0.002386736561528772,-21.0,False
112340,11,"Agriculture, forestry, fishing",0.0605982467371489,0.0215510974766132,3.0,24.0,466.0,0.05821428649084644,0.022101836866662793,3,20,490.0,-0.002383960246302462,-24.0,False
541850,54,Professional & technical services,0.0846224442729552,0.0198725760035692,4.0,23.0,357.0,0.08224181346132914,0.020929189979696085,4,19,375.0,-0.0023806308116260666,-18.0,False
524113,52,Finance & insurance,0.0509658643442658,0.0189604213971197,4.0,23.0,528.0,0.048589055989105734,0.019058073418624914,4,19,567.0,-0.002376808355160069,-39.0,False
336415,33,Manufacturing - metals/machinery,0.0399850371731931,0.0109584213404888,3.0,24.0,660.0,0.03760895420727033,0.01104499440521738,2,20,693.0,-0.002376082965922767,-33.0,True
335929,33,Manufacturing - metals/machinery,0.0245041161867959,0.0076382364082829,3.0,24.0,871.0,0.022150981778041003,0.008076864740489005,3,20,886.0,-0.0023531344087548978,-15.0,False
331524,33,Manufacturing - metals/machinery,0.0295419575468011,0.0097283432184419,3.0,24.0,797.0,0.027223297786600934,0.009262734559993017,3,20,820.0,-0.0023186597602001674,-23.0,False
541860,54,Professional & technical services,0.0433016586546022,0.0124824679314364,4.0,23.0,617.0,0.0409837440142047,0.012271823331316054,4,19,642.0,-0.0023179146403974962,-25.0,False
212312,21,"Mining, quarrying, oil & gas",0.1429932629793602,0.0462903673533663,4.0,23.0,230.0,0.1406838117556257,0.04796368743484106,4,19,238.0,-0.0023094512237344933,-8.0,False
311612,31,Manufacturing - food/textiles,0.0255143507829727,0.0075805355093794,3.0,24.0,857.0,0.02321572727446141,0.007434488615711074,3,20,870.0,-0.0022986235085112883,-13.0,False
334418,33,Manufacturing - metals/machinery,0.0173327204668117,0.0041803320174821,3.0,24.0,954.0,0.015049347292780362,0.0033463285185003563,3,20,962.0,-0.002283373174031338,-8.0,False
332311,33,Manufacturing - metals/machinery,0.0385782200892261,0.0111714786307139,3.0,24.0,681.0,0.03632726914635456,0.012078346089973813,3,20,705.0,-0.0022509509428715394,-24.0,False
325320,32,Manufacturing - paper/chemicals,0.0218572122822067,0.006510704868488,3.0,24.0,906.0,0.0196080741724468,0.006500392107057924,3,20,918.0,-0.0022491381097599003,-12.0,False
517111,51,Information,0.0171603279482485,0.0043772247347876,4.0,23.0,956.0,0.014920535027957883,0.003730577889959406,4,19,964.0,-0.002239792920290617,-8.0,False
325920,32,Manufacturing - paper/chemicals,0.0172430191786092,0.003649095475308,2.0,24.0,955.0,0.015003683687605624,0.0027868477700218543,2,20,963.0,-0.002239335491003575,-8.0,False
444120,44,Retail trade - general,0.0605312531263061,0.0142199879583265,3.0,24.0,467.0,0.05829699394125545,0.01457706353991925,3,20,489.0,-0.0022342591850506507,-22.0,False
321912,32,Manufacturing - paper/chemicals,0.0551676934311268,0.0194588075072793,3.0,24.0,501.0,0.05295726759276043,0.01888734704528291,3,20,530.0,-0.0022104258383663644,-29.0,False
111422,11,"Agriculture, forestry, fishing",0.6899135371102538,0.2019879866936208,2.0,24.0,38.0,0.6877146390189117,0.2130096680349204,2,20,37.0,-0.0021988980913421052,1.0,False
326140,32,Manufacturing - paper/chemicals,0.0330049184988073,0.0123286482952771,3.0,24.0,740.0,0.030824923558662787,0.01166995678238249,3,20,770.0,-0.0021799949401445154,-30.0,False
561710,56,Administrative & waste services,0.0983153434652372,0.0215993787675501,4.0,23.0,313.0,0.09614666235580051,0.022923362844851754,4,19,326.0,-0.0021686811094366876,-13.0,False
237120,23,Construction,0.3198625113104423,0.1087554428927033,4.0,23.0,89.0,0.3177028595946227,0.11241277971011165,4,19,94.0,-0.0021596517158196105,-5.0,False
333120,33,Manufacturing - metals/machinery,0.0148515906173859,0.0057844496058722,3.0,24.0,976.0,0.012717245179810299,0.0051221645605646435,3,20,977.0,-0.002134345437575602,-1.0,False
493190,49,Warehousing & couriers,0.0529219801443281,0.0135751727341997,4.0,23.0,515.0,0.050791910996346376,0.013776119757019726,4,19,545.0,-0.0021300691479817224,-30.0,False
493120,49,Warehousing & couriers,0.0742550130889344,0.0177224916405144,4.0,23.0,402.0,0.07213001883301555,0.01823224493256423,4,19,416.0,-0.0021249942559188467,-14.0,False
334210,33,Manufacturing - metals/machinery,0.083462261626305,0.0261999656758065,4.0,23.0,363.0,0.08136604674894139,0.02598202521476466,4,19,381.0,-0.0020962148773636113,-18.0,False
311513,31,Manufacturing - food/textiles,0.042910501690903,0.0136704459003953,3.0,24.0,623.0,0.040816290158699066,0.013602957449480601,3,20,644.0,-0.0020942115322039323,-21.0,False
327410,32,Manufacturing - paper/chemicals,0.0245139084774206,0.0048574172883221,3.0,24.0,870.0,0.02242018156988129,0.0055063754003721165,3,20,883.0,-0.0020937269075393117,-13.0,False
325130,32,Manufacturing - paper/chemicals,0.013799290864246,0.0050344483081177,4.0,23.0,979.0,0.011740193973784174,0.0050051271669519885,4,19,981.0,-0.0020590968904618256,-2.0,False
334517,33,Manufacturing - metals/machinery,0.0312219572758567,0.0094615996927996,3.0,24.0,770.0,0.02916744162950986,0.00887149137956347,3,20,798.0,-0.0020545156463468404,-28.0,False
562920,56,Administrative & waste services,0.0477633809185674,0.0151837860002362,3.0,24.0,565.0,0.04571380266586946,0.015568317614454949,3,20,601.0,-0.0020495782526979353,-36.0,False
441330,44,Retail trade - general,0.0588956755951931,0.0107545163901725,3.0,24.0,478.0,0.05684994481969873,0.012351971104973087,3,20,499.0,-0.0020457307754943657,-21.0,False
337211,33,Manufacturing - metals/machinery,0.0335625425837909,0.0127176282559046,3.0,24.0,730.0,0.03152959148446423,0.012809299226372963,3,20,759.0,-0.00203295109932667,-29.0,False
336211,33,Manufacturing - metals/machinery,0.0347461049718612,0.0119132196685551,3.0,24.0,713.0,0.032717991883917774,0.012775162073267194,3,20,743.0,-0.0020281130879434284,-30.0,False
311999,31,Manufacturing - food/textiles,0.0389091831493509,0.0087255466347056,3.0,24.0,678.0,0.036893066989678196,0.007231737175849519,3,20,700.0,-0.002016116159672704,-22.0,False
623110,62,Health care & social assistance,0.042206763335786,0.0122262279859221,3.0,24.0,637.0,0.04019432339189734,0.0130011090381492,3,20,657.0,-0.0020124399438886595,-20.0,False
334514,33,Manufacturing - metals/machinery,0.025970024971168,0.0064068408150142,3.0,24.0,851.0,0.02396356272293841,0.0069870871501199056,3,20,859.0,-0.00200646224822959,-8.0,False
484121,48,Transportation,0.0660301129886331,0.0190598020837213,4.0,23.0,435.0,0.06403735011429365,0.018899816949736425,4,19,457.0,-0.001992762874339443,-22.0,False
441340,44,Retail trade - general,0.059501593782749,0.0169491623854082,3.0,24.0,476.0,0.05753601641927749,0.01575343121638028,3,20,496.0,-0.001965577363471513,-20.0,False
485112,48,Transportation,0.0245308133803777,0.0093630408966027,3.0,24.0,869.0,0.022567776171319158,0.00804324303801068,3,20,882.0,-0.001963037209058542,-13.0,False
337910,33,Manufacturing - metals/machinery,0.0278625731638329,0.0083527554370615,3.0,24.0,826.0,0.025901456172857384,0.007698747169651592,3,20,840.0,-0.001961116990975516,-14.0,False
333994,33,Manufacturing - metals/machinery,0.0199207122934432,0.0069929259336889,3.0,24.0,930.0,0.017981470691494517,0.0069068506920512505,3,20,933.0,-0.0019392416019486831,-3.0,False
325220,32,Manufacturing - paper/chemicals,0.0096622213403337,0.0024077598715421,3.0,24.0,994.0,0.007745107768510263,0.0017794145360758916,3,20,994.0,-0.0019171135718234382,0.0,False
811191,81,Other services,0.1285893026775387,0.0415392695831319,3.0,24.0,256.0,0.1266772164455867,0.04207215343376638,3,20,259.0,-0.0019120862319520204,-3.0,False
332322,33,Manufacturing - metals/machinery,0.042460650572356,0.0144354787613649,3.0,24.0,633.0,0.04057399999196022,0.013758498952132695,3,20,649.0,-0.0018866505803957767,-16.0,False
221121,22,Utilities,0.0336306458439839,0.0093229430794854,3.0,24.0,729.0,0.03175263116219118,0.009328914169149268,3,20,756.0,-0.0018780146817927168,-27.0,False
311520,31,Manufacturing - food/textiles,0.1412248501171512,0.0508053404127048,3.0,24.0,233.0,0.13935826253892034,0.05266082645209628,3,20,242.0,-0.001866587578230855,-9.0,False
334412,33,Manufacturing - metals/machinery,0.0235495274871808,0.0072854175221197,3.0,24.0,882.0,0.021727332433988618,0.007318001385909813,3,20,893.0,-0.001822195053192182,-11.0,False
532412,53,Real estate,0.0506558925931835,0.012819468709012,4.0,23.0,536.0,0.048839807214614256,0.013084022482120377,4,19,564.0,-0.0018160853785692474,-28.0,False
325910,32,Manufacturing - paper/chemicals,0.0185514271497839,0.0038368527006552,2.0,24.0,943.0,0.01673581030258075,0.003992636877971489,2,20,949.0,-0.0018156168472031504,-6.0,False
334417,33,Manufacturing - metals/machinery,0.0176537175596099,0.003998883280251,3.0,24.0,950.0,0.015841800929225856,0.003388182826799574,3,20,955.0,-0.0018119166303840438,-5.0,False
516210,51,Information,0.0416601667209191,0.0144585106211254,4.0,23.0,640.0,0.03988672788536794,0.013260934816891647,4,19,664.0,-0.0017734388355511582,-24.0,False
513210,51,Information,0.0364246867289674,0.0102089547380806,4.0,23.0,700.0,0.034658898133036846,0.010502215780150329,4,19,726.0,-0.0017657885959305522,-26.0,False
524130,52,Finance & insurance,0.037707295253136,0.0100262100974652,4.0,23.0,688.0,0.035961667607320426,0.009992021793132308,4,19,712.0,-0.0017456276458155742,-24.0,False
457110,45,Retail trade - specialty,0.1148176021355555,0.0294239705140118,3.0,24.0,284.0,0.11307343588465307,0.02988321287384954,3,20,293.0,-0.0017441662509024292,-9.0,False
313230,31,Manufacturing - food/textiles,0.0321681591078747,0.0071356935424258,3.0,24.0,754.0,0.03043685247408037,0.007220845294886549,3,20,778.0,-0.001731306633794328,-24.0,False
424690,42,Wholesale trade,0.0338435957776135,0.0106930540523901,4.0,23.0,727.0,0.032116766281207125,0.010595881679102645,4,19,751.0,-0.0017268294964063735,-24.0,False
112390,11,"Agriculture, forestry, fishing",0.1337863238829386,0.0445238604120343,3.0,24.0,245.0,0.1320845698616688,0.04310539211248966,3,20,252.0,-0.0017017540212697913,-7.0,False
312111,31,Manufacturing - food/textiles,0.0477756566932777,0.008771558972939,3.0,24.0,564.0,0.046074627961037916,0.013305336165733117,3,20,599.0,-0.001701028732239783,-35.0,False
322212,32,Manufacturing - paper/chemicals,0.0292548806971001,0.0079279054874671,3.0,24.0,804.0,0.02755838044502745,0.008020386893383302,3,20,814.0,-0.001696500252072651,-10.0,False
562111,56,Administrative & waste services,0.0507407608535199,0.0126221959939103,3.0,24.0,532.0,0.04904481420123737,0.0135455231059953,3,20,561.0,-0.0016959466522825303,-29.0,False
333243,33,Manufacturing - metals/machinery,0.0155160723814326,0.0061830895691109,3.0,24.0,971.0,0.013842459982760277,0.005628592918794482,3,20,971.0,-0.0016736123986723223,0.0,False
335999,33,Manufacturing - metals/machinery,0.0266098858842014,0.0083366189701894,3.0,24.0,840.0,0.02494348853694162,0.008543247723989816,3,20,847.0,-0.00166639734725978,-7.0,False
522291,52,Finance & insurance,0.0423018995528789,0.0115586129963309,4.0,23.0,635.0,0.04063850708418534,0.012545449385967973,4,19,646.0,-0.0016633924686935628,-11.0,False
326121,32,Manufacturing - paper/chemicals,0.0320290817755176,0.0116415063775454,3.0,24.0,756.0,0.03036590514121564,0.011701304623311808,3,20,780.0,-0.001663176634301964,-24.0,False
327910,32,Manufacturing - paper/chemicals,0.0340561986230894,0.0122450391167152,3.0,24.0,723.0,0.032398582335828374,0.012522487201895888,3,20,749.0,-0.0016576162872610281,-26.0,False
423510,42,Wholesale trade,0.023306424029409,0.0057180667078359,3.0,24.0,886.0,0.021650122786451502,0.005774993355798211,3,20,894.0,-0.0016563012429574968,-8.0,False
531130,53,Real estate,0.0779618507543891,0.0190394375315078,4.0,23.0,386.0,0.07630958745075148,0.019696594462027702,4,19,399.0,-0.00165226330363763,-13.0,False
321114,32,Manufacturing - paper/chemicals,0.0566021232996626,0.0161643057545238,3.0,24.0,491.0,0.054961944066175605,0.014825904305345805,3,20,513.0,-0.0016401792334869922,-22.0,False
423330,42,Wholesale trade,0.0575780950568461,0.0135785259896911,4.0,23.0,487.0,0.05595694759506513,0.01433266601515952,4,19,509.0,-0.001621147461780971,-22.0,False
325193,32,Manufacturing - paper/chemicals,0.0332479722481541,0.0107658706461845,3.0,24.0,734.0,0.031627472299000536,0.011560900294813369,3,20,757.0,-0.0016204999491535657,-23.0,False
332618,33,Manufacturing - metals/machinery,0.040267065565258,0.013206648256042,3.0,24.0,657.0,0.03864696769535755,0.012488921427551824,3,20,678.0,-0.0016200978699004512,-21.0,False
424510,42,Wholesale trade,0.2414299456981007,0.0693938926481668,4.0,23.0,127.0,0.23982406493099334,0.07145021127082303,4,19,137.0,-0.0016058807671073538,-10.0,False
332919,33,Manufacturing - metals/machinery,0.0286567339782549,0.0116219147516765,3.0,24.0,811.0,0.02705684228738573,0.010955074467975733,3,20,821.0,-0.00159989169086917,-10.0,False
335314,33,Manufacturing - metals/machinery,0.0188565263985359,0.0065074258942106,3.0,24.0,940.0,0.0172627437342604,0.005770500423135824,3,20,942.0,-0.0015937826642755011,-2.0,False
332119,33,Manufacturing - metals/machinery,0.0280883232711226,0.0101764593335897,3.0,24.0,818.0,0.02649477240946873,0.009739811718502685,3,20,831.0,-0.001593550861653869,-13.0,False
621991,62,Health care & social assistance,0.0321957962441743,0.006255023184933,3.0,24.0,753.0,0.030612058592545732,0.006014834299686604,3,20,774.0,-0.0015837376516285653,-21.0,False
325110,32,Manufacturing - paper/chemicals,0.0116355306666507,0.0026176361670178,1.0,23.0,986.0,0.01005608891145032,0.0028204947229131913,1,19,987.0,-0.0015794417552003805,-1.0,False
424120,42,Wholesale trade,0.0415429764232316,0.0125855653830851,3.0,24.0,641.0,0.039979572025071825,0.011538999513035475,3,20,660.0,-0.0015634043981597734,-19.0,False
541360,54,Professional & technical services,0.0945209548066273,0.0292341256596468,4.0,23.0,324.0,0.09300417069300976,0.030678727878894457,4,19,332.0,-0.0015167841136175392,-8.0,False
331222,33,Manufacturing - metals/machinery,0.0340132093010213,0.0070624855672151,3.0,24.0,724.0,0.03249967124008548,0.005610944820623189,3,20,746.0,-0.0015135380609358207,-22.0,False
336340,33,Manufacturing - metals/machinery,0.0591299926093387,0.0166205849195179,4.0,23.0,477.0,0.057623615117315646,0.017864126609482896,4,19,494.0,-0.0015063774920230505,-17.0,False
311230,31,Manufacturing - food/textiles,0.0263724195919151,0.0090375717803116,3.0,24.0,843.0,0.024871911436150737,0.008968494177595062,3,20,849.0,-0.0015005081557643643,-6.0,False
488490,48,Transportation,0.0514647302310053,0.013105781549918,3.0,24.0,523.0,0.04996752662773596,0.014648089414940908,3,20,552.0,-0.0014972036032693398,-29.0,False
423210,42,Wholesale trade,0.0363341059330292,0.0080882738681073,3.0,24.0,702.0,0.03485942134093997,0.008175504566535024,4,19,724.0,-0.0014746845920892288,-22.0,True
561910,56,Administrative & waste services,0.0595552810757343,0.0165529498929698,3.0,24.0,475.0,0.05808814613233099,0.01617087548512761,3,20,491.0,-0.0014671349434033157,-16.0,False
484230,48,Transportation,0.0654295623057264,0.0175784814848267,4.0,23.0,437.0,0.06396493282828176,0.017513847235304733,4,19,458.0,-0.0014646294774446345,-21.0,False
312112,31,Manufacturing - food/textiles,0.0772742277950542,0.0237658392545645,3.0,24.0,389.0,0.07582722947972488,0.026679860274728275,3,20,400.0,-0.001446998315329323,-11.0,False
324110,32,Manufacturing - paper/chemicals,0.0166152906737753,0.003671966498782,1.0,23.0,960.0,0.015183621732567522,0.0025318552128580445,1,19,961.0,-0.001431668941207779,-1.0,False
531190,53,Real estate,0.1464449958833017,0.033167195694796,4.0,23.0,223.0,0.14501509892764564,0.03359153939539896,4,19,232.0,-0.0014298969556560681,-9.0,False
321918,32,Manufacturing - paper/chemicals,0.0482983807525078,0.0160415953934101,3.0,24.0,561.0,0.04690636288951668,0.0158069763563402,3,20,589.0,-0.0013920178629911184,-28.0,False
424110,42,Wholesale trade,0.0186622890814327,0.0042157331568662,4.0,23.0,942.0,0.01728536159971824,0.004651384991175877,3,20,941.0,-0.00137692748171446,1.0,True
332911,33,Manufacturing - metals/machinery,0.0220882135227818,0.0058577498406797,3.0,24.0,903.0,0.020733236665375743,0.005750214905813344,3,20,905.0,-0.0013549768574060567,-2.0,False
459410,45,Retail trade - specialty,0.0759431039046804,0.0196609549662152,3.0,24.0,395.0,0.07460122512852746,0.024815741437080402,3,20,404.0,-0.0013418787761529383,-9.0,False
522180,52,Finance & insurance,0.0260292233884635,0.0092698264619738,3.0,24.0,849.0,0.02468947457773492,0.009103152193144207,3,20,850.0,-0.0013397488107285832,-1.0,False
311920,31,Manufacturing - food/textiles,0.0337397927739796,0.0075049041714597,3.0,24.0,728.0,0.03240500647763287,0.0065954464960661,3,20,748.0,-0.0013347862963467294,-20.0,False
517810,51,Information,0.0462228984920092,0.0156129928262444,4.0,23.0,586.0,0.04489009644725515,0.01616497409814775,4,19,605.0,-0.0013328020447540556,-19.0,False
551112,55,Management of companies,0.0894619479956369,0.0324194702166266,4.0,23.0,339.0,0.08814220932746392,0.033591226984711196,4,19,352.0,-0.00131973866817299,-13.0,False
517121,51,Information,0.0128547784809007,0.0036369855034623,4.0,23.0,983.0,0.01156068074629888,0.0033494025387409516,4,19,983.0,-0.0012940977346018196,0.0,False
424820,42,Wholesale trade,0.0192040707652452,0.0038956205596636,3.0,24.0,935.0,0.017951132176356403,0.004280894498593619,3,20,934.0,-0.0012529385888887974,1.0,False
332813,33,Manufacturing - metals/machinery,0.0376355659772179,0.0101835323653646,3.0,24.0,689.0,0.03638387936311112,0.009778015579798243,3,20,704.0,-0.0012516866141067812,-15.0,False
335910,33,Manufacturing - metals/machinery,0.0184956437229264,0.0048027431411479,3.0,24.0,945.0,0.017244671434626,0.005899714681947405,3,20,943.0,-0.001250972288300397,2.0,False
336411,33,Manufacturing - metals/machinery,0.0788003178413102,0.0209321457583115,3.0,24.0,383.0,0.07758633169967301,0.02242592457839995,3,20,395.0,-0.0012139861416371883,-12.0,False
332439,33,Manufacturing - metals/machinery,0.0394926029645839,0.0109070673221091,3.0,24.0,669.0,0.038301496717808366,0.011129896283555468,3,20,681.0,-0.0011911062467755348,-12.0,False
332994,33,Manufacturing - metals/machinery,0.0205217320940854,0.0047235253399489,3.0,24.0,922.0,0.019351117998803936,0.007262798585355347,3,20,920.0,-0.0011706140952814637,2.0,False
212290,21,"Mining, quarrying, oil & gas",0.0286828426988308,0.0096953138660178,3.0,24.0,810.0,0.02752565733433937,0.009941847060568535,3,20,817.0,-0.0011571853644914282,-7.0,False
332710,33,Manufacturing - metals/machinery,0.0280117120002681,0.0081491010377677,3.0,24.0,822.0,0.02686235894756518,0.007500841658719859,3,20,826.0,-0.0011493530527029207,-4.0,False
336212,33,Manufacturing - metals/machinery,0.0546033511362118,0.0202758990247377,3.0,24.0,506.0,0.05347774645876111,0.022534272677205314,3,20,525.0,-0.001125604677450688,-19.0,False
212114,21,"Mining, quarrying, oil & gas",0.0154476585591927,0.0044119767092078,4.0,23.0,973.0,0.014326054357879623,0.00401802859156488,2,20,968.0,-0.0011216042013130773,5.0,True
335132,33,Manufacturing - metals/machinery,0.0295124110118958,0.005569470243843,4.0,23.0,798.0,0.028396362536025437,0.006907249369651927,3,20,802.0,-0.001116048475870362,-4.0,True
311211,31,Manufacturing - food/textiles,0.0448330713780883,0.0145258144704053,3.0,24.0,599.0,0.04372238507339048,0.014566626617032136,3,20,617.0,-0.0011106863046978221,-18.0,False
333310,33,Manufacturing - metals/machinery,0.0200597249639275,0.0069128641810401,3.0,24.0,926.0,0.018956294786673183,0.0073110984093917725,3,20,924.0,-0.0011034301772543179,2.0,False
424130,42,Wholesale trade,0.0294606483058368,0.0073016298384109,3.0,24.0,801.0,0.028357719292034508,0.007330572889244297,3,20,805.0,-0.0011029290138022917,-4.0,False
331410,33,Manufacturing - metals/machinery,0.016990744168922,0.0058948079452429,3.0,24.0,957.0,0.015890591157804845,0.004541585588738858,3,20,954.0,-0.0011001530111171554,3.0,False
423130,42,Wholesale trade,0.0434770081609265,0.0138212977378169,3.0,24.0,613.0,0.04238581811637377,0.014466778250086071,3,20,631.0,-0.0010911900445527284,-18.0,False
333921,33,Manufacturing - metals/machinery,0.0494973680508361,0.016359987642279,3.0,24.0,545.0,0.04841408652845121,0.016118338105501128,3,20,569.0,-0.0010832815223848907,-24.0,False
311351,31,Manufacturing - food/textiles,0.0229797180464423,0.0045807911820469,3.0,24.0,891.0,0.021907033689214775,0.00417656683276819,3,20,890.0,-0.0010726843572275262,1.0,False
325413,32,Manufacturing - paper/chemicals,0.0291579290331659,0.008774217594314,3.0,24.0,808.0,0.02809520677903971,0.009451572672981865,3,20,808.0,-0.001062722254126191,0.0,False
423830,42,Wholesale trade,0.01992248027702,0.003994440907655,4.0,23.0,929.0,0.018866385002001954,0.004182331414195878,3,20,925.0,-0.0010560952750180465,4.0,True
337110,33,Manufacturing - metals/machinery,0.0514591012082701,0.0174573257981125,3.0,24.0,525.0,0.05041704548104336,0.017018128014019945,3,20,546.0,-0.0010420557272267442,-21.0,False
541611,54,Professional & technical services,0.1395645817439706,0.0457368359399796,4.0,23.0,235.0,0.1385292335075949,0.04766576155121442,4,19,243.0,-0.0010353482363756883,-8.0,False
332991,33,Manufacturing - metals/machinery,0.0097301380291752,0.0025241296102325,3.0,24.0,993.0,0.008702079292415382,0.0018743333563327647,3,20,993.0,-0.0010280587367598182,0.0,False
561422,56,Administrative & waste services,0.0616369843295887,0.0122018976094252,4.0,23.0,455.0,0.06062657207740808,0.012840744774413118,2,20,474.0,-0.0010104122521806258,-19.0,True
333519,33,Manufacturing - metals/machinery,0.0180236928274566,0.0031512263084398,2.0,24.0,948.0,0.017014345255371207,0.003190892300541928,2,20,944.0,-0.0010093475720853937,4.0,False
333612,33,Manufacturing - metals/machinery,0.0184405054673033,0.0044763342990219,3.0,24.0,946.0,0.017446643964347492,0.004523114933846231,3,20,940.0,-0.0009938615029558076,6.0,False
611512,61,Educational services,0.0473307890300356,0.0082459964411848,2.0,24.0,571.0,0.04634755720690658,0.008105164537222907,2,20,595.0,-0.0009832318231290174,-24.0,False
521110,52,Finance & insurance,0.0477419131011839,0.0174818227236821,3.0,24.0,566.0,0.04676685788218497,0.01781610995548761,3,20,592.0,-0.0009750552189989256,-26.0,False
311221,31,Manufacturing - food/textiles,0.0541093969995437,0.0155794649499217,3.0,24.0,508.0,0.05315310457046436,0.016754505693730583,3,20,528.0,-0.000956292429079339,-20.0,False
334118,33,Manufacturing - metals/machinery,0.0476808425098205,0.0139524084224422,4.0,23.0,568.0,0.04673543797485411,0.014715211627349628,4,19,593.0,-0.0009454045349663875,-25.0,False
238150,23,Construction,0.0444523557071416,0.0124687236899066,3.0,24.0,601.0,0.04351252980829831,0.012686787992593858,4,19,621.0,-0.0009398258988432898,-20.0,True
423730,42,Wholesale trade,0.0321455849206942,0.0087178127243689,3.0,24.0,755.0,0.03122258633566615,0.009309600396749598,3,20,765.0,-0.0009229985850280481,-10.0,False
424490,42,Wholesale trade,0.0391395687773363,0.007659574901966,3.0,24.0,675.0,0.03822082007039779,0.007920441754407669,4,19,684.0,-0.0009187487069385117,-9.0,True
333248,33,Manufacturing - metals/machinery,0.0228748739427657,0.0088728150474961,3.0,24.0,895.0,0.0219829081278853,0.008386856964852977,3,20,888.0,-0.0008919658148804008,7.0,False
314120,31,Manufacturing - food/textiles,0.0456389003181754,0.0126221837450953,2.0,24.0,592.0,0.0447583819567309,0.012356788594303591,2,20,607.0,-0.0008805183614444961,-15.0,False
622210,62,Health care & social assistance,0.0340577219024476,0.0093525004744867,3.0,24.0,722.0,0.03317809005257415,0.010237756923623961,3,20,738.0,-0.0008796318498734551,-16.0,False
516110,51,Information,0.0316858418846607,0.0088251301274081,4.0,23.0,761.0,0.030806771665046667,0.008371477485757128,3,20,772.0,-0.000879070219614031,-11.0,True
423810,42,Wholesale trade,0.0207048033488281,0.003220758376127,4.0,23.0,920.0,0.01982862521592671,0.003323791571938531,4,19,915.0,-0.0008761781329013896,5.0,False
339920,33,Manufacturing - metals/machinery,0.0507870959067498,0.0171141110644673,3.0,24.0,531.0,0.04992172187388735,0.017420652971171395,3,20,554.0,-0.000865374032862451,-23.0,False
424410,42,Wholesale trade,0.0386511145369389,0.0092266140793857,3.0,24.0,680.0,0.037795296039011356,0.010050306115229429,3,20,690.0,-0.0008558184979275477,-10.0,False
313220,31,Manufacturing - food/textiles,0.0229486593365227,0.0088661952274365,3.0,24.0,894.0,0.022097918273424243,0.008209584606979363,3,20,887.0,-0.0008507410630984556,7.0,False
623990,62,Health care & social assistance,0.0710465411196126,0.0247170606417745,3.0,24.0,407.0,0.07023321691930261,0.026331049513361415,3,20,427.0,-0.000813324200309995,-20.0,False
524298,52,Finance & insurance,0.0581464043536371,0.0173567170748095,4.0,23.0,482.0,0.0573438202452015,0.017651140139344886,4,19,497.0,-0.0008025841084355959,-15.0,False
333517,33,Manufacturing - metals/machinery,0.0188648185044012,0.0051018450827031,3.0,24.0,939.0,0.01808867246924728,0.005114428052552139,3,20,932.0,-0.0007761460351539198,7.0,False
512250,51,Information,0.1388103225063487,0.0378319252370092,4.0,23.0,237.0,0.13806913037137314,0.03839767673284624,4,19,244.0,-0.0007411921349755601,-7.0,False
325120,32,Manufacturing - paper/chemicals,0.0299446215152726,0.009198977877732,3.0,24.0,792.0,0.029204351687519396,0.00946476522803604,3,20,797.0,-0.0007402698277532045,-5.0,False
334512,33,Manufacturing - metals/machinery,0.0273336303453031,0.0082057573361399,3.0,24.0,834.0,0.02660969118136747,0.00783975813198388,3,20,830.0,-0.0007239391639356288,4.0,False
458110,45,Retail trade - specialty,0.1215167023488174,0.0199513235938355,3.0,24.0,267.0,0.12080594373294473,0.022850139648770106,3,20,277.0,-0.0007107586158726642,-10.0,False
112310,11,"Agriculture, forestry, fishing",0.0477245130271271,0.009273672047706,3.0,24.0,567.0,0.047018835042781176,0.010461898222918695,3,20,588.0,-0.000705677984345926,-21.0,False
326113,32,Manufacturing - paper/chemicals,0.0282224768728754,0.0088214191006994,3.0,24.0,815.0,0.027527002831455483,0.009156832373458075,3,20,816.0,-0.0006954740414199176,-1.0,False
522110,52,Finance & insurance,0.0216056954005819,0.0082703616946954,3.0,24.0,909.0,0.02093526496726003,0.007958023216409801,3,20,902.0,-0.0006704304333218676,7.0,False
315120,31,Manufacturing - food/textiles,0.0262446073635543,0.0073535418325607,3.0,24.0,846.0,0.025594432442571632,0.007380330313002659,4,19,843.0,-0.0006501749209826685,3.0,True
333515,33,Manufacturing - metals/machinery,0.0099960689785725,0.0035773373403835,3.0,24.0,991.0,0.009359985835040479,0.003049246500664617,3,20,992.0,-0.0006360831435320204,-1.0,False
541720,54,Professional & technical services,0.1204988551955007,0.0448425995786735,3.0,24.0,270.0,0.11987087500824346,0.045056319375972556,3,20,282.0,-0.0006279801872572377,-12.0,False
322230,32,Manufacturing - paper/chemicals,0.0319405184933632,0.0128478393604196,3.0,24.0,758.0,0.03131685161398097,0.012597912095113179,3,20,762.0,-0.0006236668793822286,-4.0,False
332321,33,Manufacturing - metals/machinery,0.0487813877109393,0.0174335149834891,3.0,24.0,556.0,0.048180019230247985,0.018216082493905317,3,20,571.0,-0.000601368480691318,-15.0,False
423610,42,Wholesale trade,0.0221357200392835,0.0053517889202568,4.0,23.0,900.0,0.021542315297718537,0.005719345832847044,4,19,896.0,-0.0005934047415649644,4.0,False
541310,54,Professional & technical services,0.0515912157203924,0.0154054362263762,3.0,24.0,520.0,0.05099953686763384,0.01584893251919465,3,20,543.0,-0.0005916788527585634,-23.0,False
327310,32,Manufacturing - paper/chemicals,0.0404508827433314,0.0125452523508435,3.0,24.0,654.0,0.039877211375231064,0.012800226407998633,3,20,665.0,-0.0005736713681003328,-11.0,False
513140,51,Information,0.0300461417066129,0.0078237104746078,4.0,23.0,788.0,0.029487969927624917,0.0081571660321437,4,19,794.0,-0.0005581717789879814,-6.0,False
532420,53,Real estate,0.0840359743762459,0.0215610989827724,4.0,23.0,360.0,0.08348107211151909,0.02336857707274225,4,19,372.0,-0.0005549022647268059,-12.0,False
424940,42,Wholesale trade,0.0566351729735172,0.0144165346416649,3.0,24.0,490.0,0.05609206902294081,0.016924702066717718,3,20,508.0,-0.0005431039505763915,-18.0,False
512230,51,Information,0.1139972948831335,0.0346570402855583,4.0,23.0,285.0,0.11346576455836765,0.03622987545237968,4,19,291.0,-0.0005315303247658415,-6.0,False
334511,33,Manufacturing - metals/machinery,0.0436549280520338,0.0146503064964238,3.0,24.0,609.0,0.04315147404546146,0.015543939441179705,3,20,624.0,-0.0005034540065723403,-15.0,False
334419,33,Manufacturing - metals/machinery,0.0255109383907604,0.0089482619980905,3.0,24.0,858.0,0.02501543437203184,0.008909085296014783,3,20,845.0,-0.0004955040187285611,13.0,False
445110,44,Retail trade - general,0.0700342819838694,0.0233435109526398,3.0,24.0,408.0,0.06955084250955734,0.025516324875036966,3,20,431.0,-0.000483439474312064,-23.0,False
811210,81,Other services,0.0486299162058609,0.0121380161832786,4.0,23.0,558.0,0.04814757403780443,0.012041995877107218,4,19,572.0,-0.00048234216805646823,-14.0,False
333131,33,Manufacturing - metals/machinery,0.0234604146067652,0.0081450147000028,3.0,24.0,883.0,0.022984701891224937,0.009087651559932047,3,20,873.0,-0.0004757127155402621,10.0,False
541713,54,Professional & technical services,0.0608220880124564,0.0204598637700784,3.0,24.0,462.0,0.060348277146382384,0.021166134953262777,3,20,478.0,-0.0004738108660740162,-16.0,False
325412,32,Manufacturing - paper/chemicals,0.0146931992424571,0.0034757392955378,3.0,24.0,977.0,0.014230937034106468,0.0031450417854896927,3,20,969.0,-0.00046226220835063163,8.0,False
621512,62,Health care & social assistance,0.0381287973870933,0.0110465584989965,4.0,23.0,684.0,0.037686179436767483,0.011082432379525614,4,19,692.0,-0.00044261795032581736,-8.0,False
311824,31,Manufacturing - food/textiles,0.0283075721781344,0.005503006378904,3.0,24.0,814.0,0.02787041472890777,0.006102360673661166,4,19,811.0,-0.00043715744922662864,3.0,True
621910,62,Health care & social assistance,0.0487881407802863,0.0127591528148927,4.0,23.0,555.0,0.048353541901368355,0.012683774145364214,4,19,570.0,-0.0004345988789179467,-15.0,False
336412,33,Manufacturing - metals/machinery,0.0233492962859154,0.0093327715799181,3.0,24.0,885.0,0.022926199555928388,0.008664898512036265,3,20,875.0,-0.0004230967299870131,10.0,False
331513,33,Manufacturing - metals/machinery,0.0253431159182113,0.0089974469780652,3.0,24.0,864.0,0.024947408350960702,0.009380882849201171,3,20,846.0,-0.0003957075672505993,18.0,False
335312,33,Manufacturing - metals/machinery,0.0273517504249587,0.0108632340678426,3.0,24.0,833.0,0.026961343294692738,0.011113878790111723,3,20,824.0,-0.00039040713026596355,9.0,False
325998,32,Manufacturing - paper/chemicals,0.0303829251492274,0.0089831616313129,3.0,24.0,780.0,0.02999396764109456,0.010132745297593209,3,20,784.0,-0.00038895750813284016,-4.0,False
236210,23,Construction,0.1952781947769552,0.0529931200530393,4.0,23.0,164.0,0.1949228379533245,0.05548534347335449,4,19,169.0,-0.0003553568236307203,-5.0,False
311813,31,Manufacturing - food/textiles,0.0425515778462406,0.0070581658950078,4.0,23.0,632.0,0.042208445252550006,0.009097085604462998,4,19,633.0,-0.0003431325936905927,-1.0,False
921110,92,Public administration,0.1476039378563844,0.0444439911880066,3.0,24.0,220.0,0.1472856395884732,0.046665775941678714,3,20,227.0,-0.00031829826791118787,-7.0,False
333514,33,Manufacturing - metals/machinery,0.0151175161575275,0.0043022884882401,3.0,24.0,974.0,0.0148049600295985,0.003529959409457275,3,20,965.0,-0.000312556127929001,9.0,False
339992,33,Manufacturing - metals/machinery,0.0262800032487688,0.0085284020613859,3.0,24.0,845.0,0.0259752475748675,0.006223866664597959,3,20,839.0,-0.00030475567390129965,6.0,False
424950,42,Wholesale trade,0.0315197660436463,0.0066934908309581,4.0,23.0,763.0,0.031229659622269583,0.007247028220934619,4,19,764.0,-0.00029010642137671655,-1.0,False
339114,33,Manufacturing - metals/machinery,0.0190457074100751,0.005177756710648,3.0,24.0,936.0,0.018768955540847176,0.005380530270017894,3,20,926.0,-0.00027675186922792444,10.0,False
339991,33,Manufacturing - metals/machinery,0.0244560156916927,0.0086900706065025,3.0,24.0,872.0,0.02418168768328523,0.008775655947611575,3,20,856.0,-0.00027432800840746993,16.0,False
333922,33,Manufacturing - metals/machinery,0.0489923572687476,0.0179567592900157,3.0,24.0,553.0,0.04874473334964655,0.01815472047592969,3,20,565.0,-0.00024762391910104764,-12.0,False
561210,56,Administrative & waste services,0.0835192959677589,0.0193414562105222,4.0,23.0,362.0,0.0832796054335451,0.02025085457642122,4,19,373.0,-0.00023969053421379893,-11.0,False
531120,53,Real estate,0.0727594162856484,0.0202467630762997,4.0,23.0,404.0,0.07254344550838657,0.019983030291176828,4,19,414.0,-0.0002159707772618341,-10.0,False
332913,33,Manufacturing - metals/machinery,0.0221292602845623,0.0083958242240138,3.0,24.0,901.0,0.021925544937310706,0.008228921495186298,3,20,889.0,-0.0002037153472515922,12.0,False
423930,42,Wholesale trade,0.0396120769374014,0.0092178245583043,3.0,24.0,667.0,0.03942187531480767,0.008473179662857665,3,20,669.0,-0.00019020162259373447,-2.0,False
541714,54,Professional & technical services,0.0392052946535722,0.0108930712081175,3.0,24.0,674.0,0.03903365335866483,0.012596382084946196,3,20,675.0,-0.0001716412949073695,-1.0,False
323111,32,Manufacturing - paper/chemicals,0.0199227823285235,0.0047412563194645,4.0,23.0,928.0,0.019760014655879874,0.00465052797976101,4,19,916.0,-0.000162767672643626,12.0,False
337215,33,Manufacturing - metals/machinery,0.0428947576813711,0.0136670773054583,3.0,24.0,624.0,0.042741613432490826,0.013023204020879434,3,20,628.0,-0.00015314424888027145,-4.0,False
423860,42,Wholesale trade,0.0482047520581548,0.0128215351642839,4.0,23.0,563.0,0.048082092872164535,0.013816144961207217,4,19,574.0,-0.00012265918599026204,-11.0,False
449210,44,Retail trade - general,0.0428753408435601,0.0142054288281682,4.0,23.0,626.0,0.04276065790441326,0.015023446206523558,4,19,627.0,-0.00011468293914684152,-1.0,False
333914,33,Manufacturing - metals/machinery,0.0116443128104679,0.0030866730278876,3.0,24.0,985.0,0.01153576990398434,0.003115736291315188,3,20,984.0,-0.00010854290648355976,1.0,False
336419,33,Manufacturing - metals/machinery,0.0303099968237248,0.0087167646345663,3.0,24.0,781.0,0.030211547884093356,0.008719232508462243,3,20,782.0,-9.844893963144308e-05,-1.0,False
326112,32,Manufacturing - paper/chemicals,0.0407183059706177,0.0142504898366405,3.0,24.0,650.0,0.040623511415421004,0.014745720918390071,3,20,647.0,-9.479455519669638e-05,3.0,False
524126,52,Finance & insurance,0.0121251571197206,0.0031010627271935,3.0,24.0,984.0,0.01203147611300515,0.0036188099243803945,4,19,979.0,-9.368100671545108e-05,5.0,True
325199,32,Manufacturing - paper/chemicals,0.0141868542739014,0.003596795006544,3.0,24.0,978.0,0.014121660520558419,0.003909313938862799,3,20,970.0,-6.51937533429816e-05,8.0,False
313110,31,Manufacturing - food/textiles,0.0158771504952461,0.0059854596715325,3.0,24.0,967.0,0.015816977978713988,0.004480911163240288,2,20,956.0,-6.017251653211292e-05,11.0,True
211130,21,"Mining, quarrying, oil & gas",0.0241419422868863,0.0062810346752098,3.0,24.0,875.0,0.024083545800052123,0.0069659983811495105,3,20,858.0,-5.839648683417589e-05,17.0,False
488330,48,Transportation,0.0754877271057512,0.0248758952630314,4.0,23.0,398.0,0.07543222477554988,0.026870607656786703,4,19,401.0,-5.550233020132356e-05,-3.0,False
484110,48,Transportation,0.0937773231247282,0.0293813872195942,4.0,23.0,327.0,0.09372882299051011,0.02999114049927276,4,19,331.0,-4.8500134218087965e-05,-4.0,False
541191,54,Professional & technical services,0.0669060010006987,0.0248592812122464,4.0,23.0,432.0,0.06686525326323033,0.026945189315420046,4,19,444.0,-4.074773746837179e-05,-12.0,False
541511,54,Professional & technical services,0.0601366756202585,0.0182427605802451,4.0,23.0,470.0,0.06010011235620921,0.019194560749239708,4,19,479.0,-3.656326404928578e-05,-9.0,False
112120,11,"Agriculture, forestry, fishing",0.1340799084353314,0.0386595168151017,4.0,23.0,243.0,0.13405121707585568,0.040193333837457025,4,19,250.0,-2.869135947572432e-05,-7.0,False
221122,22,Utilities,0.031877357732478,0.0087570984976986,3.0,24.0,759.0,0.03184892577619167,0.00960746607740418,3,20,753.0,-2.8431956286330273e-05,6.0,False
111211,11,"Agriculture, forestry, fishing",0.0,0.1404039745448869,2.0,24.0,998.0,0.0,0.15265226298478504,2,20,997.0,0.0,1.0,False
541213,54,Professional & technical services,0.0,-0.1152898434931918,4.0,23.0,998.0,0.0,-0.12585777061791178,4,19,997.0,0.0,1.0,False
713920,71,"Arts, entertainment & recreation",0.0,-0.4183042503654565,4.0,21.0,998.0,0.0,-0.4410241194598175,4,18,997.0,0.0,1.0,False
111333,11,"Agriculture, forestry, fishing",0.0,0.2305228832424109,2.0,23.0,998.0,0.0,0.24972761106800315,2,19,997.0,0.0,1.0,False
111331,11,"Agriculture, forestry, fishing",0.0,-0.1624684436125903,2.0,20.0,998.0,0.0,-0.17799948114090683,2,16,997.0,0.0,1.0,False
111991,11,"Agriculture, forestry, fishing",0.0,-0.0353209973836057,2.0,20.0,998.0,0.0,-0.046664374709406056,2,16,997.0,0.0,1.0,False
111336,11,"Agriculture, forestry, fishing",1.0,0.3325166100937124,4.0,18.0,1.0,1.0,0.3483997833172012,4,14,1.0,0.0,0.0,False
721214,72,Accommodation & food services,0.0,-0.1895303801414972,1.0,23.0,998.0,0.0,-0.2029276098220187,1,19,997.0,0.0,1.0,False
722330,72,Accommodation & food services,1.0,0.3156981134401947,3.0,18.0,1.0,1.0,0.3536594545089606,3,14,1.0,0.0,0.0,False
111140,11,"Agriculture, forestry, fishing",1.0,0.2868326248960682,4.0,20.0,1.0,1.0,0.2689632857664742,4,16,1.0,0.0,0.0,False
111160,11,"Agriculture, forestry, fishing",1.0,0.5614862185660134,4.0,22.0,1.0,1.0,0.5997092812135874,4,18,1.0,0.0,0.0,False
111199,11,"Agriculture, forestry, fishing",1.0,0.3974963504211214,4.0,23.0,1.0,1.0,0.40998923040252633,4,19,1.0,0.0,0.0,False
111219,11,"Agriculture, forestry, fishing",1.0,0.4542033420307247,4.0,14.0,1.0,1.0,0.46648103344114855,4,10,1.0,0.0,0.0,False
111998,11,"Agriculture, forestry, fishing",1.0,0.3275732447941691,4.0,20.0,1.0,1.0,0.34820903221485483,4,16,1.0,0.0,0.0,False
111120,11,"Agriculture, forestry, fishing",1.0,0.3445196864804555,4.0,12.0,1.0,1.0,0.3772229297681401,4,11,1.0,0.0,0.0,False
115113,11,"Agriculture, forestry, fishing",1.0,0.3982284248858968,4.0,10.0,1.0,1.0,0.4008508782219699,4,6,1.0,0.0,0.0,False
532284,53,Real estate,1.0,0.4852902456638775,3.0,22.0,1.0,1.0,0.5090533570074051,3,18,1.0,0.0,0.0,False
512132,51,Information,1.0,0.3625742184895617,3.0,21.0,1.0,1.0,0.39333990447960104,3,19,1.0,0.0,0.0,False
334515,33,Manufacturing - metals/machinery,0.0132111012384954,0.0036276456467378,3.0,24.0,981.0,0.013221718204520045,0.004180697004924046,3,20,974.0,1.0616966024645444e-05,7.0,False
562211,56,Administrative & waste services,0.016792735605879,0.0032014719787995,4.0,23.0,959.0,0.01680486169671548,0.003683612004319045,4,19,948.0,1.212609083648189e-05,11.0,False
423310,42,Wholesale trade,0.0343970964845148,0.0089513884248084,3.0,24.0,717.0,0.0344132494190803,0.009253735632328574,3,20,728.0,1.615293456549982e-05,-11.0,False
541519,54,Professional & technical services,0.0751513139884569,0.0248088004689761,4.0,23.0,400.0,0.07518904511204205,0.026155348865509607,4,19,402.0,3.773112358515518e-05,-2.0,False
212390,21,"Mining, quarrying, oil & gas",0.0299519372791479,0.0095243994324441,3.0,24.0,791.0,0.03000521222645091,0.010072303914856326,3,20,783.0,5.327494730300933e-05,8.0,False
484122,48,Transportation,0.0358951896699659,0.0108403515743837,4.0,23.0,706.0,0.035952445747750236,0.010453117734117355,4,19,713.0,5.7256077784333115e-05,-7.0,False
335131,33,Manufacturing - metals/machinery,0.0297413502709115,0.0066211893387902,2.0,24.0,795.0,0.029799118630123616,0.007167379389059492,2,20,790.0,5.776835921211462e-05,5.0,False
334513,33,Manufacturing - metals/machinery,0.021161195182708,0.007053293872,3.0,24.0,918.0,0.021256582953258135,0.008243370458702515,3,20,899.0,9.538777055013645e-05,19.0,False
333613,33,Manufacturing - metals/machinery,0.0099043260227108,0.004093031765503,3.0,24.0,992.0,0.010006528388603449,0.003356203112078604,3,20,989.0,0.00010220236589264867,3.0,False
311111,31,Manufacturing - food/textiles,0.0212301087522763,0.0044611621552955,4.0,23.0,917.0,0.021350966994093522,0.005368558543647279,4,19,898.0,0.00012085824181722049,19.0,False
611210,61,Educational services,0.287916732180559,0.0884731252434566,2.0,24.0,106.0,0.2880395544225081,0.09242684672501782,2,20,109.0,0.0001228222419490943,-3.0,False
423820,42,Wholesale trade,0.0506936187499587,0.0112431967653848,3.0,24.0,534.0,0.05085256990100056,0.011359055513282017,3,20,544.0,0.00015895115104185703,-10.0,False
423720,42,Wholesale trade,0.0220221650632408,0.0054039197698479,3.0,24.0,905.0,0.022191970502189802,0.006018197938573493,3,20,885.0,0.00016980543894900071,20.0,False
921130,92,Public administration,0.046518241946152,0.0097013936038345,3.0,24.0,583.0,0.04673174605783291,0.010195574953294304,3,20,594.0,0.00021350411168091082,-11.0,False
522390,52,Finance & insurance,0.0397708611560164,0.010076083733907,4.0,23.0,664.0,0.03998522979414916,0.011021140265763707,4,19,659.0,0.0002143686381327614,5.0,False
444180,44,Retail trade - general,0.0443257170165038,0.0107937088552826,3.0,24.0,605.0,0.04454121064726539,0.011037523899257608,3,20,610.0,0.0002154936307615929,-5.0,False
335210,33,Manufacturing - metals/machinery,0.043288529565707,0.01692598960329,3.0,24.0,618.0,0.04351629382855947,0.01731725741099605,3,20,620.0,0.00022776426285246731,-2.0,False
322110,32,Manufacturing - paper/chemicals,0.0508404778149394,0.0117621810150576,1.0,23.0,530.0,0.05107193791641312,0.013295537064816353,3,20,542.0,0.00023146010147371415,-12.0,True
445131,44,Retail trade - general,0.111096266116601,0.0278445472645975,3.0,24.0,292.0,0.11133248555144269,0.027644248423694347,3,20,297.0,0.00023621943484168628,-5.0,False
322130,32,Manufacturing - paper/chemicals,0.0254284806756271,0.0084208641892212,3.0,24.0,860.0,0.02570526096133141,0.008654236691192585,3,20,841.0,0.0002767802857043117,19.0,False
423390,42,Wholesale trade,0.0500171948050037,0.0104657925712488,3.0,24.0,540.0,0.05030886483823691,0.011679556563795962,3,20,547.0,0.0002916700332332156,-7.0,False
522130,52,Finance & insurance,0.0280682642819728,0.009285774839049,3.0,24.0,819.0,0.02836187298029857,0.009986710849117984,3,20,803.0,0.00029360869832577297,16.0,False
324191,32,Manufacturing - paper/chemicals,0.023828863174119,0.0088232490277351,3.0,24.0,881.0,0.024126852754537798,0.0093092403373126,3,20,857.0,0.00029798958041879833,24.0,False
423430,42,Wholesale trade,0.0540171086798902,0.0175276427389865,4.0,23.0,509.0,0.05432589156411146,0.018766573422630054,4,19,518.0,0.0003087828842212592,-9.0,False
221114,22,Utilities,0.0256593105902089,0.0075560339401205,4.0,22.0,855.0,0.025987963300473746,0.007116999903011141,1,18,838.0,0.00032865271026484566,17.0,True
115210,11,"Agriculture, forestry, fishing",0.1233644163234193,0.0272014569402969,4.0,23.0,262.0,0.1237017663447773,0.028398458152170382,4,19,266.0,0.00033735002135799885,-4.0,False
424420,42,Wholesale trade,0.0562031256536662,0.0138762849288265,4.0,23.0,495.0,0.05654243606387151,0.014780834627699576,4,19,503.0,0.0003393104102053096,-8.0,False
327390,32,Manufacturing - paper/chemicals,0.062454014681523,0.0128477328902504,3.0,24.0,452.0,0.06279554051494178,0.012264699254573056,3,20,460.0,0.0003415258334187807,-8.0,False
524127,52,Finance & insurance,0.0294484643486764,0.0075197484160199,4.0,23.0,802.0,0.029814138692474443,0.00894014764972465,3,20,789.0,0.000365674343798042,13.0,True
333995,33,Manufacturing - metals/machinery,0.0214467613587859,0.0084320115927438,3.0,24.0,914.0,0.021815364125103872,0.008173545853291289,3,20,891.0,0.0003686027663179735,23.0,False
334519,33,Manufacturing - metals/machinery,0.0228501362377646,0.0047946476816348,3.0,24.0,897.0,0.02323049836508054,0.0054437465469443355,4,19,868.0,0.0003803621273159412,29.0,True
551114,55,Management of companies,0.0300816770406859,0.0078803057938494,3.0,24.0,786.0,0.030481613606887205,0.008387277452455932,3,20,776.0,0.00039993656620130463,10.0,False
335921,33,Manufacturing - metals/machinery,0.0494095202893396,0.014485470998595,4.0,23.0,547.0,0.04988282127280606,0.015506462529884238,4,19,555.0,0.00047330098346646393,-8.0,False
337122,33,Manufacturing - metals/machinery,0.03892901993668,0.0114052610631385,3.0,24.0,677.0,0.0394042923421302,0.011155877053637863,3,20,670.0,0.0004752724054502,7.0,False
623220,62,Health care & social assistance,0.0580356281372776,0.0205286708571726,3.0,24.0,484.0,0.058525475344133944,0.022418828618834253,3,20,486.0,0.0004898472068563461,-2.0,False
541512,54,Professional & technical services,0.0695445450862164,0.0226810183342331,4.0,23.0,415.0,0.07004600794675139,0.024088333021627172,4,19,430.0,0.0005014628605349986,-15.0,False
562991,56,Administrative & waste services,0.1262944345417779,0.0330785977094312,4.0,23.0,259.0,0.1268066205276444,0.03482767525955317,4,19,258.0,0.0005121859858664979,1.0,False
481211,48,Transportation,0.0672941540304275,0.0195884650292277,4.0,23.0,428.0,0.0678108552156858,0.019879055363596413,4,19,442.0,0.0005167011852583031,-14.0,False
513130,51,Information,0.049283536963386,0.0123828334500393,3.0,24.0,551.0,0.049803609281650424,0.014896717874827936,3,20,556.0,0.0005200723182644251,-5.0,False
336992,33,Manufacturing - metals/machinery,0.0293890868779233,0.009787147358458,1.0,23.0,803.0,0.029913124984573502,0.011446616352833072,1,19,785.0,0.0005240381066502035,18.0,False
541370,54,Professional & technical services,0.0730336250649362,0.0204805997070108,3.0,24.0,403.0,0.07356470466122848,0.021987380123140696,3,20,409.0,0.0005310795962922832,-6.0,False
327215,32,Manufacturing - paper/chemicals,0.0397539266718435,0.0107939857942772,3.0,24.0,665.0,0.04032812842432658,0.011521788914118803,3,20,654.0,0.0005742017524830792,11.0,False
621410,62,Health care & social assistance,0.0467174430857817,0.0137079483342517,3.0,24.0,577.0,0.04731532466733783,0.014913573861014117,3,20,585.0,0.0005978815815561311,-8.0,False
314994,31,Manufacturing - food/textiles,0.0168476279899952,0.00505026615498,3.0,24.0,958.0,0.017452524794995265,0.0052232057232565665,3,20,939.0,0.0006048968050000637,19.0,False
541940,54,Professional & technical services,0.0899419262701862,0.0332518945831456,3.0,24.0,335.0,0.09054785345559178,0.034168668129004695,3,20,344.0,0.0006059271854055859,-9.0,False
331492,33,Manufacturing - metals/machinery,0.029846310378939,0.0058841282502685,2.0,24.0,793.0,0.030458294279205884,0.006638858188730832,2,20,777.0,0.0006119839002668853,16.0,False
621498,62,Health care & social assistance,0.0422612443637256,0.0114965917417718,3.0,24.0,636.0,0.0428760910668755,0.013074623535867436,3,20,626.0,0.0006148467031499016,10.0,False
322291,32,Manufacturing - paper/chemicals,0.0180227911948976,0.006844984524034,3.0,24.0,949.0,0.018654763946639542,0.007261550844750714,3,20,927.0,0.000631972751741941,22.0,False
325211,32,Manufacturing - paper/chemicals,0.0049620912698871,0.0013150633865648,1.0,23.0,997.0,0.005599290184021939,0.0015934740637607555,1,19,995.0,0.0006371989141348393,2.0,False
211120,21,"Mining, quarrying, oil & gas",0.0196102067299719,0.0032902745995683,4.0,23.0,932.0,0.02025681904147943,0.004191311016502059,4,19,909.0,0.0006466123115075294,23.0,False
331110,33,Manufacturing - metals/machinery,0.0315913621775835,0.0104259196806291,3.0,24.0,762.0,0.03223915767499605,0.010991040891718025,3,20,750.0,0.0006477954974125483,12.0,False
541620,54,Professional & technical services,0.0829931191014001,0.0212839783022666,4.0,23.0,366.0,0.08364855320682253,0.022256908223211795,4,19,371.0,0.0006554341054224311,-5.0,False
424450,42,Wholesale trade,0.0552186793588887,0.0190941396853863,4.0,23.0,499.0,0.055896217904473265,0.02105717339110305,4,19,510.0,0.000677538545584562,-11.0,False
541990,54,Professional & technical services,0.1364360453314402,0.0416124255056935,4.0,23.0,241.0,0.1371337164718814,0.04320415962551257,4,19,245.0,0.000697671140441225,-4.0,False
811310,81,Other services,0.1204463082614333,0.0319896323434441,2.0,24.0,271.0,0.12115379661458478,0.03329236610417133,2,20,274.0,0.0007074883531514864,-3.0,False
339950,33,Manufacturing - metals/machinery,0.0347564636106636,0.0109664624866519,3.0,24.0,712.0,0.035467220456735706,0.011314209118309633,3,20,718.0,0.0007107568460721081,-6.0,False
321999,32,Manufacturing - paper/chemicals,0.0466903967162631,0.0080731676226436,3.0,24.0,579.0,0.04740722571732313,0.008350986810666958,3,20,583.0,0.0007168290010600292,-4.0,False
541715,54,Professional & technical services,0.0608401272960261,0.0214859512250258,3.0,24.0,461.0,0.061592886497057034,0.022720437120509595,3,20,468.0,0.0007527592010309336,-7.0,False
424610,42,Wholesale trade,0.0275120767736227,0.0061484672315357,4.0,23.0,829.0,0.028266790577277875,0.006872463150350947,4,19,806.0,0.0007547138036551743,23.0,False
327120,32,Manufacturing - paper/chemicals,0.0304956484674467,0.0086508482945911,3.0,24.0,778.0,0.03125245608038538,0.008569078825713294,3,20,763.0,0.0007568076129386772,15.0,False
332323,33,Manufacturing - metals/machinery,0.0471226059510004,0.0140471098281759,3.0,24.0,573.0,0.04788365459455563,0.013688653284740481,3,20,576.0,0.0007610486435552302,-3.0,False
321113,32,Manufacturing - paper/chemicals,0.0407874956776916,0.0141192268201415,3.0,24.0,649.0,0.04155978996955821,0.015551867091037013,3,20,639.0,0.000772294291866614,10.0,False
488510,48,Transportation,0.0294892952672774,0.0078491015379169,4.0,23.0,800.0,0.030265153627948817,0.008424134544527851,4,19,781.0,0.0007758583606714171,19.0,False
313320,31,Manufacturing - food/textiles,0.0310132914372672,0.0108643443506407,3.0,24.0,771.0,0.03179843740377269,0.011720376501788634,3,20,755.0,0.0007851459665054877,16.0,False
337212,33,Manufacturing - metals/machinery,0.0397847967019727,0.0127370680524751,3.0,24.0,662.0,0.040571773455171566,0.013121267314018342,3,20,650.0,0.0007869767531988661,12.0,False
622310,62,Health care & social assistance,0.0340798282972809,0.0095018578559661,3.0,24.0,721.0,0.03486712586846738,0.010810081604400081,3,20,723.0,0.0007872975711864794,-2.0,False
423690,42,Wholesale trade,0.0428470414895038,0.0114476956872076,4.0,23.0,627.0,0.04364772155345676,0.012545068048594238,4,19,619.0,0.000800680063952959,8.0,False
339113,33,Manufacturing - metals/machinery,0.0256377969494489,0.0066419495834151,3.0,24.0,856.0,0.026458396919453103,0.007024316944991186,4,19,832.0,0.0008205999700042037,24.0,True
424210,42,Wholesale trade,0.0684996719890251,0.0249435549784883,4.0,23.0,421.0,0.06933167000626493,0.02631838601512394,4,19,435.0,0.000831998017239835,-14.0,False
541830,54,Professional & technical services,0.0491349837121972,0.012316092147921,4.0,23.0,552.0,0.04997483240983322,0.01252423039426466,4,19,551.0,0.0008398486976360225,1.0,False
541110,54,Professional & technical services,0.0600556451787465,0.0179418205279318,3.0,24.0,472.0,0.060903361069044135,0.018830591470113605,3,20,473.0,0.0008477158902976331,-1.0,False
622110,62,Health care & social assistance,0.0218240793967712,0.00651173665627,3.0,24.0,907.0,0.022693084596687826,0.00754762479722418,3,20,880.0,0.0008690051999166275,27.0,False
459910,45,Retail trade - specialty,0.0695445579119593,0.0182189184838772,3.0,24.0,414.0,0.07044133255955155,0.019655013140005603,3,20,426.0,0.0008967746475922467,-12.0,False
325311,32,Manufacturing - paper/chemicals,0.0181722520732108,0.0055244315882176,2.0,24.0,947.0,0.01907437142122533,0.006033074656760973,2,20,923.0,0.0009021193480145302,24.0,False
316210,31,Manufacturing - food/textiles,0.025421453665487,0.0087947265872191,3.0,24.0,861.0,0.026330481558861658,0.00872853740466866,3,20,835.0,0.0009090278933746587,26.0,False
488111,48,Transportation,0.0266703831230513,0.0072361118755477,2.0,23.0,839.0,0.027586513935266375,0.007626307599770117,2,20,813.0,0.0009161308122150741,26.0,False
339112,33,Manufacturing - metals/machinery,0.0157553917847599,0.0042030739357499,4.0,23.0,970.0,0.01668076725093804,0.0053230064898051,4,19,950.0,0.0009253754661781403,20.0,False
339910,33,Manufacturing - metals/machinery,0.0349780011808533,0.0124652416265251,1.0,23.0,711.0,0.03592088696228578,0.01177553238602209,1,19,714.0,0.0009428857814324787,-3.0,False
332111,33,Manufacturing - metals/machinery,0.0106164614861308,0.0040216312208094,3.0,24.0,989.0,0.011565638122016409,0.004796139180059562,3,20,982.0,0.0009491766358856093,7.0,False
813219,81,Other services,0.123956165765557,0.0403384344014523,3.0,24.0,260.0,0.12490825820844818,0.04216530394281316,3,20,261.0,0.0009520924428911837,-1.0,False
333415,33,Manufacturing - metals/machinery,0.0518732759560335,0.0181751738959401,3.0,24.0,518.0,0.052856981046446955,0.020525391894536758,3,20,531.0,0.0009837050904134559,-13.0,False
325520,32,Manufacturing - paper/chemicals,0.0173648186568924,0.0068850420451362,3.0,24.0,953.0,0.018380235416849154,0.006770208317492393,3,20,929.0,0.0010154167599567554,24.0,False
923140,92,Public administration,0.0404262508072602,0.0109468015902003,3.0,24.0,655.0,0.04144279923032472,0.013883634360621403,3,20,640.0,0.00101654842306452,15.0,False
922110,92,Public administration,0.0506123726399487,0.0146374276190811,3.0,24.0,537.0,0.05166907506739599,0.01597716779694838,3,20,539.0,0.0010567024274472925,-2.0,False
621112,62,Health care & social assistance,0.0896270187223272,0.026537849981392,4.0,23.0,336.0,0.09068493770635293,0.02791882742370614,4,19,342.0,0.001057918984025727,-6.0,False
456110,45,Retail trade - specialty,0.0486837822793919,0.0142254179852045,3.0,24.0,557.0,0.04974234951441819,0.015780921689784504,3,20,557.0,0.0010585672350262865,0.0,False
525190,52,Finance & insurance,0.0466476491000871,0.0070806612418248,3.0,22.0,580.0,0.04772392677417834,0.008995298079136195,3,18,580.0,0.0010762776740912416,0.0,False
561740,56,Administrative & waste services,0.12072619952051,0.032059167912253,4.0,23.0,269.0,0.1218029632691846,0.033307825202996424,4,19,271.0,0.001076763748674603,-2.0,False
722513,72,Accommodation & food services,0.1770882964525856,0.0523031898832683,3.0,24.0,174.0,0.1782001855407827,0.0508020528234011,3,20,187.0,0.001111889088197121,-13.0,False
334290,33,Manufacturing - metals/machinery,0.0254925600525005,0.0064210685140363,4.0,23.0,859.0,0.026615035082581676,0.00708007648790617,4,19,829.0,0.001122475030081175,30.0,False
313310,31,Manufacturing - food/textiles,0.0371207766291469,0.0113496426783688,3.0,24.0,694.0,0.03829455814535627,0.010883357039818357,3,20,682.0,0.0011737815162093657,12.0,False
541430,54,Professional & technical services,0.1086421337135312,0.0338061589788525,4.0,23.0,296.0,0.10983572439986448,0.03502622211284073,4,19,299.0,0.0011935906863332901,-3.0,False
481112,48,Transportation,0.0408845254113311,0.0104726920647864,4.0,23.0,648.0,0.04208171245614036,0.010255701955357209,4,19,635.0,0.0011971870448092628,13.0,False
424520,42,Wholesale trade,0.0846042583289996,0.0256727368619308,4.0,23.0,358.0,0.08583852723818088,0.026279552801504763,4,19,359.0,0.0012342689091812825,-1.0,False
335932,33,Manufacturing - metals/machinery,0.03694017101119,0.014576181207824,3.0,24.0,697.0,0.03817942928705677,0.015411507465615554,3,20,685.0,0.001239258275866767,12.0,False
541618,54,Professional & technical services,0.1444632853774146,0.0459924170667399,4.0,23.0,225.0,0.14573070648338962,0.04801298551831871,4,19,230.0,0.0012674211059750251,-5.0,False
921140,92,Public administration,0.1556819048623878,0.0557083028282463,3.0,24.0,209.0,0.1569529327385134,0.06000915933182471,3,20,214.0,0.0012710278761255966,-5.0,False
423910,42,Wholesale trade,0.0792292175505192,0.0238663622661688,3.0,24.0,380.0,0.08050633357507328,0.025159182057568768,3,20,386.0,0.0012771160245540758,-6.0,False
624310,62,Health care & social assistance,0.1126749267585706,0.043457909118353,3.0,24.0,288.0,0.113975904270723,0.04510916329288244,3,20,288.0,0.0013009775121523987,0.0,False
531311,53,Real estate,0.0853166579530866,0.0281033503058181,3.0,24.0,353.0,0.08664108686764897,0.029805472046942234,3,20,357.0,0.0013244289145623728,-4.0,False
423140,42,Wholesale trade,0.0345536071436059,0.0066810757982089,3.0,24.0,716.0,0.035882541371316225,0.007649287746678335,3,20,715.0,0.0013289342277103267,1.0,False
624210,62,Health care & social assistance,0.0989163477193006,0.0393601430494238,3.0,24.0,310.0,0.10025137584049018,0.041427042682858475,3,20,316.0,0.0013350281211895743,-6.0,False
811412,81,Other services,0.0423721781132755,0.012142836039733,4.0,23.0,634.0,0.04371721838393575,0.012829456020005079,4,19,618.0,0.0013450402706602568,16.0,False
813212,81,Other services,0.0901022826330023,0.0316870123438339,3.0,24.0,334.0,0.09145245898507029,0.03490310719872821,3,20,340.0,0.0013501763520679944,-6.0,False
331315,33,Manufacturing - metals/machinery,0.0150426939572332,0.003340000409671,4.0,23.0,975.0,0.016416318954584154,0.004312207437150992,4,19,952.0,0.001373624997350954,23.0,False
311512,31,Manufacturing - food/textiles,0.0631983035987327,0.0157148440536155,3.0,24.0,447.0,0.06460993872221822,0.016290930712024268,3,20,455.0,0.0014116351234855218,-8.0,False
425120,42,Wholesale trade,0.0884930558314397,0.028795952540912,4.0,23.0,345.0,0.08992344172545212,0.030578264632253018,4,19,347.0,0.0014303858940124259,-2.0,False
113310,11,"Agriculture, forestry, fishing",0.0981146711086005,0.0374191604270457,4.0,23.0,314.0,0.09955662104600528,0.04045908938403481,4,19,319.0,0.0014419499374047767,-5.0,False
485119,48,Transportation,0.0438384070464239,0.0149201853307485,3.0,24.0,608.0,0.045308015310772415,0.017915055021872742,3,20,604.0,0.0014696082643485125,4.0,False
424440,42,Wholesale trade,0.0309762695417602,0.0088863746503482,3.0,24.0,772.0,0.03245854597612283,0.009561564912359561,3,20,747.0,0.0014822764343626268,25.0,False
488390,48,Transportation,0.0338556502596476,0.0109643654070945,3.0,24.0,726.0,0.035358086381806875,0.012500080933450364,3,20,719.0,0.0015024361221592716,7.0,False
221115,22,Utilities,0.0765827158757088,0.0191249812510581,4.0,23.0,393.0,0.07808849365446192,0.021048191605828007,4,19,392.0,0.0015057777787531174,1.0,False
212313,21,"Mining, quarrying, oil & gas",0.0332140112550285,0.0087904732305229,3.0,24.0,736.0,0.034732802209722795,0.008374524963621129,3,20,725.0,0.0015187909546942949,11.0,False
484220,48,Transportation,0.2043788446640685,0.0680452995984424,4.0,23.0,154.0,0.20590869755594954,0.07164684685778375,4,19,159.0,0.0015298528918810395,-5.0,False
423520,42,Wholesale trade,0.0428866158475253,0.0168343568074718,4.0,23.0,625.0,0.04442497854913903,0.018233683324571485,4,19,613.0,0.001538362701613727,12.0,False
316110,31,Manufacturing - food/textiles,0.0162384735433693,0.0037774523730953,4.0,23.0,964.0,0.017804283912974058,0.004423343106771533,4,19,937.0,0.0015658103696047573,27.0,False
221112,22,Utilities,0.0292334496740888,0.0083214850126692,1.0,23.0,805.0,0.030808793576702898,0.00852440993666027,1,19,771.0,0.001575343902614098,34.0,False
423990,42,Wholesale trade,0.0684772299491205,0.0192824678100571,4.0,23.0,422.0,0.07006010927488467,0.02071208688493569,4,19,429.0,0.001582879325764161,-7.0,False
339115,33,Manufacturing - metals/machinery,0.0257216806644029,0.0052894291259026,3.0,24.0,854.0,0.02730790076862465,0.00721005809134478,3,20,819.0,0.0015862201042217486,35.0,False
424720,42,Wholesale trade,0.0315057432520448,0.0052448032703345,4.0,23.0,764.0,0.03310318691621466,0.005665226448956635,4,19,739.0,0.001597443664169862,25.0,False
519210,51,Information,0.0847035912659441,0.0343314744111179,3.0,24.0,356.0,0.08630505927942644,0.03705047222267147,3,20,358.0,0.001601468013482349,-2.0,False
325414,32,Manufacturing - paper/chemicals,0.022028978107735,0.0058709322843806,3.0,24.0,904.0,0.023637081554838946,0.006804223456596298,3,20,862.0,0.0016081034471039472,42.0,False
459310,45,Retail trade - specialty,0.2168781346563994,0.0678081619130789,2.0,24.0,147.0,0.2184890468616481,0.07538133204622834,2,20,146.0,0.001610912205248699,1.0,False
441227,44,Retail trade - general,0.0927780384559881,0.021034604856109,3.0,24.0,331.0,0.09439285484903474,0.021410631505850042,3,20,330.0,0.001614816393046642,1.0,False
334516,33,Manufacturing - metals/machinery,0.0215882603905397,0.0068645340660174,3.0,24.0,910.0,0.02322696632443225,0.007746745375905864,3,20,869.0,0.0016387059338925508,41.0,False
532120,53,Real estate,0.0457335969294195,0.0103434278130998,3.0,24.0,591.0,0.04737547711402768,0.011319965536855483,3,20,584.0,0.0016418801846081812,7.0,False
541330,54,Professional & technical services,0.0517311311644446,0.0146899778768999,4.0,23.0,519.0,0.05337641391626856,0.016149748885799488,4,19,527.0,0.0016452827518239552,-8.0,False
513120,51,Information,0.0279036862751445,0.0062274475986623,3.0,24.0,825.0,0.029559649691186622,0.007900962923592814,3,20,791.0,0.0016559634160421208,34.0,False
423440,42,Wholesale trade,0.0312383092644298,0.0068409125546026,3.0,24.0,769.0,0.03289949440873899,0.007666618712488327,3,20,740.0,0.0016611851443091886,29.0,False
424430,42,Wholesale trade,0.0535931125966465,0.0156028905927403,3.0,24.0,511.0,0.05526686331330278,0.016677406318047334,3,20,511.0,0.0016737507166562776,0.0,False
335311,33,Manufacturing - metals/machinery,0.022518308738208,0.0091596696190085,3.0,24.0,898.0,0.024205182475682662,0.00805057896961299,3,20,855.0,0.0016868737374746631,43.0,False
315990,31,Manufacturing - food/textiles,0.0392633351729177,0.0078628280398765,4.0,23.0,673.0,0.040967185625082565,0.008154544065179932,4,19,643.0,0.0017038504521648679,30.0,False
423460,42,Wholesale trade,0.0389698433849535,0.0078832236751347,3.0,24.0,676.0,0.040683064455187816,0.011432909154706863,3,20,645.0,0.0017132210702343192,31.0,False
111411,11,"Agriculture, forestry, fishing",0.0361406050552042,0.0135092717551507,4.0,23.0,705.0,0.03785766246462134,0.015350505945872676,4,19,689.0,0.00171705740941714,16.0,False
561920,56,Administrative & waste services,0.2924878246062913,0.0645093449357564,2.0,23.0,101.0,0.2942067578457684,0.06871034656420735,2,20,104.0,0.0017189332394770829,-3.0,False
424340,42,Wholesale trade,0.033998176348417,0.0099897449278047,3.0,24.0,725.0,0.035760859145965655,0.009342534712573588,4,19,716.0,0.0017626827975486536,9.0,True
456191,45,Retail trade - specialty,0.079366025548141,0.0204461192125247,3.0,24.0,379.0,0.08116703682574164,0.019502158328086924,3,20,383.0,0.001801011277600642,-4.0,False
513199,51,Information,0.0799882641622205,0.0157991518326369,4.0,23.0,375.0,0.0817924475248977,0.016318663169582148,4,19,377.0,0.0018041833626771947,-2.0,False
221320,22,Utilities,0.0833164644106807,0.0309744760297908,3.0,24.0,364.0,0.08512314432446148,0.03356105679458168,3,20,363.0,0.0018066799137807787,1.0,False
541340,54,Professional & technical services,0.1122595443850734,0.0407425421904023,4.0,23.0,289.0,0.11407397242984521,0.04350167163895898,4,19,287.0,0.0018144280447718042,2.0,False
238190,23,Construction,0.197232931083912,0.0555575785625615,4.0,23.0,162.0,0.1990670084788703,0.05834258992228575,4,19,165.0,0.0018340773949583056,-3.0,False
485113,48,Transportation,0.0308833687098467,0.0057206992449935,2.0,24.0,775.0,0.0327538218789065,0.006766846850855879,2,20,742.0,0.0018704531690597985,33.0,False
623210,62,Health care & social assistance,0.0466929953924556,0.0130355141295569,3.0,24.0,578.0,0.04856421976697791,0.014432548213979157,3,20,568.0,0.0018712243745223137,10.0,False
321215,32,Manufacturing - paper/chemicals,0.0951795431637116,0.0253181429912453,3.0,24.0,322.0,0.09706111756902151,0.026975868112700196,3,20,324.0,0.0018815744053099076,-2.0,False
812331,81,Other services,0.0789562025128769,0.0285565828703184,3.0,24.0,382.0,0.08084000154837749,0.028171451454591843,3,20,384.0,0.001883799035500594,-2.0,False
334220,33,Manufacturing - metals/machinery,0.02598428267637,0.007427705706306,3.0,24.0,850.0,0.02793148032072314,0.007690435013163599,3,20,810.0,0.0019471976443531415,40.0,False
459140,45,Retail trade - specialty,0.0626188982111692,0.0164724265129191,3.0,24.0,449.0,0.06456662397350461,0.016946969885347874,3,20,456.0,0.0019477257623354144,-7.0,False
488190,48,Transportation,0.045547375623031,0.010051656559625,4.0,23.0,594.0,0.04749665789787272,0.010648669797414818,4,19,582.0,0.0019492822748417155,12.0,False
522210,52,Finance & insurance,0.0542432648867522,0.0171008525001665,4.0,23.0,507.0,0.05620350188031598,0.020126315745477012,4,19,506.0,0.001960236993563784,1.0,False
924120,92,Public administration,0.2044715245192404,0.0593159788560106,3.0,24.0,153.0,0.20644968637070227,0.06269242848577487,3,20,158.0,0.0019781618514618793,-5.0,False
621111,62,Health care & social assistance,0.0436234310117924,0.0113287222972015,4.0,23.0,612.0,0.04561103907144776,0.01219328573603434,4,19,603.0,0.001987608059655366,9.0,False
813319,81,Other services,0.1440521832882653,0.0439848058909936,3.0,24.0,227.0,0.14605895919228193,0.04607776046282476,3,20,229.0,0.0020067759040166278,-2.0,False
561730,56,Administrative & waste services,0.5669532891825144,0.1868695878492295,4.0,23.0,50.0,0.5690046489794935,0.1961896859063746,4,19,48.0,0.002051359796979124,2.0,False
712130,71,"Arts, entertainment & recreation",0.2966653038490612,0.1045165619165636,3.0,24.0,95.0,0.29873375308201167,0.11260498911406461,3,20,100.0,0.0020684492329504645,-5.0,False
926130,92,Public administration,0.085484304366896,0.0304234885721679,3.0,24.0,352.0,0.08755766020926908,0.03371337517757591,3,20,355.0,0.002073355842373087,-3.0,False
513110,51,Information,0.0322556904074083,0.0082248143199444,3.0,24.0,752.0,0.034363820585322266,0.009524331505061295,3,20,730.0,0.002108130177913968,22.0,False
335139,33,Manufacturing - metals/machinery,0.0261745757028283,0.0077223052498934,4.0,23.0,848.0,0.028360572033768287,0.009153848382741149,4,19,804.0,0.0021859963309399863,44.0,False
483211,48,Transportation,0.0494952024001609,0.0145366302450538,4.0,23.0,546.0,0.051711707621207005,0.016029487211944603,4,19,537.0,0.0022165052210461056,9.0,False
531110,53,Real estate,0.0858647303882982,0.0256179652274943,3.0,24.0,350.0,0.0880925426706442,0.02764104046993061,3,20,353.0,0.0022278122823460034,-3.0,False
481111,48,Transportation,0.025361127206755,0.0068314244857638,2.0,24.0,863.0,0.02759142554936622,0.007799020716932288,2,20,812.0,0.0022302983426112193,51.0,False
449110,44,Retail trade - general,0.0365733103969585,0.0076907475389583,3.0,24.0,699.0,0.03881902638384097,0.008092588001280345,3,20,676.0,0.002245715986882474,23.0,False
324122,32,Manufacturing - paper/chemicals,0.0173698873431846,0.0069346160826728,3.0,24.0,952.0,0.01963906333496449,0.007390241009137514,3,20,917.0,0.002269175991779889,35.0,False
624221,62,Health care & social assistance,0.0637082630456804,0.0218674118488357,3.0,24.0,444.0,0.06600165908108883,0.022688070611536743,3,20,449.0,0.0022933960354084293,-5.0,False
621511,62,Health care & social assistance,0.0185087616073797,0.0043381247728842,4.0,23.0,944.0,0.020830478771303985,0.004895996590065304,3,20,904.0,0.002321717163924285,40.0,True
481212,48,Transportation,0.069412928435071,0.0211300987404691,4.0,23.0,416.0,0.07176594413210383,0.02121147536604402,4,19,417.0,0.0023530156970328203,-1.0,False
314910,31,Manufacturing - food/textiles,0.0670701150888264,0.0160414384203212,3.0,24.0,430.0,0.06943025955633586,0.015915893190173842,3,20,432.0,0.0023601444675094563,-2.0,False
321911,32,Manufacturing - paper/chemicals,0.0455656356929592,0.017361348313583,3.0,24.0,593.0,0.04794294113787129,0.01985358042537278,3,20,575.0,0.0023773054449120895,18.0,False
423110,42,Wholesale trade,0.0274382115155285,0.0052557916789102,4.0,23.0,831.0,0.029825349833333646,0.006424954237171598,4,19,788.0,0.0023871383178051472,43.0,False
611410,61,Educational services,0.0894844609053386,0.0158483226244516,4.0,23.0,338.0,0.09187464849021817,0.017034069308764267,4,19,338.0,0.0023901875848795773,0.0,False
813311,81,Other services,0.118405604224448,0.039213039832635,3.0,24.0,275.0,0.12088309645458568,0.04130663796810613,3,20,275.0,0.0024774922301376845,0.0,False
312140,31,Manufacturing - food/textiles,0.0433230964337467,0.0157723007292608,3.0,24.0,616.0,0.04580600174834822,0.015375323929820434,3,20,600.0,0.002482905314601526,16.0,False
561720,56,Administrative & waste services,0.0665719213319861,0.0146918541108098,3.0,24.0,433.0,0.0690932533466426,0.015192496256802681,3,20,436.0,0.0025213320146564994,-3.0,False
423840,42,Wholesale trade,0.0228734137943597,0.0046284596715447,4.0,23.0,896.0,0.02539592699631605,0.005884319321428205,4,19,844.0,0.002522513201956348,52.0,False
423320,42,Wholesale trade,0.0930560006109194,0.0258368435574396,4.0,23.0,329.0,0.09558208245839488,0.028130940959620012,4,19,328.0,0.002526081847475478,1.0,False
811192,81,Other services,0.1174191293711539,0.0263191778937002,3.0,24.0,276.0,0.11996122299830235,0.02462469283473765,2,20,281.0,0.0025420936271484534,-5.0,True
311514,31,Manufacturing - food/textiles,0.026949561095404,0.0060747434937836,4.0,23.0,836.0,0.02949491606375373,0.007753608459039882,4,19,792.0,0.00254535496834973,44.0,False
532283,53,Real estate,0.0238701405816704,0.0049565218027846,3.0,24.0,880.0,0.026422750981775434,0.005988805136925885,3,20,833.0,0.0025526104001050327,47.0,False
621420,62,Health care & social assistance,0.0539822167178227,0.0179222370643383,3.0,24.0,510.0,0.056555952221819396,0.019453828928616513,3,20,502.0,0.002573735503996699,8.0,False
325620,32,Manufacturing - paper/chemicals,0.0356638953204535,0.0128179910542655,3.0,24.0,707.0,0.038276306786084964,0.013883211495418418,3,20,683.0,0.002612411465631466,24.0,False
424710,42,Wholesale trade,0.0299688709894164,0.0073043942515143,3.0,24.0,790.0,0.03264834382407678,0.008599787917820808,3,20,744.0,0.002679472834660381,46.0,False
112910,11,"Agriculture, forestry, fishing",0.3900077219037278,0.0880850402833035,4.0,23.0,73.0,0.39269575831389764,0.09083891637303829,4,19,75.0,0.0026880364101698473,-2.0,False
321920,32,Manufacturing - paper/chemicals,0.0604998679834109,0.0110199778847686,3.0,24.0,468.0,0.06322753359095244,0.011523491404224909,3,20,459.0,0.002727665607541542,9.0,False
311941,31,Manufacturing - food/textiles,0.0946511823063648,0.0292751047492445,4.0,23.0,323.0,0.09740880135647896,0.03317710762445878,4,19,322.0,0.0027576190501141656,1.0,False
533110,53,Real estate,0.0785425414181364,0.0213025660719657,4.0,23.0,384.0,0.08130946256098313,0.022649042496497483,4,19,382.0,0.00276692114284674,2.0,False
237310,23,Construction,0.4083199838668717,0.1290652126257966,4.0,23.0,68.0,0.4110969803299793,0.136349874642713,4,19,68.0,0.0027769964631076394,0.0,False
561450,56,Administrative & waste services,0.0254130182535553,0.0052299042732161,3.0,24.0,862.0,0.02822682937835964,0.006204857827485328,3,20,807.0,0.00281381112480434,55.0,False
423740,42,Wholesale trade,0.0418843926366194,0.0115705148119572,3.0,24.0,639.0,0.04472116364037236,0.01420807977946903,3,20,608.0,0.002836771003752958,31.0,False
921190,92,Public administration,0.1216966036418027,0.044927066310672,3.0,24.0,266.0,0.12454912754226903,0.048992261729432454,3,20,262.0,0.002852523900466336,4.0,False
522220,52,Finance & insurance,0.0484809761577942,0.0165602921878426,4.0,23.0,560.0,0.05135406847271167,0.018491909403492067,4,19,540.0,0.002873092314917468,20.0,False
926120,92,Public administration,0.0286206908600981,0.0088452315458895,3.0,24.0,812.0,0.031494414856292854,0.010483894568402558,3,20,760.0,0.0028737239961947533,52.0,False
321992,32,Manufacturing - paper/chemicals,0.0799130303012085,0.0182763228114167,3.0,24.0,376.0,0.08278691689237333,0.01856170814824727,4,19,374.0,0.0028738865911648315,2.0,True
621610,62,Health care & social assistance,0.0377131212031282,0.0092851631780765,4.0,23.0,687.0,0.04059056917557634,0.009624165760342739,4,19,648.0,0.002877447972448141,39.0,False
339993,33,Manufacturing - metals/machinery,0.0302524210241303,0.0057481335607974,3.0,24.0,782.0,0.03318148621565275,0.006087513312796878,3,20,737.0,0.0029290651915224487,45.0,False
311991,31,Manufacturing - food/textiles,0.0576683568282612,0.0094124946417016,3.0,24.0,486.0,0.06061055892507154,0.010576973121574764,3,20,475.0,0.0029422020968103424,11.0,False
311942,31,Manufacturing - food/textiles,0.0412557909110791,0.0139858648378025,4.0,23.0,645.0,0.04422980953331764,0.016192413926403238,4,19,614.0,0.0029740186222385404,31.0,False
811121,81,Other services,0.0346221564873756,0.0089824788912957,3.0,24.0,714.0,0.037598318703957884,0.009754352161464988,3,20,694.0,0.0029761622165822843,20.0,False
445320,44,Retail trade - general,0.0533875805899709,0.0153018919968742,3.0,24.0,512.0,0.05638667277918113,0.015344429751382366,3,20,504.0,0.0029990921892102257,8.0,False
517112,51,Information,0.0400062978750294,0.0139875699712093,4.0,23.0,659.0,0.04301813828216408,0.015493395203485272,4,19,625.0,0.003011840407134682,34.0,False
488410,48,Transportation,0.0343094089737778,0.0074127301695656,4.0,23.0,719.0,0.03732947432343386,0.007655464806101448,4,19,696.0,0.0030200653496560564,23.0,False
311930,31,Manufacturing - food/textiles,0.0312790159223798,0.0098710419413463,4.0,23.0,768.0,0.034325753258218315,0.011403777283903904,4,19,731.0,0.0030467373358385175,37.0,False
722515,72,Accommodation & food services,0.291051773156179,0.1126058500137096,3.0,24.0,102.0,0.2941091061498275,0.11553667233541091,3,20,105.0,0.0030573329936485205,-3.0,False
112112,11,"Agriculture, forestry, fishing",0.0858334470080786,0.0244087416243878,4.0,23.0,351.0,0.08891050180503914,0.02638481767049742,4,19,349.0,0.003077054796960535,2.0,False
325613,32,Manufacturing - paper/chemicals,0.0106903614471918,0.003000513598841,3.0,24.0,988.0,0.013791018785747124,0.005173662118882008,3,20,972.0,0.003100657338555324,16.0,False
561110,56,Administrative & waste services,0.0783746029541422,0.0212323407873079,4.0,23.0,385.0,0.08149000673615983,0.022825681844548775,4,19,379.0,0.003115403782017634,6.0,False
423850,42,Wholesale trade,0.033166809890858,0.0075335498598169,4.0,23.0,737.0,0.03628978826133039,0.00853164160523198,4,19,707.0,0.0031229783704723943,30.0,False
332420,33,Manufacturing - metals/machinery,0.0515233032973342,0.0161808182555121,2.0,24.0,521.0,0.05465378118013954,0.018594346047574768,2,20,515.0,0.0031304778828053423,6.0,False
621999,62,Health care & social assistance,0.0941672635292129,0.0314408675278252,4.0,23.0,325.0,0.09729829844091813,0.03373146963538515,4,19,323.0,0.00313103491170523,2.0,False
561499,56,Administrative & waste services,0.1725561090589678,0.051430844124226,4.0,23.0,184.0,0.17568753939488832,0.05446712862319685,4,19,192.0,0.003131430335920532,-8.0,False
327320,32,Manufacturing - paper/chemicals,0.1471079799636463,0.0442339619213495,4.0,23.0,222.0,0.15025033111912608,0.0479563778999348,4,19,225.0,0.0031423511554797834,-3.0,False
459999,45,Retail trade - specialty,0.1538197942983872,0.0430104965093233,4.0,23.0,212.0,0.1569636973769461,0.0468964358364565,4,19,213.0,0.003143903078558885,-1.0,False
213115,21,"Mining, quarrying, oil & gas",0.1171757837179769,0.0372787363660493,4.0,23.0,278.0,0.12033059757185209,0.03964304863880569,4,19,280.0,0.003154813853875185,-2.0,False
423120,42,Wholesale trade,0.0369480695491977,0.0079912740627514,4.0,23.0,696.0,0.04012218763807673,0.010071567923740305,4,19,658.0,0.0031741180888790257,38.0,False
721120,72,Accommodation & food services,0.0367264953926219,0.0100887839248751,3.0,24.0,698.0,0.039951737588818065,0.01402018001237731,3,20,662.0,0.0032252421961961666,36.0,False
519290,51,Information,0.0504361396472316,0.0127288249871679,3.0,24.0,538.0,0.053663197424903164,0.015779203085539453,3,20,524.0,0.0032270577776715645,14.0,False
624190,62,Health care & social assistance,0.096798336737605,0.0361478760879628,3.0,24.0,319.0,0.10003002099359262,0.03879515207401135,3,20,318.0,0.0032316842559876185,1.0,False
811114,81,Other services,0.0415385681736051,0.0093716037182478,3.0,24.0,642.0,0.04478310451822751,0.010036373973133148,3,20,606.0,0.0032445363446224063,36.0,False
221310,22,Utilities,0.0632386419928708,0.0215386787325169,3.0,24.0,446.0,0.06649730812453332,0.024158502527141877,3,20,445.0,0.0032586661316625215,1.0,False
336413,33,Manufacturing - metals/machinery,0.0199814343283167,0.0064426503629881,3.0,24.0,927.0,0.0232727219946425,0.0073722149327812595,3,20,867.0,0.0032912876663258005,60.0,False
441222,44,Retail trade - general,0.1972639244811707,0.0448669088049242,4.0,23.0,161.0,0.2005655033200762,0.04808615596974629,4,19,163.0,0.0033015788389055,-2.0,False
327110,32,Manufacturing - paper/chemicals,0.032861380537356,0.0088618550588692,4.0,23.0,743.0,0.03617003283127891,0.011240244443433923,4,19,710.0,0.003308652293922909,33.0,False
487110,48,Transportation,0.5571727933485768,0.1928532344247091,4.0,22.0,54.0,0.5604927437184128,0.20075991052443776,4,19,50.0,0.003319950369836011,4.0,False
531312,53,Real estate,0.054654388692479,0.0132328507339344,4.0,23.0,505.0,0.05798630968317833,0.014771768675237978,4,19,492.0,0.0033319209906993302,13.0,False
333923,33,Manufacturing - metals/machinery,0.0411176172791371,0.0089800482625937,4.0,23.0,646.0,0.04446622554166336,0.011251189940232423,4,19,611.0,0.0033486082625262606,35.0,False
332312,33,Manufacturing - metals/machinery,0.0295024051453927,0.0122131515940171,3.0,24.0,799.0,0.032860597299717756,0.011871744101045151,3,20,741.0,0.0033581921543250556,58.0,False
621493,62,Health care & social assistance,0.0317076259493447,0.0090767553573497,4.0,23.0,760.0,0.03508982013864176,0.009857670420611276,4,19,721.0,0.0033821941892970553,39.0,False
524210,52,Finance & insurance,0.0565852949522288,0.0174765282386724,4.0,23.0,492.0,0.05996927194393119,0.01881638729367015,4,19,480.0,0.0033839769917023907,12.0,False
522320,52,Finance & insurance,0.0427707669281848,0.0118889014677057,4.0,23.0,629.0,0.04620770001272743,0.01382021910959998,4,19,597.0,0.003436933084542626,32.0,False
712110,71,"Arts, entertainment & recreation",0.1614533607514245,0.0572538854420999,3.0,24.0,202.0,0.16496757812096813,0.06066954071467042,3,20,206.0,0.003514217369543632,-4.0,False
541690,54,Professional & technical services,0.1731668678711533,0.0559377037311165,4.0,23.0,182.0,0.1766853412821647,0.05973010780529086,4,19,189.0,0.0035184734110114135,-7.0,False
333991,33,Manufacturing - metals/machinery,0.019221107902067,0.0043177364971348,3.0,24.0,934.0,0.02275288694619749,0.0049423837008181915,3,20,878.0,0.0035317790441304897,56.0,False
812210,81,Other services,0.0670020222121157,0.0227083415742189,4.0,23.0,431.0,0.07055281000284506,0.023731588125000036,4,19,424.0,0.0035507877907293706,7.0,False
488991,48,Transportation,0.0986594719122608,0.0228224832069767,4.0,23.0,311.0,0.10226433816219661,0.025164841336610764,4,19,313.0,0.0036048662499358203,-2.0,False
339940,33,Manufacturing - metals/machinery,0.0326530874603166,0.0128326026158229,3.0,24.0,747.0,0.03626691980285748,0.014721142894147665,3,20,708.0,0.003613832342540875,39.0,False
925120,92,Public administration,0.1101799613621063,0.0384089278025374,3.0,24.0,293.0,0.11380996615991229,0.04030010503030956,3,20,290.0,0.003630004797805994,3.0,False
483112,48,Transportation,0.0914027808068808,0.0272826381530199,4.0,23.0,333.0,0.09506391792762184,0.03298164352795467,4,19,329.0,0.003661137120741037,4.0,False
327991,32,Manufacturing - paper/chemicals,0.0462814700365122,0.010128896668177,4.0,23.0,584.0,0.049986299513079896,0.012214030460528623,4,19,550.0,0.003704829476567695,34.0,False
322120,32,Manufacturing - paper/chemicals,0.0346068476436617,0.0112515405252576,3.0,24.0,715.0,0.038319065076207214,0.012802051561171044,3,20,680.0,0.00371221743254551,35.0,False
561492,56,Administrative & waste services,0.0888276529036778,0.0276261613284628,4.0,23.0,342.0,0.0925451558798127,0.03051347143681326,4,19,336.0,0.0037175029761348927,6.0,False
316990,31,Manufacturing - food/textiles,0.0268013615842314,0.0063328259512535,3.0,24.0,838.0,0.030582331300107905,0.006404306171554324,4,19,775.0,0.003780969715876506,63.0,True
541350,54,Professional & technical services,0.1757586510599289,0.0580676381070187,4.0,23.0,179.0,0.17958109568141814,0.061074747701679276,4,19,184.0,0.0038224446214892294,-5.0,False
423620,42,Wholesale trade,0.0332470101513977,0.0076823922287719,4.0,23.0,735.0,0.037077711650329116,0.009752806190888384,4,19,699.0,0.003830701498931416,36.0,False
212311,21,"Mining, quarrying, oil & gas",0.2780138285241972,0.084625646968965,4.0,23.0,113.0,0.28189147320356855,0.0895404862531243,4,19,113.0,0.0038776446793713504,0.0,False
423220,42,Wholesale trade,0.0204748302566589,0.0055435604568665,4.0,23.0,923.0,0.024365092257115487,0.00735993390719897,4,19,853.0,0.003890262000456588,70.0,False
323120,32,Manufacturing - paper/chemicals,0.0353052853144215,0.0118948080513017,3.0,24.0,709.0,0.039237959083454656,0.013809419428637882,3,20,671.0,0.003932673769033154,38.0,False
455219,45,Retail trade - specialty,0.0998519979942068,0.0276141307639098,4.0,23.0,308.0,0.1037990978027754,0.031158672758107762,4,19,309.0,0.0039470998085685965,-1.0,False
423490,42,Wholesale trade,0.0620594934468307,0.0227840165497152,3.0,24.0,454.0,0.06608021790040454,0.025689395840238567,3,20,448.0,0.0040207244535738415,6.0,False
311423,31,Manufacturing - food/textiles,0.2501972352160923,0.0742226054433356,4.0,23.0,124.0,0.25426523359537617,0.0791416680473493,4,19,128.0,0.004067998379283899,-4.0,False
441110,44,Retail trade - general,0.0381291010087614,0.0111835085422,3.0,24.0,683.0,0.04219749047053956,0.012008748936533599,3,20,634.0,0.004068389461778163,49.0,False
326160,32,Manufacturing - paper/chemicals,0.0606007236338313,0.0227719158561237,3.0,24.0,465.0,0.06470675846689199,0.0252856461812933,3,20,453.0,0.004106034833060684,12.0,False
334510,33,Manufacturing - metals/machinery,0.0361969312101569,0.0076006549198614,4.0,23.0,703.0,0.040324193484933026,0.009363899482646465,4,19,655.0,0.004127262274776125,48.0,False
532210,53,Real estate,0.0800750188063629,0.0171798439947441,4.0,23.0,373.0,0.08423200983185543,0.018575308283200965,4,19,369.0,0.0041569910254925235,4.0,False
333992,33,Manufacturing - metals/machinery,0.0457797310774501,0.0179303918656689,3.0,24.0,590.0,0.05002099956893639,0.0200140349407989,3,20,548.0,0.004241268491486289,42.0,False
812910,81,Other services,0.1426066635268434,0.0552488544203421,3.0,24.0,231.0,0.14686925989721153,0.055914564881083775,3,20,228.0,0.0042625963703681324,3.0,False
522299,52,Finance & insurance,0.0232662306395799,0.0056628268763949,4.0,23.0,887.0,0.027555984992638782,0.007570903462788323,4,19,815.0,0.004289754353058884,72.0,False
561613,56,Administrative & waste services,0.0379319780477429,0.0068475639973841,4.0,23.0,685.0,0.042234451858147004,0.009561075675354002,4,19,632.0,0.004302473810404106,53.0,False
813110,81,Other services,0.1519529989145072,0.0430959843565065,3.0,24.0,214.0,0.1562753366083967,0.04443610404575638,3,20,218.0,0.004322337693889511,-4.0,False
332431,33,Manufacturing - metals/machinery,0.0401067749144993,0.0118433362424553,3.0,24.0,658.0,0.04446095490998658,0.014185996385519758,3,20,612.0,0.004354179995487283,46.0,False
922190,92,Public administration,0.034380438145774,0.0122891292443499,3.0,24.0,718.0,0.038789230454874216,0.01570795725707241,3,20,677.0,0.004408792309100212,41.0,False
238130,23,Construction,0.1675687761490189,0.0455254018979019,4.0,23.0,192.0,0.17198645712203414,0.04906216448747427,4,19,199.0,0.004417680973015231,-7.0,False
325312,32,Manufacturing - paper/chemicals,0.0560117202889817,0.0160108828357341,3.0,24.0,496.0,0.060430738636067856,0.020496256122819367,3,20,477.0,0.004419018347086155,19.0,False
624230,62,Health care & social assistance,0.1115064957754226,0.0309744813126393,4.0,23.0,291.0,0.11597236280742795,0.03278681317538531,4,19,284.0,0.004465867032005355,7.0,False
327331,32,Manufacturing - paper/chemicals,0.0809699955869538,0.0191765188093718,4.0,23.0,369.0,0.08551916374216652,0.02178117747157757,4,19,361.0,0.004549168155212724,8.0,False
312120,31,Manufacturing - food/textiles,0.05718192237876,0.0176610254728927,3.0,24.0,489.0,0.06175163549190882,0.015719361965453798,3,20,466.0,0.00456971311314882,23.0,False
621491,62,Health care & social assistance,0.0111077428461502,0.0021787465687367,3.0,24.0,987.0,0.01568925598272237,0.0023777319424760474,4,19,959.0,0.004581513136572171,28.0,True
486210,48,Transportation,0.0264846786123617,0.0070613362059302,1.0,23.0,841.0,0.031115103228567427,0.00984071458932495,1,19,766.0,0.004630424616205726,75.0,False
541420,54,Professional & technical services,0.0768231972025466,0.0275075568093497,4.0,23.0,392.0,0.08146134895725947,0.03139369099551274,4,19,380.0,0.004638151754712869,12.0,False
541380,54,Professional & technical services,0.0665239240233203,0.0197463232402118,4.0,23.0,434.0,0.0711914686392504,0.0224109808929812,4,19,418.0,0.004667544615930094,16.0,False
562112,56,Administrative & waste services,0.0496641759241479,0.0112042236934094,3.0,24.0,544.0,0.05442621796745984,0.014466326592571322,3,20,517.0,0.004762042043311938,27.0,False
112512,11,"Agriculture, forestry, fishing",0.2757479052925012,0.076631768180887,3.0,24.0,114.0,0.2805216157949679,0.08304325848154888,3,20,115.0,0.0047737105024667215,-1.0,False
524292,52,Finance & insurance,0.0443260550950199,0.0160346541612815,4.0,23.0,604.0,0.04914697626122187,0.019961125342511286,4,19,560.0,0.004820921166201975,44.0,False
238210,23,Construction,0.0564274291608295,0.0148184878880428,4.0,23.0,494.0,0.06127088831837317,0.016575606880399812,4,19,471.0,0.004843459157543674,23.0,False
541219,54,Professional & technical services,0.1462307661097534,0.0421713621800364,2.0,24.0,224.0,0.15112578972265492,0.04605358466426486,2,20,222.0,0.004895023612901506,2.0,False
485310,48,Transportation,0.0613449030459221,0.021690387388632,4.0,23.0,459.0,0.06627379456299014,0.018516359436338045,4,19,447.0,0.004928891517068039,12.0,False
336120,33,Manufacturing - metals/machinery,0.0324089528515671,0.0069256659310049,4.0,23.0,749.0,0.037345764195535903,0.009090839296969858,4,19,695.0,0.004936811343968804,54.0,False
332215,33,Manufacturing - metals/machinery,0.0161261005887903,0.0041970789434853,3.0,24.0,965.0,0.02106576902735595,0.00671197553932383,4,19,901.0,0.00493966843856565,64.0,True
424470,42,Wholesale trade,0.030064990624073,0.0060303636516806,4.0,23.0,787.0,0.035030948421170105,0.00828113573544291,4,19,722.0,0.004965957797097104,65.0,False
561520,56,Administrative & waste services,0.2349293007817355,0.0627944974148751,4.0,23.0,137.0,0.23990158177256335,0.06840628692738715,4,19,136.0,0.00497228099082786,1.0,False
541614,54,Professional & technical services,0.0797184339909431,0.0240022932745632,4.0,23.0,377.0,0.08475082352700501,0.026034686574224742,4,19,367.0,0.005032389536061915,10.0,False
459510,45,Retail trade - specialty,0.0847860407186997,0.0253482601661458,3.0,24.0,355.0,0.0898618350711337,0.02426321574518477,3,20,348.0,0.005075794352433993,7.0,False
621320,62,Health care & social assistance,0.0498105525543757,0.0143372520483261,3.0,24.0,543.0,0.054939930041711146,0.014223632285051177,3,20,514.0,0.005129377487335447,29.0,False
561611,56,Administrative & waste services,0.1013446756644396,0.0279513620074391,4.0,23.0,304.0,0.10655785543145119,0.03037854540884158,4,19,304.0,0.0052131797670115915,0.0,False
335220,33,Manufacturing - metals/machinery,0.032811481140397,0.0059853566644356,2.0,24.0,744.0,0.038083878422120805,0.007816352248648354,2,20,686.0,0.005272397281723802,58.0,False
813930,81,Other services,0.3644128476069468,0.1074497019900763,4.0,23.0,82.0,0.3696870274829597,0.11143491127202536,4,19,77.0,0.005274179876012863,5.0,False
111930,11,"Agriculture, forestry, fishing",0.2107017697386134,0.059394903267242,4.0,23.0,151.0,0.2160559278257115,0.06449853665905537,4,19,147.0,0.005354158087098104,4.0,False
561622,56,Administrative & waste services,0.0427359486401285,0.0114542471683455,4.0,23.0,631.0,0.04810567031219842,0.013146979000443051,4,19,573.0,0.0053697216720699215,58.0,False
332112,33,Manufacturing - metals/machinery,0.0572916177553435,0.0167182658359343,3.0,24.0,488.0,0.0627422585795052,0.019587963309106782,3,20,461.0,0.005450640824161704,27.0,False
325315,32,Manufacturing - paper/chemicals,0.0794372384766085,0.0221613493726457,2.0,24.0,378.0,0.08488924245685661,0.024228269888342018,2,20,365.0,0.005452003980248116,13.0,False
926150,92,Public administration,0.0651144948105978,0.0247347225599893,3.0,24.0,439.0,0.0705978780980797,0.02826448679609845,3,20,423.0,0.005483383287481894,16.0,False
561440,56,Administrative & waste services,0.0482198873127624,0.009620336340162,3.0,24.0,562.0,0.0537378271452004,0.012466143166640868,3,20,522.0,0.005517939832438,40.0,False
424480,42,Wholesale trade,0.1588085510630609,0.0326554970395663,4.0,23.0,204.0,0.16433262022946044,0.036057475297930366,4,19,207.0,0.005524069166399526,-3.0,False
456130,45,Retail trade - specialty,0.0439283766903343,0.0107869024365303,3.0,24.0,607.0,0.04945861851453477,0.013595619338875783,3,20,559.0,0.00553024182420047,48.0,False
561421,56,Administrative & waste services,0.0548897142836294,0.0144622991641672,4.0,23.0,503.0,0.06047893860163885,0.016747248236107206,4,19,476.0,0.005589224318009456,27.0,False
811111,81,Other services,0.0422051197417119,0.0086245974349529,4.0,23.0,638.0,0.04779510173707887,0.010188292831749051,4,19,579.0,0.00558998199536697,59.0,False
212220,21,"Mining, quarrying, oil & gas",0.0644361026397365,0.0236051223508906,3.0,24.0,440.0,0.07008373982977467,0.026789472190941698,3,20,428.0,0.005647637190038177,12.0,False
336414,33,Manufacturing - metals/machinery,0.0556918339760206,0.0147442946682121,3.0,24.0,498.0,0.061368537441152414,0.01709172381358323,3,20,469.0,0.005676703465131813,29.0,False
238990,23,Construction,0.5169174291503168,0.1720734196295966,4.0,23.0,58.0,0.5226349950280514,0.18195765326392946,4,19,57.0,0.005717565877734643,1.0,False
624110,62,Health care & social assistance,0.3162889516192882,0.1203745919853081,3.0,24.0,91.0,0.3220095041060184,0.12777496635973368,3,20,92.0,0.0057205524867302016,-1.0,False
213114,21,"Mining, quarrying, oil & gas",0.1728359906499716,0.0502299954353585,4.0,23.0,183.0,0.17859837718274962,0.05374183655171763,4,19,186.0,0.005762386532778024,-3.0,False
523940,52,Finance & insurance,0.0870059715521216,0.0298499312534015,4.0,23.0,347.0,0.09277240515412544,0.033286738197670244,4,19,334.0,0.005766433602003837,13.0,False
445250,44,Retail trade - general,0.2071345654664636,0.0633915361320953,3.0,24.0,152.0,0.21294901714245534,0.0673905516400986,3,20,148.0,0.005814451675991733,4.0,False
238330,23,Construction,0.0790077137630845,0.0217775692713243,3.0,24.0,381.0,0.08482287456870818,0.023409458045637807,4,19,366.0,0.005815160805623679,15.0,True
238220,23,Construction,0.0674623367549752,0.0154431222707125,4.0,23.0,427.0,0.0733457945571067,0.017632236437435285,4,19,412.0,0.005883457802131495,15.0,False
236117,23,Construction,0.0976677068901725,0.0287886704309802,4.0,23.0,315.0,0.10375105712083912,0.0324124202974448,4,19,310.0,0.006083350230666626,5.0,False
326211,32,Manufacturing - paper/chemicals,0.023173151478787,0.006131012482883,4.0,23.0,889.0,0.029268874190070408,0.00877937676961486,4,19,796.0,0.0060957227112834085,93.0,False
111335,11,"Agriculture, forestry, fishing",0.8598967516923315,0.2926071280708967,4.0,22.0,20.0,0.8660214644687073,0.30842212360803306,4,18,23.0,0.006124712776375829,-3.0,False
112990,11,"Agriculture, forestry, fishing",0.1172140883480642,0.0270002892289745,4.0,23.0,277.0,0.12334261129429458,0.029983224095802685,4,19,267.0,0.006128522946230383,10.0,False
621340,62,Health care & social assistance,0.0675141920343894,0.0238317370776867,3.0,24.0,426.0,0.07365429466263217,0.02522594194673261,3,20,407.0,0.006140102628242772,19.0,False
336310,33,Manufacturing - metals/machinery,0.0461339249993877,0.0162730122458876,4.0,23.0,588.0,0.05237334827008131,0.020311475829797206,4,19,534.0,0.006239423270693614,54.0,False
311812,31,Manufacturing - food/textiles,0.0474448651579198,0.0101612104096208,4.0,23.0,570.0,0.05368922101370593,0.01303953053000916,4,19,523.0,0.0062443558557861295,47.0,False
523160,52,Finance & insurance,0.0630851788957448,0.0205565250448107,4.0,23.0,448.0,0.06938524525604627,0.02360833285664848,4,19,434.0,0.006300066360301462,14.0,False
624229,62,Health care & social assistance,0.0835468937280091,0.0321934012442978,3.0,24.0,361.0,0.09011339748297785,0.03516134744799322,3,20,346.0,0.0065665037549687555,15.0,False
236220,23,Construction,0.1082878081514081,0.0289020420433417,4.0,23.0,298.0,0.11494149705281162,0.03233633566400018,4,19,285.0,0.006653688901403526,13.0,False
212321,21,"Mining, quarrying, oil & gas",0.2937719523776699,0.0981428524815719,4.0,23.0,98.0,0.3004276480002159,0.1056184672305744,4,19,99.0,0.006655695622545976,-1.0,False
221117,22,Utilities,0.0164910017287604,0.0052768556313029,2.0,24.0,962.0,0.023181920995469726,0.007849473801411381,2,20,871.0,0.006690919266709325,91.0,False
112930,11,"Agriculture, forestry, fishing",0.1691494331215867,0.0460874248533254,4.0,23.0,187.0,0.17588742081083505,0.05180872514393142,4,19,191.0,0.006737987689248354,-4.0,False
423940,42,Wholesale trade,0.0444077719117009,0.0167926472187718,4.0,23.0,602.0,0.051155251023318665,0.020447535217813187,4,19,541.0,0.006747479111617764,61.0,False
459130,45,Retail trade - specialty,0.0638229443716503,0.0180569906377909,4.0,23.0,443.0,0.0706157050089909,0.021013021172685116,4,19,422.0,0.006792760637340606,21.0,False
236115,23,Construction,0.1830048378783446,0.0566480959479503,4.0,23.0,172.0,0.18985673906636882,0.06145563998043446,4,19,175.0,0.006851901188024229,-3.0,False
333414,33,Manufacturing - metals/machinery,0.0187700020246416,0.0053346693651153,4.0,23.0,941.0,0.025680378257947917,0.009163129860382575,4,19,842.0,0.006910376233306318,99.0,False
561612,56,Administrative & waste services,0.061609471603281,0.0159588093954628,4.0,23.0,456.0,0.0685207406192327,0.017762880352583717,4,19,438.0,0.006911269015951703,18.0,False
449121,44,Retail trade - general,0.0476707304245444,0.0115829091176603,4.0,23.0,569.0,0.05463930438488732,0.014250857036233397,4,19,516.0,0.006968573960342922,53.0,False
813312,81,Other services,0.2687575096804898,0.1019606633680415,3.0,24.0,117.0,0.2757447147191292,0.10824890199586326,3,20,117.0,0.006987205038639421,0.0,False
488999,48,Transportation,0.0354967756141284,0.0068407439592024,4.0,23.0,708.0,0.042514780631862856,0.007744463970529443,4,19,629.0,0.0070180050177344536,79.0,False
334610,33,Manufacturing - metals/machinery,0.0247228676962157,0.0063957485947724,4.0,23.0,868.0,0.031799094050766474,0.00946430452032171,4,19,754.0,0.007076226354550776,114.0,False
327212,32,Manufacturing - paper/chemicals,0.01581256323093,0.0040697504200523,4.0,23.0,968.0,0.022889759135521763,0.0057427024916111916,4,19,876.0,0.007077195904591764,92.0,False
456199,45,Retail trade - specialty,0.0454276214280681,0.0142239480855131,4.0,23.0,595.0,0.05251760701965296,0.016611259449034483,4,19,533.0,0.0070899855915848575,62.0,False
481219,48,Transportation,0.0720582312505175,0.0162815927097532,4.0,23.0,405.0,0.07916846042918477,0.018424785073475097,3,20,390.0,0.007110229178667271,15.0,True
424310,42,Wholesale trade,0.04710456684059,0.0144004548758955,4.0,23.0,574.0,0.05422568168377549,0.016436656105923052,4,19,520.0,0.0071211148431854915,54.0,False
712120,71,"Arts, entertainment & recreation",0.2780612993055352,0.0861919867607499,4.0,23.0,112.0,0.2851975239254984,0.09188591593725233,4,19,110.0,0.007136224619963216,2.0,False
624120,62,Health care & social assistance,0.0468380160512815,0.0190783602854348,3.0,24.0,576.0,0.05397839861390824,0.02067700509245906,3,20,521.0,0.0071403825626267375,55.0,False
327211,32,Manufacturing - paper/chemicals,0.0307832183724509,0.0050656796185927,4.0,23.0,777.0,0.03792988324738635,0.008451772242487512,4,19,688.0,0.007146664874935451,89.0,False
325314,32,Manufacturing - paper/chemicals,0.1409510200097863,0.0417832883111609,2.0,24.0,234.0,0.14811003744498316,0.04746400889347626,2,20,226.0,0.007159017435196868,8.0,False
237110,23,Construction,0.2170714250045285,0.0664690147665957,4.0,23.0,146.0,0.22439986515204538,0.07261604972024213,4,19,141.0,0.007328440147516879,5.0,False
459991,45,Retail trade - specialty,0.0808242492628281,0.0216000386993825,3.0,24.0,370.0,0.0881595283245448,0.024724743651824845,3,20,351.0,0.007335279061716701,19.0,False
811122,81,Other services,0.0551871836008969,0.012621320943846,3.0,24.0,500.0,0.0626380706421304,0.015024685995668396,4,19,462.0,0.007450887041233492,38.0,True
311830,31,Manufacturing - food/textiles,0.0696236226623632,0.0189117429286315,2.0,24.0,413.0,0.07710880372620851,0.02356719561778715,2,20,397.0,0.0074851810638453115,16.0,False
325411,32,Manufacturing - paper/chemicals,0.0397737839901212,0.0113838713746653,4.0,23.0,663.0,0.047262998941598064,0.014765030051172075,4,19,586.0,0.0074892149514768636,77.0,False
562212,56,Administrative & waste services,0.099314649856551,0.0302256995164254,4.0,23.0,309.0,0.1069203417450179,0.034255560930700674,4,19,303.0,0.007605691888466895,6.0,False
237210,23,Construction,0.1289372525860497,0.0357961796692725,4.0,23.0,255.0,0.13661463874781155,0.04050361708562047,4,19,247.0,0.007677386161761834,8.0,False
621391,62,Health care & social assistance,0.0601619567368368,0.0174946147426013,4.0,23.0,469.0,0.06788276504797011,0.02037056628179011,4,19,440.0,0.007720808311133309,29.0,False
332992,33,Manufacturing - metals/machinery,0.0452253958971823,0.0109237249721111,4.0,23.0,597.0,0.05301339002364564,0.014840660304586292,4,19,529.0,0.007787994126463339,68.0,False
621330,62,Health care & social assistance,0.0956978587327053,0.0250817472450902,4.0,23.0,321.0,0.10349720439591684,0.028739872525767714,4,19,311.0,0.0077993456632115404,10.0,False
336510,33,Manufacturing - metals/machinery,0.0068939755809568,0.0019401811776307,1.0,23.0,996.0,0.014728326211495984,0.004637015432009356,1,19,966.0,0.007834350630539184,30.0,False
624410,62,Health care & social assistance,0.163357099890731,0.0612928472889112,3.0,24.0,200.0,0.17119807671324522,0.06142902598730805,3,20,200.0,0.007840976822514223,0.0,False
541211,54,Professional & technical services,0.1755377964033364,0.0412757357424874,2.0,24.0,180.0,0.18344195421818402,0.046309511580970256,2,20,179.0,0.007904157814847629,1.0,False
449122,44,Retail trade - general,0.0641616026272948,0.0242261951246412,4.0,23.0,442.0,0.07219339464478755,0.027591115076620657,4,19,415.0,0.008031792017492753,27.0,False
327332,32,Manufacturing - paper/chemicals,0.1163476038189393,0.0309345607128962,4.0,23.0,282.0,0.1244268225440372,0.03725714050907821,4,19,263.0,0.008079218725097898,19.0,False
485210,48,Transportation,0.0282219574067024,0.0045447786990541,4.0,23.0,816.0,0.03630486884748835,0.00650032783852756,3,20,706.0,0.008082911440785948,110.0,True
424990,42,Wholesale trade,0.1010984615181742,0.032027313905545,4.0,23.0,305.0,0.10920118831907204,0.0359595505296011,4,19,301.0,0.008102726800897839,4.0,False
237130,23,Construction,0.2424614196839499,0.0767589649843855,4.0,23.0,126.0,0.25061778499071696,0.0830311317130851,4,19,129.0,0.008156365306767055,-3.0,False
424910,42,Wholesale trade,0.1662622614747102,0.0428666194421323,3.0,24.0,194.0,0.174449974448316,0.0485676500582539,3,20,194.0,0.008187712973605793,0.0,False
424350,42,Wholesale trade,0.0514756047502322,0.0150605020828953,4.0,23.0,522.0,0.059670583913690775,0.017683758062441105,4,19,481.0,0.008194979163458578,41.0,False
112511,11,"Agriculture, forestry, fishing",0.2135398562766051,0.0452845767609738,4.0,23.0,150.0,0.22177454823264153,0.048995960408737,4,19,143.0,0.008234691956036433,7.0,False
611110,61,Educational services,0.1984442801470101,0.0660351072497772,2.0,24.0,159.0,0.20671067046699237,0.07173675991517231,2,20,157.0,0.008266390319982275,2.0,False
459930,45,Retail trade - specialty,0.1037734810112588,0.0302229932795996,4.0,23.0,302.0,0.11204644966159594,0.034491511070728696,4,19,296.0,0.008272968650337137,6.0,False
512240,51,Information,0.2361124655047935,0.0726244581654609,4.0,23.0,133.0,0.2443967592884977,0.07563942152354929,4,19,130.0,0.008284293783704183,3.0,False
238340,23,Construction,0.1054077968827413,0.0302403182657066,4.0,23.0,299.0,0.11386611758735549,0.03403681616733228,4,19,289.0,0.008458320704614192,10.0,False
541910,54,Professional & technical services,0.1492414168621507,0.0386823292112786,4.0,23.0,218.0,0.15776501438592053,0.041408754899428184,4,19,211.0,0.008523597523769827,7.0,False
334310,33,Manufacturing - metals/machinery,0.0625148253602334,0.0153410618986204,4.0,23.0,450.0,0.07109924925037465,0.018571293647398596,4,19,419.0,0.00858442389014126,31.0,False
811198,81,Other services,0.059582095438987,0.0145253371228217,3.0,24.0,474.0,0.06819197065223441,0.0160934303014729,3,20,439.0,0.008609875213247409,35.0,False
212230,21,"Mining, quarrying, oil & gas",0.0130291514963267,0.0038867648920549,1.0,23.0,982.0,0.02175520823511712,0.007334791366970429,1,19,892.0,0.008726056738790419,90.0,False
561431,56,Administrative & waste services,0.0606818427122302,0.0196288040140475,4.0,23.0,464.0,0.06942563656609241,0.023318579915202718,4,19,433.0,0.00874379385386221,31.0,False
424930,42,Wholesale trade,0.3159934026988985,0.0933171359019841,2.0,24.0,92.0,0.32474783057911694,0.09936701926080037,2,20,90.0,0.008754427880218463,2.0,False
711120,71,"Arts, entertainment & recreation",0.5476967121428423,0.1809868416664205,2.0,24.0,55.0,0.5564720034172393,0.19338809947488966,2,20,52.0,0.008775291274397023,3.0,False
238390,23,Construction,0.0888564566677211,0.0339403373891299,4.0,23.0,341.0,0.09783927439735986,0.03685999278638697,4,19,321.0,0.008982817729638756,20.0,False
541613,54,Professional & technical services,0.1413491301002182,0.0449406915208817,4.0,23.0,232.0,0.1503662604520656,0.04922873452355338,4,19,224.0,0.009017130351847397,8.0,False
441210,44,Retail trade - general,0.0965142825930466,0.0186901443813997,4.0,23.0,320.0,0.10559498678414303,0.022709210958726984,4,19,306.0,0.009080704191096425,14.0,False
541612,54,Professional & technical services,0.1662072963570524,0.0507152446221806,4.0,23.0,195.0,0.17529269796784072,0.05538604292428437,4,19,193.0,0.00908540161078833,2.0,False
541490,54,Professional & technical services,0.1230636202183991,0.0460087449340403,4.0,23.0,264.0,0.1321818331610041,0.04860870962593397,4,19,251.0,0.009118212942604995,13.0,False
323113,32,Manufacturing - paper/chemicals,0.0685307765816739,0.0170828268060825,3.0,24.0,420.0,0.07770534297408375,0.018680819559324317,3,20,394.0,0.00917456639240985,26.0,False
813211,81,Other services,0.1939968208590596,0.048976234651215,3.0,24.0,165.0,0.20321106378580814,0.05105354884014811,3,20,162.0,0.00921424292674855,3.0,False
441120,44,Retail trade - general,0.0692270535345228,0.0156915001230548,4.0,23.0,418.0,0.07851437480504031,0.018391151566248615,4,19,391.0,0.009287321270517512,27.0,False
322299,32,Manufacturing - paper/chemicals,0.053077284313452,0.0126381689658676,4.0,23.0,514.0,0.06247458558781002,0.017213055485413957,4,19,463.0,0.00939730127435802,51.0,False
311811,31,Manufacturing - food/textiles,0.0813593054670845,0.0233756094859734,3.0,24.0,368.0,0.09088176971438144,0.022160634181207416,3,20,341.0,0.009522464247296941,27.0,False
562998,56,Administrative & waste services,0.0642201525788489,0.0140720099443898,4.0,23.0,441.0,0.07381369010581189,0.016943936409526763,4,19,406.0,0.009593537526962986,35.0,False
444240,44,Retail trade - general,0.4352200136608224,0.1032900629273694,4.0,23.0,65.0,0.44494730757295964,0.11122943480179633,4,19,63.0,0.009727293912137225,2.0,False
313210,31,Manufacturing - food/textiles,0.0301366871866694,0.0068676399598799,2.0,24.0,784.0,0.039922188181888,0.010703465537772352,2,20,663.0,0.009785500995218601,121.0,False
213113,21,"Mining, quarrying, oil & gas",0.0376233535132353,0.0115402996892325,4.0,23.0,690.0,0.04764906560801155,0.016292138685747328,4,19,581.0,0.010025712094776248,109.0,False
311340,31,Manufacturing - food/textiles,0.1622154421921068,0.0551809833845482,4.0,23.0,201.0,0.17244964082590739,0.062101339045454666,4,19,198.0,0.010234198633800595,3.0,False
812310,81,Other services,0.0696404561055826,0.0129926918966901,4.0,23.0,412.0,0.0800664244539394,0.015702031642056413,4,19,388.0,0.010425968348356796,24.0,False
532310,53,Real estate,0.1761806970592082,0.0451501990430482,4.0,23.0,178.0,0.18663726110685103,0.050037063649646,4,19,177.0,0.010456564047642836,1.0,False
711190,71,"Arts, entertainment & recreation",0.5618704757779609,0.1557491655496957,4.0,22.0,52.0,0.5723279736719141,0.16954725535220325,4,19,47.0,0.010457497893953227,5.0,False
444230,44,Retail trade - general,0.121480983501847,0.0261359903407401,4.0,23.0,268.0,0.1320542686051552,0.03090055652928959,4,19,253.0,0.010573285103308211,15.0,False
611620,61,Educational services,0.814109726462999,0.3109447475344967,3.0,24.0,25.0,0.8246960080414091,0.3364326447649474,3,20,25.0,0.010586281578410128,0.0,False
238310,23,Construction,0.118667762464787,0.0306873260049306,4.0,23.0,274.0,0.12928320451804814,0.03490221448704584,4,19,255.0,0.010615442053261148,19.0,False
611430,61,Educational services,0.1637379529889671,0.051933504489536,3.0,24.0,199.0,0.17437026709601366,0.05873778875389644,3,20,195.0,0.01063231410704657,4.0,False
488119,48,Transportation,0.0393848059218555,0.0075864323077474,3.0,24.0,671.0,0.050017467861318145,0.012925811805071652,3,20,549.0,0.010632661939462648,122.0,False
561410,56,Administrative & waste services,0.079998992689549,0.0158461029339341,4.0,23.0,374.0,0.09067857253513464,0.022037378073013307,4,19,343.0,0.010679579845585638,31.0,False
459120,45,Retail trade - specialty,0.2839411520642831,0.0800853239246325,1.0,23.0,110.0,0.2946631422590374,0.08662051202859822,1,19,103.0,0.010721990194754283,7.0,False
236116,23,Construction,0.111863529189744,0.0313133024754558,4.0,23.0,290.0,0.12262593749443247,0.03686691463648926,4,19,269.0,0.01076240830468847,21.0,False
311613,31,Manufacturing - food/textiles,0.0936364481632014,0.0269106151373408,4.0,23.0,328.0,0.10441283287880099,0.03191333059797539,4,19,308.0,0.010776384715599593,20.0,False
339995,33,Manufacturing - metals/machinery,0.0514065395816218,0.0162926953295127,2.0,24.0,526.0,0.06225147785060949,0.02023049345843648,2,20,464.0,0.010844938268987692,62.0,False
336370,33,Manufacturing - metals/machinery,0.0758191183285145,0.0251353303132044,4.0,23.0,396.0,0.08668500632654748,0.031553829800661445,4,19,356.0,0.01086588799803298,40.0,False
221330,22,Utilities,0.0509221080294964,0.0111698894717671,4.0,23.0,529.0,0.06180726628853069,0.014379224624979828,4,19,465.0,0.010885158259034293,64.0,False
486110,48,Transportation,0.0279597689767013,0.0098291311692474,1.0,23.0,823.0,0.03916507850326185,0.014250381679361289,1,19,672.0,0.011205309526560549,151.0,False
312130,31,Manufacturing - food/textiles,0.3986809067007325,0.1319908214532965,4.0,23.0,72.0,0.4099048341544862,0.14040809501746224,4,19,69.0,0.011223927453753724,3.0,False
621310,62,Health care & social assistance,0.0690487975380559,0.0185340012046634,4.0,23.0,419.0,0.0804337114633635,0.022258586594411427,4,19,387.0,0.011384913925307605,32.0,False
238140,23,Construction,0.345084889749458,0.108846741356707,4.0,23.0,86.0,0.3564953116614319,0.11736395580282373,4,19,82.0,0.01141042191197389,4.0,False
238350,23,Construction,0.1162137835866375,0.0312849358469896,4.0,23.0,283.0,0.12778092631627638,0.035605690793132715,4,19,256.0,0.01156714272963888,27.0,False
517410,51,Information,0.0244158205203402,0.0053626475918402,1.0,23.0,873.0,0.03599845226581082,0.010773640403886163,1,19,711.0,0.011582631745470619,162.0,False
621399,62,Health care & social assistance,0.1007367526138296,0.0299582899368018,4.0,23.0,306.0,0.11247814382483615,0.03361202378100092,4,19,294.0,0.01174139121100655,12.0,False
238110,23,Construction,0.317589015552812,0.0955883035791023,4.0,23.0,90.0,0.32937774844026785,0.10425678918772975,4,19,88.0,0.011788732887455855,2.0,False
532112,53,Real estate,0.0493150561482683,0.014411416578334,4.0,23.0,550.0,0.0611691248039318,0.01816756369436738,4,19,472.0,0.011854068655663498,78.0,False
238170,23,Construction,0.2515583985701191,0.0823026961521391,4.0,23.0,123.0,0.2634308431662403,0.09005499104267117,4,19,123.0,0.011872444596121245,0.0,False
237990,23,Construction,0.2889435957205832,0.0907738318272205,4.0,23.0,104.0,0.30092089974362807,0.09934967363961271,4,19,98.0,0.011977304023044866,6.0,False
331511,33,Manufacturing - metals/machinery,0.0584649048575951,0.0172337557068203,4.0,23.0,479.0,0.07044543171447407,0.02341114066688184,4,19,425.0,0.011980526856878969,54.0,False
541410,54,Professional & technical services,0.1683615026239151,0.059020981802572,4.0,23.0,189.0,0.18036711929525345,0.06550873015428949,4,19,183.0,0.012005616671338343,6.0,False
532490,53,Real estate,0.127457013365171,0.0364062909862999,4.0,23.0,257.0,0.13963580320971475,0.04039528769481434,4,19,240.0,0.012178789844543736,17.0,False
541930,54,Professional & technical services,0.0929857822278235,0.0216111335556095,4.0,23.0,330.0,0.10527695201970798,0.025544772106792162,4,19,307.0,0.01229116979188448,23.0,False
483113,48,Transportation,0.0654092785746545,0.0168882055860696,4.0,23.0,438.0,0.07771388526996742,0.02063361464466833,4,19,393.0,0.012304606695312914,45.0,False
311352,31,Manufacturing - food/textiles,0.1317811695333348,0.0482329953485829,4.0,23.0,246.0,0.14410179147571114,0.05635162103038483,4,19,234.0,0.012320621942376347,12.0,False
621210,62,Health care & social assistance,0.0442282518357906,0.0106853898932626,4.0,23.0,606.0,0.05660186659617492,0.01347560384405897,4,19,501.0,0.012373614760384323,105.0,False
238120,23,Construction,0.1978155792834852,0.0555727293235748,4.0,23.0,160.0,0.21018988671941405,0.06172236946776442,4,19,153.0,0.01237430743592885,7.0,False
238160,23,Construction,0.2287660403997508,0.0665146689268563,4.0,23.0,140.0,0.24123949840136155,0.0738263019066695,4,19,134.0,0.01247345800161076,6.0,False
314999,31,Manufacturing - food/textiles,0.053150180546253,0.0118857709737636,4.0,23.0,513.0,0.06575168885617654,0.016796452505228956,4,19,450.0,0.012601508309923536,63.0,False
238910,23,Construction,0.2846387186856051,0.0910621214382644,4.0,23.0,109.0,0.2972838328502626,0.10007760675604667,4,19,101.0,0.012645114164657523,8.0,False
315250,31,Manufacturing - food/textiles,0.0330040827204507,0.0068410642572833,4.0,23.0,741.0,0.045702673638694485,0.010244421522301804,4,19,602.0,0.012698590918243782,139.0,False
445132,44,Retail trade - general,0.046065616410963,0.0087393741516461,3.0,24.0,589.0,0.05898121430135679,0.012269471760436069,4,19,485.0,0.012915597890393787,104.0,True
611519,61,Educational services,0.1089480656899629,0.027381673712769,2.0,24.0,295.0,0.12202094660094615,0.03290266685684012,2,20,270.0,0.013072880910983242,25.0,False
713110,71,"Arts, entertainment & recreation",0.706497237661929,0.2424294276735383,3.0,24.0,36.0,0.7198422018629802,0.26561973303351,3,20,34.0,0.013344964201051246,2.0,False
811490,81,Other services,0.165203635500158,0.045925892400803,4.0,23.0,196.0,0.1786574739303313,0.05079638193454311,4,19,185.0,0.013453838430173282,11.0,False
721110,72,Accommodation & food services,0.1292363701551723,0.0336354292841075,3.0,24.0,254.0,0.14277323451201548,0.03851020549843604,3,20,237.0,0.013536864356843176,17.0,False
562910,56,Administrative & waste services,0.1745876866109507,0.0480370386661269,3.0,24.0,181.0,0.18833804118911315,0.054834783265327,3,20,176.0,0.013750354578162455,5.0,False
513191,51,Information,0.0865765033715595,0.0340422105747164,4.0,23.0,349.0,0.10044263600031966,0.03992899299158158,4,19,315.0,0.013866132628760158,34.0,False
212115,21,"Mining, quarrying, oil & gas",0.0434555949767412,0.0130123830329373,4.0,23.0,614.0,0.0575688380291547,0.01854429840671304,4,19,495.0,0.014113243052413495,119.0,False
541320,54,Professional & technical services,0.3765644812818756,0.1195524466743425,4.0,23.0,76.0,0.39085272020625683,0.12955731359517475,4,19,76.0,0.014288238924381247,0.0,False
311212,31,Manufacturing - food/textiles,0.1437255985434932,0.0492731660611399,4.0,23.0,228.0,0.1580238332011295,0.05764236659810823,4,19,210.0,0.0142982346576363,18.0,False
336999,33,Manufacturing - metals/machinery,0.0406145368181888,0.0082744531827263,4.0,23.0,651.0,0.054979401163429774,0.013081730666516682,4,19,512.0,0.014364864345240973,139.0,False
424460,42,Wholesale trade,0.082388373178114,0.0222726937987159,3.0,24.0,367.0,0.09690977744115337,0.02721716265103923,3,20,325.0,0.01452140426303937,42.0,False
493130,49,Warehousing & couriers,0.3992188499474647,0.1476769469120828,4.0,23.0,71.0,0.4138048486895373,0.16132709805504364,4,19,67.0,0.014585998742072614,4.0,False
713290,71,"Arts, entertainment & recreation",0.0466353616403715,0.0075004012511632,4.0,23.0,581.0,0.06130963672925829,0.010350046555043216,4,19,470.0,0.014674275088886794,111.0,False
611511,61,Educational services,0.0249364055583875,0.0049884935724378,3.0,24.0,867.0,0.03963777299356607,0.007150775618990532,4,19,668.0,0.01470136743517857,199.0,True
339116,33,Manufacturing - metals/machinery,0.0276085665248781,0.0065882913366878,4.0,23.0,828.0,0.04246358473356092,0.01071729219621245,4,19,630.0,0.014855018208682819,198.0,False
561599,56,Administrative & waste services,0.1480846745449746,0.0521862084365265,3.0,24.0,219.0,0.1629466234977865,0.06509917998094666,3,20,208.0,0.014861948952811899,11.0,False
485991,48,Transportation,0.042999405725871,0.0098683493773069,3.0,24.0,622.0,0.057876536095573916,0.012134483555212527,3,20,493.0,0.014877130369702916,129.0,False
921150,92,Public administration,0.2280358439779973,0.0895947309375126,3.0,24.0,142.0,0.24293573179391637,0.10011628936153465,3,20,132.0,0.014899887815919055,10.0,False
311422,31,Manufacturing - food/textiles,0.0841046032825813,0.0307488453463591,4.0,23.0,359.0,0.09904673374350222,0.036951610460009957,4,19,320.0,0.01494213046092091,39.0,False
112420,11,"Agriculture, forestry, fishing",0.1668682156734923,0.0329103218971046,4.0,23.0,193.0,0.18181580930903232,0.03568482373397187,4,19,181.0,0.014947593635540019,12.0,False
812320,81,Other services,0.0599932710420437,0.0181363031501915,3.0,24.0,473.0,0.07496404671988469,0.018472455396637784,3,20,403.0,0.014970775677840983,70.0,False
541513,54,Professional & technical services,0.0584008463359582,0.0197367364639549,1.0,23.0,480.0,0.07339037612425815,0.027048406924240504,1,19,411.0,0.014989529788299955,69.0,False
445291,44,Retail trade - general,0.0805949441699776,0.0188450802472514,3.0,24.0,371.0,0.09571300432012857,0.02259969362287045,4,19,327.0,0.015118060150150964,44.0,True
485999,48,Transportation,0.0615077812597338,0.0137085406178813,4.0,23.0,457.0,0.07689092975065992,0.01517858988897281,4,19,398.0,0.015383148490926118,59.0,False
487990,48,Transportation,0.19172038913108,0.0637301197748502,3.0,24.0,167.0,0.2072919575436384,0.07264658143753205,3,20,156.0,0.015571568412558412,11.0,False
523991,52,Finance & insurance,0.1577707694801489,0.0554860314071402,4.0,22.0,205.0,0.17341951351056306,0.053547030665875295,4,18,196.0,0.015648744030414163,9.0,False
238320,23,Construction,0.2906817759269979,0.0843222190311766,4.0,23.0,103.0,0.3063796072758473,0.09265123693968676,4,19,96.0,0.01569783134884939,7.0,False
324121,32,Manufacturing - paper/chemicals,0.5856114297319227,0.2055823961352353,4.0,23.0,45.0,0.6013210949596542,0.22118753092111937,4,19,44.0,0.01570966522773154,1.0,False
236118,23,Construction,0.1883982862883156,0.0585065190325451,4.0,23.0,168.0,0.20414436085693502,0.06554206578683147,4,19,161.0,0.015746074568619428,7.0,False
541199,54,Professional & technical services,0.0699910528213775,0.0237468349482559,4.0,22.0,409.0,0.08582296598061843,0.028567711911208063,4,18,360.0,0.01583191315924093,49.0,False
523910,52,Finance & insurance,0.156776244499468,0.0537943978022731,4.0,21.0,208.0,0.17268527113408128,0.06391651545410326,4,17,197.0,0.01590902663461327,11.0,False
459920,45,Retail trade - specialty,0.1236415911436044,0.0417028945575586,4.0,23.0,261.0,0.13957005361646174,0.0469628849845928,4,19,241.0,0.01592846247285734,20.0,False
541922,54,Professional & technical services,0.3515114913136941,0.107719282753922,4.0,23.0,84.0,0.3679182083529307,0.11469131618885835,4,19,79.0,0.01640671703923663,5.0,False
561312,56,Administrative & waste services,0.1638153049154544,0.0466073022707052,4.0,23.0,198.0,0.18039552742631354,0.053650906530703334,4,19,182.0,0.01658022251085914,16.0,False
811420,81,Other services,0.076038308569179,0.0233897722373139,4.0,23.0,394.0,0.0926514239834374,0.029050475323270774,4,19,335.0,0.016613115414258403,59.0,False
532282,53,Real estate,0.1685434020657921,0.0601804210999992,3.0,24.0,188.0,0.18528561574185148,0.06970704078885968,3,20,178.0,0.01674221367605938,10.0,False
516120,51,Information,0.0174669765687065,0.0061375930026568,4.0,23.0,951.0,0.034471990896206194,0.009406232255132896,4,19,727.0,0.017005014327499693,224.0,False
311911,31,Manufacturing - food/textiles,0.1593190428005936,0.0577904444269623,4.0,23.0,203.0,0.17696442819446537,0.06731034679563257,4,19,188.0,0.017645385393871754,15.0,False
488310,48,Transportation,0.0675613327737293,0.0211537466360529,4.0,23.0,425.0,0.0853547174605032,0.032011154071901936,4,19,362.0,0.017793384686773897,63.0,False
445292,44,Retail trade - general,0.0970271730309129,0.0303474892358592,4.0,23.0,318.0,0.11483937207231219,0.045134417744991925,4,19,286.0,0.017812199041399288,32.0,False
711410,71,"Arts, entertainment & recreation",0.193747165969209,0.0654745513904223,4.0,23.0,166.0,0.2120647943177226,0.07253440046397044,4,19,150.0,0.01831762834851361,16.0,False
311225,31,Manufacturing - food/textiles,0.1166188676835801,0.0308848685997395,2.0,24.0,280.0,0.135083418865689,0.038719304620288705,2,20,248.0,0.018464551182108907,32.0,False
113110,11,"Agriculture, forestry, fishing",0.1568830654582958,0.056020898670794,4.0,23.0,207.0,0.17607583738468902,0.06441514378292278,4,19,190.0,0.01919277192639321,17.0,False
541890,54,Professional & technical services,0.0682545480408033,0.0190568499577946,4.0,23.0,424.0,0.08776916001410186,0.025899427258559492,4,19,354.0,0.019514611973298554,70.0,False
424590,42,Wholesale trade,0.3493499826125369,0.1193809594898866,4.0,23.0,85.0,0.3689646756941267,0.12976330601565436,4,19,78.0,0.019614693081589807,7.0,False
483114,48,Transportation,0.2015957579894167,0.0663183959689581,4.0,23.0,156.0,0.22131288704012822,0.07302946547763871,4,19,144.0,0.019717129050711518,12.0,False
561330,56,Administrative & waste services,0.2356457660826523,0.0680321890497125,4.0,23.0,136.0,0.2555297712818162,0.07550626213055313,4,19,127.0,0.01988400519916389,9.0,False
532289,53,Real estate,0.2393733372796014,0.0645334388902863,4.0,23.0,128.0,0.2592908317375344,0.0702525928327141,4,19,125.0,0.019917494457933033,3.0,False
812990,81,Other services,0.1723556769586985,0.0515708250650922,4.0,23.0,185.0,0.1923107304592346,0.05671775351944316,4,19,170.0,0.019955053500536113,15.0,False
111920,11,"Agriculture, forestry, fishing",0.8532996138545155,0.2738214856831525,4.0,23.0,21.0,0.8737084381539421,0.29201492515263877,4,19,22.0,0.020408824299426587,-1.0,False
333112,33,Manufacturing - metals/machinery,0.170325056114925,0.0624255719931888,2.0,24.0,186.0,0.19172085646791132,0.07637306311400702,2,20,172.0,0.021395800352986327,14.0,False
339999,33,Manufacturing - metals/machinery,0.2191232028808123,0.0743895451961779,4.0,23.0,145.0,0.24124899509545047,0.08591973419144733,4,19,133.0,0.022125792214638174,12.0,False
492210,49,Warehousing & couriers,0.0699136502530243,0.02339017413427,4.0,23.0,410.0,0.09223287496305087,0.030903124403699994,4,19,337.0,0.022319224710026564,73.0,False
336350,33,Manufacturing - metals/machinery,0.0804399692340798,0.0292389388218449,4.0,23.0,372.0,0.1029154177731854,0.039387435644774996,4,19,312.0,0.022475448539105602,60.0,False
561491,56,Administrative & waste services,0.0432333754882062,0.0145626012955167,2.0,24.0,619.0,0.06574840422900997,0.02141005541337152,2,20,451.0,0.022515028740803772,168.0,False
324199,32,Manufacturing - paper/chemicals,0.1339141190064736,0.0450408508469313,3.0,24.0,244.0,0.156446447605263,0.05534609243169183,3,20,216.0,0.022532328598789397,28.0,False
561591,56,Administrative & waste services,0.1305110300078927,0.0330408651818966,4.0,23.0,249.0,0.15307265916224377,0.03992739313095474,4,19,221.0,0.022561629154351087,28.0,False
212210,21,"Mining, quarrying, oil & gas",0.1165258404826925,0.0343579692258257,3.0,24.0,281.0,0.13994936882626113,0.042838934126796284,3,20,239.0,0.02342352834356863,42.0,False
311411,31,Manufacturing - food/textiles,0.4386884528936401,0.1246059822933261,4.0,23.0,64.0,0.46244358438356825,0.13937402212938488,4,19,62.0,0.02375513148992814,2.0,False
561311,56,Administrative & waste services,0.2380516039107728,0.0635124652909528,4.0,23.0,130.0,0.2622646996505461,0.07169510787763796,4,19,124.0,0.024213095739773316,6.0,False
485410,48,Transportation,0.1312449040062847,0.0451344919731233,2.0,24.0,248.0,0.15632773715470508,0.049948047218697764,2,20,217.0,0.025082833148420386,31.0,False
611610,61,Educational services,0.2964820009909711,0.0793655593825921,2.0,24.0,96.0,0.3218847623994415,0.08887330027003518,2,20,93.0,0.02540276140847042,3.0,False
611699,61,Educational services,0.285310926224824,0.1041831787723413,3.0,24.0,108.0,0.31119492363329326,0.10832834935253248,3,20,95.0,0.02588399740846925,13.0,False
721199,72,Accommodation & food services,0.5423499837242055,0.1689053562695814,3.0,24.0,56.0,0.5684400707768316,0.19015978401588063,3,20,49.0,0.026090087052626054,7.0,False
722511,72,Accommodation & food services,0.131356068917215,0.0502666049706613,3.0,24.0,247.0,0.15761139126688545,0.05049252020350999,3,20,212.0,0.026255322349670457,35.0,False
812112,81,Other services,0.0215639007624725,0.0059612005453797,3.0,24.0,913.0,0.047828278714784775,0.010302374494787393,4,19,578.0,0.026264377952312276,335.0,True
721191,72,Accommodation & food services,0.3319487940386861,0.1001803293206899,4.0,23.0,87.0,0.35821980877365667,0.10687190606003129,4,19,81.0,0.026271014734970566,6.0,False
336330,33,Manufacturing - metals/machinery,0.1444086165935616,0.0521196721203425,4.0,23.0,226.0,0.17119440632884464,0.0667591131761863,4,19,201.0,0.026785789735283033,25.0,False
721310,72,Accommodation & food services,0.4165919882189738,0.1244679833257616,2.0,24.0,67.0,0.443540906141294,0.13594592681029544,2,20,64.0,0.02694891792232018,3.0,False
112519,11,"Agriculture, forestry, fishing",0.3703308264847094,0.0983555949525445,3.0,23.0,79.0,0.398988752718573,0.10325261144948099,3,19,72.0,0.028657926233863595,7.0,False
611692,61,Educational services,0.1222213472462752,0.0313214870862984,3.0,24.0,265.0,0.15090833212786117,0.03557182559942516,4,19,223.0,0.02868698488158597,42.0,True
445240,44,Retail trade - general,0.2534632319551533,0.0682450085288732,4.0,23.0,121.0,0.2821976182766905,0.08150195195850159,4,19,111.0,0.028734386321537186,10.0,False
315210,31,Manufacturing - food/textiles,0.0971681570436117,0.0263559097243256,4.0,23.0,317.0,0.12626858022504314,0.03385795552985102,4,19,260.0,0.02910042318143144,57.0,False
458320,45,Retail trade - specialty,0.2634973038847419,0.0832922466963968,1.0,23.0,119.0,0.29274330072577265,0.09464256039861106,1,19,107.0,0.02924599684103074,12.0,False
541214,54,Professional & technical services,0.3656155604184043,0.1097541316950388,4.0,23.0,81.0,0.3952227301158789,0.1179452591845897,4,19,74.0,0.029607169697474567,7.0,False
928110,92,Public administration,0.2670729419590933,0.0703536120403607,4.0,23.0,118.0,0.2972210527221905,0.08964954509920257,4,19,102.0,0.030148110763097202,16.0,False
722310,72,Accommodation & food services,0.1681365785735108,0.0384262110116964,4.0,23.0,190.0,0.19839772833130048,0.04713127667103812,4,19,166.0,0.03026114975778968,24.0,False
111150,11,"Agriculture, forestry, fishing",0.7912919730512387,0.1985023537409145,4.0,17.0,28.0,0.821866799173399,0.2242952007090864,3,14,26.0,0.030574826122160337,2.0,True
482111,48,Transportation,0.0881996887965867,0.0222591796484463,1.0,23.0,346.0,0.12175269330787884,0.03416180560731783,1,19,273.0,0.033553004511292145,73.0,False
812930,81,Other services,0.0399106163955461,0.0073957506701554,4.0,23.0,661.0,0.07362105375522489,0.015904378694601186,4,19,408.0,0.03371043735967879,253.0,False
482112,48,Transportation,0.1764633421852988,0.0662084777331169,4.0,12.0,177.0,0.21150774840054726,0.07206347888287427,4,9,151.0,0.03504440621524846,26.0,False
812111,81,Other services,0.032388390856126,0.0104581492950751,4.0,23.0,750.0,0.06784325810419427,0.020618810763641703,4,19,441.0,0.03545486724806827,309.0,False
336110,33,Manufacturing - metals/machinery,0.235935328232989,0.0851100422923086,4.0,23.0,134.0,0.2720250423210741,0.10156927634998716,4,19,120.0,0.03608971408808512,14.0,False
487210,48,Transportation,0.8283632703399987,0.2692865933649273,4.0,23.0,24.0,0.8648416210924094,0.2859958706190973,4,19,24.0,0.03647835075241068,0.0,False
611691,61,Educational services,0.3701103336317013,0.0974233066239699,2.0,24.0,80.0,0.4078118959436771,0.11251351779980764,2,20,70.0,0.0377015623119758,10.0,False
611513,61,Educational services,0.297171150272268,0.1072674667558671,2.0,24.0,94.0,0.33571510437643126,0.11963620668193775,2,20,86.0,0.03854395410416328,8.0,False
512131,51,Information,0.2884796131042597,0.1036323577239605,3.0,24.0,105.0,0.32920702370448357,0.12488373710774961,3,20,89.0,0.04072741060022389,16.0,False
722514,72,Accommodation & food services,0.0696846997623965,0.0175438702304683,3.0,24.0,411.0,0.11328024371128632,0.021267974582227657,2,20,292.0,0.04359554394888983,119.0,True
311710,31,Manufacturing - food/textiles,0.3820679219003449,0.1350882652451837,3.0,24.0,74.0,0.42609925845737484,0.16299401117279605,3,20,66.0,0.044031336557029954,8.0,False
111310,11,"Agriculture, forestry, fishing",0.6358350033967283,0.2127864979291601,2.0,24.0,42.0,0.6804130871954359,0.23776971902530658,2,20,38.0,0.044578083798707646,4.0,False
541870,54,Professional & technical services,0.2286221989214285,0.0634762295477919,4.0,22.0,141.0,0.27433263324029666,0.0816756992534899,4,18,119.0,0.045710434318868176,22.0,False
711310,71,"Arts, entertainment & recreation",0.4995094220987743,0.1729434010711195,3.0,24.0,61.0,0.5463951629505217,0.20755186841986303,3,20,55.0,0.046885740851747404,6.0,False
812922,81,Other services,0.1433926884030472,0.0450405474220622,4.0,23.0,229.0,0.19159815191735075,0.05601940965955338,4,19,173.0,0.04820546351430355,56.0,False
485510,48,Transportation,0.1189957102256642,0.0320430254068396,4.0,23.0,273.0,0.16946645913604497,0.04457922348412211,4,19,203.0,0.05047074891038077,70.0,False
811430,81,Other services,0.0313099566189394,0.0100892523110402,4.0,23.0,767.0,0.08421931479919365,0.02263964391632559,4,19,370.0,0.052909358180254246,397.0,False
711320,71,"Arts, entertainment & recreation",0.582931750115404,0.140745482082806,3.0,24.0,47.0,0.6383406997263293,0.16964060334018694,3,20,41.0,0.05540894961092535,6.0,False
111419,11,"Agriculture, forestry, fishing",0.5681356993582826,0.1584935479408497,4.0,23.0,49.0,0.6331930976618027,0.18623997823170532,4,19,42.0,0.06505739830352009,7.0,False
812199,81,Other services,0.1230657557018538,0.0255863998343121,3.0,24.0,263.0,0.19022031187545757,0.03980971126976336,2,20,174.0,0.06715455617360377,89.0,True
711211,71,"Arts, entertainment & recreation",0.744244794435566,0.2638648119946836,3.0,24.0,33.0,0.8141462743893481,0.30339501309198635,3,20,27.0,0.06990147995378204,6.0,False
813940,81,Other services,0.1768762426211124,0.0679701648679106,4.0,11.0,176.0,0.2784287455282723,0.08069509612090305,4,9,116.0,0.10155250290715989,60.0,False
611710,61,Educational services,0.8313877474575855,0.2385143522391235,2.0,17.0,23.0,0.9330691837883819,0.2833798511111341,2,13,17.0,0.1016814363307964,6.0,False
115112,11,"Agriculture, forestry, fishing",0.8465541737446338,0.2664664194910047,3.0,12.0,22.0,0.9595325790012321,0.3390878246192348,3,8,13.0,0.1129784052565983,9.0,False
