naics_code,sector_label,seasonal_index,peak_quarter,n_excess_obs,n_years,earnings_excessQ1,n_earnings_excessQ1,earnings_excessQ2,n_earnings_excessQ2,earnings_excessQ3,n_earnings_excessQ3,earnings_excessQ4,n_earnings_excessQ4,earnings_share_Q1,earnings_share_Q2,earnings_share_Q3,earnings_share_Q4,idio_earnings_excessQ1,idio_earnings_excessQ2,idio_earnings_excessQ3,idio_earnings_excessQ4,earnings_excess_at_sep_peak,idio_earnings_excess_at_sep_peak,income_dips_in_off_season,income_dips_in_off_season_idio
111336,"Agriculture, forestry, fishing",1.0,4.0,18.0,24,-0.054482075006126,23,0.11945094335073113,24,0.0120033125072195,24,-0.08167878441687841,23,0.9605377177065328,1.110297953421982,1.0211563024359687,0.9080080264355166,-0.02315796886725694,0.1248414394562263,0.060141167951275276,-0.16687375928417714,-0.08167878441687841,-0.16687375928417714,True,True
722330,Accommodation & food services,1.0,3.0,18.0,24,-0.04156239938736581,23,0.12391043800725875,24,-0.08226852315356772,24,-0.0022895002799011963,23,0.992437450180219,1.0939667470161425,0.9476751678375486,0.96592063496609,-0.010238293248496753,0.12930093411275392,-0.034130667709511946,-0.08748447514719994,-0.08226852315356772,-0.034130667709511946,True,True
111140,"Agriculture, forestry, fishing",1.0,4.0,20.0,24,-0.13926484994692503,23,0.06528189529607409,24,-0.030661271075648606,24,0.10355570502866192,23,0.9055254686035946,1.0235699611387228,1.0110506630817027,1.0598539071759798,-0.10794074380805598,0.07067239140156927,0.017476584368407173,0.01836073016136318,0.10355570502866192,0.01836073016136318,False,False
111160,"Agriculture, forestry, fishing",1.0,4.0,22.0,24,-0.04449900743393417,23,0.06927214656394763,24,-0.07456170932568879,24,0.05244375583316198,23,0.9803570903183144,1.037870606894823,0.9568398303434359,1.0249324724434266,-0.013174901295065114,0.07466264266944281,-0.026423853881633007,-0.03275121903413676,0.05244375583316198,-0.03275121903413676,False,True
111199,"Agriculture, forestry, fishing",1.0,4.0,23.0,24,-0.13764046913922687,23,0.08220531813503888,24,-0.06943332869996767,24,0.12536991942490125,23,0.913014768677591,1.0300657981275798,0.9827061913074914,1.0742132418873378,-0.10631636300035781,0.08759581424053406,-0.02129547325591189,0.04017494455760251,0.12536991942490125,0.04017494455760251,False,False
111219,"Agriculture, forestry, fishing",1.0,4.0,16.0,24,-0.0543901901522598,23,0.16228827995144898,24,-0.022183610990811533,24,-0.08613601568835878,23,0.9648808139095092,1.1431873475910148,0.9969173213696226,0.895014517129853,-0.02306608401339074,0.16767877605694417,0.025954244453244246,-0.17133099055565754,-0.08613601568835878,-0.17133099055565754,True,True
111998,"Agriculture, forestry, fishing",1.0,4.0,20.0,24,-0.09779154558169685,23,0.0730471783589662,24,-0.06703995857322224,24,0.09251001359768043,23,0.9441836000708465,1.0320950588581743,0.9739121609275697,1.0498091801434095,-0.06646743944282779,0.07843767446446137,-0.018902103129166466,0.0073150387303816955,0.09251001359768043,0.0073150387303816955,False,False
111120,"Agriculture, forestry, fishing",1.0,4.0,12.0,24,0.005580910446466411,23,0.09105772241720016,24,-0.0932052473756365,24,0.029063348671544417,23,0.9731941437360642,1.0510540212040094,0.9467984538375543,1.0289533812223723,0.03690501658533547,0.09644821852269533,-0.04506739193158072,-0.05613162619575432,0.029063348671544417,-0.05613162619575432,False,True
115113,"Agriculture, forestry, fishing",1.0,4.0,10.0,24,-0.08271168479553441,23,0.09689860068943644,24,-0.03068561964583053,24,0.01748516254812063,23,0.9447192362195717,1.0682431395473502,0.9979698414962558,0.9890677827368224,-0.05138757865666535,0.10228909679493162,0.01745223579822525,-0.06770981231917811,0.01748516254812063,-0.06770981231917811,False,True
512132,Information,1.0,3.0,21.0,24,0.03922743863075818,23,0.3483390075472939,24,-0.20995157177925083,24,-0.17793229383433018,23,1.0833072915236224,1.3061242474620844,0.8322631883059586,0.7783052727083343,0.07055154476962724,0.3537295036527891,-0.16181371633519506,-0.26312726870162895,-0.20995157177925083,-0.16181371633519506,True,True
532284,Real estate,1.0,3.0,22.0,24,0.04743100060284298,23,0.10407771179782548,24,-0.07736527367365119,24,-0.07709438073006651,23,1.0570350171548601,1.097300959624895,0.9294114784992792,0.9162525447209656,0.07875510674171204,0.10946820790332065,-0.02922741822959541,-0.16228935559736524,-0.07736527367365119,-0.02922741822959541,True,True
111191,"Agriculture, forestry, fishing",0.9720509960755636,4.0,23.0,24,-0.17789504215447416,23,0.1009379492231542,24,-0.08718274065044108,24,0.16394566208720054,23,0.8890685940322479,1.0348999003504231,0.97885530822229,1.097176197395039,-0.1465709360156051,0.10632844532864938,-0.039044885206385306,0.0787506872199018,0.16394566208720054,0.0787506872199018,False,False
525120,Finance & insurance,0.9563867665488252,4.0,21.0,24,-0.019713805893161025,23,-0.019089207669324648,24,-0.06120875920272737,24,0.10274878760160487,23,0.9984229786273717,0.9599821988055567,0.959719834322391,1.08187498824468,0.011610300245708034,-0.013698711563829468,-0.013070903758671593,0.017553812734306132,0.10274878760160487,0.017553812734306132,False,False
713990,"Arts, entertainment & recreation",0.9537844503438636,3.0,24.0,24,0.01362855018844331,23,0.05964374715377909,24,-0.09867513954279354,24,0.02596627153815796,23,1.0344837367932505,1.0382466129039314,0.9227219947070541,1.004547655595764,0.044952656327312365,0.06503424325927427,-0.05053728409873776,-0.05922870332914078,-0.09867513954279354,-0.05053728409873776,True,True
311313,Manufacturing - food/textiles,0.9475739324815315,4.0,23.0,24,-0.1296114003956076,23,0.0073921384729813645,24,-0.018759954161686524,24,0.1401302246756644,23,0.9042118487437171,0.9692094366669916,1.0194227476443034,1.1071559669449882,-0.09828729425673853,0.012782634578476545,0.029377901282369254,0.05493524980836567,0.1401302246756644,0.05493524980836567,False,False
721211,Accommodation & food services,0.9443482907650206,4.0,23.0,24,0.038301654934245144,23,0.17659594198082662,24,-0.1087514742423182,24,-0.1049185139514099,23,1.0554644073400687,1.1588335863467434,0.9090108813917649,0.8766911249214228,0.0696257610731142,0.1819864380863218,-0.060613618798262416,-0.19011348881870865,-0.1049185139514099,-0.19011348881870865,True,True
111110,"Agriculture, forestry, fishing",0.9297964410193076,4.0,23.0,24,-0.09879859218743631,23,0.05091419117905565,24,-0.07599618688495997,24,0.12563167277683382,23,0.942518682545734,1.006421689732647,0.9684963145614486,1.0825633131601702,-0.06747448604856725,0.05630468728455083,-0.027858331440904195,0.04043669790953508,0.12563167277683382,0.04043669790953508,False,False
111992,"Agriculture, forestry, fishing",0.9255833305597224,4.0,23.0,24,-0.1860232536318663,23,0.08402906839019253,24,-0.09610387030586431,24,0.19758163317658764,23,0.8877199151180165,1.0145677499942432,0.973357448090085,1.1243548867976554,-0.15469914749299724,0.0894195644956877,-0.047966014861808536,0.1123866583092889,0.19758163317658764,0.1123866583092889,False,False
711212,"Arts, entertainment & recreation",0.9203323429996118,4.0,23.0,24,0.1741053277887647,23,0.17307500544881096,24,-0.2752224086889335,24,-0.06966821060625004,23,1.1983470183976264,1.1474498753517086,0.7504027214081689,0.9038003848424964,0.20542943392763374,0.17846550155430616,-0.22708455324487772,-0.15486318547354877,-0.06966821060625004,-0.15486318547354877,True,True
111920,"Agriculture, forestry, fishing",0.8537172727390258,4.0,23.0,24,-0.2510059631023686,23,0.12952526779949078,24,-0.1350467617568999,24,0.2657856135430882,23,0.8473391576446693,1.033622733095414,0.9608557729471771,1.15818233631274,-0.21968185696349957,0.13491576390498597,-0.08690890631284412,0.18059063867578948,0.2657856135430882,0.18059063867578948,False,False
111335,"Agriculture, forestry, fishing",0.8477005479601265,4.0,22.0,24,-0.24726016454818261,23,0.05911422552881246,24,-0.0550606252840119,24,0.24272609619091828,23,0.8335825467511352,0.9852881993511868,1.0187654008936138,1.1623638530040645,-0.21593605840931357,0.06450472163430764,-0.006922769839956121,0.15753112132361954,0.24272609619091828,0.15753112132361954,False,False
115112,"Agriculture, forestry, fishing",0.8454764981151783,3.0,12.0,24,-0.11162147975199194,23,0.07208969515023837,24,-0.0696667892856842,24,0.11007695029767668,23,0.9319153982126114,1.0261725647925475,0.9762503410720068,1.0656616959228344,-0.08029737361312288,0.07748019125573355,-0.021528933841628427,0.024881975430377942,-0.0696667892856842,-0.021528933841628427,True,True
611710,Educational services,0.8309378662170849,2.0,17.0,24,-0.0749462823154097,23,-0.02988224980806345,24,-0.05171328221852347,24,0.15514091205191724,23,0.9582167169617627,0.9389522284396828,0.9794522395337301,1.123378815064824,-0.04362217617654064,-0.02449175370256827,-0.003575426774467691,0.0699459371846185,-0.02988224980806345,-0.02449175370256827,True,True
487210,Transportation,0.8259699120058824,4.0,23.0,24,-0.054198467006454386,23,0.19347678605022964,24,-0.021626985653669505,24,-0.11943615359244254,23,0.9657132387382762,1.1748388704117652,0.9970109299847949,0.8624369608651635,-0.022874360867585326,0.19886728215572483,0.026510869790386273,-0.2046311284597413,-0.11943615359244254,-0.2046311284597413,True,True
312113,Manufacturing - food/textiles,0.8144747505667135,3.0,24.0,24,-0.05277093695755789,23,0.11023354840827505,24,-0.015167054644304576,24,-0.04321395234006235,23,0.9651813632769503,1.0935716512858236,1.0014948424781467,0.9397521429590792,-0.021446830818688832,0.11562404451377023,0.032970800799751204,-0.12840892720736108,-0.015167054644304576,0.032970800799751204,True,False
611620,Educational services,0.8119852048930954,3.0,24.0,24,-0.045207041962845425,23,-0.000443767883338414,24,-0.060181011725276456,24,0.10670356025134863,23,0.9813241008642993,0.9732705951630024,0.9661046252283826,1.0793006787443156,-0.013882935823976365,0.004946728222156767,-0.012043156281220678,0.021508585384049886,-0.060181011725276456,-0.012043156281220678,True,True
115114,"Agriculture, forestry, fishing",0.7939006656804101,4.0,23.0,24,-0.030951306023143728,23,0.010410944973172931,24,-0.015220620944042048,24,0.034071301745734694,23,0.9786039060416126,0.9982053733390298,0.9969849506901011,1.0262057699292564,0.0003728001157253316,0.015801441078668113,0.03291723450001373,-0.051123673121564045,0.034071301745734694,-0.051123673121564045,False,True
111150,"Agriculture, forestry, fishing",0.7902494465420853,4.0,17.0,24,-0.07504090196754187,23,0.06158757777686722,24,-0.07117324270713775,24,0.08216508387421881,23,0.963949515098077,1.0258463352405138,0.9645679998292157,1.0456361498321936,-0.043716795828672814,0.0669780738823624,-0.02303538726308197,-0.003029890993079931,0.08216508387421881,-0.003029890993079931,False,True
311421,Manufacturing - food/textiles,0.7881175037699483,4.0,23.0,24,-0.040408137001593486,23,0.046042413882424214,24,0.004028225469653719,24,-0.011956223510721396,23,0.9680518687696343,1.0367357786288536,1.0133348607232244,0.9818774918782879,-0.009084030862724427,0.0514329099879194,0.0521660809137095,-0.09715119837802014,-0.011956223510721396,-0.09715119837802014,True,True
111940,"Agriculture, forestry, fishing",0.7864987963925463,4.0,23.0,24,-0.12729192612175622,23,0.08101530488138352,24,-0.06998071224871279,24,0.11444664912952597,23,0.9270927941501027,1.0333859988485135,0.9776485937841572,1.0618726132172267,-0.09596781998288716,0.0864058009868787,-0.02184285680465701,0.02925167426222723,0.11444664912952597,0.02925167426222723,False,False
713910,"Arts, entertainment & recreation",0.7502185273383658,4.0,23.0,24,-0.049865516484659755,23,0.21213885597194448,24,-0.11394160461055025,24,-0.04884949610474706,23,0.990409118613924,1.1709613606397358,0.9272358907216584,0.911393630024682,-0.018541410345790696,0.21752935207743967,-0.06580374916649448,-0.1340444709720458,-0.04884949610474706,-0.1340444709720458,True,True
115116,"Agriculture, forestry, fishing",0.7471582301648895,4.0,22.0,24,-0.05757536074908024,23,-0.02458047205636496,24,-0.10041764203870325,24,0.1907928406187521,23,0.9831741488509383,0.9363383635477134,0.9386635223572185,1.1418239652441298,-0.026251254610211182,-0.01918997595086978,-0.05227978659464747,0.10559786575145336,0.1907928406187521,0.10559786575145336,False,False
711211,"Arts, entertainment & recreation",0.742274094937131,3.0,24.0,24,0.0330821494423832,23,-0.15102450927191655,24,-0.18033511687981685,24,0.29868724475838204,23,1.0796101089052659,0.8154004880698998,0.8532398857783668,1.2517495172464677,0.06440625558125226,-0.14563401316642136,-0.13219726143576108,0.2134922698910833,-0.18033511687981685,-0.13219726143576108,True,True
532281,Real estate,0.7369898788062333,4.0,23.0,24,-0.07958535521566072,23,0.07545924819031434,24,-0.05341268769008328,24,0.05782930529702873,23,0.9538852143415651,1.0422834237408083,0.979763136759423,1.0240682251582038,-0.04826124907679166,0.08084974429580952,-0.005274832246027504,-0.027365669570270007,0.05782930529702873,-0.027365669570270007,False,True
111332,"Agriculture, forestry, fishing",0.729441627008378,4.0,13.0,24,-0.02183516502336881,23,0.059115499944492333,24,-0.004453270012441325,24,-0.03484161378449713,23,0.9843501462069705,1.052414458676002,1.002247771256049,0.9609876238609787,0.009488941115500249,0.06450599604998751,0.04368458543161445,-0.12003658865179587,-0.03484161378449713,-0.12003658865179587,True,True
713110,"Arts, entertainment & recreation",0.7043717594204186,3.0,24.0,24,0.13530385914724494,23,0.2389492971776183,24,-0.23742647066527003,24,-0.13620012916291963,23,1.1594659615317364,1.2129624607997738,0.7885603657125745,0.8390112119559153,0.166627965286114,0.24433979328311348,-0.18928861522121426,-0.22139510403021836,-0.23742647066527003,-0.18928861522121426,True,True
114111,"Agriculture, forestry, fishing",0.6942926823568493,4.0,23.0,24,-0.11779513218971537,23,-0.0009917548269956684,24,0.021411074094497662,24,0.0967397458288536,23,0.9036458083706062,0.9740272059947056,1.0463921132727962,1.075934872361892,-0.0864710260508463,0.004398741278499513,0.06954892953855343,0.01154477096155486,0.0967397458288536,0.01154477096155486,False,False
111422,"Agriculture, forestry, fishing",0.6923749910923921,2.0,24.0,24,-0.10907445473001835,23,0.09543301142475225,24,-0.13928269298393753,24,0.15171347584203898,23,0.9561150814187583,1.0343771409030258,0.9217731775377889,1.087734600140427,-0.0777503485911493,0.10082350753024742,-0.09114483753988176,0.06651850097474024,0.09543301142475225,0.10082350753024742,False,False
541921,Professional & technical services,0.6675183250510718,4.0,23.0,24,-0.20392658468734864,23,0.031297145530957145,24,-0.002754086823323787,24,0.17700028203371082,23,0.8481889479400756,0.9797754325698745,1.048767626137759,1.123267993352291,-0.1726024785484796,0.03668764163645233,0.04538376862073199,0.09180530716641208,0.17700028203371082,0.09180530716641208,False,False
111421,"Agriculture, forestry, fishing",0.6581868242217942,4.0,23.0,24,-0.1917505160905597,23,0.14892810123242448,24,-0.10863271290913806,24,0.14965434178107354,23,0.8851348855142667,1.0744288254341339,0.9658665628891524,1.074569726162447,-0.16042640995169066,0.15431859733791967,-0.060494857465082284,0.0644593669137748,0.14965434178107354,0.0644593669137748,False,False
111130,"Agriculture, forestry, fishing",0.6386932692504119,4.0,12.0,24,-0.14248030914812496,23,0.10386761060725364,24,-0.08431479210764249,24,0.1231984038481907,23,0.9125514651144631,1.0466131682761939,0.9729396502234174,1.067895716385926,-0.1111562030092559,0.10925810671274881,-0.03617693666358671,0.03800342898089196,0.1231984038481907,0.03800342898089196,False,False
111310,"Agriculture, forestry, fishing",0.6357300324473776,2.0,24.0,24,-0.1930727589229763,23,-0.08236833576159185,24,-0.0804466934182173,24,0.3579233815706786,23,0.8780686190257363,0.8501723061075811,0.9870126647126097,1.2847464101540729,-0.16174865278410722,-0.07697783965609667,-0.032308837974161515,0.27272840670337983,-0.08236833576159185,-0.07697783965609667,True,True
111320,"Agriculture, forestry, fishing",0.62410686635408,2.0,22.0,24,-0.1063042259888529,23,0.0014723784590391549,24,-0.018234604712436292,24,0.12200300747170154,23,0.9256622718364905,0.9706149341670574,1.0126228395795456,1.0910999544169064,-0.07498011984998385,0.006862874564534336,0.029903250731619486,0.036808032604402796,0.0014723784590391549,0.006862874564534336,False,False
713940,"Arts, entertainment & recreation",0.599883265916937,3.0,24.0,24,-0.025726541148473885,23,0.03228308099999536,24,-0.07683416144473898,24,0.0704971593795067,23,1.0007653950263904,1.0069268255272126,0.948522094028044,1.0437856854183531,0.005597564990395175,0.03767357710549055,-0.0286963060006832,-0.014697815487792046,-0.07683416144473898,-0.0286963060006832,True,True
324121,Manufacturing - paper/chemicals,0.5855989677097166,4.0,23.0,24,-0.17115637411544296,23,0.03239248532341656,24,0.00641442307766243,24,0.13361339604094755,23,0.8687575296414959,0.9907831362298026,1.0480237721712762,1.0924355619574253,-0.1398322679765739,0.03778298142891175,0.054552278521718206,0.04841842117364881,0.13361339604094755,0.04841842117364881,False,False
713930,"Arts, entertainment & recreation",0.5837909180563767,3.0,24.0,24,-0.06355786525772134,23,0.18913818234571458,24,-0.17947664498456117,24,0.05281962532996613,23,0.998084378441261,1.128674093497948,0.8809874438632056,0.9922540841975854,-0.032233759118852276,0.19452867845120977,-0.1313387895405054,-0.03237534953733261,-0.17947664498456117,-0.1313387895405054,True,True
111419,"Agriculture, forestry, fishing",0.5752242637926475,4.0,23.0,24,-0.08225155510669803,23,0.06241096881837932,24,-0.0978338737780215,24,0.11968913633969984,23,0.9620378223865687,1.0171456183545617,0.9474314766857961,1.0733850825730735,-0.05092744896782897,0.0678014649238745,-0.04969601833396572,0.0344941614724011,0.11968913633969984,0.0344941614724011,False,False
711510,"Arts, entertainment & recreation",0.5750325261002972,4.0,23.0,24,-0.2509385395450469,23,0.0007015686559944575,24,-0.21234677183015813,24,0.46260617768281104,23,0.8707915219339567,0.8868498186905941,0.9015049781352423,1.3408536812402072,-0.21961443340617787,0.006092064761489638,-0.16420891638610235,0.3774112028155123,0.46260617768281104,0.3774112028155123,False,False
711320,"Arts, entertainment & recreation",0.5748126957371068,3.0,24.0,24,-0.010330886277032906,23,0.03529524267149018,24,-0.09665436229722169,24,0.06927047437338148,23,1.0191157220961091,1.0094490292711193,0.9291918511031492,1.0422433975296224,0.02099321986183615,0.040685738776985364,-0.04851650685316591,-0.015924500493917262,-0.09665436229722169,-0.04851650685316591,True,True
561730,Administrative & waste services,0.566412868783635,4.0,23.0,24,-0.18855785176760462,23,0.14606613663811913,24,-0.03776541946491794,24,0.07882418457667263,23,0.8695336627425108,1.089988884397317,1.0183118327758844,1.022165620084288,-0.15723374562873554,0.15145663274361432,0.01037243597913784,-0.006370790290626108,0.07882418457667263,-0.006370790290626108,False,True
711130,"Arts, entertainment & recreation",0.5625401421432462,2.0,24.0,24,-0.27523696562063593,23,-0.008020715874536899,24,-0.15672217505789068,24,0.4386190677997121,23,0.831683273763136,0.8836329836938782,0.9516241253736942,1.3330596171692917,-0.24391285948176689,-0.002630219769041718,-0.10858431961383491,0.3534240929324134,-0.008020715874536899,-0.002630219769041718,True,True
711190,"Arts, entertainment & recreation",0.5602068237581531,4.0,22.0,24,-0.07085537567043673,23,0.06829032379436874,24,-0.08007562376567696,24,0.0825644977514961,23,0.9632978290137143,1.0293643922103812,0.9588503078183107,1.048487470957594,-0.03953126953156767,0.07368081989986391,-0.031937768321621186,-0.0026304771158026374,0.0825644977514961,-0.0026304771158026374,False,True
113210,"Agriculture, forestry, fishing",0.5592222700634163,4.0,23.0,24,-0.09898471241817088,23,0.1060040776883406,24,-0.08987248393070435,24,0.08264815200751773,23,0.9486002302927545,1.0589133264756907,0.9572182672819456,1.0352681759496092,-0.06766060627930182,0.11139457379383577,-0.04173462848664857,-0.0025468228597810144,0.08264815200751773,-0.0025468228597810144,False,True
487110,Transportation,0.5536346089342284,4.0,22.0,24,-0.08417815206875395,23,0.11951639122485862,24,-0.011998225004359875,24,-0.01897512139882195,23,0.9334881583072239,1.0933463689924798,1.0141717972280186,0.9589936754722773,-0.052854045929884894,0.1249068873303538,0.036139630439695904,-0.10417009626612068,-0.01897512139882195,-0.10417009626612068,True,True
711120,"Arts, entertainment & recreation",0.544927396659116,2.0,24.0,24,-0.10068175844798043,23,-0.033644650378578646,24,-0.09296713566645438,24,0.2276061037667875,23,0.9490388781762448,0.9183792637913514,0.9550089501636156,1.1775729078687884,-0.06935765230911137,-0.028254154273083466,-0.044829280222398606,0.14241112889948876,-0.033644650378578646,-0.028254154273083466,True,True
721199,Accommodation & food services,0.5410066324762989,3.0,24.0,24,-0.0070765087962830235,23,0.03206722411202947,24,-0.058347052296922386,24,0.036460986831084306,23,1.0072804696686177,1.0150450299025946,0.9586751419125124,1.018999358516275,0.024247597342586035,0.03745772021752465,-0.010209196852866607,-0.04873398803621443,-0.058347052296922386,-0.010209196852866607,True,True
445230,Retail trade - general,0.5260545709251999,4.0,23.0,24,-0.05643754815829937,23,0.07971241742406578,24,-0.04974945912203316,24,0.026650767332688178,23,0.969556503699161,1.0529814322831084,0.9769815260189243,1.0004805379988064,-0.02511344201943031,0.08510291352956095,-0.0016116036779773787,-0.058544207534610565,0.026650767332688178,-0.058544207534610565,False,True
238990,Construction,0.5195096983843602,4.0,23.0,24,-0.1849770885235454,23,0.0894983200893263,24,-0.030726819020742188,24,0.12519165533331575,23,0.8692397539959537,1.035669298414397,1.0231022026541872,1.0719887449354621,-0.15365298238467634,0.09488881619482148,0.01741103642331359,0.03999668046601701,0.12519165533331575,0.03999668046601701,False,False
114112,"Agriculture, forestry, fishing",0.5039819924000984,4.0,23.0,24,-0.0482866714208134,23,-0.018523063166614367,24,0.019977141697545196,24,0.050601083373024235,23,0.9601238364169685,0.9748439295382235,1.026610148992707,1.0384220850521007,-0.016962565281944342,-0.013132567061119187,0.06811499714160098,-0.034593891494274505,0.050601083373024235,-0.034593891494274505,False,True
813410,Other services,0.5019364613095415,3.0,24.0,24,-0.04387507802292892,23,0.030459646733841054,24,-0.07925191630736474,24,0.09270011392120935,23,0.9877449999456293,0.9999573412799293,0.9512503891465472,1.0610472696278943,-0.012550971884059861,0.035850142839336234,-0.031114060863308958,0.007505139053910606,-0.07925191630736474,-0.031114060863308958,True,True
711310,"Arts, entertainment & recreation",0.4982028694708584,3.0,24.0,24,-0.02198860034005249,23,0.011639906292761446,24,-0.031428689465009575,24,0.04393304869302224,23,0.9892312281503745,0.9975740858545498,0.9826371309732022,1.0305575550218737,0.00933550579881657,0.017030402398256626,0.016709165979046203,-0.0412619261742765,-0.031428689465009575,0.016709165979046203,True,False
112519,"Agriculture, forestry, fishing",0.4834549268313493,3.0,23.0,24,-0.11184882441944087,23,0.08515565196908954,24,-0.08977936345839392,24,0.11914065177115972,23,0.9370800241931282,1.0342558722140012,0.9611204162966945,1.067543687296176,-0.08052471828057181,0.09054614807458472,-0.04164150801433814,0.03394567690386098,-0.08977936345839392,-0.04164150801433814,True,True
722320,Accommodation & food services,0.4691403557386949,4.0,22.0,24,-0.1491540578800035,23,0.08934681897811826,24,-0.06960730388011326,24,0.1280933692382308,23,0.9063176459635286,1.0349169330059234,0.9848225820920815,1.0739428389384662,-0.11782995174113443,0.09473731508361344,-0.021469448436057477,0.04289839437093207,0.1280933692382308,0.04289839437093207,False,False
115310,"Agriculture, forestry, fishing",0.4458728055648523,4.0,23.0,24,-0.02870657873838716,23,-0.04682130785671066,24,-0.06559827731973536,24,0.14528725674225712,23,0.9917586307080487,0.9285654766060604,0.9590149382174936,1.1206609544683974,0.002617527400481899,-0.04143081175121548,-0.01746042187567958,0.06009228187495838,0.14528725674225712,0.06009228187495838,False,False
311411,Manufacturing - food/textiles,0.4373133102900087,4.0,23.0,24,-0.04769915502041693,23,-0.005164261867278919,24,0.012092489151688946,24,0.03923084044420529,23,0.9600815943834969,0.9855604326444497,1.0213677946399604,1.0329901783320932,-0.016375048881547873,0.00022623423821626232,0.06023034459574472,-0.04596413442309345,0.03923084044420529,-0.04596413442309345,False,True
114119,"Agriculture, forestry, fishing",0.4340162740551748,4.0,15.0,24,-0.029686299630677385,23,0.009643996732548654,24,0.009093374461452608,24,0.011131888670256553,23,0.9745928553245594,1.004206073327886,1.0145312978661152,1.0066697734814394,0.0016378065081916748,0.015034492838043836,0.057231229905508385,-0.07406308619704219,0.011131888670256553,-0.07406308619704219,False,True
721310,Accommodation & food services,0.4163439927469372,2.0,24.0,24,-0.032795425811016646,23,-0.04077773031926545,24,-0.051914064360675936,24,0.12661494512290425,23,0.9902021667978925,0.9386516371598068,0.9686565681602518,1.102489627882049,-0.0014713196721475863,-0.03538723421377027,-0.003776208916620158,0.04141997025560551,-0.04077773031926545,-0.03538723421377027,True,True
444240,Retail trade - general,0.4112783625402691,4.0,23.0,24,-0.10668372313005768,23,0.09938057207348495,24,-0.11391855171994147,24,0.12042718359826296,23,0.9496414769781417,1.0446215471595517,0.9408404731939917,1.0648965026683148,-0.07535961699118862,0.10477106817898013,-0.0657806962758857,0.03523220873096422,0.12042718359826296,0.03523220873096422,False,False
237310,Construction,0.4085404038420741,4.0,23.0,24,-0.14694533407409308,23,0.04936976151574072,24,0.008195530175475363,24,0.08872096311986871,23,0.8864614954811304,1.0142554367346093,1.0433098549566067,1.0559732128276536,-0.11562122793522402,0.0547602576212359,0.05633338561953114,0.0035259882525699726,0.08872096311986871,0.0035259882525699726,False,False
813990,Other services,0.4080153147012029,3.0,24.0,24,-0.03749999444025303,23,0.07131080170040638,24,-0.12703765190794436,24,0.09290578547075018,23,1.0038181700005664,1.0302376410646137,0.9140355087278483,1.0519086802069715,-0.006175888301383971,0.07670129780590156,-0.07889979646388859,0.00771081060345144,-0.12703765190794436,-0.07889979646388859,True,True
713120,"Arts, entertainment & recreation",0.4031647745040088,3.0,24.0,24,-0.026352214179573907,23,-0.0032552188239251267,24,-0.026635451075123204,24,0.055574274804065016,23,0.9881961819776824,0.9839316914769279,0.9861776386240236,1.0416944879213659,0.004971891959295153,0.0021352772815700543,0.021502404368932575,-0.029620700063233724,-0.026635451075123204,0.021502404368932575,True,False
312130,Manufacturing - food/textiles,0.3992515493605513,4.0,23.0,24,-0.08895794963217851,23,0.04556174415635663,24,-0.03215720592635179,24,0.07724038626947255,23,0.9421922268382446,1.0155734177936542,0.9978311204363507,1.0444032349317507,-0.05763384349330945,0.050952240261851814,0.01598064951770399,-0.00795458859782619,0.07724038626947255,-0.00795458859782619,False,True
493130,Warehousing & couriers,0.3983548302095424,4.0,23.0,24,-0.08404069122001535,23,0.0034788778246024102,24,-0.01426604132173149,24,0.09531694169717157,23,0.938491451524809,0.9782206812256282,1.0109921552772427,1.0722957119723202,-0.052716585081146294,0.00886937393009759,0.03387181412232429,0.010121966829872833,0.09531694169717157,0.010121966829872833,False,False
112910,"Agriculture, forestry, fishing",0.3898299596036496,4.0,23.0,24,-0.18362685898569253,23,0.05359200268968125,24,-0.10790181440692857,24,0.23380100923486996,23,0.8905150437155088,0.9811297457925413,0.9645604424902113,1.1637947680017384,-0.15230275284682349,0.05898249879517643,-0.059763958962872794,0.14860603436757122,0.23380100923486996,0.14860603436757122,False,False
459420,Retail trade - specialty,0.384185663297097,4.0,23.0,24,-0.12032186137094754,23,0.019702966995326584,24,-0.016055448531900482,24,0.11763706270017278,23,0.9137635041495148,0.9856056522011981,1.0180418662622281,1.0825889773870592,-0.08899775523207848,0.025093463100821764,0.0320824069121553,0.03244208783287404,0.11763706270017278,0.03244208783287404,False,False
311710,Manufacturing - food/textiles,0.3818969919860823,3.0,24.0,24,-0.04012650716185395,23,-0.047756871240734335,24,-0.03360234448279157,24,0.12290095795121776,23,0.9782231771283927,0.9337834063077994,0.9848573779686746,1.1031360385951332,-0.008802401022984893,-0.04236637513523915,0.014535510961264209,0.03770598308391902,-0.03360234448279157,0.014535510961264209,True,False
541320,Professional & technical services,0.3762257591111734,4.0,23.0,24,-0.14640064192248348,23,0.07293856378530388,24,-0.12255092073773899,24,0.19531233796934816,23,0.9217190070223596,1.005994592546844,0.9443930505007208,1.1278933499300752,-0.11507653578361442,0.07832905989079905,-0.07441306529368322,0.11011736310204942,0.19531233796934816,0.11011736310204942,False,False
611630,Educational services,0.373594425342059,2.0,24.0,24,-0.09062643637591701,23,-0.007383710370026747,24,-0.04312867157970452,24,0.14019735085788868,23,0.9423550237762651,0.9590250736954934,0.9904625443547753,1.108157358173466,-0.05930233023704795,-0.001993214264531566,0.005009183864351258,0.055002375990589936,-0.007383710370026747,-0.001993214264531566,True,True
423920,Wholesale trade,0.3735281450868942,3.0,24.0,24,-0.0849319987812243,23,0.0446156577267768,24,-0.1491535549220165,24,0.18945331007229643,23,0.9744080038514258,0.9863671407032465,0.9090949621015136,1.130129893343814,-0.05360789264235524,0.050006153832271985,-0.10101569947796074,0.10425833520499769,-0.1491535549220165,-0.10101569947796074,True,True
611691,Educational services,0.3695494974325117,2.0,24.0,24,-0.08121769968238936,23,-0.010961086697813755,24,-0.057794202796891264,24,0.15014511088819799,23,0.9540513764650601,0.9544579711915757,0.9767867393137192,1.114703913029645,-0.0498935935435203,-0.005570590592318574,-0.009656347352835486,0.06495013602089925,-0.010961086697813755,-0.005570590592318574,True,True
541214,Professional & technical services,0.3660200805837356,4.0,23.0,24,0.020038810019089755,23,-0.05480884177961462,24,0.0016228007157962725,24,0.03607367770533483,23,1.0138235001131062,0.9503399251633528,0.9964740337728287,1.0393625409507123,0.051362916157958814,-0.049418345674119436,0.04976065615985205,-0.04912129716196391,0.03607367770533483,-0.04912129716196391,False,True
813930,Other services,0.3642588614554739,4.0,23.0,24,-0.0383935669573175,23,0.001911990381517852,24,-0.019720482526032725,24,0.056888249429511664,23,0.9755417611030733,0.9871857499071982,0.995005757948287,1.0422667310414415,-0.007069460818448441,0.007302486487013033,0.028417372918023053,-0.028306725437787075,0.056888249429511664,-0.028306725437787075,False,True
541922,Professional & technical services,0.3593016038255303,4.0,23.0,24,-0.12971244007087582,23,0.018179799971640428,24,-0.0873813811864631,24,0.20020217884179098,23,0.9253060410753576,0.9641546866012719,0.9666437321839054,1.143895540139465,-0.09838833393200676,0.023570296077135608,-0.039243525742407324,0.11500720397449224,0.20020217884179098,0.11500720397449224,False,False
424590,Wholesale trade,0.3489797981100607,4.0,23.0,24,-0.08269780294750276,23,0.01729903934112539,24,-0.02852616629589599,24,0.09801945947665995,23,0.9455569726077325,0.9896426414450709,0.9991302316001586,1.0656701543470382,-0.0513736968086337,0.02268953544662057,0.019611689148159788,0.012824484609361211,0.09801945947665995,0.012824484609361211,False,False
238140,Construction,0.3447825942721909,4.0,23.0,24,-0.16228719241539766,23,0.05780516133996702,24,-0.020753428907926377,24,0.123545450902286,23,0.8844430558641498,1.012368370325375,1.0246833621066658,1.0785052117038096,-0.13096308627652858,0.0631956574454622,0.0273844265361294,0.03835047603498726,0.123545450902286,0.03835047603498726,False,False
712190,"Arts, entertainment & recreation",0.3406626451310446,3.0,24.0,24,0.002308039395443015,23,0.08842249698953113,24,-0.08770387956324584,24,-0.0030043961293888147,23,1.0226497210806882,1.0667377774953453,0.9339808399309399,0.9766316614930267,0.033632145534312076,0.0938129930950263,-0.03956602411919006,-0.08819937099668755,-0.08770387956324584,-0.03956602411919006,True,True
721191,Accommodation & food services,0.3301549691705397,4.0,23.0,24,-0.0844099733492485,23,0.027588369519956735,24,0.0293534396467062,24,0.026534224445538865,23,0.9296086442858361,1.0139090641641375,1.0430327450025254,1.013449546547501,-0.053085867210379445,0.032978865625451916,0.07749129509076198,-0.058660750421759875,0.026534224445538865,-0.058660750421759875,False,True
928120,Public administration,0.3227838960354283,3.0,11.0,24,0.010828712815329638,23,0.004031862983550817,24,-0.05894381416260706,24,0.04673939355304572,23,1.0207283470406656,0.9912933739429036,0.95379467487804,1.0341836041383905,0.0421528189541987,0.009422359089045998,-0.010805958718551278,-0.03845558131425302,-0.05894381416260706,-0.010805958718551278,True,True
237120,Construction,0.3193152235530973,4.0,23.0,24,-0.1204497221106158,23,0.015970622388181865,24,-0.010149675522145555,24,0.10875823177807487,23,0.907685906674541,0.9818160327723137,1.0240049140937226,1.0864931464594227,-0.08912561597174674,0.021361118493677046,0.037988179921910226,0.023563256910776126,0.10875823177807487,0.023563256910776126,False,False
238110,Construction,0.317059870347016,4.0,23.0,24,-0.20534550616619904,23,0.07860778227682068,24,-0.026618438345915124,24,0.15210350513499038,23,0.8525954599002921,1.0206001227949464,1.0313892211359592,1.0954151961688023,-0.17402140002732996,0.08399827838231586,0.021519417098140654,0.06690853026769164,0.15210350513499038,0.06690853026769164,False,False
624110,Health care & social assistance,0.3160444184531452,3.0,24.0,24,-0.04631369756320851,23,0.014151600263631067,24,-0.03821901957178413,24,0.07021675302471612,23,0.9753455051495209,0.9931937621228767,0.9827388185689703,1.0487219141586321,-0.014989591424339449,0.01954209636912625,0.009918835872271652,-0.014978221842582615,-0.03821901957178413,0.009918835872271652,True,False
424930,Wholesale trade,0.3158502917501461,2.0,24.0,24,-0.1503611722730236,23,0.11275977098108748,24,-0.13844663220652478,24,0.17592751557223388,23,0.9233078024048641,1.0410468277138671,0.9332663110606955,1.102379058820573,-0.11903706613415453,0.11815026708658266,-0.09030877676246901,0.09073254070493514,0.11275977098108748,0.11815026708658266,False,False
561320,Administrative & waste services,0.3039752746086565,4.0,19.0,24,-0.0782834207489519,23,0.04230175150209186,24,-0.030369975228682202,24,0.06941825814429006,23,0.9467532698658575,1.0144295163811503,0.9975022598922595,1.0413149538607327,-0.04695931461008285,0.04769224760758704,0.017767880215373576,-0.015776716723008677,0.06941825814429006,-0.015776716723008677,False,True
611610,Educational services,0.2978527619226337,2.0,24.0,24,-0.07547453851935393,23,0.010668038119484089,24,-0.09777953300146958,24,0.16591476611417474,23,0.9671976768662199,0.9671407527410677,0.9457477523769469,1.1199138180157655,-0.04415043238048487,0.01605853422497927,-0.0496416775574138,0.080719791246876,0.010668038119484089,0.01605853422497927,False,False
611513,Educational services,0.2966186073406441,2.0,24.0,24,-0.060675925625104724,23,-0.019892724568390224,24,-0.014348640621831906,24,0.09400290458971142,23,0.9597490135032306,0.9619073997254093,1.0038512350843687,1.0744923516869915,-0.029351819486235664,-0.014502228462895044,0.03378921482222387,0.008807929722412677,-0.019892724568390224,-0.014502228462895044,True,True
712130,"Arts, entertainment & recreation",0.296532064824541,3.0,24.0,24,-0.006366329008437675,23,0.06934572952052453,24,-0.08124741352341798,24,0.019081291904834156,23,1.015225001681214,1.0473382589064566,0.9407600570906499,0.9966766823216792,0.024957777130431385,0.07473622562601971,-0.0331095580793622,-0.06611368296246459,-0.08124741352341798,-0.0331095580793622,True,True
512131,Information,0.295530387627636,3.0,24.0,24,-0.018018943615952413,23,-0.010802415417568332,24,-0.016201036931658294,24,0.04303068706984867,23,0.998024751691295,0.9831388228356439,0.9898577248151295,1.0289787006579316,0.013305162522916646,-0.005411919312073151,0.031936818512397484,-0.04216428779745007,-0.016201036931658294,0.031936818512397484,True,False
561920,Administrative & waste services,0.2938225631153168,2.0,23.0,24,-0.038225777621547885,23,0.0035974834377216955,24,-0.08668377365566837,24,0.12074733164241704,23,0.9934527192889204,0.9725204653154725,0.944393244466581,1.0896335709290261,-0.006901671482678826,0.008987979543216876,-0.038545918211612594,0.035552356775118296,0.0035974834377216955,0.008987979543216876,False,False
212321,"Mining, quarrying, oil & gas",0.2937683665999027,4.0,23.0,24,-0.11980656860064602,23,0.03727996166377384,24,-0.018402313212810998,24,0.10043948738420239,23,0.9141955860298419,1.0025443859361174,1.0163332625148453,1.0669267655191954,-0.08848246246177696,0.042670457769269025,0.02973554223124478,0.015244512516903647,0.10043948738420239,0.015244512516903647,False,False
112410,"Agriculture, forestry, fishing",0.2926749162485942,4.0,23.0,24,-0.03753396878022869,23,0.015598976899063671,24,-0.06573865748893097,24,0.09081371472744958,23,0.9853110816128233,0.9887897849403612,0.9610705344697718,1.064828598977044,-0.006209862641359629,0.02098947300455885,-0.017600802044875193,0.005618739860150837,0.09081371472744958,0.005618739860150837,False,False
812220,Other services,0.2922184253267871,4.0,23.0,24,-0.03460611563889132,23,0.07481345471803257,24,-0.07253300019732682,24,0.03239926421482315,23,0.9932418992116322,1.048383087722801,0.9538973667979046,1.004477646267662,-0.003282009500022262,0.08020395082352774,-0.024395144753271043,-0.05279571065247559,0.03239926421482315,-0.05279571065247559,False,True
722515,Accommodation & food services,0.2912814047114396,3.0,24.0,24,-0.06733539782577189,23,0.03769737540542833,24,-0.043844632287307735,24,0.07273657382774174,23,0.9607363549966893,1.0099946163085556,0.9838581268095651,1.04541090188519,-0.03601129168690283,0.04308787151092351,0.004293223156748044,-0.012458401039557004,-0.043844632287307735,0.004293223156748044,True,False
238320,Construction,0.2888308139702795,4.0,23.0,24,-0.137876105355876,23,0.05978959250916949,24,-0.043536865109124,24,0.11997063369568851,23,0.9082113823032376,1.0146810982405408,1.001571629159505,1.075535890296717,-0.10655199921700693,0.06518008861466466,0.004600990334931776,0.034775658828389774,0.11997063369568851,0.034775658828389774,False,False
237990,Construction,0.2886318640520984,4.0,23.0,24,-0.0818681021305187,23,0.028095723338131543,24,-0.04532771335650434,24,0.09894538727720054,23,0.9497596453193765,0.996239700659089,0.9865283093225382,1.0674723446989962,-0.050543995991649646,0.03348621944362672,0.00281014208755144,0.013750412409901797,0.09894538727720054,0.013750412409901797,False,False
611210,Educational services,0.2879607700415263,2.0,24.0,24,-0.05836802404071756,23,0.00011987462863246219,24,-0.036483928742612436,24,0.09441835129444501,23,0.9652961692971044,0.9763906214801296,0.9872453244058903,1.0710678848168758,-0.0270439179018485,0.005510370734127643,0.011653926701443343,0.009223376427146268,0.00011987462863246219,0.005510370734127643,False,False
561790,Administrative & waste services,0.2876481182323624,3.0,24.0,24,-0.1189453213435438,23,0.09002583949669829,24,-0.09808327386022235,24,0.12687472964894897,23,0.9351511180976644,1.035715120909179,0.9562274447272969,1.0729063162658594,-0.08762121520467474,0.09541633560219347,-0.04994541841616657,0.04167975478165023,-0.09808327386022235,-0.04994541841616657,True,True
611699,Educational services,0.2847568913626212,3.0,24.0,24,-0.04851106431479317,23,0.01382356266817717,24,-0.07282757360206105,24,0.10832804304847092,23,0.9823166983559624,0.9836532709194777,0.9573427181466384,1.0766873125779215,-0.01718695817592411,0.01921405877367235,-0.024689718158005268,0.02313306818117218,-0.07282757360206105,-0.024689718158005268,True,True
483212,Transportation,0.284750567162333,4.0,23.0,24,0.006348508583877014,23,0.08875213342363857,24,-0.057086950503821066,24,-0.041206239755946616,23,1.0212930420765522,1.076820830614549,0.9548443523052684,0.9470417750036302,0.03767261472274607,0.09414262952913374,-0.008949095059765287,-0.12640121462324536,-0.041206239755946616,-0.12640121462324536,True,True
238910,Construction,0.284506357246304,4.0,23.0,24,-0.17270315806392678,23,0.050950770249722575,24,-0.005314168885788016,24,0.12654246300744593,23,0.8716550366012363,1.006397726154872,1.0392388752090624,1.082708362034829,-0.14137905192505773,0.05634126635521776,0.042823686558267765,0.04134748814014719,0.12654246300744593,0.04134748814014719,False,False
459120,Retail trade - specialty,0.2826223922846881,1.0,23.0,24,-0.2209261437281423,23,0.06919280634207371,24,-0.04579918183417763,24,0.19821318750387593,23,0.8453259319580444,1.002368389716696,1.0210252347912003,1.1312804435340598,-0.18960203758927324,0.07458330244756889,0.0023386736098781474,0.11301821263657719,-0.2209261437281423,-0.18960203758927324,True,True
711110,"Arts, entertainment & recreation",0.2825950626047276,4.0,22.0,24,-0.05911564863529412,23,0.02995885013261522,24,-0.08261415174787042,24,0.11252924616593518,23,0.9769716177250906,0.9947446721250218,0.9526000262597228,1.0756836838901647,-0.027791542496425063,0.0353493462381104,-0.03447629630381464,0.027334271298636442,0.11252924616593518,0.027334271298636442,False,False
212311,"Mining, quarrying, oil & gas",0.278099578785109,4.0,23.0,24,-0.14200198002290096,23,0.06818186699104321,24,-0.021042518219084937,24,0.09484570200086546,23,0.898594618014562,1.0273659002562023,1.019773448515756,1.05426603321348,-0.1106778738840319,0.07357236309653839,0.02709533722497084,0.009650727133566725,0.09484570200086546,0.009650727133566725,False,False
712120,"Arts, entertainment & recreation",0.277963007709319,4.0,23.0,24,-0.04846736162514185,23,0.09312890750318914,24,-0.05057070352132126,24,0.006360830771746323,23,0.9751356562837353,1.0679838917573272,0.9745743122245408,0.9823061397343968,-0.01714325548627279,0.09851940360868432,-0.00243284807726548,-0.07883414409555242,0.006360830771746323,-0.07883414409555242,False,True
112512,"Agriculture, forestry, fishing",0.2749944601948031,3.0,24.0,24,-0.14871799411821862,23,0.06301145575088023,24,-0.08637904387192168,24,0.1720179390552365,23,0.9099909407885495,1.004215421389756,0.9724169904892023,1.113376647332492,-0.11739388797934956,0.0684019518563754,-0.0382411884278659,0.08682296418793775,-0.08637904387192168,-0.0382411884278659,True,True
711219,"Arts, entertainment & recreation",0.273577409818607,4.0,23.0,24,-0.10700774989149896,23,0.008038663896174641,24,-0.1245486537151708,24,0.22271709125747097,23,0.9503249382138567,0.9499640920624032,0.9335259181186005,1.1661850516051393,-0.0756836437526299,0.013429160001669823,-0.07641079827111502,0.13752211639017223,0.22271709125747097,0.13752211639017223,False,False
928110,Public administration,0.266654397720856,4.0,23.0,24,-0.02099460895386813,23,-0.008385203234026542,24,0.010448276314570801,24,0.0195246593924366,23,0.9805664332537347,0.9886196999554087,1.0134433731251358,1.017370493665721,0.010329497185000928,-0.002994707128531361,0.05858613175862658,-0.06567031547486214,0.0195246593924366,-0.06567031547486214,False,True
813312,Other services,0.2665526295192181,3.0,24.0,24,-0.030518211418558906,23,0.02471217339469699,24,-0.05307975957264574,24,0.058485553382532064,23,0.9898237551906627,1.0036268386007026,0.9680055752213486,1.038543830987286,0.0008058947203101532,0.03010266950019217,-0.004941904128589962,-0.026709421484766675,-0.05307975957264574,-0.004941904128589962,True,True
445240,Retail trade - general,0.2658261939629038,4.0,23.0,24,-0.16824298972126842,23,0.029227203848234882,24,-0.03957344758057517,24,0.17878334530492693,23,0.8834942634812998,0.9772008091484764,1.0124529471191832,1.1268519802510404,-0.13691888358239934,0.03461769995373006,0.00856440786348061,0.09358837043762819,0.17878334530492693,0.09358837043762819,False,False
459210,Retail trade - specialty,0.2620289404733644,1.0,23.0,24,-0.1128002521452264,23,0.024717620558191555,24,0.02178679546207898,24,0.06639198564719508,23,0.9093372684477578,1.001758975194804,1.0447454408254666,1.0441583155319718,-0.08147614600635734,0.030108116663686735,0.06992465090613476,-0.018802989220103664,-0.1128002521452264,-0.08147614600635734,True,True
525110,Finance & insurance,0.260638181240948,4.0,18.0,24,0.17791244252273317,23,-0.11365293679694366,24,-0.05149019922244896,24,-0.012452680660907699,23,1.1465899073374195,0.9180469659080465,0.916809898072561,1.018553228681973,0.20923654866160224,-0.10826244069144848,-0.003352343778393184,-0.09764765552820644,-0.012452680660907699,-0.09764765552820644,True,True
458320,Retail trade - specialty,0.2546856792233207,1.0,23.0,24,-0.13926551878026183,23,-0.010582838472960968,24,0.0431483125403365,24,0.10783248025448869,23,0.885149411903552,0.9655164030083352,1.0670490710590403,1.0822851140290723,-0.10794141264139277,-0.005192342367465787,0.09128616798439228,0.02263750538718995,-0.13926551878026183,-0.10794141264139277,True,True
484210,Transportation,0.2528873791475122,3.0,24.0,24,-0.09988532246759547,23,0.030158034542968813,24,-0.037812966721610664,24,0.10793416715915675,23,0.9355151283376038,0.9960587550816332,0.9962863127397249,1.0721398038410381,-0.06856121632872642,0.03554853064846399,0.010324888722445115,0.022739192291858015,-0.037812966721610664,0.010324888722445115,True,False
238170,Construction,0.2511525381719853,4.0,23.0,24,-0.18091732583927603,23,0.04946270491157486,24,-0.022499407080949246,24,0.15134179875903972,23,0.8708422082887566,0.9989103053141773,1.0280529925164485,1.1021944938806179,-0.14959321970040695,0.054853201017070044,0.025638448363106532,0.06614682389174098,0.15134179875903972,0.06614682389174098,False,False
311423,Manufacturing - food/textiles,0.2489312949967613,4.0,23.0,24,-0.05942699954717405,23,0.004048837859663086,24,-0.02307911354803722,24,0.07513383937516449,23,0.9643134275998902,0.9844602758769474,0.9965094484346784,1.0547168480884839,-0.02810289340830499,0.009439333965158267,0.025058741896018557,-0.010061135492134249,0.07513383937516449,-0.010061135492134249,False,True
112111,"Agriculture, forestry, fishing",0.247762051404796,4.0,23.0,24,-0.08137917092314527,23,0.033614994296032555,24,-0.07335757057097812,24,0.11902386329384798,23,0.9582024091001052,0.9952299404724082,0.9650274832526463,1.0815401671748404,-0.05005506478427621,0.03900549040152774,-0.025219715126922344,0.03382888842654924,0.11902386329384798,0.03382888842654924,False,False
237130,Construction,0.2441386345099791,4.0,23.0,24,-0.08029261987445482,23,0.007225243117417568,24,-0.039885095320644375,24,0.11442812634253376,23,0.9494195897406161,0.9770700745907414,0.9902700732060318,1.0832402624626107,-0.048968513735585764,0.012615739222912748,0.008252760123411404,0.029233151475235017,0.11442812634253376,0.029233151475235017,False,False
424510,Wholesale trade,0.2416899663646059,4.0,23.0,24,0.016224635038151095,23,0.004331918590363244,24,-0.07561436140466365,24,0.07422358836452495,23,1.0164434231259925,0.9846082724974728,0.9441092846882269,1.054839019688308,0.047548741177020154,0.009722414695858425,-0.027476505960607876,-0.010971386502773794,0.07422358836452495,-0.010971386502773794,False,True
532289,Real estate,0.2378437533251551,4.0,23.0,24,-0.04112746814725743,23,0.05485868141142838,24,-0.06005841544522938,24,0.045190482266563935,23,0.9856629949246537,1.03006020790457,0.9647400580616292,1.0195367391091474,-0.00980336200838837,0.06024917751692356,-0.0119205600011736,-0.040004492600734805,0.045190482266563935,-0.040004492600734805,False,True
561311,Administrative & waste services,0.2377435419434863,4.0,23.0,24,-0.057324558147831925,23,0.01340242001190344,24,-0.04072780562364065,24,0.08642383713953505,23,0.9670889960115541,0.9888561501412081,0.9838184642470549,1.060236389600183,-0.026000452008962865,0.018792916117398622,0.007410049820415127,0.001228862272236314,0.08642383713953505,0.001228862272236314,False,False
112330,"Agriculture, forestry, fishing",0.2374344158308814,4.0,23.0,24,-0.06688532903528822,23,-0.018346654543958372,24,-0.03869280357709918,24,0.12369840656287144,23,0.9592881152350902,0.9551851160087054,0.9877754258702373,1.0977513428859675,-0.035561222896419165,-0.012956158438463192,0.0094450518669566,0.0385034316955727,0.12369840656287144,0.0385034316955727,False,False
811411,Other services,0.2374301362684776,4.0,23.0,24,-0.0742750505639517,23,0.0629433042457865,24,-0.047043273665273555,24,0.05820530200496446,23,0.9560213132265675,1.0326026507662178,0.983297379814295,1.0280786561929196,-0.04295094442508264,0.06833380035128167,0.0010945817787822235,-0.02698967286233428,0.05820530200496446,-0.02698967286233428,False,True
921120,Public administration,0.2371429387640641,3.0,24.0,24,0.0164702074145025,23,-0.07433327078643075,24,0.012839734955821303,24,0.04478474957791954,23,1.0096342146755308,0.9331580457573533,1.0053484184120371,1.0518593211550786,0.04779431355337156,-0.06894277468093557,0.06097759039987708,-0.0404102252893792,0.012839734955821303,0.06097759039987708,False,False
512240,Information,0.2369751652256184,4.0,23.0,24,-0.11460420155216358,23,-0.0011061602538555242,24,-0.07147051616542115,24,0.18727597216083688,23,0.9328544875555224,0.9526884968761781,0.9747348267045451,1.1397221888637545,-0.08328009541329452,0.004284335851639657,-0.02333266072136537,0.10208099729353814,0.18727597216083688,0.10208099729353814,False,False
336110,Manufacturing - metals/machinery,0.2363644994211103,4.0,23.0,24,0.00554011419519736,23,-0.0006202692947498561,24,-0.04963023817963056,24,0.044292828005767476,23,1.0187918777000122,0.9891002772120441,0.9606492153135755,1.0314586297743682,0.036864220334066417,0.004770226810745325,-0.001492382735574782,-0.04090214686153126,0.044292828005767476,-0.04090214686153126,False,True
926140,Public administration,0.2361109145034512,3.0,24.0,24,-0.02393093515896454,23,0.005021954954728634,24,-0.0068647468550918035,24,0.025714939013224573,23,0.9832565841049997,0.9971525673713647,1.0010046407282722,1.0185862077953634,0.00739317097990452,0.010412451060223815,0.04127310858896398,-0.059480035854074166,-0.0068647468550918035,0.04127310858896398,True,False
561330,Administrative & waste services,0.2358194499581156,4.0,23.0,24,-0.060905158553492746,23,-0.004031684910930723,24,-0.03767287559340809,24,0.10335829416002623,23,0.9640368530190343,0.9714229742309447,0.9868724652647165,1.0776677074853045,-0.029581052414623686,0.001358811194564458,0.01046497985064769,0.018163319292727492,0.10335829416002623,0.018163319292727492,False,False
561520,Administrative & waste services,0.2349398801969859,4.0,23.0,24,-0.027607753291776706,23,0.02075113223087018,24,-0.07674222000147433,24,0.0836427479605785,23,0.9993625399300882,0.9949579055404082,0.9490510066889878,1.0566285478405157,0.0037163528470923538,0.02614162833636536,-0.028604364557418556,-0.0015522269067202443,0.0836427479605785,-0.0015522269067202443,False,True
311314,Manufacturing - food/textiles,0.2336276174313604,1.0,23.0,24,-0.1873955593910477,23,0.037410029357088474,24,-0.1439877330156042,24,0.2952730028120729,23,0.8983027507919438,0.9555150352825349,0.9379072610589493,1.208274952866572,-0.15607145325217864,0.04280052546258366,-0.09584987757154842,0.21007802794477418,-0.1873955593910477,-0.15607145325217864,True,True
512290,Information,0.2319500542433051,4.0,23.0,24,-0.11332715775998152,23,-0.007704692030175639,24,-0.0658984182933563,24,0.19384523541338972,23,0.9335572501584997,0.9481815852582054,0.9782153044182627,1.1400458601650323,-0.08200305162111246,-0.002314195924680458,-0.01776056284930052,0.10865026054609098,0.19384523541338972,0.10865026054609098,False,False
238160,Construction,0.2287623090197614,4.0,23.0,24,-0.20261588853112975,23,0.06090245532325991,24,-0.034703126405514303,24,0.17406424182731248,23,0.8575417094347175,1.0018486496663277,1.024350679251418,1.1162589616475371,-0.17129178239226067,0.06629295142875509,0.013434729038541475,0.08886926696001374,0.17406424182731248,0.08886926696001374,False,False
921150,Public administration,0.22828969084403,3.0,24.0,24,-0.05816062406596322,23,0.014888719452558116,24,-0.05682238488183879,24,0.10274092170383345,23,0.9674786170408726,0.9851074635055695,0.97295887106515,1.074455048388408,-0.026836517927094163,0.020279215558053298,-0.008684529437783015,0.01754594683653471,-0.05682238488183879,-0.008684529437783015,True,True
541870,Professional & technical services,0.227994966445987,4.0,22.0,24,-0.071206684693231,23,0.02396288800724472,24,-0.06548136494613944,24,0.11582786030127995,23,0.9619274780019489,0.9894449256925144,0.9690365973685907,1.0795909989369459,-0.03988257855436195,0.0293533841127399,-0.017343509502083666,0.03063288543398121,0.11582786030127995,0.03063288543398121,False,False
525920,Finance & insurance,0.2240891926676891,4.0,5.0,24,0.07649794457082812,23,-0.05461112711419208,24,-0.12578376142614311,24,0.10676338351080682,23,1.0910239688785441,0.9338022753699416,0.8858028360897232,1.0893709196617911,0.10782205070969718,-0.0492206310086969,-0.07764590598208734,0.021568408643508077,0.10676338351080682,0.021568408643508077,False,False
512110,Information,0.2207766400405704,4.0,23.0,24,-0.06696377900293769,23,0.0043485983277708334,24,-0.07083816272218176,24,0.13623164269597757,23,0.9674228645585883,0.9698768322732397,0.9636336033323495,1.0990666998358225,-0.03563967286406863,0.009739094433266014,-0.022700307278125977,0.05103666782867883,0.13623164269597757,0.05103666782867883,False,False
459310,Retail trade - specialty,0.2183058596559278,2.0,24.0,24,-0.08555812641983283,23,0.030037470405135224,24,-0.06599941640735156,24,0.12183565461931475,23,0.9522638222231485,0.9921256056770676,0.9719124483207162,1.083698123779068,-0.054234020280963774,0.035427966510630404,-0.017861560963295782,0.036640679752016014,0.030037470405135224,0.035427966510630404,False,False
812921,Other services,0.2166211624856145,4.0,23.0,24,-0.09290058023920027,23,0.015153226496654237,24,-0.04803511245911948,24,0.1256544778481644,23,0.9429490995181973,0.9801245555163468,0.986993558521188,1.089932786444268,-0.06157647410033121,0.020543722602149418,0.00010274298493629513,0.04045950298086565,0.1256544778481644,0.04045950298086565,False,False
237110,Construction,0.2165782851057051,4.0,23.0,24,-0.16739803242969298,23,0.042297648688576384,24,-0.04119024608169811,24,0.16484994332847783,23,0.8847993658507924,0.9901673552782745,1.0109400473286039,1.1140932315423295,-0.13607392629082393,0.04768814479407157,0.006947609362357665,0.07965496846117909,0.16484994332847783,0.07965496846117909,False,False
339999,Manufacturing - metals/machinery,0.2159299404560055,4.0,23.0,24,-0.06919226232558098,23,0.024594327023466037,24,-0.06856999075679461,24,0.11382898803868277,23,0.9658566336836302,0.9903565413324111,0.9656677949342601,1.0781190300496986,-0.037868156186711924,0.029984823128961217,-0.020432135312738832,0.028634013171384032,0.11382898803868277,0.028634013171384032,False,False
814110,Other services,0.213959470400693,4.0,23.0,24,-0.03591110083753041,23,0.005142030646993284,24,-0.02373125535422223,24,0.054213574637754364,23,0.9788220366228706,0.990172291069876,0.9912384842228951,1.0397671880843584,-0.004586994698661348,0.010532526752488464,0.024406600089833547,-0.030981400229544376,0.054213574637754364,-0.030981400229544376,False,True
112511,"Agriculture, forestry, fishing",0.2122242165616703,4.0,23.0,24,-0.0907364441146924,23,0.05794548547518619,24,-0.057893373004134475,24,0.08862152337743881,23,0.9466381831777401,1.0208604221997215,0.9791916902713304,1.0533097043512083,-0.059412337975823334,0.06333598158068136,-0.009755517560078697,0.0034265485101400706,0.08862152337743881,0.0034265485101400706,False,False
111930,"Agriculture, forestry, fishing",0.2101819829501883,4.0,23.0,24,-0.07521296669452307,23,-0.03085002767111759,24,-0.1372543385487257,24,0.24225731080805432,23,0.9742741417623361,0.9148232400667525,0.9170723937134042,1.1938302244575072,-0.04388886055565401,-0.02545953156562241,-0.08911648310466994,0.15706233594075558,0.24225731080805432,0.15706233594075558,False,False
445250,Retail trade - general,0.2095220282221901,3.0,24.0,24,0.00941875851628218,23,0.020238154315832497,24,-0.04390980955007113,24,0.014491005856682775,23,1.0169506759360791,1.011251776444502,0.9650765683212595,1.0067209792981597,0.04074286465515124,0.025628650421327677,0.00422804589398465,-0.07070396901061596,-0.04390980955007113,0.00422804589398465,True,False
484220,Transportation,0.2043858990361416,4.0,23.0,24,-0.08422654586148158,23,0.0009578628163096117,24,-0.004727795772826814,24,0.08854074380936601,23,0.9371506922387995,0.9784321616383004,1.0177979054051822,1.0666192407177177,-0.05290243972261252,0.006348358921804792,0.04341005967122896,0.0033457689420672704,0.08854074380936601,0.0033457689420672704,False,False
713950,"Arts, entertainment & recreation",0.2024358229005564,2.0,23.0,24,-0.006763869528687866,23,-0.0658485606751872,24,-0.01842827647776643,24,0.09156305786136217,23,1.0004413120006135,0.9281557844990952,0.9875673783479512,1.0838355251523402,0.024560236610181193,-0.060458064569692015,0.029709578966289348,0.006368082994063426,-0.0658485606751872,-0.060458064569692015,True,True
924120,Public administration,0.2019806310455404,3.0,24.0,24,-0.015750830049323362,23,0.03294574710757237,24,-0.032445529614806436,24,0.015635383355903334,23,0.9957236517279103,1.0207051211452738,0.9797950963474923,1.0037761307793236,0.015573276089545698,0.038336243213067556,0.015692325829249343,-0.0695595915113954,-0.032445529614806436,0.015692325829249343,True,False
611310,Educational services,0.2012756410863035,2.0,24.0,24,-0.019787482825809256,23,-0.019910880100728324,24,-0.007225575521075768,24,0.047310032132435516,23,0.9876322929291704,0.9735580257019699,0.9993055186762261,1.0395041626926336,0.011536623313059803,-0.014520383995233144,0.04091227992298001,-0.037884942734863224,-0.019910880100728324,-0.014520383995233144,True,True
611110,Educational services,0.1984639907106974,2.0,24.0,24,-0.11204220427968606,23,0.19906734627892275,24,-0.25465552199630603,24,0.16801773976376022,23,0.9802193387757413,1.1075886185387345,0.8368232057438822,1.0753688369416419,-0.080718098140817,0.20445784238441794,-0.20651766655225026,0.08282276489646148,0.19906734627892275,0.20445784238441794,False,False
483114,Transportation,0.1981696647055467,4.0,23.0,24,0.0937337270950505,23,0.054237504837848304,24,-0.0575859528438653,24,-0.08859215167807635,23,1.0804729390519725,1.0618665002405507,0.9347850517534323,0.9228755089540446,0.12505783323391956,0.05962800094334349,-0.009448097399809521,-0.1737871265453751,-0.08859215167807635,-0.1737871265453751,True,True
238120,Construction,0.1970522054767945,4.0,23.0,24,-0.10835409743868644,23,0.01133795536961551,24,-0.032036102870707635,24,0.12826964601953578,23,0.927262828060194,0.9764135304327777,1.0028883220661302,1.0934353194408981,-0.07702999129981739,0.016728451475110692,0.016101752573348144,0.04307467115223704,0.12826964601953578,0.04307467115223704,False,False
441222,Retail trade - general,0.1964160568209735,4.0,23.0,24,-0.16652405784756913,23,0.11675167167434693,24,-0.05928389123352663,24,0.10738220961304347,23,0.8907892382736616,1.060586787354392,0.9968809930864283,1.0517429812855181,-0.13519995170870008,0.1221421677798421,-0.011146035789470848,0.02218723474574473,0.10738220961304347,0.02218723474574473,False,False
531210,Real estate,0.1956107046965244,4.0,23.0,24,-0.03466936577826639,23,-0.03548494998941281,24,-0.07105473780259626,24,0.14213456997104598,23,0.9914992249701499,0.937996545733105,0.9554637664748858,1.115040462821859,-0.00334525963939733,-0.03009445388391763,-0.02291688235854048,0.05693959510374724,0.14213456997104598,0.05693959510374724,False,False
236210,Construction,0.1943865309182636,4.0,23.0,24,-0.07777342324342784,23,0.0062993970128459725,24,-0.07741754013135077,24,0.1491153044885203,23,0.9610205149069841,0.9675003886047238,0.9613814682767714,1.1100976282115205,-0.04644931710455878,0.011689893118341153,-0.029279684687294992,0.06392032962122157,0.1491153044885203,0.06392032962122157,False,False
487990,Transportation,0.1921014875115545,3.0,24.0,24,-0.05758385553009746,23,0.05070467670907345,24,-0.04185922496823432,24,0.051368593979632934,23,0.9656463982443455,1.0253004011344438,0.9835450506063953,1.0255081500148153,-0.026259749391228403,0.05609517281456863,0.006278630475821459,-0.033826380887665805,-0.04185922496823432,0.006278630475821459,True,False
212319,"Mining, quarrying, oil & gas",0.1916412396588541,4.0,23.0,24,-0.10907709099902582,23,0.03493060838907475,24,-0.017993893390157154,24,0.09103320335365563,23,0.9232033215283754,1.003333751101814,1.0136029638971036,1.059859963472707,-0.07775298486015676,0.04032110449456994,0.030143962053898625,0.005838228486356886,0.09103320335365563,0.005838228486356886,False,False
711410,"Arts, entertainment & recreation",0.191372617506623,4.0,23.0,24,-0.11606094382219187,23,-0.023592785089289303,24,-0.15008515753716936,24,0.28708305668312034,23,0.9580268146776101,0.9123877672908577,0.9139342900826838,1.2156511279488487,-0.08473683768332281,-0.018202288983794123,-0.10194730209311359,0.2018880818158216,0.28708305668312034,0.2018880818158216,False,False
813211,Other services,0.1906579161453087,3.0,24.0,24,-0.02228106484438577,23,-0.01973533118361218,24,-0.01667650912739738,24,0.057788826784955186,23,0.9875520722611094,0.9705565231942918,0.9930316364946986,1.0488597680499003,0.00904304129448329,-0.014344835078117,0.031461346316658395,-0.027406148082343554,-0.01667650912739738,0.031461346316658395,True,False
238190,Construction,0.1899545708372745,4.0,23.0,24,-0.12645422606721538,23,0.039590129688678845,24,-0.042172541248703475,24,0.1271404448977464,23,0.918765467757699,0.9984544385250107,0.9989631499149647,1.0838169438023255,-0.09513011992834632,0.04498062579417403,0.005965314195352303,0.04194547003044766,0.1271404448977464,0.04194547003044766,False,False
236118,Construction,0.1883135611881427,4.0,23.0,24,-0.10634002662824363,23,0.028213815502438098,24,-0.045366762220717526,24,0.12272405143884611,23,0.9317075136293825,0.9903273993053264,0.9925196539763941,1.085445433088897,-0.07501592048937457,0.03360431160793328,0.002771093223338253,0.03752907657154737,0.12272405143884611,0.03752907657154737,False,False
492110,Warehousing & couriers,0.1843901259767502,4.0,23.0,24,-0.1433528802256416,23,0.036958177067194696,24,-0.051661501257136644,24,0.1584238281577087,23,0.9050473461266977,0.988086792023715,0.997209883786343,1.1096559780632445,-0.11202877408677255,0.04234867317268988,-0.0035236458130808654,0.07322885329040996,0.1584238281577087,0.07322885329040996,False,False
236115,Construction,0.1836688182503255,4.0,23.0,24,-0.07900320561679716,23,0.005982431802521407,24,-0.07088611273334557,24,0.14364168325393853,23,0.9582298738527077,0.9684303521756421,0.9666659668935337,1.1066738070781164,-0.0476790994779281,0.011372927908016587,-0.022748257289289787,0.05844670838663979,0.14364168325393853,0.05844670838663979,False,False
456120,Retail trade - specialty,0.1826692164615865,4.0,23.0,24,-0.14095659089788554,23,0.02126807730408396,24,-0.008553394901378658,24,0.1295294096208415,23,0.8962109477483692,0.9838205949197475,1.0288940874829577,1.0910743698489254,-0.10963248475901648,0.02665857340957914,0.03958446054267712,0.04433443475354276,0.1295294096208415,0.04433443475354276,False,False
525910,Finance & insurance,0.1818501387813663,3.0,24.0,24,0.31409743762136927,23,-0.2402468603265735,24,-0.036207732366058176,24,-0.041693221034624,23,1.2434491148984572,0.8288336005175595,0.8947118067898088,1.0330054777941744,0.3454215437602383,-0.2348563642210783,0.011930123077997602,-0.12688819590192274,-0.036207732366058176,0.011930123077997602,True,False
525990,Finance & insurance,0.1799060445297037,4.0,15.0,24,0.255344983846114,23,-0.15511173852515828,24,-0.1787669318635983,24,0.09125980997014234,23,1.2212362135247563,0.8590446886952278,0.8070766409160157,1.1126424568640003,0.286669089984983,-0.1497212424196631,-0.13062907641954252,0.006064835102843599,0.09125980997014234,0.006064835102843599,False,False
722513,Accommodation & food services,0.1771818584040911,3.0,24.0,24,-0.05285918707001911,23,0.010826750411045924,24,-0.0018915620451947317,24,0.04392578531130186,23,0.9610308747801982,0.9972065213227138,1.0117286670431376,1.0300339368539506,-0.02153508093115005,0.016217246516541106,0.04624629339886105,-0.04126918955599688,-0.0018915620451947317,0.04624629339886105,True,False
482112,Transportation,0.1770147631203176,4.0,13.0,24,0.01271681649126329,23,-0.013716224916572978,24,-0.014043999967098583,24,0.016662618940333433,23,1.0119089383825999,0.985572087888594,0.9866676872277343,1.0158512865010716,0.044040922630132345,-0.008325728811077796,0.034093855476957195,-0.0685323559269653,0.016662618940333433,-0.0685323559269653,False,True
532310,Real estate,0.1769842715120595,4.0,23.0,24,-0.034417901315614056,23,0.03279027198757959,24,-0.07095313949361363,24,0.07221647269522836,23,0.9916473237096018,1.0063550000595756,0.9554821324343902,1.0465155437964322,-0.003093795176744997,0.038180768093074774,-0.022815284049557856,-0.012978502172070375,0.07221647269522836,-0.012978502172070375,False,True
813940,Other services,0.1767039829776373,4.0,11.0,24,-0.031167222072844995,23,0.03495931553377074,24,-0.005248560504673691,24,-0.0015709067299405307,23,0.9785520667501947,1.0260604842822778,1.0036502707468193,0.9917371782207084,0.00015688406602406418,0.040349811639265924,0.04288929493938209,-0.08676588159723927,-0.0015709067299405307,-0.08676588159723927,True,True
541211,Professional & technical services,0.1752302521193379,2.0,24.0,24,-0.1085036659549727,23,-0.013993328406628924,24,-0.06349994717533013,24,0.18626938203983953,23,0.9351673732631122,0.9432291469559652,0.9792775774620758,1.142325902318847,-0.07717955981610364,-0.008602832301133744,-0.015362091731274348,0.10107440717254079,-0.013993328406628924,-0.008602832301133744,True,True
562910,Administrative & waste services,0.1746879800347114,3.0,24.0,24,-0.0976700499318277,23,0.02007926691042014,24,-0.048970520013099005,24,0.12703368736131718,23,0.9394256890006546,0.9835643232396053,0.9875444236577158,1.089465564102024,-0.06634594379295863,0.02546976301591532,-0.0008326645690432261,0.04183871249401844,-0.048970520013099005,-0.0008326645690432261,True,True
561499,Administrative & waste services,0.1728101998570814,4.0,23.0,24,-0.008636980558164883,23,-0.035043832126012794,24,-0.029469725557535655,24,0.07418967456595742,23,1.000475782626489,0.955291520230305,0.9801949220861464,1.0640377750570595,0.022687125580704175,-0.029653336020517614,0.018668129886520123,-0.011005300301341323,0.07418967456595742,-0.011005300301341323,False,True
541350,Professional & technical services,0.1727836800518314,4.0,23.0,24,-0.13125418661989444,23,0.04864392688198944,24,-0.04943001968337679,24,0.1325205801913603,23,0.9140711772722853,1.0035243127449591,0.9956895944536536,1.086714915529102,-0.09993008048102538,0.05403442298748462,-0.0012921642393210128,0.04732560532406155,0.1325205801913603,0.04732560532406155,False,False
213114,"Mining, quarrying, oil & gas",0.1727060237961786,4.0,23.0,24,5.7674312900819096e-05,23,-0.019070712149767712,24,-0.012838423264750654,24,0.02982523998807117,23,1.005199276546948,0.9783829056109647,0.9897079589745169,1.0267098588675703,0.031381780451769876,-0.013680216044272532,0.035299432179305125,-0.05536973487922757,0.02982523998807117,-0.05536973487922757,False,True
541690,Professional & technical services,0.1726877228760917,4.0,23.0,24,-0.045544264092433846,23,-0.009204492707241779,24,-0.07869803027729372,24,0.1357675501589546,23,0.9842993927787056,0.9593292947932289,0.9527681822222357,1.10360313020583,-0.014220157953564787,-0.003813996601746598,-0.03056017483323794,0.05057257529165585,0.1357675501589546,0.05057257529165585,False,False
812990,Other services,0.1726204194015086,4.0,23.0,24,-0.0343618306836304,23,0.006039616505127947,24,-0.04344121045746848,24,0.07303740067206525,23,0.9858068632371331,0.9868281674316828,0.9757702386159767,1.0515947307152074,-0.003037724544761339,0.011430112610623128,0.004696644986587298,-0.012157574195233486,0.07303740067206525,-0.012157574195233486,False,True
333112,Manufacturing - metals/machinery,0.1724144399416844,2.0,24.0,24,-0.07757581634203406,23,-0.0022112073237958996,24,-0.05787421264493566,24,0.13531248609015623,23,0.9566238008816065,0.9640386554217611,0.9758759246095073,1.1034616190871251,-0.046251710203165,0.0031792887816992814,-0.009736357200879883,0.050117511222857486,-0.0022112073237958996,0.0031792887816992814,True,False
812113,Other services,0.1713210925532589,4.0,22.0,24,-0.06395324319239223,23,0.032152470415384195,24,0.034218660656014484,24,-0.00305646697976229,23,0.9441352654925761,1.0249371124649145,1.0414340186064843,0.9894936034360251,-0.032629137053523175,0.03754296652087938,0.08235651610007026,-0.08825144184706103,-0.00305646697976229,-0.08825144184706103,True,True
561312,Administrative & waste services,0.1691612960334396,4.0,23.0,24,-0.032202996283012195,23,-0.0608710550889908,24,-0.06943058591089259,24,0.16652764699719638,23,0.9919815079306509,0.913312585584262,0.9563857734158546,1.1383201330692323,-0.0008788901441431352,-0.05548055898349562,-0.021292730466836808,0.08133267212989764,0.16652764699719638,0.08133267212989764,False,False
532282,Real estate,0.1687211118870917,3.0,24.0,24,-0.03242146551461532,23,-0.023672957768964085,24,-0.01962680920724233,24,0.07831591095428714,23,0.9794531387935402,0.9629358187598019,0.9937644142639916,1.063846628182666,-0.0010973593757462596,-0.018282461663468905,0.02851104623681345,-0.006879063913011602,-0.01962680920724233,0.02851104623681345,True,False
541410,Professional & technical services,0.1684414636698875,4.0,23.0,24,-0.1289419482128137,23,0.007232710319852754,24,-0.10594695315650367,24,0.22917230482601578,23,0.9296593849960754,0.94847018759971,0.9528155695636391,1.1690548578405755,-0.09761784207394465,0.012623206425347935,-0.05780909771244789,0.14397732995871704,0.22917230482601578,0.14397732995871704,False,False
112930,"Agriculture, forestry, fishing",0.1679018970787508,4.0,23.0,24,-0.18420706104063592,23,0.010494996398048623,24,-0.03855109535835753,24,0.21656997435476216,23,0.8699144817091248,0.9542827918483043,1.0176611091913867,1.1581416172511843,-0.15288295490176684,0.015885492503543805,0.009586760085698247,0.13137499948746342,0.21656997435476216,0.13137499948746342,False,False
541820,Professional & technical services,0.1677699079724865,4.0,23.0,24,-0.0959888691680222,23,-0.002389062740840747,24,-0.12050183488629251,24,0.21968198416888474,23,0.9584870281944178,0.9436060016952009,0.9335031006776657,1.1644038694327155,-0.06466476302915314,0.003001433364654434,-0.07236397944223674,0.134487009301586,0.21968198416888474,0.134487009301586,False,False
722310,Accommodation & food services,0.1675671283641814,4.0,23.0,24,-0.07019484608559838,23,0.01905123341309681,24,-0.07759501327671538,24,0.12958890448103746,23,0.9668873190146656,0.9821486686590802,0.9593075514773011,1.091656460848953,-0.03887073994672932,0.02444172951859199,-0.0294571578326596,0.044393929613738725,0.12958890448103746,0.044393929613738725,False,False
238130,Construction,0.1672417168310981,4.0,23.0,24,-0.11822094160454712,23,0.027789855954112836,24,-0.029854778377477093,24,0.11865244267924747,23,0.9193526044308861,0.9909557979719158,1.00697927960472,1.0827123179924782,-0.08689683546567806,0.033180352059608016,0.018283077066578685,0.033457467811948735,0.11865244267924747,0.033457467811948735,False,False
424910,Wholesale trade,0.1663806889984669,3.0,24.0,24,0.025001461311110005,23,7.574665403872287e-05,24,-0.11025948445323967,24,0.08542111808121355,23,1.044644913492493,0.9782042230004565,0.9116120392003424,1.0655388243067079,0.05632556744997906,0.005466242759533904,-0.062121629009183894,0.0002261432139148145,-0.11025948445323967,-0.062121629009183894,True,True
611430,Educational services,0.1648594970196474,3.0,24.0,24,-0.055408605033692084,23,-0.00866723144786167,24,-0.041352978747277246,24,0.10696827743276734,23,0.9685120639263868,0.9670524636118415,0.9829273261930195,1.0815081462687524,-0.024084498894823024,-0.0032767353423664896,0.006784876696778533,0.021773302565468597,-0.041352978747277246,0.006784876696778533,True,False
459999,Retail trade - specialty,0.1647399989929963,4.0,23.0,24,-0.070938228056347,23,0.03706874422438498,24,-0.07320454569733138,24,0.10808510009886754,23,0.9641384947931867,1.0007133939230035,0.9631508046040502,1.0719973066797597,-0.03961412191747794,0.04245924032988016,-0.025066690253275604,0.022890125231568803,0.10808510009886754,0.022890125231568803,False,False
512191,Information,0.1645721812207388,4.0,23.0,24,-0.0771121786151406,23,0.006039641441227446,24,-0.06577874918879097,24,0.1363174853799321,23,0.9617648934403885,0.97136835619176,0.9688925360606765,1.0979742143071751,-0.045788072476271535,0.011430137546722627,-0.017640893744735188,0.05112251051263336,0.1363174853799321,0.05112251051263336,False,False
624410,Health care & social assistance,0.1634859897581034,3.0,24.0,24,-0.055019643908164564,23,0.024659314223328132,24,-0.0711145648730337,24,0.10166680172781747,23,0.9772575317544243,0.9933736365171252,0.9601711128331694,1.0691977188952813,-0.023695537769295505,0.030049810328823312,-0.022976709428977928,0.016471826860518735,-0.0711145648730337,-0.022976709428977928,True,True
541612,Professional & technical services,0.1631357530509079,4.0,23.0,24,-0.0036827215643007076,23,-0.06906694191974945,24,-0.050774035355502456,24,0.12656865653439336,23,1.008323194371331,0.9167827777521934,0.9633762449725548,1.111517782903921,0.027641384574568353,-0.06367644581425427,-0.0026361799114466775,0.041373681667094625,0.12656865653439336,0.041373681667094625,False,False
712110,"Arts, entertainment & recreation",0.1614821346237165,3.0,24.0,24,-0.03195605639728725,23,0.03287718668483884,24,-0.04393646521284585,24,0.04362547492982021,23,0.9870546004098405,1.013916565083837,0.975024156388156,1.0240046781181666,-0.0006319502584181888,0.038267682790334025,0.0042013902312099255,-0.04156949993747853,-0.04393646521284585,0.0042013902312099255,True,False
311340,Manufacturing - food/textiles,0.1612139499521751,4.0,23.0,24,-0.05343249913656159,23,0.02325326840009938,24,-0.06685677757398678,24,0.09682482721395848,23,0.9765622029876689,0.9931550768713269,0.9632414139547857,1.0670413061862183,-0.02210839299769253,0.02864376450559456,-0.018718922129931002,0.011629852346659739,0.09682482721395848,0.011629852346659739,False,False
311911,Manufacturing - food/textiles,0.1608867040915032,4.0,23.0,24,-0.08684185777509774,23,-0.0026537841838951276,24,-0.05048045303415625,24,0.1387053785949271,23,0.9506818924518651,0.964080028955341,0.9827857338266074,1.1024523447661865,-0.055517751636228685,0.0027367119216000534,-0.0023425975901004703,0.05351040372762836,0.1387053785949271,0.05351040372762836,False,False
811490,Other services,0.1598248765013608,4.0,23.0,24,-0.09589315705378545,23,0.0419701931042348,24,-0.044766672930765646,24,0.09703665294452145,23,0.9394811125867806,1.0068750063229064,0.9903285138505628,1.0633153672397506,-0.0645690509149164,0.04736068920972998,0.003371182513290133,0.011841678077222709,0.09703665294452145,0.011841678077222709,False,False
424480,Wholesale trade,0.1588185486167942,4.0,23.0,24,-0.04877604950353949,23,-0.009520231115196906,24,-0.05194504058058985,24,0.1125162610104601,23,0.9751815182928693,0.9648919281222295,0.9736428001819837,1.0862837534029175,-0.01745194336467043,-0.004129735009701725,-0.0038071851365340734,0.027321286143161358,0.1125162610104601,0.027321286143161358,False,False
113110,"Agriculture, forestry, fishing",0.1585807006070639,4.0,23.0,24,0.1904336497447017,23,-0.117473988134372,24,-0.0669227904531537,24,-0.004778278537549979,23,1.157459030900003,0.9127047586812443,0.9028984627312301,1.0269377476875228,0.22175775588357077,-0.11208349202887682,-0.018784935009097926,-0.08997325340484871,-0.004778278537549979,-0.08997325340484871,True,True
523910,Finance & insurance,0.1583337517175912,4.0,21.0,24,0.10673218030508173,23,-0.13623431475079908,24,-0.1458706550920185,24,0.1725825584755173,23,1.1211147996192263,0.855513733424937,0.8623812967322456,1.1609901702235914,0.1380562864439508,-0.1308438186453039,-0.09773279964796272,0.08738758360821855,0.1725825584755173,0.08738758360821855,False,False
562119,Administrative & waste services,0.158056359032459,4.0,23.0,24,-0.09391021727158265,23,0.019035624849921617,24,-0.023814877652835173,24,0.09842716500302373,23,0.9358940162237251,0.9897286710402181,1.0054920761568682,1.0688852365791885,-0.06258611113271359,0.024426120955416797,0.024322977791220605,0.013232190135724992,0.09842716500302373,0.013232190135724992,False,False
523991,Finance & insurance,0.1576415851263659,4.0,22.0,24,0.2101751305984836,23,-0.13438257087487804,24,-0.10284966592332238,24,0.02583423953406167,23,1.1829374105849069,0.8923133440123169,0.8704544191894827,1.0542948262132936,0.24149923673735268,-0.12899207476938285,-0.054711810479266605,-0.059360735333237075,0.02583423953406167,-0.059360735333237075,False,True
488320,Transportation,0.1575755580179823,4.0,23.0,24,-0.02266013018278723,23,-0.0076379336797123875,24,-0.04310707811647843,24,0.07273058568959208,23,0.992679116453716,0.9755527457660335,0.9737022424377756,1.0580658953424749,0.00866397595608183,-0.0022474375742172065,0.005030777327577347,-0.012464389177706661,0.07273058568959208,-0.012464389177706661,False,True
921140,Public administration,0.1555799043230769,3.0,24.0,24,-0.03523050054078243,23,0.025326198647325496,24,-0.052910317355093696,24,0.06257393501625189,23,0.9880193270948506,1.0036958685605777,0.9687200127316541,1.0395647916129178,-0.003906394401913371,0.030716694752820677,-0.004772461911037917,-0.022621039851046854,-0.052910317355093696,-0.004772461911037917,True,True
114210,"Agriculture, forestry, fishing",0.1541535882493585,4.0,23.0,24,-0.07493773284246441,23,0.008798613017624607,24,-0.05669086211869478,24,0.12399192576788398,23,0.9569677438031743,0.9755575735791179,0.9765501773198121,1.090924505297896,-0.04361362670359535,0.014189109123119787,-0.008553006674639,0.03879695090058524,0.12399192576788398,0.03879695090058524,False,False
531320,Real estate,0.1528185178954075,4.0,23.0,24,-0.08771031188562532,23,0.011877354305107848,24,-0.05156639155808176,24,0.1300967723396067,23,0.9471199545283725,0.9770618752952047,0.9832490874518215,1.0925690827246015,-0.05638620574675626,0.01726785041060303,-0.003428536114025979,0.044901797472307964,0.1300967723396067,0.044901797472307964,False,False
512199,Information,0.1527947343148235,4.0,22.0,24,-0.1342063021362557,23,0.02949677655574434,24,-0.11606346276220436,24,0.21987673475483266,23,0.9322555010115593,0.9682274559721961,0.9452058578213439,1.1543111851949008,-0.10288219599738664,0.03488727266123952,-0.06792560731814859,0.13468175988753392,0.21987673475483266,0.13468175988753392,False,False
922160,Public administration,0.1517392416631048,4.0,23.0,24,-0.0376782479550667,23,0.007327045384926359,24,-0.01455503403394765,24,0.045743362780923544,23,0.9749940837577394,0.9941400619595236,0.9986319493914552,1.0322339048912819,-0.006354141816197638,0.012717541490421539,0.03358282141010813,-0.039451612086375196,0.045743362780923544,-0.039451612086375196,False,True
813110,Other services,0.151447112875814,3.0,24.0,24,-0.03632716266273562,23,0.015612966523399876,24,-0.062168546636126344,24,0.0832873108909475,23,0.9886914352090446,0.9911205960477059,0.9623238238395677,1.057864144903682,-0.00500305652386656,0.021003462628895058,-0.014030691192070566,-0.0019076639763512399,-0.062168546636126344,-0.014030691192070566,True,True
541910,Professional & technical services,0.1493160049981603,4.0,23.0,24,0.0011017649114707857,23,-0.03410962191309166,24,-0.07710358011589206,24,0.11220979734198228,23,1.0198617346525518,0.9468097629324616,0.9419770350385548,1.091351467376432,0.032425871050339845,-0.028719125807596477,-0.028965724671836286,0.027014822474683536,0.11220979734198228,0.027014822474683536,False,False
923110,Public administration,0.1488247926154814,2.0,24.0,24,-0.042130188856918875,23,0.011718312139635567,24,-0.0262387880927706,24,0.0561267002839372,23,0.9749154046951309,0.9946105176737556,0.9908690063731092,1.039605071258004,-0.010806082718049816,0.01710880824513075,0.02189906735128518,-0.029068274583361538,0.011718312139635567,0.01710880824513075,False,False
561599,Administrative & waste services,0.1479541906725964,3.0,24.0,24,0.04737896751377554,23,-0.03102880395386116,24,-0.05125729851860641,24,0.03716173257353425,23,1.0485713660526155,0.9680758852241419,0.9496380123033906,1.0337147364198522,0.07870307365264459,-0.02563830784836598,-0.003119443074550629,-0.04803324229376449,-0.05125729851860641,-0.003119443074550629,True,True
921110,Public administration,0.1474463107600762,3.0,24.0,24,-0.03352169976933466,23,0.014397304775833586,24,-0.021276182187972253,24,0.03946794375591938,23,0.9812509281091831,1.001055553416237,0.9920655691716241,1.0256279493029556,-0.002197593630465601,0.019787800881328768,0.026861673256083525,-0.04572703111137936,-0.021276182187972253,0.026861673256083525,True,False
813319,Other services,0.1471778676471456,3.0,24.0,24,-0.04217145570759964,23,0.00966702930569647,24,-0.05215427958282131,24,0.08472567302312424,23,0.9820133929058416,0.9862867337467033,0.9712260159761718,1.060473857371283,-0.010847349568730583,0.015057525411191652,-0.004016424138765531,-0.0004693018441744995,-0.05215427958282131,-0.004016424138765531,True,True
485320,Transportation,0.14707740241681,4.0,22.0,24,-0.08952418727807505,23,0.02695960180897307,24,-0.026835948669967538,24,0.08859407356686155,23,0.9400938859606996,0.9980455809058837,1.0020780722331217,1.0597824609002948,-0.058200081139205995,0.03235009791446825,0.02130190677408824,0.0033990986995628136,0.08859407356686155,0.0033990986995628136,False,False
531190,Real estate,0.1463783182465229,4.0,23.0,24,0.0933906648563897,23,-0.056380869626957646,24,-0.09500583492232789,24,0.062498690832683355,23,1.0911715064561696,0.9423410208843229,0.9062722745663915,1.0602151980931163,0.12471477099525875,-0.05099037352146246,-0.04686797947827211,-0.022696284034615384,0.062498690832683355,-0.022696284034615384,False,True
541219,Professional & technical services,0.1458747461664771,2.0,24.0,24,4.749652936374078e-05,23,-0.051593088743228176,24,-0.04176051179342438,24,0.09338208395920736,23,1.0095950298805487,0.9376850839524798,0.9689613155108674,1.083758570656104,0.0313716026682328,-0.04620259263773299,0.006377343650631397,0.008187109091908618,-0.051593088743228176,-0.04620259263773299,True,True
325314,Manufacturing - paper/chemicals,0.1458304731938963,2.0,24.0,24,0.0004749374209745054,23,-0.004662246827879912,24,-0.09953904402651738,24,0.10620311703987328,23,1.0234801005831715,0.9699847720243381,0.9258139371212645,1.080721190271226,0.031799043559843566,0.0007282492776152687,-0.0514011885824616,0.021008142172574545,-0.004662246827879912,0.0007282492776152687,True,False
327320,Manufacturing - paper/chemicals,0.1458062763213855,4.0,23.0,24,-0.20521621308316798,23,0.06578791238196692,24,-0.0005844584436315581,24,0.13854666866453713,23,0.8471014883613378,1.0146269223545357,1.0505765315837998,1.087695057700327,-0.1738921069442989,0.0711784084874621,0.04755339700042422,0.05335169379723839,0.13854666866453713,0.05335169379723839,False,False
336330,Manufacturing - metals/machinery,0.1448165697684885,4.0,23.0,24,-0.047038912489065894,23,-0.0029186176051466117,24,-0.04655380597461997,24,0.09739570687662068,23,0.9758294078878347,0.9735065830325915,0.9770209933876419,1.073643015691932,-0.015714806350196835,0.0024718785003485693,0.0015840494694358068,0.012200732009321938,0.09739570687662068,0.012200732009321938,False,False
541618,Professional & technical services,0.1437483244024398,4.0,23.0,24,-0.036130114277326895,23,-0.020681770294272723,24,-0.07698447310844635,24,0.13604491136155933,23,0.9910971028698974,0.9506891062928776,0.9516446503044033,1.106569140532822,-0.004806008138457836,-0.015291274188777543,-0.02884661766439057,0.05084993649426059,0.13604491136155933,0.05084993649426059,False,False
311212,Manufacturing - food/textiles,0.1429082961183663,4.0,23.0,24,-0.05105557668358358,23,0.004768772840028204,24,-0.03025258149103915,24,0.0683581691819663,23,0.9793465159134186,0.9878000843141547,0.9867161070348344,1.0461372927375925,-0.019731470544714518,0.010159268945523384,0.017885273953016628,-0.01683680568533244,0.0683581691819663,-0.01683680568533244,False,True
812922,Other services,0.1423916452079509,4.0,23.0,24,-0.1080123147949877,23,0.02417122436678373,24,-0.05381972472119672,24,0.13621048118860596,23,0.9321170222519205,0.9836036568770249,0.9867478427685619,1.0975314781024925,-0.07668820865611864,0.02956172047227891,-0.005681869277140941,0.05101550632130722,0.13621048118860596,0.05101550632130722,False,False
812910,Other services,0.1421740634372137,3.0,24.0,24,-0.07986474564175218,23,0.03130905339558795,24,-0.013788512171166339,24,0.062146124685743445,23,0.9440932787216273,1.0080773089124084,1.0094432323120133,1.0383861800539511,-0.04854063950288312,0.03669954950108313,0.03434934327288944,-0.023048850181555294,-0.013788512171166339,0.03434934327288944,True,False
212312,"Mining, quarrying, oil & gas",0.1421660052536924,4.0,23.0,24,-0.09217073192696333,23,0.03314291998648642,24,-0.018714109658147408,24,0.07733806266225382,23,0.9349690198447284,1.00522789004868,1.009200920279659,1.0506021698269326,-0.06084662578809427,0.038533416091981604,0.02942374578590837,-0.00785691220504492,0.07733806266225382,-0.00785691220504492,False,True
541613,Professional & technical services,0.1417998485675961,4.0,23.0,24,-0.01751061482792047,23,-0.02146448270071735,24,-0.06969132248327371,24,0.11029310899536805,23,1.0042945263573757,0.9567365852573166,0.9521076095586922,1.0868612788266152,0.01381349131094859,-0.01607398659522217,-0.021553467039217934,0.025098134128069313,0.11029310899536805,0.025098134128069313,False,False
311520,Manufacturing - food/textiles,0.1414570265524696,3.0,24.0,24,0.018558930868875178,23,0.0068211858192521735,24,-0.043686484335900645,24,0.0202518364908026,23,1.0239683567635376,1.0002484766284645,0.9628862248548872,1.0128969417531108,0.04988303700774424,0.012211681924747354,0.004451371108155133,-0.06494313837649614,-0.043686484335900645,0.004451371108155133,True,False
112420,"Agriculture, forestry, fishing",0.1412446167219851,4.0,23.0,24,-0.059166900566162035,23,0.02423728237000111,24,0.01853290747075671,24,0.01619318126694496,23,0.9463419797304261,1.0125289114370621,1.0302412784036956,1.010887830428816,-0.027842794427292976,0.02962777847549629,0.06667076291481248,-0.06900179360035377,0.01619318126694496,-0.06900179360035377,False,True
541611,Professional & technical services,0.1395605505483944,4.0,23.0,24,-0.043503614769982074,23,-0.024341389074289985,24,-0.09781245513572247,24,0.16849934411305817,23,0.9904208098202575,0.9398613958205551,0.9379847599694324,1.131733034389755,-0.012179508631113015,-0.018950892968794805,-0.04967459969166669,0.08330436924575943,0.16849934411305817,0.08330436924575943,False,False
512250,Information,0.1392590565875391,4.0,23.0,24,-0.04541764597487643,23,0.04954803020406573,24,-0.09270435725606267,24,0.0899253260297343,23,0.9889772776297917,1.0149723369953085,0.9418713359526943,1.0541790494222054,-0.01409353983600737,0.05493852630956091,-0.044566501812006894,0.004730351162435559,0.0899253260297343,0.004730351162435559,False,False
112920,"Agriculture, forestry, fishing",0.1391805075362189,4.0,23.0,24,-0.06683876153389401,23,-0.0031237883098237614,24,-0.02180648868250327,24,0.0940377345485796,23,0.9566169692725367,0.9751463718868539,0.9999233511208189,1.0683133077197904,-0.03551465539502495,0.0022667077956714196,0.026331366761552507,0.008842759681280857,0.0940377345485796,0.008842759681280857,False,False
524291,Finance & insurance,0.138739656083618,4.0,23.0,24,0.013086821607113998,23,-0.034063910391335814,24,-0.047933880565092006,24,0.07054058053481117,23,1.021616080965659,0.9571634897421865,0.9608387193013858,1.0603817099907689,0.044410927745983056,-0.028673414285840634,0.00020397487896377242,-0.014654394332487566,0.07054058053481117,-0.014654394332487566,False,True
722410,Accommodation & food services,0.1379190337477308,3.0,24.0,24,-0.04343950900342006,23,-0.0012873358570628008,24,0.0029359675508255725,24,0.041632271299014124,23,0.9672444632782646,0.988772807752634,1.0128758239411288,1.0311069050279726,-0.012115402864550998,0.00410316024843238,0.05107382299488135,-0.043562703568284615,0.0029359675508255725,0.05107382299488135,False,False
312230,Manufacturing - food/textiles,0.1372489633116389,1.0,23.0,24,0.2329767850349734,23,-0.1453726296123391,24,-0.096069235757359,24,0.016359308019560006,23,1.1895399909665474,0.8857842887907236,0.8727738458395783,1.0519018744031507,0.2643008911738425,-0.1399821335068439,-0.04793138031330322,-0.06883566684773873,0.2329767850349734,0.2643008911738425,False,False
458210,Retail trade - specialty,0.1363137088486127,3.0,24.0,24,-0.07183508603185781,23,0.0010454084486863034,24,0.011222589526933982,24,0.059636394587843776,23,0.9438653114474321,0.9860747087734749,1.0261932892021453,1.0438666905769476,-0.040510979892988755,0.006435904554181485,0.05936044497098976,-0.025558580279454964,0.011222589526933982,0.05936044497098976,False,False
541990,Professional & technical services,0.1355988212133324,4.0,23.0,24,-0.04231396057418167,23,-0.014069583773696779,24,-0.04209616619859027,24,0.09909945214563882,23,0.9791805019606379,0.9649585281469859,0.9788757218807271,1.076985248011649,-0.010989854435312613,-0.008679087668201597,0.006041689245465512,0.013904477278340086,0.09909945214563882,0.013904477278340086,False,False
112390,"Agriculture, forestry, fishing",0.1344980796722919,3.0,24.0,24,-0.10423563183890659,23,0.03758174406913515,24,-0.12188442893269796,24,0.18415260581626128,23,0.9535557188844472,0.9814721740530515,0.9342251410833856,1.1307469659791156,-0.07291152570003753,0.04297224017463033,-0.07374657348864219,0.09895763094896254,-0.12188442893269796,-0.07374657348864219,True,True
112120,"Agriculture, forestry, fishing",0.1331709827717592,4.0,23.0,24,-0.05651554839796825,23,0.015762673365502106,24,-0.023538646573441957,24,0.06420190873961187,23,0.9637281539817378,0.9958258425016009,0.9963981842904595,1.044047819226202,-0.025191442259099188,0.021153169470997286,0.02459920887061382,-0.020993066127686866,0.06420190873961187,-0.020993066127686866,False,True
324199,Manufacturing - paper/chemicals,0.1321311518442267,3.0,24.0,24,-0.02753733394618738,23,-0.05952574394405571,24,-0.10044568116508405,24,0.1865053728000553,23,1.000379606121088,0.9071188977079455,0.9329096771829146,1.159591818988052,0.0037867721926816804,-0.054135247838560524,-0.052307825721028274,0.10131039793275656,-0.10044568116508405,-0.052307825721028274,True,True
311352,Manufacturing - food/textiles,0.132012419212898,4.0,23.0,24,-0.09997561969635986,23,-0.0012956150874176332,24,-0.033441393665741774,24,0.13569386525481808,23,0.9327235741492285,0.965131778407078,1.0001312128397626,1.1020134346039308,-0.0686515135574908,0.004094881018077548,0.014696461778314004,0.05049889038751934,0.13569386525481808,0.05049889038751934,False,False
721110,Accommodation & food services,0.1318998372066499,3.0,24.0,24,0.0019278853762617718,23,-0.023717261302114153,24,0.010797653124303022,24,0.011567921149668797,23,0.9984380913661313,0.9793613201946973,1.0077190716274915,1.0144815168116799,0.03325199151513083,-0.018326765196618973,0.0589355085683588,-0.07362705371762994,0.010797653124303022,0.0589355085683588,False,False
485410,Transportation,0.130944425606318,2.0,24.0,24,-0.11840131625169285,23,0.1681348895729319,24,-0.2953778805954816,24,0.24474971831306902,23,0.9857917591259179,1.064939515749744,0.8078174932277064,1.141451231896632,-0.0870772101128238,0.1735253856784271,-0.24724002515142582,0.15955474344577028,0.1681348895729319,0.1735253856784271,False,False
722511,Accommodation & food services,0.130534333060207,3.0,24.0,24,-0.03500108200985921,23,-0.0047322403260300445,24,0.014569890119983336,24,0.025079094322836393,23,0.9702540829723635,0.9902090840380855,1.0196285657558677,1.0199082672336832,-0.003676975870990147,0.0006582557794651365,0.06270774556403912,-0.06011588054446235,0.014569890119983336,0.06270774556403912,False,False
561591,Administrative & waste services,0.1301504541395265,4.0,23.0,24,0.013777593808879865,23,-0.01807474928626079,24,-0.027283377464182246,24,0.029765512229709527,23,1.0190679308795936,0.9791867685188764,0.9754551047306806,1.0262901958708492,0.04510169994774892,-0.01268425318076561,0.020854477979873533,-0.055429462637589216,0.029765512229709527,-0.055429462637589216,False,True
611420,Educational services,0.1300747747113151,3.0,24.0,24,-0.03826958540178206,23,-0.0016005013094018185,24,-0.05545852841322646,24,0.09549854884731006,23,0.9850904443263504,0.9749434706616394,0.9679974996157323,1.071968585396278,-0.006945479262913001,0.0037899947960933628,-0.0073206729691706815,0.010303573980011319,-0.05545852841322646,-0.0073206729691706815,True,True
483111,Transportation,0.1297870487831311,4.0,23.0,24,0.03642278916679232,23,0.0006536061080112168,24,-0.1268308926295122,24,0.09680870424868601,23,1.0562388430964507,0.9771229229303241,0.896699790548175,1.0699384434250503,0.06774689530566139,0.0060441022135063974,-0.07869303718545642,0.011613729381387272,0.09680870424868601,0.011613729381387272,False,False
531390,Real estate,0.1297325074797808,4.0,23.0,24,0.05152249450392013,23,-0.06108053514610556,24,-0.09150989287803156,24,0.10109379663199208,23,1.062687589108382,0.9293120302640112,0.9180975417118514,1.089902838915755,0.08284660064278919,-0.05569003904061038,-0.04337203743397578,0.015898821764693344,0.10109379663199208,0.015898821764693344,False,False
811191,Other services,0.1286880150860135,3.0,24.0,24,-0.06174418507506123,23,-0.005247895808728924,24,-0.01795394861223878,24,0.0849979632075931,23,0.9584019476956072,0.9749014372190605,1.0018967183599718,1.0647998967253605,-0.03042007893619217,0.00014260029676625707,0.030183906831816997,-0.00019701165970563428,-0.01795394861223878,0.030183906831816997,True,False
237210,Construction,0.1286281695010894,4.0,23.0,24,-0.026277043542762023,23,-0.016573764043143428,24,-0.1179761260151863,24,0.16260125724965932,23,1.008087711475542,0.9467967644436417,0.9186533454980285,1.126462178582788,0.005047062596107037,-0.011183267937648247,-0.06983827057113051,0.07740628238236058,0.16260125724965932,0.07740628238236058,False,False
455110,Retail trade - specialty,0.1284070404155941,1.0,23.0,24,-0.11773377468837475,23,0.03683305064133883,24,-0.01599289518497987,24,0.09702162451152149,23,0.9173232177733363,1.003943158170791,1.0168969972855681,1.061836626770305,-0.08640966854950569,0.04222354674683401,0.03214496025907591,0.011826649644222753,-0.11773377468837475,-0.08640966854950569,True,True
532490,Real estate,0.1276498831968444,4.0,23.0,24,-0.022900264234931213,23,-0.009532567168344547,24,-0.039646142470121215,24,0.0717116076918327,23,0.9926980704481894,0.9748180754910115,0.9760032148705227,1.0564806391902766,0.008423841903937846,-0.004142071062849366,0.008491712973934563,-0.01348336717546604,0.0717116076918327,-0.01348336717546604,False,True
813920,Other services,0.1274091457320679,2.0,24.0,24,-0.018283013259236203,23,-0.011446124162550314,24,-0.023009689213775622,24,0.053034735662087835,23,0.9922100296871582,0.9782873226619108,0.9872568639617634,1.0422457836891679,0.013041092879632857,-0.006055628057055133,0.025128166230280156,-0.032160239205210904,-0.011446124162550314,-0.006055628057055133,True,True
562991,Administrative & waste services,0.1263178611921379,4.0,23.0,24,-0.12382727908859383,23,0.02583159109433172,24,-0.013649441930384953,24,0.11158651728769751,23,0.9109563628585748,0.9916005647370616,1.020581584426885,1.0768614879774785,-0.09250317294972477,0.0312220871998269,0.034488413513670824,0.026391542420398775,0.11158651728769751,0.026391542420398775,False,False
115210,"Agriculture, forestry, fishing",0.1251621884968601,4.0,23.0,24,-0.05442820351675544,23,0.006036180659300436,24,-0.0320488671749525,24,0.08199645722341885,23,0.9663889687191806,0.9841495478407097,0.9898377656436382,1.0596237177964716,-0.02310409737788638,0.011426676764795616,0.01608898826910328,-0.003198517643879892,0.08199645722341885,-0.003198517643879892,False,True
459920,Retail trade - specialty,0.1246799373718612,4.0,23.0,24,-0.12348867040836989,23,0.0029649949755333332,24,-0.05222171415948016,24,0.17364733385044043,23,0.9205793779925416,0.9590842162532205,0.9916590645628327,1.1286773411914053,-0.09216456426950083,0.008355491081028513,-0.004083858715424382,0.08845235898314169,0.17364733385044043,0.08845235898314169,False,False
541490,Professional & technical services,0.1235269461604419,4.0,23.0,24,-0.09352514254725758,23,-0.005131382104562511,24,-0.09215341621154267,24,0.19227816250450944,23,0.9543136404645228,0.9489220259797643,0.9537931757041305,1.1429711578515824,-0.06220103640838852,0.00025911400093267013,-0.044015560767486896,0.1070831876372107,0.19227816250450944,0.1070831876372107,False,False
813219,Other services,0.1231997231978933,3.0,24.0,24,-0.03749899905201962,23,0.004538338048537756,24,-0.02720611951779381,24,0.06063304156746723,23,0.9788773388696418,0.9884287444991537,0.9889034740315902,1.0437904425996143,-0.006174892913150563,0.009928834154032937,0.02093173592626197,-0.024561933299831508,-0.02720611951779381,0.02093173592626197,True,False
812199,Other services,0.1228049004618716,3.0,24.0,24,-0.02318958654929922,23,0.0002147168472300768,24,-0.02910417321761607,24,0.052223386760998684,23,0.9905018836303537,0.9873472869848093,0.9837632566448047,1.0383875727400322,0.00813451958956984,0.005605212952725258,0.019033682226439707,-0.032971588106300055,-0.02910417321761607,0.019033682226439707,True,False
921190,Public administration,0.1214757054005026,3.0,24.0,24,-0.03237399075694242,23,-0.0007490020469005654,24,-0.005735154683993067,24,0.03889138331459075,23,0.9773329211258406,0.9897835867670487,1.0037322565020579,1.0291512356050532,-0.0010498846180733573,0.004641494058594616,0.04240270076006271,-0.04630359155270799,-0.005735154683993067,0.04240270076006271,True,False
561740,Administrative & waste services,0.120955566448609,4.0,23.0,24,-0.14199834870243694,23,0.04618160661449037,24,-0.0194458753761628,24,0.11447004816550081,23,0.8991952934178008,1.0060980792950363,1.0206376519432911,1.0740689753438717,-0.11067424256356788,0.05157210271998555,0.02869198006789298,0.029275073298202073,0.11447004816550081,0.029275073298202073,False,False
541720,Professional & technical services,0.1208211213501877,3.0,24.0,24,-0.029736990318610834,23,-0.012484342464615708,24,-0.050650875742575575,24,0.09389266732886818,23,0.9908516545767636,0.967582583813447,0.9692821979793619,1.0722835636304275,0.001587115820258226,-0.007093846359120527,-0.002513020298519797,0.008697692461569442,-0.050650875742575575,-0.002513020298519797,True,True
611692,Educational services,0.1205549430640026,3.0,24.0,24,-0.08596370894131655,23,0.0343744827291443,24,0.027141022607951426,24,0.0231528139143315,23,0.9283060123567682,1.019523494384051,1.041992010953045,1.010178482306136,-0.05463960280244749,0.03976497883463948,0.0752788780520072,-0.06204216095296724,0.027141022607951426,0.0752788780520072,False,False
811310,Other services,0.1204093856872447,2.0,24.0,24,-0.06356626639003704,23,0.008773076781555936,24,-0.05373908055952453,24,0.10814635787908684,23,0.9661445863491677,0.9795749120447704,0.9754590841772611,1.078821417428801,-0.03224216025116798,0.014163572887051116,-0.005601225115468754,0.022951383011788104,0.008773076781555936,0.014163572887051116,False,False
458110,Retail trade - specialty,0.1202297476234993,1.0,23.0,24,-0.12365399738551065,23,0.039221592156140204,24,-0.0187385569652556,24,0.1034244030960592,23,0.9120802044256422,1.003668807976269,1.0168142272146155,1.0674367603834731,-0.0923298912466416,0.04461208826163539,0.029399298478800177,0.01822942822876046,-0.12365399738551065,-0.0923298912466416,True,True
459110,Retail trade - specialty,0.1194446649827595,3.0,24.0,24,-0.06396555223315169,23,0.01799188962305549,24,-0.03153710395318102,24,0.07772009321587442,23,0.9610373992432605,0.994491988053082,0.9919627976167925,1.0525078150868652,-0.03264144609428263,0.02338238572855067,0.01660075149087476,-0.00747488165142432,-0.03153710395318102,0.01660075149087476,True,False
485510,Transportation,0.1188547178439451,4.0,23.0,24,-0.11672556232323582,23,0.07787129623211124,24,-0.044435003760010285,24,0.08292417438111359,23,0.9233503660709088,1.037509750335744,0.9959265421363567,1.0432133414569904,-0.08540145618436676,0.08326179233760642,0.003702851684045494,-0.002270800486185151,0.08292417438111359,-0.002270800486185151,False,True
238310,Construction,0.11885451248464,4.0,23.0,24,-0.09267084999513679,23,0.003362848624575157,24,-0.034537525712796335,24,0.12527826662637817,23,0.9396453887353751,0.9717321362987681,0.9970931866130107,1.091529288352846,-0.06134674385626773,0.008753344730070337,0.013600329731259443,0.04008329175907943,0.12527826662637817,0.04008329175907943,False,False
813311,Other services,0.1185943959868507,3.0,24.0,24,-0.03734702536217563,23,0.00845470024171067,24,-0.02714561449532181,24,0.055885760734641333,23,0.9785629734092537,0.9922604865463546,0.9890485992000343,1.0401279408443573,-0.006022919223306569,0.013845196347205851,0.02099224094873397,-0.029309214132657406,-0.02714561449532181,0.02099224094873397,True,False
112990,"Agriculture, forestry, fishing",0.1175719556026862,4.0,23.0,24,-0.059860326988282246,23,0.006613712359063499,24,-0.06199848203801011,24,0.11778835538908021,23,0.9697454434486437,0.9758626994959414,0.9687525308251121,1.085639326230303,-0.028536220849413187,0.01200420846455868,-0.013860626593954331,0.03259338052178147,0.11778835538908021,0.03259338052178147,False,False
811192,Other services,0.1172291922790531,3.0,24.0,24,-0.0638582536635296,23,-0.0034856345047963914,24,0.0023758253698759383,24,0.06373461246423848,23,0.9526398618526493,0.9815195945693787,1.0173705962957007,1.0484699472822712,-0.03253414752466054,0.0019048616006987896,0.05051368081393172,-0.021460362403060262,0.0023758253698759383,0.05051368081393172,False,False
212210,"Mining, quarrying, oil & gas",0.1170861953244492,3.0,24.0,24,0.08525227026877888,23,-0.09748167193853091,24,0.0790806924207117,24,-0.07550231486378645,23,1.0438566265025901,0.9434974343692364,1.0381015861129443,0.974544353015229,0.11657637640764794,-0.09209117583303573,0.12721854786476747,-0.16069728973108519,0.0790806924207117,0.12721854786476747,False,False
311225,Manufacturing - food/textiles,0.1166760136547215,2.0,24.0,24,-0.05359250482152321,23,0.009755450284495842,24,-0.054343717246234775,24,0.09820192006426609,23,0.9749079571828482,0.9832768635967003,0.9721348694415607,1.0696803097788907,-0.02226839868265415,0.015145946389991023,-0.006205861802178997,0.013006945196967351,0.009755450284495842,0.015145946389991023,False,False
449129,Retail trade - general,0.1152731271026388,1.0,23.0,24,-0.15426937911006616,23,0.05000329899773868,24,-0.03758252775618062,24,0.1416581596954482,23,0.8938914631660814,1.0021062774677056,1.0103144937738524,1.0936877655923605,-0.1229452729711971,0.05539379510323386,0.010555327687875156,0.056463184828149465,-0.15426937911006616,-0.1229452729711971,True,True
327332,Manufacturing - paper/chemicals,0.1150630363708437,4.0,23.0,24,-0.11025915853018677,23,0.046034291213547164,24,-0.04529922126759097,24,0.11486742244462037,23,0.9227184512965466,1.0051740345565323,0.9955610353894238,1.0765464787574972,-0.0789350523913177,0.05142478731904235,0.0028386341764648076,0.029672447577321626,0.11486742244462037,0.029672447577321626,False,False
457110,Retail trade - specialty,0.114819535642027,3.0,24.0,24,-0.04974297691232479,23,0.0072149005837924786,24,-0.02196138433096147,24,0.06453106817873308,23,0.9687578226225707,0.9894803800143289,0.995773136238502,1.045988661124598,-0.018418870773455734,0.01260539668928766,0.026176471113094308,-0.02066390668856566,-0.02196138433096147,0.026176471113094308,True,False
512230,Information,0.1146546409964035,4.0,23.0,24,-0.07671841105648858,23,0.0291161613499407,24,-0.11155557058817868,24,0.15417372421996361,23,0.9671552727757887,0.9809827287458107,0.9365778620159513,1.115284136462449,-0.04539430491761952,0.03450665745543588,-0.0634177151441229,0.06897874935266488,0.15417372421996361,0.06897874935266488,False,False
923130,Public administration,0.1142010528351602,3.0,24.0,24,-0.03279541207745136,23,-0.009771260835537268,24,0.008576570095446467,24,0.0342243653989706,23,0.9728167808492834,0.9840265228127061,1.0147787864472033,1.0283779098908075,-0.0014713059385823013,-0.004380764730042087,0.05671442553950225,-0.05097060946832814,0.008576570095446467,0.05671442553950225,False,False
444110,Retail trade - general,0.1136838942291571,3.0,24.0,24,0.05529078641551881,23,-0.04569795894281495,24,-0.009717962475399938,24,0.0010606337650322494,23,1.0424771127209882,0.9652217578057144,0.9793623207760707,1.0129388086972266,0.08661489255438787,-0.040307462837319764,0.03841989296865584,-0.08413434110226649,-0.009717962475399938,0.03841989296865584,True,False
238350,Construction,0.113594661182714,4.0,23.0,24,-0.11137904937561555,23,0.025402484730371298,24,-0.037942947279709004,24,0.12333355046793168,23,0.9264384216049137,0.9882343095054394,0.9992252279452227,1.086102040944424,-0.08005494323674649,0.030792980835866478,0.010194908164346775,0.03813857560063294,0.12333355046793168,0.03813857560063294,False,False
213115,"Mining, quarrying, oil & gas",0.1132530905932343,4.0,23.0,24,-0.09398855744022006,23,0.04044434670503535,24,-0.06514089551061664,24,0.12442516842669418,23,0.9490385020562631,1.0017435488869175,0.9735599023075011,1.0756580467493182,-0.062664451301351,0.04583484281053053,-0.017003040066560858,0.03923019355939544,0.12442516842669418,0.03923019355939544,False,False
541340,Professional & technical services,0.1125865591702579,4.0,23.0,24,-0.09967151613766528,23,0.015270266124909943,24,-0.07925326121420033,24,0.16330058490752766,23,0.9453003421356913,0.9706192930987404,0.9653977118119693,1.1186826529535991,-0.06834740999879622,0.020660762230405125,-0.03111540577014455,0.07810561004022892,0.16330058490752766,0.07810561004022892,False,False
624310,Health care & social assistance,0.1125436918392734,3.0,24.0,24,-0.04680921881705332,23,0.006899862183834519,24,-0.016364603139294904,24,0.055838570029042855,23,0.9695919408708192,0.9913089747610093,0.9992262842835302,1.0398728000846411,-0.015485112678184261,0.0122903582893297,0.03177325230476087,-0.029356404838255884,-0.016364603139294904,0.03177325230476087,True,False
236116,Construction,0.1117652747465128,4.0,23.0,24,-0.09178608862846321,23,-0.013603054770619039,24,-0.0718598886118619,24,0.17786393609707585,23,0.9482932098234471,0.9452080522999093,0.9693290043176096,1.1371697335590338,-0.060461982489594154,-0.008212558665123857,-0.023722033167806127,0.09266896122977711,0.17786393609707585,0.09266896122977711,False,False
337127,Manufacturing - metals/machinery,0.1116607364462698,3.0,24.0,24,-0.0995800366340199,23,0.018731994860680595,24,-0.07441991895498973,24,0.15548916219390368,23,0.944790348362476,0.9755221379965094,0.9687899379091816,1.1108975757318331,-0.06825593049515084,0.024122490966175775,-0.02628206351093395,0.07029418732660495,-0.07441991895498973,-0.02628206351093395,True,True
624230,Health care & social assistance,0.1113648754069338,4.0,23.0,24,-0.05110461182322491,23,0.0018638913906116928,24,-0.019405560378075292,24,0.06818250096226543,23,0.9660526381773403,0.9840795839903667,0.9983787470221697,1.0514890308101232,-0.019780505684355854,0.007254387496106874,0.028732295065980486,-0.017012473905033312,0.06818250096226543,-0.017012473905033312,False,True
925120,Public administration,0.1099489392209894,3.0,24.0,24,-0.03569950145000677,23,0.011685539917868545,24,-0.02699425740237231,24,0.051524945921631905,23,0.9803119669000632,0.9961247764170987,0.9885665060983975,1.0349967505844406,-0.00437539531113771,0.017076036023363727,0.02114359804168347,-0.033670028945666834,-0.02699425740237231,0.02114359804168347,True,False
445131,Retail trade - general,0.1095460620455786,3.0,24.0,24,-0.04182820763693736,23,0.011386210973756047,24,-0.016144505373661033,24,0.04564397788247599,23,0.9743192271588562,0.9974444515688212,0.997797254031274,1.0304390672410488,-0.010504101498068304,0.01677670707925123,0.03199335007039475,-0.03955099698482275,-0.016144505373661033,0.03199335007039475,True,False
611519,Educational services,0.1087347735529936,2.0,24.0,24,-0.052481364499243656,23,0.013871078004070383,24,-0.051835116313884294,24,0.09082838589836016,23,0.9733159677352399,0.9876980284778556,0.9743379332123304,1.064648070574574,-0.021157258360374596,0.019261574109565565,-0.0036972608698285156,0.005633411031061422,0.013871078004070383,0.019261574109565565,False,False
541430,Professional & technical services,0.1084761245229517,4.0,23.0,24,-0.08697297677903269,23,0.0102267135660533,24,-0.07582604087033484,24,0.15368475974539988,23,0.953452195576873,0.9694354318015662,0.9649652408941525,1.1121471317274085,-0.055648870640163633,0.01561720967154848,-0.027688185426279065,0.06848978487810115,0.15368475974539988,0.06848978487810115,False,False
445298,Retail trade - general,0.1078102061021661,3.0,24.0,24,-0.07754993124863481,23,0.02288532357641013,24,-0.037919737752125364,24,0.0915733917107134,23,0.953171530146686,0.9946359210412637,0.990329664783021,1.0618628840290292,-0.04622582510976575,0.02827581968190531,0.010218117691930415,0.006378416843414655,-0.037919737752125364,0.010218117691930415,True,False
236220,Construction,0.1075729464138883,4.0,23.0,24,-0.08998232746597816,23,-0.003995496014244417,24,-0.085080375794912,24,0.17817826879493098,23,0.953282270545231,0.9520718022358619,0.9588523259549818,1.1357936012639256,-0.0586582213271091,0.0013950000912507643,-0.03694252035085622,0.09298329392763224,0.17817826879493098,0.09298329392763224,False,False
485111,Transportation,0.1043884862205199,1.0,23.0,24,-0.04770431428516663,23,0.01278191545209898,24,-0.02318119829579454,24,0.058437902273224276,23,0.9713476903000579,0.99550407945352,0.9940966377027843,1.0390515925436379,-0.01638020814629757,0.01817241155759416,0.024956657148261237,-0.026757072594074463,-0.04770431428516663,-0.01638020814629757,True,True
459930,Retail trade - specialty,0.1042643363807158,4.0,23.0,24,-0.10211806077780494,23,0.00494051089610117,24,-0.020096193356406337,24,0.11646891493369925,23,0.9292381353120472,0.9746544915479814,1.0101898259917135,1.085917547148258,-0.07079395463893588,0.010331007001596351,0.02804166208764944,0.03127394006640051,0.11646891493369925,0.03127394006640051,False,False
522310,Finance & insurance,0.1041055272071525,4.0,23.0,24,-0.06449642404839527,23,-0.005841531569682913,24,-0.022962074311121513,24,0.09677365342174324,23,0.9576814787767368,0.9723982699188555,0.9987981242003401,1.0711221271040676,-0.03317231790952621,-0.0004510354641877323,0.025175781132934266,0.0115786785544445,0.09677365342174324,0.0115786785544445,False,False
458310,Retail trade - specialty,0.1032739235662591,1.0,23.0,24,-0.07351875070003447,23,0.005610120727264865,24,-0.05640523095196684,24,0.12261846574441959,23,0.9600815296676788,0.9735022202991687,0.9757026694761293,1.0907135805570232,-0.04219464456116541,0.011000616832760046,-0.00826737550791106,0.03742349087712085,-0.07351875070003447,-0.04219464456116541,True,True
621399,Health care & social assistance,0.1027035924405796,4.0,23.0,24,-0.06423396330553129,23,0.006010129780149656,24,-0.04321531077756028,24,0.1015804856286128,23,0.9636941342724926,0.979503070945127,0.9832917480574622,1.0735110467249178,-0.032909857166662226,0.011400625885644836,0.004922544666495499,0.01638551076131406,0.1015804856286128,0.01638551076131406,False,False
238340,Construction,0.101328241366917,4.0,23.0,24,-0.11407706373706988,23,0.02591478815900369,24,-0.043214368497845566,24,0.13026022937589787,23,0.9265764151029839,0.9870354703607164,0.9956649493004416,1.0907231652358578,-0.08275295759820082,0.03130528426449887,0.004923486946210212,0.045065254508599134,0.13026022937589787,0.045065254508599134,False,False
424990,Wholesale trade,0.1012682265237551,4.0,23.0,24,-0.04681340195745978,23,-0.007079199817108153,24,-0.08744973843739923,24,0.14229250001778834,23,0.9864711206330424,0.959261260914773,0.9462098008307197,1.1080578176214653,-0.015489295818590723,-0.0016887037116129723,-0.03931188299334345,0.0570975251504896,0.14229250001778834,0.0570975251504896,False,False
561611,Administrative & waste services,0.1009777671232286,4.0,23.0,24,-0.03417830223553696,23,-0.012437460102133749,24,-0.024902550734056592,24,0.0737530027342842,23,0.9794747762608385,0.9724199484067935,0.9902400407570161,1.0578652345753519,-0.002854196096667899,-0.0070469639966385675,0.023235304709999186,-0.011441972133014539,0.0737530027342842,-0.011441972133014539,False,True
624210,Health care & social assistance,0.1006372462031556,3.0,24.0,24,-0.058906571021132545,23,0.01225692753718062,24,-0.0333705198440327,24,0.07972589911505853,23,0.9644837227401784,0.9892946618358959,0.989591745857252,1.0566298695666736,-0.027582464882263485,0.0176474236426758,0.01476733560002308,-0.0054690757522402045,-0.0333705198440327,0.01476733560002308,True,False
488991,Transportation,0.0996556456301978,4.0,23.0,24,-0.09588834976462444,23,0.023927534281196507,24,-0.048754636260320526,24,0.11978599934698225,23,0.9409200548550528,0.987982673812774,0.987190224208102,1.083907047124071,-0.06456424362575539,0.029318030386691687,-0.0006167808162647476,0.03459102447968351,0.11978599934698225,0.03459102447968351,False,False
562212,Administrative & waste services,0.0992559434159751,4.0,23.0,24,-0.014950709922205607,23,-0.0102099503385396,24,-0.02400689148597163,24,0.04895288054867821,23,0.9941773477932011,0.9798468684305369,0.9859362897449518,1.0400394940313102,0.016373396216663453,-0.004819454233044419,0.02413096395808415,-0.03624209431862053,0.04895288054867821,-0.03624209431862053,False,True
325315,Manufacturing - paper/chemicals,0.0992082848956426,2.0,24.0,24,-0.06287279362166047,23,0.05282215102543674,24,-0.08962049804434917,24,0.10090628838953011,23,0.9726301866050197,1.0138253805456603,0.9493762724354274,1.0641681604138926,-0.03154868748279141,0.058212647130931924,-0.04148264260029339,0.015711313522231374,0.05282215102543674,0.058212647130931924,False,False
491110,Warehousing & couriers,0.0990075745063316,4.0,23.0,24,-0.09569751306181837,23,0.016152726214465323,24,-0.045121768435094696,24,0.1264641705174717,23,0.9357839339171693,0.9797067813751568,0.9913241764042137,1.0931851083034598,-0.06437340692294931,0.021543222319960503,0.0030160870089610825,0.04126919565017295,0.1264641705174717,0.04126919565017295,False,False
561710,Administrative & waste services,0.0988510794255522,4.0,23.0,24,-0.08512466278031681,23,0.046773374978273184,24,-0.015097825116772753,24,0.052785105036305756,23,0.9402518913383923,1.0218247303854797,1.0098508194760207,1.0280725588001074,-0.053800556641447755,0.05216387108376837,0.033040030327283025,-0.032409869830992984,0.052785105036305756,-0.032409869830992984,False,True
445292,Retail trade - general,0.0982574836572856,4.0,23.0,24,-0.14732253812954307,23,0.039625713756148866,24,-0.036184869378312494,24,0.14431842573282463,23,0.8992824701125683,0.9939915806675673,1.0094492637102688,1.0972766855095955,-0.11599843199067401,0.04501620986164405,0.011952986065743285,0.059123450865525895,0.14431842573282463,0.059123450865525895,False,False
924110,Public administration,0.0981908850759299,4.0,23.0,24,-0.029639246543343684,23,0.00767180682469705,24,-0.011726009633814122,24,0.035505432857456054,23,0.9808088102895599,0.9973660737099457,0.9985797234809373,1.023245392519557,0.001684859595525376,0.01306230293019223,0.03641184581024166,-0.049689542009842685,0.035505432857456054,-0.049689542009842685,False,True
315210,Manufacturing - food/textiles,0.0977203043143405,4.0,23.0,24,-0.06102171469415812,23,0.015792584308923708,24,-0.05501506305065514,24,0.09876361567886639,23,0.967910497701971,0.9867577291926958,0.974019792065573,1.0713119810397604,-0.029697608555289058,0.021183080414418888,-0.006877207606599364,0.013568640811567653,0.09876361567886639,0.013568640811567653,False,False
113310,"Agriculture, forestry, fishing",0.09753401445643,4.0,23.0,24,-0.10961184544787299,23,-0.02961564095552417,24,-0.015156995267265402,24,0.15688567072988352,23,0.9208795727474178,0.9389585515378599,1.0162688122393504,1.1238930634753717,-0.07828773930900393,-0.02422514485002899,0.032980860176790375,0.07169069586258478,0.15688567072988352,0.07169069586258478,False,False
441210,Retail trade - general,0.097404872062961,4.0,23.0,24,-0.1697510179668342,23,0.08677023503611869,24,-0.00885257978813476,24,0.0925336612367319,23,0.8771174103809093,1.0428585119003768,1.035059143347607,1.0449649343711067,-0.13842691182796513,0.09216073114161387,0.03928527565592102,0.007338686369433162,0.0925336612367319,0.007338686369433162,False,False
236117,Construction,0.0971016684974878,4.0,23.0,24,0.012039437095364832,23,-0.02286970310180775,24,-0.07440596818170396,24,0.08771241511096128,23,1.0239987274097613,0.9603278833075447,0.9423964454089436,1.0732769438737504,0.043363543234233894,-0.01747920699631257,-0.026268112737648182,0.0025174402436625443,0.08771241511096128,0.0025174402436625443,False,False
624190,Health care & social assistance,0.096784846028946,3.0,24.0,24,-0.04181337147196031,23,0.007983697971930987,24,-0.029961139535633327,24,0.06367296671539849,23,0.976423004627906,0.9901376530026885,0.9878849054336091,1.0455544369357963,-0.010489265333091254,0.013374194077426169,0.01817671590842245,-0.02152200815190025,-0.029961139535633327,0.01817671590842245,True,False
523999,Finance & insurance,0.0967572253392811,4.0,23.0,24,0.17918447756924039,23,-0.1380112467625715,24,-0.05400599227210894,24,0.01436637667017424,23,1.1449557240984278,0.8923053305128681,0.9156774304524514,1.0470615149362528,0.21050858370810943,-0.13262075065707632,-0.005868136828053164,-0.0708285981971245,0.01436637667017424,-0.0708285981971245,False,True
621999,Health care & social assistance,0.096046216423973,4.0,23.0,24,-0.019748483050142627,23,-0.007945289108119697,24,-0.024498481880332754,24,0.052515405312459885,23,0.9918809264006403,0.9811821923986495,0.9863740366128981,1.040562844587812,0.011575623088726433,-0.0025547930026245157,0.023639373563723025,-0.032679569554838854,0.052515405312459885,-0.032679569554838854,False,True
321215,Manufacturing - paper/chemicals,0.0954890714285742,3.0,24.0,24,-0.09532376450197663,23,0.006781829342588322,24,-0.024385511219008976,24,0.11065345755230228,23,0.9353914683569182,0.9771171483885581,1.0052791697350212,1.0822122135195025,-0.06399965836310757,0.012172325448083502,0.023752344225046802,0.025458482685003544,-0.024385511219008976,0.023752344225046802,True,False
486990,Transportation,0.095484901759197,4.0,23.0,24,0.1311963275801364,23,-0.06321774303462399,24,-0.045661615850040776,24,-0.01813990752530027,23,1.1046868169606376,0.9564573240022417,0.9346633171130936,1.004192541924027,0.16252043371900549,-0.05782724692912881,0.002476239594015002,-0.10333488239259901,-0.01813990752530027,-0.10333488239259901,True,True
311941,Manufacturing - food/textiles,0.0949996557965419,4.0,23.0,24,-0.042202641341911006,23,0.008842964708013087,24,-0.04856907021939045,24,0.07969449746384487,23,0.9858597789821091,0.9879398676289193,0.9723340268597033,1.053866326529268,-0.010878535203041946,0.014233460813508268,-0.0004312147753346707,-0.005500477403453871,0.07969449746384487,-0.005500477403453871,False,True
541360,Professional & technical services,0.0942414876424102,4.0,23.0,24,-0.07237265919646782,23,0.0045678192582710815,24,-0.058776666476693384,24,0.12766458204112324,23,0.9599846957326369,0.9716371623435855,0.974153990437992,1.0942241514857853,-0.04104855305759876,0.009958315363766262,-0.010638811032637606,0.0424696071738245,0.12766458204112324,0.0424696071738245,False,False
457120,Retail trade - specialty,0.0938397180324226,3.0,24.0,24,-0.05404162382970022,23,0.005901597007852953,24,-0.02472841199133327,24,0.0733194091774803,23,0.9664005388055449,0.98645897261259,0.9947142124039295,1.0524262761779353,-0.022717517690831163,0.011292093113348134,0.023409443452722507,-0.011875565689818443,-0.02472841199133327,0.023409443452722507,True,False
551112,Management of companies,0.0934283423270242,4.0,23.0,24,0.2900091471089257,23,-0.17253870588653353,24,-0.1273580670720381,24,0.01270289445905537,23,1.2479385908849345,0.8676548020510987,0.8324484249903298,1.051958182073637,0.32133325324779477,-0.16714820978103834,-0.07922021162798232,-0.07249208040824337,0.01270289445905537,-0.07249208040824337,False,True
311613,Manufacturing - food/textiles,0.0933005989435638,4.0,23.0,24,-0.019031959082166004,23,0.00034416858769352004,24,-0.052145273134572706,24,0.07016700165142244,23,0.9979710936704658,0.9822861087663245,0.9659127866867964,1.0538300108764134,0.012292147056703055,0.005734664693188701,-0.004007417690516928,-0.015027973215876303,0.07016700165142244,-0.015027973215876303,False,True
484110,Transportation,0.093083693211389,4.0,23.0,24,-0.09756594293939387,23,0.01701630953073142,24,-0.021595369912220472,24,0.1022134821145241,23,0.9325223180644094,0.9873252922481277,1.0080956473703833,1.0720567423170797,-0.06624183680052481,0.0224068056362266,0.026542485531835306,0.017018507247225367,0.1022134821145241,0.017018507247225367,False,False
423320,Wholesale trade,0.0930722151756591,4.0,23.0,24,-0.07329682305111583,23,0.010893832217583943,24,-0.05245827128415414,24,0.11557102091921574,23,0.9575962505571266,0.9792731586419081,0.9791624022915216,1.0839681885094437,-0.04197271691224677,0.016284328323079123,-0.00432041584009836,0.030376046051917002,0.11557102091921574,0.030376046051917002,False,False
441227,Retail trade - general,0.0930402757904023,3.0,24.0,24,-0.11981527116064221,23,0.06391273093654515,24,-0.022489911351877015,24,0.0778877091138012,23,0.9167366738751709,1.0286616517776432,1.0127611678070252,1.041840506540161,-0.08849116502177315,0.06930322704204032,0.025647944092178764,-0.0073072657534975355,-0.022489911351877015,0.025647944092178764,True,False
444230,Retail trade - general,0.0929496255456274,3.0,24.0,24,-0.06013935917188772,23,0.04138909252914113,24,-0.06927789588693219,24,0.08163967326731857,23,0.9831525805424205,1.0126806540809705,0.9594305425612384,1.0447362228153707,-0.028815253033018663,0.04677958863463631,-0.021140040442876408,-0.0035553015999801735,-0.06927789588693219,-0.021140040442876408,True,True
541930,Professional & technical services,0.0926659317329028,4.0,23.0,24,-0.08542293899095676,23,0.003994501537475298,24,-0.06155540601338546,24,0.14412796940802688,23,0.9508986734347676,0.9671089240112692,0.9753301715128204,1.1066622310411427,-0.054098832852087705,0.009384997642970478,-0.013417550569329681,0.058932994540728145,0.14412796940802688,0.058932994540728145,False,False
621330,Health care & social assistance,0.0917569199370585,4.0,23.0,24,-0.09320693235252206,23,0.026257747489713542,24,-0.05857185405888434,24,0.12543182358755367,23,0.9450211845649846,0.9884075243250804,0.9792783691057488,1.0872929220041863,-0.061882826213653,0.03164824359520872,-0.010433998614828563,0.04023684872025493,0.12543182358755367,0.04023684872025493,False,False
213111,"Mining, quarrying, oil & gas",0.0916644957932978,4.0,23.0,24,-0.07384202742847465,23,0.0017056704675574297,24,-0.024926610725262612,24,0.09937349699950791,23,0.9481432221316393,0.9761112076030164,1.0006678521392784,1.0750777181260658,-0.04251792128960559,0.007096166573052611,0.023211244718793166,0.014178522132209173,0.09937349699950791,0.014178522132209173,False,False
541940,Professional & technical services,0.0899091895243855,3.0,24.0,24,-0.10762625028472492,23,0.019988375831628463,24,-0.035373466567930216,24,0.12424276057225468,23,0.9287638708254463,0.9844518439174671,1.0001630653462312,1.0866212199108556,-0.07630214414585586,0.025378871937123643,0.012764388876125562,0.03904778570495594,-0.035373466567930216,0.012764388876125562,True,False
482111,Transportation,0.0898840845256765,1.0,23.0,24,0.004505884211766058,23,-0.028513697809743405,24,-0.06023734700307104,24,0.06069086362855537,23,1.0526199351024017,0.9689471648900335,0.9423017902971521,1.0361311097104127,0.03582999035063512,-0.023123201704248225,-0.012099491559015262,-0.024504111238743367,0.004505884211766058,0.03582999035063512,False,False
336214,Manufacturing - metals/machinery,0.089596371266977,3.0,24.0,24,-0.08862063977707861,23,0.04097839685366398,24,-0.061269470554727735,24,0.10739646153644372,23,0.9510140607650509,1.0042265935904384,0.9754823327084979,1.069277012936013,-0.05729653363820955,0.046368892959159164,-0.013131615110671957,0.022201486669144982,-0.061269470554727735,-0.013131615110671957,True,True
611410,Educational services,0.0895614756526118,4.0,23.0,24,-0.05225058797224785,23,-0.017269065315271923,24,-0.001117508908743306,24,0.06935358811166774,23,0.9615946361533606,0.9695566437662672,1.0120567820097175,1.0567919380706545,-0.020926481833378793,-0.011878569209776743,0.04702034653531247,-0.015841386755631,0.06935358811166774,-0.015841386755631,False,True
238390,Construction,0.0894489753397817,4.0,23.0,24,-0.1304236667941259,23,0.03156539411619184,24,-0.03492383313851185,24,0.133203347165131,23,0.9110258608564514,0.9902660700221717,1.0063754909555083,1.0923325781658686,-0.09909956065525684,0.03695589022168702,0.01321402230554393,0.04800837229783225,0.133203347165131,0.04800837229783225,False,False
561492,Administrative & waste services,0.089186368415789,4.0,23.0,24,-0.08335276319633757,23,0.00728717421403131,24,-0.050548251666722076,24,0.12923737432938856,23,0.9507358980680033,0.974016389681125,0.9827225328661843,1.0925251793846875,-0.05202865705746851,0.01267767031952649,-0.0024103962226662973,0.04404239946208982,0.12923737432938856,0.04404239946208982,False,False
621112,Health care & social assistance,0.0889532748508887,4.0,23.0,24,-0.12875842171293145,23,0.017311046342203474,24,-0.06588952512956009,24,0.1801132412644273,23,0.9200318256581562,0.9686918131850688,0.9827297080275746,1.1285466531292005,-0.09743431557406239,0.022701542447698654,-0.01775166968550431,0.09491826639712855,0.1801132412644273,0.09491826639712855,False,False
444140,Retail trade - general,0.0888107323147762,3.0,24.0,24,-0.0822434569317386,23,0.016580927668379274,24,-0.04746401686220971,24,0.11382445533989047,23,0.9505437438077178,0.9842741699835486,0.9848427408226209,1.0803393453861128,-0.050919350792869536,0.021971423773874454,0.0006738385818460674,0.02862948047259173,-0.04746401686220971,0.0006738385818460674,True,False
523210,Finance & insurance,0.0886174126598189,3.0,24.0,24,0.31098359951652055,23,-0.19582575829235016,24,-0.07398615633672884,24,-0.04103681419865936,23,1.2448481013766846,0.8611282233876351,0.869059861983286,1.0249638132523944,0.3423077056553896,-0.19043526218685497,-0.025848300892673058,-0.1262317890659581,-0.07398615633672884,-0.025848300892673058,True,True
813212,Other services,0.0884926105214049,3.0,24.0,24,-0.040499962617399576,23,0.001133930738247015,24,-0.026705039427441176,24,0.0655429166215515,23,0.9767728799152611,0.9844898775675204,0.9899390137432856,1.048798228773933,-0.009175856478530517,0.006524426843742196,0.021432816016614602,-0.019652058245747242,-0.026705039427441176,0.021432816016614602,True,False
425120,Wholesale trade,0.0883603236658783,4.0,23.0,24,0.018866102626048042,23,-0.039380387034108115,24,-0.05251723555016868,24,0.07372521222863507,23,1.0264928341356978,0.9519448124944017,0.9561575649213214,1.065404788448579,0.0501902087649171,-0.03398989092861293,-0.004379380106112898,-0.011469762638663672,0.07372521222863507,-0.011469762638663672,False,True
459510,Retail trade - specialty,0.087953412065586,3.0,24.0,24,-0.059423823190812144,23,-0.004803283381443618,24,-0.023311712976478948,24,0.08908542807315707,23,0.9608998124160427,0.9743927497650775,0.9974922538769998,1.0672151839418798,-0.028099717051943085,0.0005872127240515628,0.02482614246757683,0.0038904532058583324,-0.023311712976478948,0.02482614246757683,True,False
513191,Information,0.0865281111018719,4.0,23.0,24,-0.024341863393370584,23,-0.010130983176990719,24,-0.08561285119671169,24,0.11890724678945581,23,1.0021420752850587,0.9620454248524583,0.9422107407738393,1.0936017590886438,0.006982242745498475,-0.004740487071495538,-0.037474995752655914,0.033712271922157075,0.11890724678945581,0.033712271922157075,False,False
561510,Administrative & waste services,0.0864409826736258,4.0,23.0,24,0.024348969776085645,23,-0.03969315700771126,24,-0.031440571403342464,24,0.048239252812026075,23,1.0245765773431221,0.9580188449722152,0.970847426616731,1.0465571510679317,0.055673075914954705,-0.03430266090221608,0.016697284040713314,-0.036955722055272665,0.048239252812026075,-0.036955722055272665,False,True
523940,Finance & insurance,0.0862085586307645,4.0,23.0,24,0.16176822425509876,23,-0.1817513872884067,24,-0.19419918695327584,24,0.2204710103966352,23,1.1654416220308708,0.8086627577374582,0.8153866680208592,1.2105089522108117,0.19309233039396784,-0.1763608911829115,-0.14606133150922007,0.13527603552933645,0.2204710103966352,0.13527603552933645,False,False
455219,Retail trade - specialty,0.0860447425969225,4.0,23.0,24,-0.0798542907910888,23,0.03340819993579577,24,-0.03404957794754453,24,0.08066459442301353,23,0.9485581546015318,1.0049110588204584,0.994447563167793,1.0520832234102169,-0.04853018465221974,0.03879869604129095,0.014088277496511245,-0.004530380444285206,0.08066459442301353,-0.004530380444285206,False,True
926130,Public administration,0.0859303322018043,3.0,24.0,24,-0.028366086366582898,23,0.01588026928062743,24,-0.02868289628703709,24,0.04142128384300296,23,0.986620168009253,1.0018593598546994,0.985338013138891,1.0261824589971564,0.0029580197722861613,0.02127076538612261,0.019454959157018687,-0.04377369102429578,-0.02868289628703709,0.019454959157018687,True,False
531311,Real estate,0.0859006462317289,3.0,24.0,24,-0.0395700287862969,23,-0.007381096176894105,24,-0.04370876952704857,24,0.09048812063973294,23,0.9817527935175562,0.9719669118199418,0.9769432224761155,1.0693370721863866,-0.008245922647427843,-0.0019906000713989236,0.0044290859170072056,0.005293145772434199,-0.04370876952704857,0.0044290859170072056,True,False
531110,Real estate,0.0858091478725083,3.0,24.0,24,-0.026036190177934807,23,-0.008203685670098965,24,-0.039138151992455614,24,0.07378746580798483,23,0.989825797112312,0.9753588627031865,0.9772992996342588,1.0575160405502426,0.005287915960934253,-0.0028131895646037837,0.008999703451600165,-0.011407509059313911,-0.039138151992455614,0.008999703451600165,True,False
112112,"Agriculture, forestry, fishing",0.0855701733922843,4.0,23.0,24,-0.05140221774381291,23,-0.030152314458553653,24,-0.07574125153777517,24,0.15663918748974187,23,0.9813314381315018,0.9383777477393552,0.9557286862643161,1.124562127864827,-0.020078111604943848,-0.024761818353058473,-0.02760339609371939,0.07144421262244313,0.15663918748974187,0.07144421262244313,False,False
541620,Professional & technical services,0.0855185749006318,4.0,23.0,24,-0.09305281565393467,23,0.013058613796720098,24,-0.07773667406320604,24,0.15876960558198044,23,0.9497644935883512,0.9704012203051019,0.9649207194284122,1.1149135666781345,-0.06172870951506561,0.01844910990221528,-0.029598818619150265,0.0735746307146817,0.15876960558198044,0.0735746307146817,False,False
922120,Public administration,0.0853616430371055,4.0,23.0,24,-0.03529197237844102,23,-0.008432122307481962,24,0.003369308572408423,24,0.040256985845320295,23,0.97330725792084,0.9837933998569343,1.0111437864079924,1.0317555558142335,-0.00396786623957196,-0.003041626201986781,0.0515071640164642,-0.044937989021978444,0.040256985845320295,-0.044937989021978444,False,True
424520,Wholesale trade,0.0849754394504089,4.0,23.0,24,-0.15212854477967716,23,0.0014924972497022636,24,-0.10600513605189475,24,0.25755820096278864,23,0.9135362814266724,0.9373362123746282,0.9581511488231794,1.19097635737552,-0.1208044386408081,0.006882993355197445,-0.057867280607838974,0.1723632260954899,0.25755820096278864,0.1723632260954899,False,False
541850,Professional & technical services,0.0846291387053339,4.0,23.0,24,0.06160247576198829,23,-0.04728303435864489,24,-0.045839257952107,24,0.03544135317003688,23,1.054208453353538,0.955506697441832,0.9513710102474161,1.038913838957214,0.09292658190085734,-0.04189253825314971,0.0022985974919487798,-0.04975362169726186,0.03544135317003688,-0.04975362169726186,False,True
519210,Information,0.0845023663317927,3.0,24.0,24,-0.03956809480775044,23,0.007942185644440394,24,-0.02210619695209108,24,0.05335585447035187,23,0.9766784810799214,0.9927996136870504,0.9930363750052988,1.0374855302277295,-0.008243988668881382,0.013332681749935574,0.026031658491964697,-0.03183912039694687,-0.02210619695209108,0.026031658491964697,True,False
311422,Manufacturing - food/textiles,0.0843812263888584,4.0,23.0,24,-0.08556736161075731,23,0.016825700659551093,24,-0.07636651206094733,24,0.14314160437072745,23,0.9570077166607375,0.9770394355261479,0.963419753072456,1.1025330947406586,-0.054243255471888255,0.022216196765046273,-0.02822865661689155,0.057946629503428715,0.14314160437072745,0.057946629503428715,False,False
221320,Utilities,0.0837230550015275,3.0,24.0,24,-0.035231063678479245,23,0.007829649436422134,24,-0.030370397227185833,24,0.05765524613700203,23,0.9814938809340203,0.9915374773387002,0.985921774870536,1.0410468668567434,-0.0039069575396101855,0.013220145541917316,0.017767458216869945,-0.02753972873029671,-0.030370397227185833,0.017767458216869945,True,False
561210,Administrative & waste services,0.0836643264780211,4.0,23.0,24,-0.06224330240316955,23,-0.011784331233668436,24,-0.05509512763696144,24,0.1304613721359213,23,0.9694050164452778,0.9596522983691037,0.9734682427602662,1.097474442425352,-0.030919196264300487,-0.006393835128173255,-0.006957272192905664,0.045266397268622555,0.1304613721359213,0.045266397268622555,False,False
624229,Health care & social assistance,0.0835006743466841,3.0,24.0,24,-0.03044634669679626,23,-0.002284091876238195,24,-0.02683207926413357,24,0.05976976374995939,23,0.9841044991568366,0.9834733814213296,0.9874104474382986,1.0450116719835352,0.0008777594420728008,0.003106404229256986,0.021305776179922208,-0.02542521111733935,-0.02683207926413357,0.021305776179922208,True,False
321991,Manufacturing - paper/chemicals,0.0832126158188521,3.0,24.0,24,-0.15944229547266958,23,0.03645551534192448,24,-0.06264002339833008,24,0.1855757538686729,23,0.8970040616315428,0.9812435280863285,0.9925719638572658,1.129180446424863,-0.12811818933380054,0.041846011447419666,-0.014502167954274302,0.10038077900137415,-0.06264002339833008,-0.014502167954274302,True,True
334210,Manufacturing - metals/machinery,0.0830521207322873,4.0,23.0,24,-8.476276004905177e-05,23,-0.03275309263654519,24,-0.018828906753131997,24,0.052968883564893356,23,1.004016507117946,0.9623094408183929,0.9861085597919299,1.0475654922717308,0.03123934337882001,-0.02736259653105001,0.02930894869092378,-0.032226091302405384,0.052968883564893356,-0.032226091302405384,False,True
532420,Real estate,0.0828922518821093,4.0,23.0,24,0.0355534410389416,23,-0.04678954924508936,24,-0.03371230967449359,24,0.047747567893878504,23,1.0331301240272948,0.953016388872511,0.966481752207906,1.0473717348922882,0.06687754717781066,-0.041399053139594175,0.01442554576956219,-0.037447406973420236,0.047747567893878504,-0.037447406973420236,False,True
424460,Wholesale trade,0.082114159665362,3.0,24.0,24,-0.04816787520201098,23,-0.02743385736023901,24,-0.02320411441292843,24,0.0965264483400288,23,0.9706997278656848,0.9550646804573463,0.9942973477694862,1.0799382439074827,-0.016843769063141924,-0.02204336125474383,0.02493374103112735,0.011331473472730058,-0.02320411441292843,0.02493374103112735,True,False
311811,Manufacturing - food/textiles,0.0810274963189962,3.0,24.0,24,-0.09577714788423153,23,0.02580075015548396,24,-0.03713804955549221,24,0.107298333425674,23,0.9374677473604329,0.9925773160904642,0.9960853845095277,1.0738695520395753,-0.06445304174536247,0.03119124626097914,0.010999805888563571,0.022103358558375266,-0.03713804955549221,0.010999805888563571,True,False
456191,Retail trade - specialty,0.0807444593882437,3.0,24.0,24,-0.035730471118087546,23,-0.008808051705315881,24,-0.02640813305674508,24,0.07173021751586289,23,0.977494709417258,0.9748874737481884,0.9898963414897506,1.0577214753448028,-0.004406364979218487,-0.0034175555998207,0.021729722387310697,-0.013464757351435847,-0.02640813305674508,0.021729722387310697,True,False
483112,Transportation,0.0807118672719563,4.0,23.0,24,0.2470326910987956,23,-0.08597128017901651,24,-0.08138636241934101,24,-0.0866134452959289,23,1.2146238237682536,0.9584412069372877,0.8742011504643549,0.9527338188301039,0.27835679723766465,-0.08058078407352133,-0.03324850697528523,-0.17180842016322764,-0.0866134452959289,-0.17180842016322764,True,True
445291,Retail trade - general,0.0806503605036645,3.0,24.0,24,-0.04414257534225202,23,0.004414984200960652,24,-0.0059838041258470686,24,0.04560369124878055,23,0.9671467086547074,0.9914692857105806,1.0069618943645329,1.034422111270179,-0.012818469203382962,0.009805480306455833,0.04215405131820871,-0.039591283618518186,-0.0059838041258470686,0.04215405131820871,True,False
336350,Manufacturing - metals/machinery,0.0803802271913621,4.0,23.0,24,-0.015259066556965281,23,-0.01999957508613189,24,-0.04905990088644283,24,0.08639757982224339,23,1.000118209325405,0.9636865277268555,0.9672539963005699,1.0689412666471696,0.01606503958190378,-0.014609078980636708,-0.0009220454423870539,0.0012026049549446471,0.08639757982224339,0.0012026049549446471,False,False
238330,Construction,0.0802439504695735,3.0,24.0,24,-0.10970713960042659,23,0.019018582574692102,24,-0.0244841691652059,24,0.11389953277210729,23,0.9246734491790259,0.9857483425792988,1.0087860708301875,1.0807921374114877,-0.07838303346155753,0.024409078680187282,0.023653686278849877,0.028704557904808553,-0.0244841691652059,0.023653686278849877,True,False
327331,Manufacturing - paper/chemicals,0.0798092788960224,4.0,23.0,24,-0.11122570052418608,23,0.031881646793704914,24,-0.0400822457964246,24,0.11820060476003684,23,0.9288180196821966,0.9947935714222956,0.9970058295749847,1.079382579320523,-0.07990159438531702,0.0372721428992001,0.008055609647631176,0.0330056298927381,0.11820060476003684,0.0330056298927381,False,False
561410,Administrative & waste services,0.0796863013024562,4.0,23.0,24,-0.04121580039171502,23,-0.008070825964741188,24,-0.027154717318605793,24,0.07656583187801821,23,0.9756479628098041,0.9747602558656583,0.9900142008509948,1.059577580473543,-0.009891694252845959,-0.002680329859246007,0.020983138125449986,-0.008629142989280525,0.07656583187801821,-0.008629142989280525,False,True
533110,Real estate,0.0796086685045448,4.0,23.0,24,0.06526908583165972,23,-0.0844401482127219,24,-0.04665025327295724,24,0.06616325421152253,23,1.060277789030881,0.920102363706586,0.9488072348077349,1.0708126124547983,0.09659319197052878,-0.07904965210722673,0.0014876021710985357,-0.019031720655776213,0.06616325421152253,-0.019031720655776213,False,True
321992,Manufacturing - paper/chemicals,0.079600172778577,3.0,24.0,24,-0.12026723259208044,23,0.02240614927374641,24,-0.03233224768589251,24,0.1297073652764332,23,0.9193488180225772,0.9847450060526413,1.0053288955352124,1.0905772803895688,-0.08894312645321138,0.02779664537924159,0.015805607758163268,0.04451239040913446,-0.03233224768589251,0.015805607758163268,True,False
532210,Real estate,0.0792947812737098,4.0,23.0,24,-0.010696229799887684,23,-0.013332267809057394,24,-0.037177658943657564,24,0.06060752974520687,23,1.001413164924192,0.974746234184454,0.9747438390628309,1.0490967618285232,0.020627876338981374,-0.007941771703562212,0.010960196500398214,-0.02458744512209187,0.06060752974520687,-0.02458744512209187,False,True
423910,Wholesale trade,0.0792603350960197,3.0,24.0,24,-0.019526128807452647,23,-0.009452064156762044,24,-0.07800031469664159,24,0.10743491202991642,23,1.0052572075206874,0.9663002334512533,0.9462473876953431,1.0821951713327163,0.011797977331416413,-0.004061568051266863,-0.029862459252585814,0.022239937162617684,-0.07800031469664159,-0.029862459252585814,True,True
459991,Retail trade - specialty,0.0792315177922044,4.0,23.0,24,0.03544969413659019,23,-0.040691160626355284,24,-0.0370472776855947,24,0.04618655714930638,23,1.0324181766725216,0.9577658057026204,0.9644957559854298,1.0453202616394286,0.06677380027545925,-0.0353006645208601,0.011090577758461076,-0.03900841771799236,0.04618655714930638,-0.03900841771799236,False,True
812331,Other services,0.0790553484387749,3.0,24.0,24,-0.04809619602559701,23,-0.014776992309116355,24,0.011805707239125352,24,0.05068128515687511,23,0.9609971620285482,0.9761572974467748,1.0208714174832343,1.0419741230414428,-0.016772089886727952,-0.009386496203621173,0.05994356268318113,-0.03451368971042363,0.011805707239125352,0.05994356268318113,False,False
541614,Professional & technical services,0.0788813242287909,4.0,23.0,24,-0.012603170999246368,23,-0.023011899429130848,24,-0.05210396603612505,24,0.08821994273355814,23,1.0035437012357151,0.9608013456373993,0.9640827888973448,1.0715721642295406,0.01872093513962269,-0.017621403323635668,-0.0039661105920692705,0.003024967866259401,0.08821994273355814,0.003024967866259401,False,False
336411,Manufacturing - metals/machinery,0.0786282020080904,3.0,24.0,24,0.03689338022002916,23,-0.03285705132332565,24,-0.026061768169922256,24,0.024626678383076344,23,1.03219324936061,0.969186775740237,0.9718944047665151,1.0267255701326377,0.06821748635889821,-0.02746655521783047,0.022076087274133523,-0.06056829648422239,-0.026061768169922256,0.022076087274133523,True,False
812191,Other services,0.0785977940006401,2.0,24.0,24,-0.029012821444035667,23,0.02122169121406615,24,-0.062308182484168445,24,0.06975196270062807,23,0.9912421420721221,0.9975330110767174,0.9613804976531805,1.0498443491979803,0.0023112846948333925,0.02661218731956133,-0.014170327040112667,-0.01544301216667067,0.02122169121406615,0.02661218731956133,False,False
561110,Administrative & waste services,0.0785636992185822,4.0,23.0,24,0.04108368364015187,23,-0.046579336511324794,24,-0.07636783488340818,24,0.08369160243982204,23,1.0493766214775277,0.9444235923533816,0.9326292362518854,1.0735705499172055,0.07240778977902093,-0.04118884040582961,-0.028229979439352397,-0.0015033724274766957,0.08369160243982204,-0.0015033724274766957,False,True
541420,Professional & technical services,0.077179460854058,4.0,23.0,24,-0.05291140345318343,23,-0.032813468387904936,24,-0.090520097725192,24,0.18564288425460576,23,0.9821310077027411,0.9310568349379448,0.9456095989489582,1.1412025584103558,-0.02158729731431437,-0.027422972282409756,-0.04238224228113622,0.10044790938730702,0.18564288425460576,0.10044790938730702,False,False
531130,Real estate,0.077064279918528,4.0,23.0,24,-0.02188320233251007,23,-0.014743948070310422,24,-0.03117237346989761,24,0.06741726627600854,23,0.9923735554803347,0.9723231125998352,0.9817605658599566,1.0535427660598735,0.00944090380635899,-0.00935345196481524,0.01696548197415817,-0.0177777085912902,0.06741726627600854,-0.0177777085912902,False,True
336370,Manufacturing - metals/machinery,0.0770357330465447,4.0,23.0,24,-0.04504588461751833,23,-0.0031755780745703573,24,-0.06324490764094715,24,0.11523294810033625,23,0.9787428770163515,0.9686570783838979,0.9649224359005847,1.087677608699166,-0.01372177847864927,0.0022149180309248236,-0.015107052196891367,0.030037973233037515,0.11523294810033625,0.030037973233037515,False,False
326191,Manufacturing - paper/chemicals,0.0769080709463678,3.0,24.0,24,-0.0764218750357355,23,0.014920001598021135,24,-0.050724602590735725,24,0.11137956433083118,23,0.9557375761887009,0.9832576594640096,0.9809377395432758,1.0800670248040136,-0.04509776889686644,0.020310497703516315,-0.0025867471466799463,0.026184589463532443,-0.050724602590735725,-0.0025867471466799463,True,True
312112,Manufacturing - food/textiles,0.076726896392333,3.0,24.0,24,0.004085273813412548,23,-0.011301383651119943,24,-0.004633699353403316,24,0.012275664008667184,23,1.0045902053752422,0.9886841183561597,0.9953807986393169,1.011344877629281,0.035409379952281606,-0.005910887545624762,0.04350415609065246,-0.07291931085863156,-0.004633699353403316,0.04350415609065246,True,False
811420,Other services,0.0763148448948109,4.0,23.0,24,-0.08997493822067955,23,0.01510450048587185,24,-0.03425371451735826,24,0.10910852686592647,23,0.9421118897199294,0.9843905588867289,0.9964602270817847,1.077037324311557,-0.05865083208181049,0.02049499659136703,0.01388414092669752,0.023913551998627727,0.10910852686592647,0.023913551998627727,False,False
221113,Utilities,0.0762049110959581,1.0,23.0,24,0.2483412056930727,23,-0.10089245346351434,24,-0.06889198686744206,24,-0.07553149136345275,23,1.1995491222033552,0.9426599249817901,0.8875556346872537,0.9702353181276013,0.27966531183194177,-0.09550195735801917,-0.020754131423386286,-0.16072646623075149,0.2483412056930727,0.27966531183194177,False,False
459410,Retail trade - specialty,0.0759001291669211,3.0,24.0,24,-0.018013320962416368,23,-0.017563405958911815,24,-0.012449127063692106,24,0.04818151253346786,23,0.9893018440486058,0.9747208330360594,0.9952666339413367,1.040710688973998,0.013310785176452691,-0.012172909853416635,0.035688728380363674,-0.03701346233383088,-0.012449127063692106,0.035688728380363674,True,False
925110,Public administration,0.0754964185917143,4.0,23.0,24,-0.040864847265872334,23,0.004083894410381081,24,-0.021300800234617195,24,0.057851440511585035,23,0.97507502362703,0.9886753022078519,0.9941077919679119,1.042141882197206,-0.009540741127003274,0.009474390515876261,0.026837055209438583,-0.027343534355713704,0.057851440511585035,-0.027343534355713704,False,True
488330,Transportation,0.0754116102270053,4.0,23.0,24,-0.10283628747722023,23,0.023894132505913535,24,-0.05769703010240564,24,0.1365121288339098,23,0.9369433339533079,0.9836429004562143,0.9825542019472936,1.0968595636431842,-0.07151218133835117,0.029284628611408715,-0.009559174658349864,0.05131715396661107,0.1365121288339098,0.05131715396661107,False,False
541519,Professional & technical services,0.0751668821864585,4.0,23.0,24,-0.0017180828333615923,23,-0.02755015447322789,24,-0.02339142941649214,24,0.05235701510190598,23,1.0047192682090176,0.9662257917909473,0.9828326243193327,1.0462223156807025,0.02960602330550747,-0.02215965836773271,0.024746426027563637,-0.032837959765392756,0.05235701510190598,-0.032837959765392756,False,True
112210,"Agriculture, forestry, fishing",0.0749455310986821,4.0,23.0,24,-0.06825891852753858,23,0.011302015053098835,24,-0.03536145446534384,24,0.09258978944805864,23,0.9584436352602328,0.9856627419847285,0.9902778186030267,1.0656158041520123,-0.036934812388669525,0.016692511158594017,0.012776400978711938,0.007394814580759898,0.09258978944805864,0.007394814580759898,False,False
444120,Retail trade - general,0.074762858934212,3.0,24.0,24,0.07395082956402697,23,-0.05814755420031853,24,-0.03676832773052712,24,0.021647624481792492,23,1.06554299019866,0.9514439999557257,0.9536401181134285,1.0293728917321858,0.10527493570289603,-0.052757058094823346,0.011369527713528657,-0.06354735038550624,-0.03676832773052712,0.011369527713528657,True,False
493120,Warehousing & couriers,0.0742711128486299,4.0,23.0,24,-0.04368574052225011,23,-0.0006657737922156209,24,-0.027362375459643522,24,0.07457538817262,23,0.9736617433989596,0.9814340155208897,0.9905378352272511,1.0543664058528996,-0.012361634383381052,0.00472472231327956,0.020775479984412256,-0.010619586694678745,0.07457538817262,-0.010619586694678745,False,True
531120,Real estate,0.0738866576134744,4.0,23.0,24,0.14339908840998988,23,-0.10088811082445955,24,-0.07773381096224201,24,0.039344443409661034,23,1.1230772069061399,0.914226354490173,0.9071517237231254,1.0555447148805615,0.17472319454885893,-0.09549761471896437,-0.02959595551818623,-0.045850531457637705,0.039344443409661034,-0.045850531457637705,False,True
532411,Real estate,0.0735455971412522,4.0,23.0,24,0.07656024299870298,23,-0.05040047433771566,24,-0.16899712298424108,24,0.1440570316836396,23,1.098148749726014,0.9259834012428755,0.854619001435168,1.1212488475959426,0.10788434913757204,-0.04500997823222048,-0.1208592675401853,0.05886205681634085,0.1440570316836396,0.05886205681634085,False,False
221114,Utilities,0.0730822631302666,2.0,24.0,24,0.07980799876708568,23,-0.020324614635538047,24,-0.11247912644670416,24,0.05158139434198682,23,1.0880975523475653,0.9715481939980823,0.8956480649196754,1.0447061887346767,0.11113210490595474,-0.014934118530042867,-0.06434127100264839,-0.033613580525311916,-0.020324614635538047,-0.014934118530042867,True,True
481219,Transportation,0.0729397024770869,4.0,23.0,24,-0.0023083004347175494,23,-0.04116860398615346,24,-0.04779809342672856,24,0.09097429758536539,23,1.0102186538191749,0.946304916144662,0.9647283864424562,1.0787480435937074,0.02901580570415151,-0.03577810788065828,0.00033976201732721645,0.005779322718066651,0.09097429758536539,0.005779322718066651,False,False
621310,Health care & social assistance,0.0721387059203046,4.0,23.0,24,-0.10029207307170038,23,0.015507398879253648,24,-0.04584937181085565,24,0.13126023849291593,23,0.9368869986842124,0.9791866078370393,0.9904714192313587,1.0934549742473896,-0.06896796693283132,0.020897894984748828,0.002288483633200125,0.04606526362561719,0.13126023849291593,0.04606526362561719,False,False
212322,"Mining, quarrying, oil & gas",0.0720823050155838,4.0,23.0,24,-0.037802755824896554,23,-0.005885644083405107,24,-0.045125220794250104,24,0.08804692496036771,23,0.9854080188487128,0.974208621934749,0.9747805131875956,1.0656028460289424,-0.006478649686027495,-0.0004951479779099262,0.0030126346498056747,0.002851950093068975,0.08804692496036771,0.002851950093068975,False,False
459910,Retail trade - specialty,0.0717355752704626,3.0,24.0,24,-0.07530945996739204,23,0.03051235967998719,24,-0.03408177995989816,24,0.07942043314743497,23,0.9520454743554465,1.0031669244785033,0.9932636552415857,1.0515239459244645,-0.04398535382852298,0.03590285578548237,0.014056075484157618,-0.005774541719863774,-0.03408177995989816,0.014056075484157618,True,False
445110,Retail trade - general,0.0715114642624989,3.0,24.0,24,-0.03581939053052032,23,0.0028208824541891323,24,-0.012670541981183192,24,0.045377757958467144,23,0.976349547951064,0.9907138844441494,0.9994364560288566,1.03350011157593,-0.004495284391651262,0.008211378559684313,0.03546731346287259,-0.039817216908831596,-0.012670541981183192,0.03546731346287259,True,False
623990,Health care & social assistance,0.0711391722078417,3.0,24.0,24,-0.05006951463864433,23,0.009827410790535798,24,-0.018607974724434786,24,0.059087439361796196,23,0.9670384297321227,0.9926375624597652,0.998581873606336,1.0417421342017763,-0.018745408499775268,0.015217906896030978,0.029529880719620993,-0.026107535505502544,-0.018607974724434786,0.029529880719620993,True,False
812310,Other services,0.0700187989619132,4.0,23.0,24,-0.06186966624032907,23,0.01281365436163917,24,-0.03095064873721742,24,0.08007529877319071,23,0.9612863202836216,0.989592211543774,0.9922707940806479,1.0568506740919568,-0.030545560101460013,0.01820415046713435,0.01718720670683836,-0.0051196760941080305,0.08007529877319071,-0.0051196760941080305,False,True
221118,Utilities,0.069762048310139,4.0,23.0,24,0.08076619886211742,23,-0.0065614187472867,24,-0.06508580071321417,24,-0.006514541628111033,23,1.071932952947946,0.9957209653309573,0.9326318152085419,0.9997142665125547,0.11209030500098648,-0.0011709226417915188,-0.01694794526915839,-0.09170951649540977,-0.006514541628111033,-0.09170951649540977,True,True
722514,Accommodation & food services,0.0696206257531635,3.0,24.0,24,-0.05048570155820533,23,0.020703344443334187,24,-0.039686833480827195,24,0.06891267617581641,23,0.9724741993688643,0.9982991330726799,0.982717377889827,1.0465092896686288,-0.01916159541933627,0.026093840548829367,0.008451021963228583,-0.01628229869148233,-0.039686833480827195,0.008451021963228583,True,False
492210,Warehousing & couriers,0.0696169151773771,4.0,23.0,24,-0.09874649050443081,23,0.018835151101679354,24,-0.028235205390657523,24,0.10850277710310473,23,0.9348811901935533,0.9877171460359779,1.0028827996750438,1.0745188640954249,-0.06742238436556175,0.024225647207174534,0.019902650053398255,0.02330780223580599,0.10850277710310473,0.02330780223580599,False,False
541199,Professional & technical services,0.0693569560834167,4.0,22.0,24,-0.030891190820445585,23,-0.022757327092744264,24,-0.06102710169779948,24,0.11597580881880738,23,0.9894186319594248,0.9533731829944642,0.9628423882149922,1.094365796831119,0.0004329153184234741,-0.017366830987249084,-0.0128892462537437,0.030780833951508643,0.11597580881880738,0.030780833951508643,False,False
513199,Information,0.0693067922817592,4.0,23.0,24,0.013412427688678149,23,-0.03567388750290245,24,-0.0306395897782768,24,0.05232752199134527,23,1.0179053435523346,0.9600813637551168,0.9736051589637039,1.0484081337288444,0.044736533827547206,-0.03028339139740727,0.01749826566577898,-0.03286745287595347,0.05232752199134527,-0.03286745287595347,False,True
424210,Wholesale trade,0.0690571987880124,4.0,23.0,24,0.1501726372050522,23,-0.09250503876433896,24,-0.025463523384372647,24,-0.031630973263035704,23,1.1184780156239151,0.9384997919821751,0.9435316458691131,0.9994905465247964,0.18149674334392124,-0.08711454265884379,0.022674332059683132,-0.11682594813033445,-0.031630973263035704,-0.11682594813033445,True,True
813910,Other services,0.0690352489880319,3.0,24.0,24,-0.005447301359679317,23,-0.01185102439766735,24,-0.05273637425386506,24,0.07022889241408933,23,1.008476166348941,0.973395572967358,0.9620170283811097,1.0561112323025914,0.025876804779189744,-0.006460528292172169,-0.004598518809809285,-0.014966082453209406,-0.05273637425386506,-0.004598518809809285,True,True
541512,Professional & technical services,0.0690257927143917,4.0,23.0,24,-0.019392917731561536,23,-0.013032072773939016,24,-0.033211808424068325,24,0.06589940205067267,23,0.9945017730044388,0.9740645820861845,0.9796915367158082,1.0517421081935687,0.011931188407307523,-0.007641576668443835,0.014926047019987454,-0.01929557281662607,0.06589940205067267,-0.01929557281662607,False,True
441120,Retail trade - general,0.0684943764716751,4.0,23.0,24,-0.07817385928386518,23,0.03155822932379925,24,-0.0019809739076253005,24,0.046919627287744174,23,0.9427691689164205,1.0118209609933977,1.0177562944227763,1.0276535756674055,-0.04684975314499612,0.036948725429294435,0.04615688153643048,-0.038275347579554565,0.046919627287744174,-0.038275347579554565,False,True
311830,Manufacturing - food/textiles,0.0681753923055886,2.0,24.0,24,-0.05909040656432213,23,0.00921028446805954,24,-0.013924787181534379,24,0.06508710665322756,23,0.9596176531014396,0.9911079064413612,1.0041775908451638,1.0450968496120352,-0.02776630042545307,0.014600780573554722,0.0342130682625214,-0.02010786821407118,0.00921028446805954,0.014600780573554722,False,False
323113,Manufacturing - paper/chemicals,0.0681693947015763,3.0,24.0,24,-0.09696299588588098,23,0.020213192790379513,24,-0.043570279453158445,24,0.12005147228586215,23,0.9390324644370972,0.9853672544516924,0.9912756588855287,1.084324622225682,-0.06563888974701192,0.025603688895874693,0.004567575990897334,0.034856497418563406,-0.043570279453158445,0.004567575990897334,True,False
541890,Professional & technical services,0.0681411075365892,4.0,23.0,24,-0.07447560866325595,23,-0.00872873232580707,24,-0.060247073761798664,24,0.14438386534952202,23,0.9608847946712906,0.9581505079773569,0.9728736859350372,1.1080910114163152,-0.04315150252438689,-0.003338236220311889,-0.012109218317742886,0.05918889048222328,0.14438386534952202,0.05918889048222328,False,False
311213,Manufacturing - food/textiles,0.0680267593521003,3.0,24.0,24,-0.03490581789556275,23,-0.04320376188192473,24,0.01590176973734885,24,0.05784897159017154,23,0.969008788791689,0.9517664242944214,1.0209315835610029,1.0582932033528867,-0.003581711756693688,-0.037813265776429544,0.06403962518140463,-0.027346003277127197,0.01590176973734885,0.06403962518140463,False,False
314910,Manufacturing - food/textiles,0.0679536912451397,3.0,24.0,24,-0.1323913280633675,23,0.03645833206563943,24,-0.07125402125907265,24,0.16674640443513342,23,0.9197150025371741,0.9859453258250067,0.9792589849815602,1.115080686656259,-0.10106722192449845,0.04184882817113461,-0.023116165815016874,0.08155142956783468,-0.07125402125907265,-0.023116165815016874,True,True
238220,Construction,0.0677937044046405,4.0,23.0,24,-0.09102112454915748,23,0.01099205177522628,24,-0.0429620155973097,24,0.12253350733823497,23,0.9427563616594451,0.9775901671292714,0.9904398690486452,1.0892136021626382,-0.05969701841028842,0.016382547880721462,0.0051758398467460776,0.03733853247093623,0.12253350733823497,0.03733853247093623,False,False
481211,Transportation,0.0675669537581112,4.0,23.0,24,-0.04211676889797081,23,-0.02458050852963463,24,-0.016789173823400255,24,0.08321022043033743,23,0.9725998326599172,0.9606897110825378,0.9979406065644275,1.0687698496931175,-0.010792662759101748,-0.01919001242413945,0.03134868162065552,-0.0019847544369613057,0.08321022043033743,-0.0019847544369613057,False,True
812210,Other services,0.0675536812365698,4.0,23.0,24,-0.08974331975969925,23,0.012219987347350547,24,-0.07174504899676888,24,0.15077738933787002,23,0.9514039985727122,0.972106303872665,0.9683686344779167,1.108121063076706,-0.05841921362083019,0.01761048345284573,-0.023607193552713103,0.06558241447057128,0.15077738933787002,0.06558241447057128,False,False
621340,Health care & social assistance,0.0674897549309894,3.0,24.0,24,-0.06629291507440956,23,0.01270963717013826,24,-0.04653193867003921,24,0.10020879809430269,23,0.9627389445342686,0.9847786391248814,0.9813990593752178,1.0710833569656324,-0.034968808935540496,0.01810013327563344,0.001605916774016565,0.015013823227003953,-0.04653193867003921,0.001605916774016565,True,False
423990,Wholesale trade,0.0673867282419479,4.0,23.0,24,-0.06694408863736312,23,-0.0023289846681945523,24,-0.06660612681260274,24,0.13827780892318933,23,0.9661987753704085,0.9642018981844073,0.9668629903347954,1.1027363361103888,-0.03561998249849406,0.0030615114373006287,-0.018468271368546958,0.05308283405589059,0.13827780892318933,0.05308283405589059,False,False
541380,Professional & technical services,0.0673381934283376,4.0,23.0,24,-0.035893833278237385,23,0.0001411949092096169,24,-0.05999360388261066,24,0.097143743781141,23,0.9873856101525943,0.9759385303325375,0.9642090606940615,1.072466798820807,-0.004569727139368325,0.005531691014704798,-0.01185574843855488,0.011948768913842264,0.097143743781141,0.011948768913842264,False,False
488310,Transportation,0.0672364537023528,4.0,23.0,24,0.005137052214141774,23,-0.013886001383356794,24,-0.06520820862240506,24,0.07644146256590555,23,1.0213059369250652,0.9714799080508634,0.949425881943375,1.0577882730806967,0.036461158353010836,-0.008495505277861613,-0.017070353178349283,-0.008753512301393193,0.07644146256590555,-0.008753512301393193,False,True
493110,Warehousing & couriers,0.067191322755994,4.0,23.0,24,-0.02239341873636818,23,0.0019715100003704447,24,-0.03610207055871639,24,0.05562478147609463,23,0.9923133952644454,0.9873752849022801,0.978494154539374,1.0418171652939006,0.00893068740250088,0.007362006105865626,0.012035784885339386,-0.029570193391204112,0.05562478147609463,-0.029570193391204112,False,True
541191,Professional & technical services,0.0670224213205492,4.0,23.0,24,-0.07390203776355513,23,-0.00500774023041992,24,-0.04414641991004401,24,0.12370309609956459,23,0.9555595436210428,0.9654633010065797,0.9853825388529565,1.0935946165194212,-0.042577931624686066,0.00038275587507526077,0.003991435534011767,0.03850812123226585,0.12370309609956459,0.03850812123226585,False,False
481212,Transportation,0.0667798874796612,4.0,23.0,24,-0.016360463923872023,23,-0.030986339143453303,24,-0.014002147673646556,24,0.06366457170520456,23,0.9897256449999086,0.9609214932986342,0.994090019884266,1.0552628418171912,0.014963642214997037,-0.025595843037958123,0.034135707770409224,-0.021530403162094175,0.06366457170520456,-0.021530403162094175,False,True
561720,Administrative & waste services,0.0662501376774828,3.0,24.0,24,-0.06390339097745434,23,0.012603940537318378,24,-0.023699261883929536,24,0.07580996971596521,23,0.957668809426606,0.9905937897182104,0.9983108889351783,1.0534265119200052,-0.032579284838585285,0.01799443664281356,0.024438593560126242,-0.00938500515133353,-0.023699261883929536,0.024438593560126242,True,False
484121,Transportation,0.0658326818050701,4.0,23.0,24,-0.0722406564949738,23,0.005474239162282031,24,-0.004278951515803084,24,0.07107800334451811,23,0.9474762210468016,0.9865399956726147,1.014655291973864,1.0513284913067196,-0.04091655035610474,0.010864735267777212,0.043858903928252695,-0.01411697152278063,0.07107800334451811,-0.01411697152278063,False,True
459130,Retail trade - specialty,0.0656505408300032,4.0,23.0,24,-0.09219466502932398,23,0.0020843216170522935,24,-0.02901886033094782,24,0.12105792414652594,23,0.9385261780535284,0.9719200941912458,1.0011453670948587,1.088408360660367,-0.06087055889045492,0.007474817722547475,0.019118995113107957,0.0358629492792272,0.12105792414652594,0.0358629492792272,False,False
484230,Transportation,0.0654057964578072,4.0,23.0,24,-0.05782571241674147,23,0.0019793231116546997,24,-0.020024124079932343,24,0.07695844690387584,23,0.9612295929891229,0.9823811460813849,0.9995740529503374,1.0568152079791548,-0.02650160627787241,0.007369819217149881,0.028113731364123436,-0.008236527963422904,0.07695844690387584,-0.008236527963422904,False,True
459140,Retail trade - specialty,0.0653939707422068,3.0,24.0,24,-0.056598018628188626,23,-0.0077353783004934324,24,-0.025776645598329234,24,0.08966531778310996,23,0.9647274757727011,0.9719148984242972,0.99457307767688,1.0687845481261213,-0.025273912489319567,-0.0023448821949982514,0.022361209845726544,0.004470342915811221,-0.025776645598329234,0.022361209845726544,True,False
483113,Transportation,0.0650906876975891,4.0,23.0,24,-0.01149534008582623,23,0.008118651132604904,24,-0.06811615743563833,24,0.07515931198472149,23,1.0052842259792,0.9871746739804589,0.9528278197165078,1.0547132803238333,0.01982876605304283,0.013509147238100084,-0.01997830199158255,-0.010035662882577248,0.07515931198472149,-0.010035662882577248,False,True
926150,Public administration,0.0649678528088061,3.0,24.0,24,-0.03260852719363396,23,-0.0029135262016981487,24,0.0009053305873718045,24,0.0346461822524494,23,0.9754769357397569,0.9892138959073448,1.008777908478329,1.0265312598745695,-0.0012844210547649018,0.0024769699037970323,0.049043186031427585,-0.05054879261484934,0.0009053305873718045,0.049043186031427585,False,False
562998,Administrative & waste services,0.0646482668498251,4.0,23.0,24,-0.09538488472682828,23,0.024849741692250873,24,-0.05167218762050174,24,0.12214469034986541,23,0.9417719191285429,0.988216318861598,0.9849612352101511,1.085050526799708,-0.06406077858795922,0.030240237797746053,-0.003534332176445963,0.036949715482566675,0.12214469034986541,0.036949715482566675,False,False
541370,Professional & technical services,0.0641510185077048,4.0,23.0,24,-0.13784242412075812,23,0.025443857923910605,24,-0.07882289639098518,24,0.1903603803307567,23,0.9166393644163775,0.9713826805990414,0.9752382809338841,1.1367396740506972,-0.10651831798188906,0.030834354029405785,-0.0306850409469294,0.10516540546345796,0.1903603803307567,0.10516540546345796,False,False
212220,"Mining, quarrying, oil & gas",0.0637202916006361,3.0,24.0,24,0.1415936892410036,23,-0.09826811763387934,24,-0.06737367887368345,24,0.02257510623863898,23,1.12135760638036,0.9197265248683463,0.914631678624091,1.0442841901272029,0.17291779537987267,-0.09287762152838416,-0.019235823429627673,-0.06261986862865976,-0.06737367887368345,-0.019235823429627673,True,True
311512,Manufacturing - food/textiles,0.0637086868045724,3.0,24.0,24,-0.07896892140726475,23,0.020705239986768098,24,-0.07100312514111402,24,0.12757894660184718,23,0.9627384253349959,0.9846170067180621,0.965085108127592,1.08755945981935,-0.04764481526839569,0.026095736092263278,-0.022865269697058245,0.04238397173454844,-0.07100312514111402,-0.022865269697058245,True,True
926110,Public administration,0.0636705315255578,3.0,24.0,24,-0.03242745479280724,23,0.0031035893357514257,24,-0.011229330373343204,24,0.03874055843003534,23,0.9785552039539271,0.9922122138626128,0.9996620450997954,1.0295705370836645,-0.0011033486539381784,0.008494085441246607,0.03690852507071257,-0.0464544164372634,-0.011229330373343204,0.03690852507071257,True,False
624221,Health care & social assistance,0.0632575557228593,3.0,24.0,24,-0.04980977202751948,23,0.005856956923738323,24,-0.017943953217206075,24,0.0619056948212983,23,0.9677740323404024,0.9891336499648039,0.9987793537417285,1.0443129639530653,-0.018485665888650422,0.011247453029233504,0.030193902226849704,-0.023289280046000442,-0.017943953217206075,0.030193902226849704,True,False
221310,Utilities,0.0631981771722034,3.0,24.0,24,-0.025397395270716272,23,0.004620352864827366,24,-0.02993451666468561,24,0.049890447134400835,23,0.989055218823669,0.9909939202511552,0.9836919159489866,1.0362589449761892,0.0059267108681527875,0.010010848970322547,0.01820333877937017,-0.035304527732897904,-0.02993451666468561,0.01820333877937017,True,False
334310,Manufacturing - metals/machinery,0.0629459012653571,4.0,23.0,24,-0.09788227154652177,23,0.029586651652733456,24,-0.05251191985468834,24,0.11733874994922333,23,0.9412830484649067,0.9925103611894729,0.984564370608572,1.081642219737048,-0.0665581654076527,0.03497714775822864,-0.00437406441063256,0.03214377508192459,0.11733874994922333,0.03214377508192459,False,False
523160,Finance & insurance,0.0626480134905772,4.0,23.0,24,0.1769623274766369,23,-0.13411566943481357,24,-0.1410694645635677,24,0.1027927260570923,23,1.1646295132659137,0.8737376801326352,0.8510771858689837,1.1105556207324676,0.20828643361550597,-0.12872517332931838,-0.09293160911951193,0.017597751189793565,0.1027927260570923,0.017597751189793565,False,False
336213,Manufacturing - metals/machinery,0.0626132239650265,3.0,24.0,24,-0.04323863304099083,23,0.005910909395599138,24,-0.04860356747623079,24,0.08442129175340253,23,0.9812648134018684,0.9834646580374783,0.97384268388189,1.0614278446787633,-0.011914526902121768,0.01130140550109432,-0.0004657120321750127,-0.0007736831138962091,-0.04860356747623079,-0.0004657120321750127,True,True
541713,Professional & technical services,0.0625540567294138,3.0,24.0,24,0.048096236163487405,23,-0.021993801238909035,24,-0.061959450858829035,24,0.03734956124155933,23,1.0492921187848512,0.9737837547364316,0.9422629931658303,1.0346611333128868,0.07942034230235646,-0.016603305133413855,-0.013821595414773256,-0.04784541362573941,-0.061959450858829035,-0.013821595414773256,True,True
333611,Manufacturing - metals/machinery,0.0621730998621625,4.0,23.0,24,0.0018985701914192674,23,0.022642505562172035,24,-0.09378882246008229,24,0.0699100361820634,23,1.0230070673914378,0.9990485872059572,0.9298050958961325,1.0481392495064723,0.033222676330288324,0.028033001667667215,-0.04565096701602651,-0.015284938685235339,0.0699100361820634,-0.015284938685235339,False,True
424810,Wholesale trade,0.0621712775350972,3.0,24.0,24,-0.06750874799593146,23,0.001997041269302872,24,-0.045542690489568556,24,0.11183137212243012,23,0.9619395958082585,0.9741293430421996,0.9823250077375348,1.081606053412007,-0.0361846418570624,0.007387537374798053,0.0025951649544872224,0.02663639725513138,-0.045542690489568556,0.0025951649544872224,True,False
327390,Manufacturing - paper/chemicals,0.0620279754347872,3.0,24.0,24,-0.0912555279766464,23,0.01708400457527026,24,-0.04237690136025254,24,0.11468168544661393,23,0.9427761740454087,0.983883762136989,0.9908233410780287,1.0825167227395738,-0.059931421837777346,0.02247450068076544,0.005760954083803241,0.029486710579315192,-0.04237690136025254,0.005760954083803241,True,False
423490,Wholesale trade,0.06194487049418,3.0,24.0,24,-0.016956706980715844,23,-0.02912746169348421,24,-0.06442309562070095,24,0.11172526827880544,23,1.003721074652921,0.950638531317256,0.9558109113685589,1.089829482661264,0.014367399158153216,-0.02373696558798903,-0.01628524017664517,0.0265302934115067,-0.06442309562070095,-0.01628524017664517,True,True
485310,Transportation,0.0615753494502316,4.0,23.0,24,-0.00993879853361788,23,-0.0345527082098128,24,0.008924840372264537,24,0.04596625510528788,23,0.991879371382824,0.9657153623752167,1.008656769787235,1.0337484964547243,0.021385307605251182,-0.02916221210431762,0.057062695816320314,-0.03922871976201086,0.04596625510528788,-0.03922871976201086,False,True
325312,Manufacturing - paper/chemicals,0.061381270161819,3.0,24.0,24,0.028155606690727374,23,-0.008852952784825252,24,-0.1273430845883212,24,0.11197639213803098,23,1.0515366462487319,0.9658782344353116,0.8979257281915419,1.0846593911244147,0.05947971282959644,-0.0034624566793300714,-0.07920522914426542,0.026781417270732244,-0.1273430845883212,-0.07920522914426542,True,True
541840,Professional & technical services,0.0612005530332216,4.0,23.0,24,-0.017056544826191112,23,-0.018801112835506752,24,-0.06535214471419315,24,0.10266013497982471,23,1.0043434935175923,0.9608626700989596,0.9549840723513405,1.0798097640321076,0.014267561312677948,-0.013410616730011572,-0.01721428927013737,0.017465160112525968,0.10266013497982471,0.017465160112525968,False,False
561422,Administrative & waste services,0.0611873910322612,4.0,23.0,24,-0.013132463820596345,23,-0.0255358901479268,24,-0.019982455535864748,24,0.05923549611748191,23,0.9942280930387565,0.9658793223530372,0.9886023319631713,1.0512902526450352,0.018191642318272715,-0.02014539404243162,0.02815539990819103,-0.025959478749816828,0.05923549611748191,-0.025959478749816828,False,True
551111,Management of companies,0.0611490418782249,4.0,23.0,24,0.41474969456391636,23,-0.2569275922196946,24,-0.09373459603461681,24,-0.05559229795975653,23,1.3287079307803484,0.8213968526955493,0.8279409590501392,1.0219542574739628,0.4460738007027854,-0.2515370961141994,-0.045596740590561034,-0.14078727282705528,-0.05559229795975653,-0.14078727282705528,True,True
561612,Administrative & waste services,0.0611061054904252,4.0,23.0,24,-0.047532293098589924,23,0.004654625893275717,24,-0.005053923659514528,24,0.048787779696760056,23,0.9645797229452916,0.9911632256552014,1.0084374765785598,1.0358195748209473,-0.016208186959720865,0.010045121998770898,0.04308393178454125,-0.036407195170538684,0.048787779696760056,-0.036407195170538684,False,True
112340,"Agriculture, forestry, fishing",0.0609647530801895,3.0,24.0,24,-0.07963111581485462,23,0.0026383926355315335,24,-0.009355542431162716,24,0.0865329473008559,23,0.9429633904848798,0.9805076753201037,1.0127751748842648,1.0637537593107513,-0.04830700967598556,0.008028888741026714,0.03878231301289306,0.0013379724335571552,-0.009355542431162716,0.03878231301289306,True,False
561431,Administrative & waste services,0.0609317784689882,4.0,23.0,24,-0.08347242291998727,23,-0.00012822330546223096,24,-0.030640792320129038,24,0.11446607615118119,23,0.9462118982154172,0.9717288119929671,0.9975021723814415,1.084557117410174,-0.05214831678111821,0.00526227280003295,0.01749706312392674,0.029271101283882453,0.11446607615118119,0.029271101283882453,False,False
621391,Health care & social assistance,0.0607115516217853,4.0,23.0,24,-0.16507259158740697,23,0.013741921177668232,24,-0.07268203400145799,24,0.2238099376574867,23,0.8954179507214396,0.954653893417662,0.9864059937585482,1.1635221621023502,-0.1337484854485379,0.01913241728316341,-0.024544178557402214,0.13861496279018795,0.2238099376574867,0.13861496279018795,False,False
485999,Transportation,0.060648681843766,4.0,23.0,24,-0.04103708599962153,23,-0.010232488671996895,24,-0.008123100912025482,24,0.0599915030526176,23,0.9711789691926075,0.9774528007548637,1.0041916096611139,1.047176620391415,-0.009712979860752473,-0.004841992566501714,0.040014754532030294,-0.02520347181468114,0.0599915030526176,-0.02520347181468114,False,True
457210,Retail trade - specialty,0.0606369620511943,2.0,24.0,24,-0.04701206251831764,23,-0.03921745788103099,24,-0.05223829400792268,24,0.1385469258693674,23,0.9783644491437955,0.9361579271642598,0.9723863209467863,1.1130913027451583,-0.01568795637944858,-0.033826961775535805,-0.0041004385638669025,0.05335195100206866,-0.03921745788103099,-0.033826961775535805,True,True
321920,Manufacturing - paper/chemicals,0.0605986384359258,3.0,24.0,24,-0.09746107364806263,23,0.01855116807575762,24,-0.04139575315779006,24,0.12049915309116228,23,0.937605576520915,0.9839544425301326,0.993200972387835,1.0852390085611174,-0.06613696750919357,0.0239416641812528,0.006742102286265719,0.035304178223863544,-0.04139575315779006,0.006742102286265719,True,False
811198,Other services,0.0605839535820824,3.0,24.0,24,-0.06863693701490009,23,0.004729351612601185,24,-0.01838423097669438,24,0.08148156812109493,23,0.9544379552442529,0.9834139263684539,1.0029311942674528,1.0592169241198404,-0.03731283087603103,0.010119847718096365,0.0297536244673614,-0.0037134067462038095,-0.01838423097669438,0.0297536244673614,True,False
221115,Utilities,0.0600765276383489,4.0,23.0,24,0.129631866756561,23,-0.027786650028007426,24,-0.07260858926713006,24,-0.0350579103226538,23,1.1226746141593302,0.9889020249360593,0.9107027357688032,0.9777206251358074,0.16095597289543007,-0.022396153922512246,-0.024470733823074277,-0.12025288518995253,-0.0350579103226538,-0.12025288518995253,True,True
541110,Professional & technical services,0.0599455768105536,3.0,24.0,24,-0.22035055638082618,23,0.0033143090384196022,24,-0.19218365744712676,24,0.4090269263215978,23,0.8825787912527904,0.9001126869736408,0.911017964617652,1.306290557155917,-0.18902645024195713,0.008704805143914782,-0.144045802003071,0.3238319514542991,-0.19218365744712676,-0.144045802003071,True,True
812320,Other services,0.0599112936157578,3.0,24.0,24,-0.07608582505560482,23,0.021444451445643675,24,-0.031380516783934886,24,0.0866360687845489,23,0.9510513074394721,0.9946680483308228,0.9953958863308859,1.0588847578988192,-0.04476171891673576,0.026834947551138855,0.016757338660120892,0.0014410939172501552,-0.031380516783934886,0.016757338660120892,True,False
524298,Finance & insurance,0.0597813889516563,4.0,23.0,24,0.11394199073125975,23,-0.08565906453014328,24,-0.057317280036418145,24,0.03158650087219675,23,1.0984502454406542,0.9280519239379356,0.9289717314955032,1.044526099125907,0.1452660968701288,-0.0802685684246481,-0.009179424592362366,-0.05360847399510199,0.03158650087219675,-0.05360847399510199,False,True
623312,Health care & social assistance,0.0597361235182201,3.0,24.0,24,-0.03722843795423533,23,-0.0007561819937432676,24,-0.006261109906645866,24,0.044554735349283225,23,0.9738753605566738,0.9884485682229327,1.004534139876678,1.0331419313437153,-0.005904331815366273,0.004634314111751914,0.041876745537409915,-0.040640239518015514,-0.006261109906645866,0.041876745537409915,True,False
541511,Professional & technical services,0.0595782398088925,4.0,23.0,24,0.0033964286601077844,23,-0.02313854575334078,24,-0.042354215843226954,24,0.06257010426225836,23,1.0130629067732728,0.9670976845566744,0.9674095538467578,1.052429854823295,0.03472053479897684,-0.0177480496478456,0.005783639600828824,-0.022624870605040384,0.06257010426225836,-0.022624870605040384,False,True
541715,Professional & technical services,0.0595006590405156,3.0,24.0,24,0.04491661467773795,23,-0.02766368894662718,24,-0.05374960093754914,24,0.0379861659325303,23,1.0461902464126283,0.9698165262117325,0.9487701839040912,1.0352230434715481,0.07624072081660702,-0.022273192841132,-0.005611745493493359,-0.04720880893476844,-0.05374960093754914,-0.005611745493493359,True,True
311991,Manufacturing - food/textiles,0.059407527393644,3.0,24.0,24,-0.05550806981535867,23,0.0014216881362411522,24,-0.030438625118454715,24,0.08596138196410735,23,0.9652156393488921,0.9796806928797203,0.9913023701380661,1.0638012976333215,-0.02418396367648961,0.006812184241736333,0.017699230325601063,0.0007664070968086134,-0.030438625118454715,0.017699230325601063,True,False
441340,Retail trade - general,0.0593685373865599,3.0,24.0,24,-0.03321780866205486,23,-0.023905075797079626,24,-0.014938384388716414,24,0.072216696872704,23,0.9786915120969889,0.9640126334390112,0.9971439063751927,1.060151948088807,-0.0018937025231857973,-0.018514579691584446,0.033199471055339366,-0.012978277994594736,-0.014938384388716414,0.033199471055339366,True,False
336340,Manufacturing - metals/machinery,0.059355627470863,4.0,23.0,24,0.040913233521850854,23,-0.016109585395643434,24,-0.07182120810221548,24,0.048691721989458404,23,1.046260955635211,0.9753703304486884,0.9366988760534527,1.0416698378626477,0.07223733966071991,-0.010719089290148254,-0.023683352658159705,-0.036503252877840335,0.048691721989458404,-0.036503252877840335,False,True
561910,Administrative & waste services,0.058531305744247,3.0,24.0,24,-0.08557249718642913,23,0.01440585365361527,24,-0.05396221220142733,24,0.12453458040148684,23,0.9507321177872986,0.979995822182239,0.980447819269949,1.0888242407605133,-0.054248391047560074,0.01979634975911045,-0.00582435675737155,0.039339605534188096,-0.05396221220142733,-0.00582435675737155,True,True
331511,Manufacturing - metals/machinery,0.0585085169239132,4.0,23.0,24,-0.04921461122590037,23,0.0016489224800624684,24,-0.06389168467009437,24,0.11118627409395712,23,0.9782683106570519,0.9731077978090484,0.9646494400009198,1.08397445153298,-0.017890505087031314,0.00703941858555765,-0.015753829226038595,0.025991299226658382,0.11118627409395712,0.025991299226658382,False,False
334111,Manufacturing - metals/machinery,0.058320776283335,4.0,23.0,24,-0.022016736603943828,23,-0.016330034014562084,24,-0.04021736120790932,24,0.07882145343564925,23,0.9927927250059337,0.9678617539181128,0.9755908508594159,1.0637546702165377,0.009307369534925232,-0.010939537909066904,0.007920494236146457,-0.006373521431649487,0.07882145343564925,-0.006373521431649487,False,True
441330,Retail trade - general,0.0582289440470301,3.0,24.0,24,-0.0452653732193694,23,0.004992335848258357,24,-0.027424498106580444,24,0.06842020928638923,23,0.9742421376379381,0.987264882358711,0.9903029553829669,1.048190024620384,-0.013941267080500343,0.010382831953753538,0.020713357337475334,-0.016774765580909512,-0.027424498106580444,0.020713357337475334,True,False
532111,Real estate,0.058223944354425,3.0,24.0,24,-0.025334767370009365,23,-0.017257584682409215,24,0.038775839568128224,24,0.00615361723852275,23,0.9707253930509568,0.9859094928572857,1.0356087620284333,1.0077563520633241,0.005989338768859695,-0.011867088576914035,0.086913695012184,-0.07904135762877598,0.038775839568128224,0.086913695012184,False,False
623220,Health care & social assistance,0.0580987901764971,3.0,24.0,24,-0.04653033147748774,23,0.006059730415153929,24,-0.013908745633981529,24,0.054408953409251164,23,0.9686105282063308,0.9909603246059371,1.0011906601752354,1.0392384870124969,-0.015206225338618679,0.01145022652064911,0.03422910981007425,-0.030786021458047576,-0.013908745633981529,0.03422910981007425,True,False
541513,Professional & technical services,0.0580189748032395,1.0,23.0,24,0.035434027570948094,23,-0.03337200657581805,24,-0.016344601310313053,24,0.014619937866626761,23,1.03074404039758,0.971427806453271,0.9788555856605979,1.0189725674885513,0.06675813370981715,-0.02798151047032287,0.031793254133742725,-0.07057503700067198,0.035434027570948094,0.06675813370981715,False,False
238290,Construction,0.0579246769532834,4.0,23.0,24,-0.052590082226033084,23,-0.01322471435817773,24,-0.02566808445488027,24,0.09074353016399389,23,0.9671988051161625,0.9672855258622497,0.9938216753246923,1.0716939936968954,-0.021265976087164025,-0.007834218252682549,0.02246977098917551,0.005548555296695151,0.09074353016399389,0.005548555296695151,False,False
312120,Manufacturing - food/textiles,0.0576324338485196,3.0,24.0,24,0.04222066375724875,23,-0.024514975930102805,24,-0.019667071339629163,24,0.004564364457264597,23,1.0339110909863127,0.9802330306187917,0.9755849221114762,1.010270956283419,0.0735447698961178,-0.019124479824607625,0.028470784104426616,-0.08063061041003414,-0.019667071339629163,0.028470784104426616,True,False
423330,Wholesale trade,0.0574915556611508,4.0,23.0,24,-0.03386923721997529,23,-0.014095254781467897,24,-0.0637871181793922,24,0.11237906348983043,23,0.992470791946343,0.9621326364741822,0.9599849905649576,1.0854115810145173,-0.002545131081106232,-0.008704758675972715,-0.01564926273533642,0.027184088622531688,0.11237906348983043,0.027184088622531688,False,False
321114,Manufacturing - paper/chemicals,0.0570250686759212,3.0,24.0,24,-0.06611102434457619,23,0.028929056131674236,24,-0.06895001156159175,24,0.1020231493822716,23,0.9688094872943899,0.9955488813759402,0.9644301631941422,1.0712114681355278,-0.03478691820570713,0.03431955223716942,-0.020812156117535972,0.016828174514972857,-0.06895001156159175,-0.020812156117535972,True,True
238210,Construction,0.057009284653021,4.0,23.0,24,-0.09296980070558941,23,0.002824625178517832,24,-0.03844038253850008,24,0.1280191451073357,23,0.939950545636938,0.9699946795446639,0.994389563095354,1.095665211723044,-0.06164569456672035,0.008215121284013013,0.009697472905555699,0.04282417024003696,0.1280191451073357,0.04282417024003696,False,False
424940,Wholesale trade,0.0564226219651547,3.0,24.0,24,0.05956387389704203,23,-0.03702138919528337,24,-0.05575031868730116,24,0.03340492979860438,23,1.060249621641571,0.9644783784561399,0.9427499136612756,1.0325220862410136,0.09088798003591109,-0.031630893089788184,-0.007612463243245382,-0.05179004506869436,-0.05575031868730116,-0.007612463243245382,True,True
561621,Administrative & waste services,0.0562011400195062,4.0,23.0,24,-0.055593731544927874,23,-0.015247239197353693,24,-0.028531259466000405,24,0.1005348702574119,23,0.9653074938627807,0.9636781722682398,0.9925433290684061,1.0784710048005735,-0.024269625406058815,-0.009856743091858512,0.019606595978055374,0.015339895390113156,0.1005348702574119,0.015339895390113156,False,False
424420,Wholesale trade,0.0561414025639552,4.0,23.0,24,-0.04401019780652842,23,-0.03201670631431271,24,-0.011090051035460588,24,0.08867743929733445,23,0.9718558856576949,0.9549052385597654,1.0019880040904614,1.0712508716920783,-0.012686091667659362,-0.026626210208817527,0.03704780440859519,0.003482464430035706,0.08867743929733445,0.003482464430035706,False,False
311821,Manufacturing - food/textiles,0.0557322379797673,4.0,23.0,24,-0.036484447313099744,23,-0.015682168354001737,24,-0.026238982993946818,24,0.07727988773225636,23,0.9799246893583268,0.9688797337674583,0.9891991148845932,1.0619964619896218,-0.005160341174230684,-0.010291672248506557,0.02189887245010896,-0.007915087135042381,0.07727988773225636,-0.007915087135042381,False,True
424430,Wholesale trade,0.0556079845098521,3.0,24.0,24,0.005120935444004995,23,-0.02458477047091341,24,-0.02466229912824625,24,0.044408245347995305,23,1.009334705863056,0.9703060317740232,0.9804468986268171,1.0399123637361036,0.03644504158287405,-0.01919427436541823,0.02347555631580953,-0.040786729519303434,-0.02466229912824625,0.02347555631580953,True,False
321912,Manufacturing - paper/chemicals,0.0554584004386025,3.0,24.0,24,-0.07164212633885426,23,0.01103628194044264,24,-0.04997263458423181,24,0.10930258464156327,23,0.9594453275071567,0.980860512914751,0.9802031344414598,1.0794910251366325,-0.040318020199985205,0.016426778045937823,-0.0018347791401760322,0.02410760977426453,-0.04997263458423181,-0.0018347791401760322,True,True
811122,Other services,0.0554275613091269,3.0,24.0,24,-0.05998349181216834,23,0.03961637982336966,24,-0.012058124079438867,24,0.03154947709853716,23,0.9588040002956353,1.0218650052287683,1.0056932505151623,1.0136377439604338,-0.02865938567329928,0.04500687592886484,0.03607973136461691,-0.05364549776876158,-0.012058124079438867,0.03607973136461691,True,False
524210,Finance & insurance,0.0552080543301677,4.0,23.0,24,0.09245215627507122,23,-0.06824963035843827,24,-0.0695758379804524,24,0.048203878741391606,23,1.0844451141332512,0.936706795025828,0.9254677366352814,1.0533803542056395,0.12377626241394028,-0.0628591342529431,-0.021437982536396623,-0.03699109612590713,0.048203878741391606,-0.03699109612590713,False,True
424450,Wholesale trade,0.0547591871730931,4.0,23.0,24,-0.012362950529793366,23,0.00184665254390932,24,-0.02425112177580241,24,0.03434266899650306,23,0.9969656116476578,0.9927514825011944,0.9848440482669125,1.0254388575842353,0.018961155609075693,0.007237148649404501,0.02388673366825337,-0.05085230587079568,0.03434266899650306,-0.05085230587079568,False,True
621420,Health care & social assistance,0.0547373304816536,3.0,24.0,24,-0.04741604588488236,23,0.00493424049507242,24,-0.011976094182920902,24,0.054879032333716965,23,0.9676355916663125,0.9901540729895363,1.0028040733226151,1.0394062620215359,-0.0160919397460133,0.0103247366005676,0.03616176126113488,-0.030315942533581774,-0.011976094182920902,0.03616176126113488,True,False
424920,Wholesale trade,0.0547352391156806,3.0,24.0,24,0.031827163838356314,23,-0.05069456051530336,24,-0.036296094922145326,24,0.05505988761592228,23,1.0332096798796695,0.9482766344705381,0.9647327100920133,1.0537809755577792,0.06315126997722537,-0.04530406440980818,0.011841760521910452,-0.03013508725137646,-0.036296094922145326,0.011841760521910452,True,False
519290,Information,0.0546765203965633,4.0,23.0,24,0.04067848132524474,23,-0.04638542637467161,24,-0.048708331130014985,24,0.0564665455654338,23,1.0426699186564854,0.9516017694674853,0.9533044730278282,1.052423838848201,0.07200258746411381,-0.04099493026917642,-0.000570475685959207,-0.028728429301864943,0.0564665455654338,-0.028728429301864943,False,True
561421,Administrative & waste services,0.054582944931941,4.0,23.0,24,-0.045380638954674354,23,-0.005837364454445724,24,-0.0328138026505549,24,0.08314442780088972,23,0.9761318966841923,0.9752686668901002,0.9860801660048993,1.0625192704208082,-0.014056532815805295,-0.0004468683489505434,0.01532405279350088,-0.002050547066409017,0.08314442780088972,-0.002050547066409017,False,True
336212,Manufacturing - metals/machinery,0.0542896888294374,3.0,24.0,24,-0.05170963001886038,23,-0.003410882303688948,24,-0.04316392809691542,24,0.09658145876477431,23,0.9735006209726661,0.9733680153215613,0.9800571742778343,1.0730741894279383,-0.02038552387999132,0.001979613801806233,0.004973927347140361,0.011386483897475569,-0.04316392809691542,0.004973927347140361,True,False
531312,Real estate,0.054203223789174,4.0,23.0,24,0.04913275846182912,23,-0.06312785195772551,24,-0.06158944954207216,24,0.07736298250160831,23,1.0513686052224156,0.9334651999357222,0.9418174985644799,1.073348696277382,0.08045686460069817,-0.057737355852230325,-0.013451594098016384,-0.007831992365690432,0.07736298250160831,-0.007831992365690432,False,True
522210,Finance & insurance,0.0541763506473071,4.0,23.0,24,0.2987589189177298,23,-0.1845022253346935,24,-0.020150021757840825,24,-0.09202963595787692,23,1.2229447323785723,0.8830960115388837,0.912251741368582,0.9817075147139619,0.33008302505659887,-0.1791117292291983,0.027987833686214953,-0.17722461082517565,-0.09202963595787692,-0.17722461082517565,True,True
332112,Manufacturing - metals/machinery,0.0539046665243061,3.0,24.0,24,-0.004421169992432376,23,-0.010259928051583123,24,-0.04888334881554909,24,0.06514992458293822,23,1.0068425582230593,0.9757264750842536,0.9651302480486142,1.052300718644073,0.026902936146436685,-0.004869431946087942,-0.0007454933714933082,-0.020045050284360516,-0.04888334881554909,-0.0007454933714933082,True,True
449122,Retail trade - general,0.0535954698766343,4.0,23.0,24,-0.11210901628704321,23,0.02323592786131859,24,-0.0400240001184547,24,0.12995058003029114,23,0.9258198673462262,0.9851678836039092,0.9980440441389548,1.0909682049109097,-0.08078491014817415,0.02862642396681377,0.008113855325601077,0.0447556051629924,0.12995058003029114,0.0447556051629924,False,False
423430,Wholesale trade,0.0535413060440936,4.0,23.0,24,0.012684550121215886,23,-0.05762572469981276,24,0.021456599821804517,24,0.022371393788421692,23,1.0086537062492822,0.9524110439905495,1.0114198311314422,1.0275154186287259,0.04400865626008495,-0.052235228594317576,0.06959445526586029,-0.06282358107887705,0.022371393788421692,-0.06282358107887705,False,True
456199,Retail trade - specialty,0.0535168487888184,4.0,23.0,24,-0.04402351834450163,23,-0.012345698185247861,24,-0.03313066182942468,24,0.08989666587889233,23,0.975106676139772,0.9683129732515345,0.986210666733793,1.0703696838749008,-0.012699412205632574,-0.00695520207975268,0.015007193614631098,0.004701691011593595,0.08989666587889233,0.004701691011593595,False,False
445320,Retail trade - general,0.0534599951907713,3.0,24.0,24,-0.07282926139925586,23,0.00456463249332438,24,-0.02957595013118523,24,0.0976047472560686,23,0.9546878785886378,0.9796019419791419,0.9953867403829971,1.070323439049223,-0.0415051552603868,0.00995512859881956,0.01856190531287055,0.012409772388769863,-0.02957595013118523,0.01856190531287055,True,False
311221,Manufacturing - food/textiles,0.053425371260714,3.0,24.0,24,0.017452060947148594,23,-0.04287809253684619,24,-0.008107271951424322,24,0.03470667636938918,23,1.0163498277497875,0.9598694260626083,0.9891452094491212,1.0346355367384827,0.048776167086017654,-0.03748759643135101,0.04003058349263146,-0.05048829849790956,-0.008107271951424322,0.04003058349263146,True,False
517810,Information,0.0529375262882092,4.0,23.0,24,0.05111671354346021,23,-0.03422421687668197,24,-0.037211795681159024,24,0.021495870770199214,23,1.0458644588315058,0.9686600041734336,0.9599039832687254,1.0255715537263352,0.08244081968232927,-0.02883372077118679,0.010926059762896755,-0.06369910409709953,0.021495870770199214,-0.06369910409709953,False,True
322299,Manufacturing - paper/chemicals,0.0528384442857393,4.0,23.0,24,-0.06498984349569181,23,-0.017065311557179056,24,-0.07042756551015762,24,0.1522636379939853,23,0.9700078611901878,0.9494614536694977,0.9630456692631658,1.117485015877149,-0.03366573735682275,-0.011674815451683876,-0.022289710066101844,0.06706866312668655,0.1522636379939853,0.06706866312668655,False,False
311224,Manufacturing - food/textiles,0.0527498488957002,4.0,23.0,24,-0.05315411421605832,23,-0.04503182829625297,24,0.01640689803836104,24,0.08567765190551277,23,0.9557123474840651,0.945674586877889,1.025700482864219,1.0729125827738268,-0.02183000807718926,-0.039641332190757786,0.06454475348241681,0.00048267703821402996,0.08567765190551277,0.00048267703821402996,False,False
522292,Finance & insurance,0.0526541596724341,4.0,23.0,24,0.05967878105008159,23,-0.06721584179570032,24,0.0005221238679044513,24,0.009771102413435866,23,1.043290750792982,0.9473884497579285,0.9859178323142755,1.0234029671348137,0.09100288718895065,-0.06182534569020514,0.04865997931196023,-0.07542387245386287,0.009771102413435866,-0.07542387245386287,False,True
336414,Manufacturing - metals/machinery,0.0526507380352529,3.0,24.0,24,0.08985030330151043,23,-0.05302183026141625,24,-0.024233292997353228,24,-0.009940710994567026,23,1.0731062303331431,0.9632691488505136,0.9594757278907169,1.0041488929256264,0.1211744094403795,-0.047631334155921065,0.02390456244670255,-0.09513568586186577,-0.024233292997353228,0.02390456244670255,True,False
493190,Warehousing & couriers,0.0523588389980109,4.0,23.0,24,-0.008753405798503922,23,-0.014609215711637036,24,-0.04311953214524807,24,0.06576677207306783,23,1.0037727581874156,0.9722751929690855,0.9699960591740293,1.0539559896694695,0.022570700340365138,-0.009218719606141856,0.005018323298807706,-0.01942820279423091,0.06576677207306783,-0.01942820279423091,False,True
488490,Transportation,0.0519124843251012,3.0,24.0,24,-0.06107528818727963,23,0.0015977270171593783,24,-0.018373705096864285,24,0.0779777104572267,23,0.9579548383427378,0.9814581047657839,1.0017659171545112,1.0588211397369671,-0.029751182048410568,0.006988223122654559,0.029764150347191494,-0.007217264410072033,-0.018373705096864285,0.029764150347191494,True,False
333415,Manufacturing - metals/machinery,0.0518208204123439,3.0,24.0,24,-0.04018679135283397,23,0.0056509200474028675,24,-0.04622315429670212,24,0.0826015234122668,23,0.9796195458444371,0.9834497172299811,0.9759780485207196,1.0609526884048621,-0.00886268521396491,0.011041416152898048,0.0019147011473536618,-0.0025934514550319393,-0.04622315429670212,0.0019147011473536618,True,False
541330,Professional & technical services,0.0517800395306447,4.0,23.0,24,-0.0968407222155424,23,0.0015436596797295578,24,-0.09678136496397864,24,0.19232465902166554,23,0.951055026133294,0.9529682134028347,0.9517940813129163,1.144182679150955,-0.06551661607667333,0.0069341557852247385,-0.04864350951992286,0.1071296841543668,0.19232465902166554,0.1071296841543668,False,False
339995,Manufacturing - metals/machinery,0.0516284010061681,2.0,24.0,24,-0.08545266550271761,23,0.006600255769451793,24,-0.07199114473468039,24,0.14894535529011863,23,0.9528969003500508,0.9669021743079086,0.9677069367268629,1.112493988615178,-0.054128559363848555,0.011990751874946973,-0.023853289290624614,0.06375038042281989,0.006600255769451793,0.011990751874946973,False,False
314999,Manufacturing - food/textiles,0.0515942985902148,4.0,23.0,24,0.02453250561126086,23,-0.021285698263513095,24,-0.02868180081270937,24,0.02481342398978361,23,1.0209580438388581,0.9761397160785364,0.973892784845241,1.0290094552373643,0.05585661175012992,-0.015895202158017915,0.01945605463134641,-0.06038155087751513,0.02481342398978361,-0.06038155087751513,False,True
337110,Manufacturing - metals/machinery,0.051475108679759,3.0,24.0,24,-0.07896107597242075,23,0.021692747152348115,24,-0.0381295662791425,24,0.09470196401347365,23,0.9508096829231792,0.992586119367027,0.9909770615061787,1.0656271362036154,-0.04763696983355169,0.027083243257843295,0.010008289164913281,0.009506989146174913,-0.0381295662791425,0.010008289164913281,True,False
541810,Professional & technical services,0.0514533588123962,4.0,23.0,24,-0.03002238003960066,23,-0.014546481171793057,24,-0.07564001454854202,24,0.12053242944583407,23,0.9967221499445232,0.9591475639602006,0.9506659403194643,1.0934643457758118,0.0013017260992683986,-0.009155985066297875,-0.027502159104486244,0.035337454578535335,0.12053242944583407,0.035337454578535335,False,False
333413,Manufacturing - metals/machinery,0.0514410364007328,3.0,24.0,24,-0.0841176812047109,23,0.012745164587896271,24,-0.06299394940156301,24,0.1336200266400396,23,0.9548303225632635,0.976690622308463,0.9730605928778701,1.095418462250403,-0.05279357506584184,0.018135660693391453,-0.014856093957507234,0.04842505177274087,-0.06299394940156301,-0.014856093957507234,True,True
327999,Manufacturing - paper/chemicals,0.0510180148343924,3.0,24.0,24,-0.08792283034950818,23,0.023506573062799255,24,-0.03816260134599432,24,0.10319349068753338,23,0.9442509780353792,0.9922026986259276,0.9931412730908774,1.070405050247816,-0.05659872421063912,0.028897069168294435,0.009975254098061458,0.017998515820234637,-0.03816260134599432,0.009975254098061458,True,False
332420,Manufacturing - metals/machinery,0.0509669064581096,2.0,24.0,24,-0.06706852745117689,23,-0.01019671189616333,24,-0.04786684058221143,24,0.12522778333127793,23,0.9621556636745573,0.9612328958012851,0.9807035517203401,1.0959078888038176,-0.03574442131230783,-0.004806215790668149,0.00027101486184434587,0.04003280846397919,-0.01019671189616333,-0.004806215790668149,True,True
524113,Finance & insurance,0.050960796852449,4.0,23.0,24,0.32276236934156005,23,-0.15122094996325702,24,-0.038088569904140605,24,-0.1298238107672851,23,1.2473827152860884,0.9185437651640589,0.8921467149685434,0.9419268045813091,0.3540864754804291,-0.14583045385776183,0.010049285539915173,-0.21501878563458385,-0.1298238107672851,-0.21501878563458385,True,True
541310,Professional & technical services,0.0509404090011652,3.0,24.0,24,-0.21158290283024894,23,0.025291607351737983,24,-0.17549366062932303,24,0.36140362952574884,23,0.8852272980859522,0.9285361531706143,0.9212617935518006,1.2649747551916328,-0.1802587966913799,0.030682103457233163,-0.12735580518526726,0.2762086546584501,-0.17549366062932303,-0.12735580518526726,True,True
339920,Manufacturing - metals/machinery,0.0507728023478726,3.0,24.0,24,-0.0008856471510469542,23,-0.03170086698766756,24,-0.044883303482674754,24,0.07836853629188116,23,1.010219473985819,0.9567445231800472,0.9666713063496105,1.0663646964845233,0.030438458987822107,-0.02631037088217238,0.0032545519613810248,-0.006826438575417579,-0.044883303482674754,0.0032545519613810248,True,False
922110,Public administration,0.0505585138488172,3.0,24.0,24,-0.025252570805527837,23,-0.007570545573883582,24,0.0040112219398182975,24,0.02833827458726856,23,0.9799043154387309,0.9870679668856327,1.0093727094803018,1.0236550081953342,0.006071535333341222,-0.002180049468388401,0.05214907738387407,-0.056856700280030176,0.0040112219398182975,0.05214907738387407,False,False
532412,Real estate,0.0505553881901011,4.0,23.0,24,-0.04965460794364416,23,-0.0010579822504288388,24,-0.041256588916341146,24,0.09356492095423351,23,0.9734605291066334,0.9763433311463352,0.9813420976868947,1.0688540420601367,-0.0183305018047751,0.004332513855066342,0.006881266527714633,0.008369946086934768,0.09356492095423351,0.008369946086934768,False,False
423820,Wholesale trade,0.0505240903982106,3.0,24.0,24,-0.12353862617956303,23,0.009190791973260865,24,-0.10613971456229015,24,0.22153653827568237,23,0.9345506821608907,0.951994447839461,0.9510566295715098,1.1623982404281386,-0.09221452004069397,0.014581288078756045,-0.058001859118234377,0.13634156340838363,-0.10613971456229015,-0.058001859118234377,True,True
112320,"Agriculture, forestry, fishing",0.0503874431626385,3.0,24.0,24,0.03765191999578741,23,-0.06269119995428303,24,-0.05103912901734801,24,0.06955155713546939,23,1.0513151824981386,0.9374008178726472,0.9488688531557218,1.0624151464734926,0.06897602613465648,-0.05730070384878785,-0.002901273573292229,-0.015643417731829354,-0.05103912901734801,-0.002901273573292229,True,True
335921,Manufacturing - metals/machinery,0.0502306816435184,4.0,23.0,24,0.0570133375885448,23,-0.0701486196235168,24,-0.06433617162303844,24,0.07846902016285365,23,1.0603646520181822,0.9285275405081977,0.9369876682452469,1.0741201392283728,0.08833744372741387,-0.06475812351802163,-0.01619831617898266,-0.006725954704445092,0.07846902016285365,-0.006725954704445092,False,True
423390,Wholesale trade,0.0502165569962478,3.0,24.0,24,-0.06408398139608862,23,-0.006923334461195474,24,-0.06385275447936635,24,0.1335570276155659,23,0.9688107563871956,0.9613959995080809,0.9678279115513573,1.1019653325533663,-0.03275987525721956,-0.001532838355700293,-0.01571489903531057,0.04836205274826716,-0.06385275447936635,-0.01571489903531057,True,True
922150,Public administration,0.0501754992861438,4.0,23.0,24,-0.03831807617567899,23,0.004728351123021936,24,-0.009277342488728552,24,0.043759225733761245,23,0.9733446382839404,0.9927507830547592,1.002700225579534,1.0312043530817663,-0.006993970036809932,0.010118847228517117,0.03886051295532723,-0.041435749133537494,0.043759225733761245,-0.041435749133537494,False,True
424350,Wholesale trade,0.0501540236704827,4.0,23.0,24,-0.04754688238085025,23,-0.014422924432868023,24,-0.06605731078532569,24,0.13041053009332607,23,0.9805018542194494,0.9570585900451731,0.962461174736633,1.0999783809987445,-0.016222776241981193,-0.009032428327372843,-0.01791945534126991,0.045215555226027326,0.13041053009332607,0.045215555226027326,False,False
483211,Transportation,0.0500585323295143,4.0,23.0,24,-0.04845032748041913,23,0.007610585064276314,24,-0.0437753675402775,24,0.08375358006446366,23,0.9746503127684205,0.984568900140324,0.9792663173836749,1.0615144697075805,-0.01712622134155007,0.013001081169771495,0.00436248790377828,-0.0014413948028350748,0.08375358006446366,-0.0014413948028350748,False,True
512120,Information,0.0499999599857474,4.0,23.0,24,0.027128809085668407,23,-0.05407091918044904,24,-0.07532811800368974,24,0.10799348481688478,23,1.0402016688847908,0.9342202644465848,0.9363806983692765,1.0891973682993479,0.058452915224537466,-0.048680423074953856,-0.027190262559633964,0.022798509949586043,0.10799348481688478,0.022798509949586043,False,False
522220,Finance & insurance,0.0498946814808983,4.0,23.0,24,0.22530895845837434,23,-0.1264053616715225,24,-0.05261369763638551,24,-0.043941664006010496,23,1.1799535138441046,0.9160412437310507,0.9049396969610414,0.9990655454638032,0.2566330645972434,-0.12101486556602732,-0.004475842192329729,-0.12913663887330923,-0.043941664006010496,-0.12913663887330923,True,True
562111,Administrative & waste services,0.0498372454459472,3.0,24.0,24,-0.03984461350594331,23,-0.005870898658703387,24,-0.020287433220093274,24,0.06643857451538805,23,0.9754127079400353,0.9791708595812771,0.9946708085399262,1.0507456239387614,-0.00852050736707425,-0.00048040255320820624,0.027850422223962504,-0.018756400351910688,-0.020287433220093274,0.027850422223962504,True,False
562112,Administrative & waste services,0.0496047756227613,3.0,24.0,24,-0.02791546536816381,23,-0.0068596202177418535,24,-0.03971230403192522,24,0.05736791121122997,23,0.9823267655213505,0.9740118669453999,0.979416208804933,1.0642451587283166,0.0034086407707052506,-0.0014691241122466725,0.008425551412130555,-0.027827063656068768,-0.03971230403192522,0.008425551412130555,True,False
532112,Real estate,0.0495952549311615,4.0,23.0,24,0.04217877777647423,23,-0.03869622553509789,24,-0.051426280982363716,24,0.047995349861103154,23,1.0455790483942555,0.9593546969355327,0.9505227965470059,1.0445434581232063,0.07350288391534329,-0.03330572942960271,-0.0032884255383079375,-0.037199625006195586,0.047995349861103154,-0.037199625006195586,False,True
326150,Manufacturing - paper/chemicals,0.0495637576068485,3.0,24.0,24,-0.02198251704939903,23,-0.025533573183478066,24,-0.04649776283994056,24,0.09449614207403043,23,0.9953500702432324,0.9574171959509526,0.9705514680256289,1.076681265780186,0.00934158908947003,-0.020143077077982886,0.001640092604115219,0.009301167206731686,-0.04649776283994056,0.001640092604115219,True,False
922130,Public administration,0.0495615857746438,4.0,23.0,24,-0.027574691803462465,23,-0.004874708998217518,24,-0.0007852671276252082,24,0.03348733480360515,23,0.9794969431143826,0.9880291829973683,1.006310840876789,1.02616303301146,0.0037494143354065944,0.0005157871072776626,0.04735258831643057,-0.05170764006369359,0.03348733480360515,-0.05170764006369359,False,True
213113,"Mining, quarrying, oil & gas",0.049523615186055,4.0,23.0,24,0.005102330383260023,23,-0.03318915721173969,24,-0.054743920631374475,24,0.08257972353454122,23,1.0223200249416313,0.9560028775583458,0.9560640445985399,1.0656130529014831,0.03642643652212908,-0.027798661106244512,-0.0066060651873186965,-0.002615251332757515,0.08257972353454122,-0.002615251332757515,False,True
621320,Health care & social assistance,0.049312267274308,3.0,24.0,24,-0.0941172468617197,23,-0.0012582983037947443,24,-0.04815007000377807,24,0.1441682303811053,23,0.9414872884641005,0.9631874411829794,0.9874041905094478,1.1079210798434724,-0.06279314072285064,0.004132197801700437,-1.2214559722292795e-05,0.058973255513806555,-0.04815007000377807,-1.2214559722292795e-05,True,True
322110,Manufacturing - paper/chemicals,0.0491973133899382,3.0,24.0,24,-0.006748948507838606,23,-0.024852414835273794,24,-0.005024470637058645,24,0.03379943781227207,23,0.9938378901628683,0.9714187250066627,0.9987043895210048,1.0360389953094642,0.024575157631030454,-0.019461918729778614,0.04311338480699713,-0.05139553705502667,-0.005024470637058645,0.04311338480699713,True,False
333922,Manufacturing - metals/machinery,0.0490942884632398,3.0,24.0,24,-0.07409018584859185,23,-0.013578478423275198,24,-0.07647626945497815,24,0.16421758184884122,23,0.9646381184766565,0.9491421379172843,0.9608031142044623,1.1254166294015968,-0.04276607970972279,-0.008187982317780017,-0.028338414010922373,0.07902260698154248,-0.07647626945497815,-0.028338414010922373,True,True
326212,Manufacturing - paper/chemicals,0.0490647368333747,3.0,24.0,24,-0.1027339448438053,23,0.009040178176112404,24,-0.03310478764428117,24,0.1255678266114428,23,0.9323089137024425,0.9754415535288329,1.0004938370029983,1.0917556957657262,-0.07140983870493624,0.014430674281607585,0.015033067799774612,0.04037285174414407,-0.03310478764428117,0.015033067799774612,True,False
221330,Utilities,0.0489505639365109,4.0,23.0,24,0.11291438333601755,23,-0.07078020947767387,24,-0.03754625003625158,24,-0.002365481342714782,23,1.0924575708134807,0.9475235641147358,0.9441499763713385,1.0158688887004446,0.1442384894748866,-0.06538971337217869,0.010591605407804197,-0.08756045621001352,-0.002365481342714782,-0.08756045621001352,True,True
561990,Administrative & waste services,0.0488739007909812,3.0,24.0,24,-0.038317416691364424,23,0.0005751644938183272,24,-0.02745444210952344,24,0.06501482020889598,23,0.9785134651124684,0.9842615054948,0.988859216889495,1.048365812503237,-0.0069933105524953645,0.005965660599313508,0.020683413334532337,-0.020180154658402755,-0.02745444210952344,0.020683413334532337,True,False
513130,Information,0.0488339150991687,3.0,24.0,24,0.03131513954402678,23,-0.04313815695320444,24,-0.03628064679018558,24,0.04755522595479329,23,1.033692528299188,0.9559991368831297,0.9645820593734804,1.045726275444202,0.06263924568289583,-0.03774766084770926,0.011857208653870195,-0.03763974891250545,-0.03628064679018558,0.011857208653870195,True,False
449121,Retail trade - general,0.0488314612614282,4.0,23.0,24,-0.09776764641699122,23,0.003829342614184328,24,-0.04608379651469693,24,0.14034499434025133,23,0.9387123170220414,0.9680388494499659,0.9897066966495216,1.103542136878471,-0.06644354027812216,0.009219838719679508,0.0020540589293588513,0.05515001947295259,0.14034499434025133,0.05515001947295259,False,False
523150,Finance & insurance,0.048826714620397,3.0,24.0,24,0.3688956788364516,23,-0.19667386388123245,24,-0.08944023826052289,24,-0.08244610823730274,23,1.2991828237138099,0.8732403312698632,0.8406455665883814,0.9869312784279454,0.4002197849753206,-0.19128336777573726,-0.04130238281646711,-0.16764108310460146,-0.08944023826052289,-0.04130238281646711,True,True
332321,Manufacturing - metals/machinery,0.0487952930070058,3.0,24.0,24,-0.07996811598087492,23,0.008746249092361722,24,-0.05691496639628077,24,0.12768908031848406,23,0.9542490018781535,0.9745242609196527,0.9773070217764283,1.0939197154257656,-0.048644009842005856,0.014136745197856904,-0.008777110952224991,0.042494105451185316,-0.05691496639628077,-0.008777110952224991,True,True
333921,Manufacturing - metals/machinery,0.0486857438647563,3.0,24.0,24,-0.042242394745751796,23,-0.028489698412930007,24,-0.06769208384341031,24,0.13914830161096012,23,0.983904159519537,0.9435809934791122,0.9602372242645475,1.1122776227368034,-0.010918288606882737,-0.023099202307434827,-0.019554228399354535,0.05395332674366138,-0.06769208384341031,-0.019554228399354535,True,True
611512,Educational services,0.0486595752677302,2.0,24.0,24,-0.005481342382120497,23,-0.012016905969509098,24,-0.011557885070561958,24,0.029780856748935575,23,0.997892642629152,0.9834280132166876,0.9929971957432414,1.025682148410919,0.025842763756748564,-0.006626409864013917,0.03657997037349382,-0.055414118118363165,-0.012016905969509098,-0.006626409864013917,True,True
623311,Health care & social assistance,0.0484869683055293,3.0,24.0,24,-0.03932543630086669,23,-0.0038935809823806198,24,-0.0013687442778686453,24,0.0442623453399742,23,0.971110733104867,0.9860204152932855,1.0087172594464653,1.0341515921553823,-0.008001330161997632,0.0014969151231145612,0.046769111166187136,-0.040932629527324536,-0.0013687442778686453,0.046769111166187136,True,False
541830,Professional & technical services,0.0484049331899011,4.0,23.0,24,-0.09254890555373714,23,0.010974112156221419,24,-0.10031099291371572,24,0.18701876973123652,23,0.9540620879578405,0.9622244771709297,0.9484386420715761,1.1352747927996536,-0.06122479941486808,0.0163646082617166,-0.05217313746965994,0.10182379486393778,0.18701876973123652,0.10182379486393778,False,False
321918,Manufacturing - paper/chemicals,0.048385103142873,3.0,24.0,24,-0.0818571847026986,23,0.017037123773108977,24,-0.05694535288300804,24,0.12173380921054401,23,0.9529280924067374,0.9823647036143521,0.9777270672757489,1.086980136703162,-0.050533078563829534,0.022427619878604158,-0.008807497438952261,0.03653883434324527,-0.05694535288300804,-0.008807497438952261,True,True
456110,Retail trade - specialty,0.0483547599235499,3.0,24.0,24,-0.044231484751095694,23,-0.009447063197203093,24,-0.023623309871204465,24,0.07713377230779876,23,0.9722869578876762,0.9734408194749541,0.9934888074566383,1.0607834151807314,-0.012907378612226635,-0.004056567091707912,0.024514545572851314,-0.008061202559499978,-0.023623309871204465,0.024514545572851314,True,False
333992,Manufacturing - metals/machinery,0.048258444693381,3.0,24.0,24,0.004498787611010543,23,-0.05549722718499098,24,-0.02939707595685204,24,0.08020472990051859,23,1.0112536995506176,0.9384549806795975,0.9766507161785594,1.0736406035912254,0.035822893749879604,-0.05010673107949579,0.018740779487203738,-0.004990244966780147,-0.02939707595685204,0.018740779487203738,True,False
561440,Administrative & waste services,0.0481876286081714,3.0,24.0,24,-0.02582971024118892,23,0.0011955712500714467,24,-0.040784061399380005,24,0.06676754694662643,23,0.9904083935522685,0.984403681967701,0.9760078278829906,1.0491800965970401,0.005494395897680141,0.0065860673555666275,0.007353794044675774,-0.018427427920672312,-0.040784061399380005,0.007353794044675774,True,False
562920,Administrative & waste services,0.0481773617815744,3.0,24.0,24,-0.05905739628636869,23,0.004044529660805439,24,-0.041398264453036744,24,0.096984471116515,23,0.9659743065490729,0.9789032103594842,0.9837430548482845,1.0713794282431586,-0.02773329014749963,0.00943502576630062,0.006739590991019034,0.011789496249216255,-0.041398264453036744,0.006739590991019034,True,False
112310,"Agriculture, forestry, fishing",0.0481631641144197,3.0,24.0,24,-0.07811436077795536,23,-0.03741082781745965,24,0.03653264525592454,24,0.08092857332630025,23,0.9343386698944678,0.9528796105660046,1.0462422068724604,1.0665395126670674,-0.0467902546390863,-0.032020331711964466,0.08467050069998032,-0.004266401540998485,0.03653264525592454,0.08467050069998032,False,False
423860,Wholesale trade,0.0481124386543529,4.0,23.0,24,-0.02603357543601123,23,-0.031047220035592626,24,-0.05592477105555158,24,0.11102908516422402,23,0.9927945252619826,0.9479093646998843,0.9651186442089715,1.0941774658291616,0.005290530702857829,-0.025656723930097446,-0.007786915611495804,0.025834110296925283,0.11102908516422402,0.025834110296925283,False,False
811210,Other services,0.0479874707480083,4.0,23.0,24,-0.036250199855672675,23,-0.008271887738618361,24,-0.046142973947918525,24,0.09026328823238564,23,0.9849510280174222,0.9713307969512162,0.9742543413622471,1.0694638336691151,-0.004926093716803616,-0.0028813916331231803,0.0019948814961372532,0.005068313365086896,0.09026328823238564,0.005068313365086896,False,False
311812,Manufacturing - food/textiles,0.0477525201010945,4.0,23.0,24,-0.053755217713126,23,-0.004890233694500788,24,-0.002813340921029084,24,0.06146770927195829,23,0.9598851625204623,0.9808003735053102,1.01149605187916,1.0478184120950675,-0.022431111574256937,0.0005002624109943926,0.045324514523026695,-0.023727265595340448,0.06146770927195829,-0.023727265595340448,False,True
424310,Wholesale trade,0.0477331346595591,4.0,23.0,24,-0.09804437317765148,23,0.04722509584287243,24,-0.09877458154713202,24,0.15243465996971223,23,0.9485693593837349,0.9971566884550733,0.951293825840667,1.1029801263205248,-0.06672026703878242,0.05261559194836762,-0.05063672610307624,0.06723968510241349,0.15243465996971223,0.06723968510241349,False,False
334118,Manufacturing - metals/machinery,0.0476877087307043,4.0,23.0,24,-0.02644963966176538,23,-0.018090312957953717,24,-0.0742292217390322,24,0.118293202960583,23,0.9982769907664663,0.9565922767178577,0.9510881885851564,1.0940425439305195,0.00487446647710368,-0.012699816852458537,-0.026091366294976416,0.03309822809328426,0.118293202960583,0.03309822809328426,False,False
521110,Finance & insurance,0.0476068767151772,3.0,24.0,24,-0.00431403799918661,23,-0.02714207817733262,24,-0.0956658785535663,24,0.1264425969593716,23,1.0175953409305303,0.9468344092816555,0.9303576339874456,1.1052126158003686,0.02701006813968245,-0.02175158207183744,-0.04752802310951052,0.04124762209207286,-0.0956658785535663,-0.04752802310951052,True,True
312111,Manufacturing - food/textiles,0.0475232010141474,3.0,24.0,24,0.038997702084220646,23,-0.02069969907582221,24,-0.0054630829054769,24,-0.01224187889759508,23,1.0304898474622506,0.9876425557764357,0.9861946622422653,0.9956729345190487,0.0703218082230897,-0.015309202970327031,0.042674772538578876,-0.09743685376489382,-0.0054630829054769,0.042674772538578876,True,False
332323,Manufacturing - metals/machinery,0.0470533875377217,3.0,24.0,24,-0.1200836810651858,23,0.018840266462855772,24,-0.06709982821115922,24,0.16814173048245423,23,0.9269272237625218,0.9721160649799767,0.97962437327172,1.121332337985782,-0.08875957492631674,0.024230762568350953,-0.018961972767103437,0.08294675561515549,-0.06709982821115922,-0.018961972767103437,True,True
713290,"Arts, entertainment & recreation",0.0470301038409367,4.0,23.0,24,-0.03962144826213807,23,-0.0110453794285686,24,-0.015538507993018202,24,0.06422784310623958,23,0.9735759199074948,0.9749670912095901,0.998449021368823,1.0530079675140922,-0.008297342123269012,-0.005654883323073419,0.032599347451037576,-0.02096713176105916,0.06422784310623958,-0.02096713176105916,False,True
455211,Retail trade - specialty,0.0468995874433255,4.0,23.0,24,0.0208312201139342,23,-0.02496188029151408,24,-0.035571096021446924,24,0.03977293030790797,23,1.0272613535660642,0.9722682055566917,0.9671988181303472,1.0332716227468968,0.05215532625280326,-0.0195713841860189,0.012566759422608854,-0.04542204455939077,0.03977293030790797,-0.04542204455939077,False,True
621910,Health care & social assistance,0.0468637722950554,4.0,23.0,24,-0.05395294143958353,23,-0.002448776458060566,24,-0.0012155214431103696,24,0.05725228080754692,23,0.960440764090778,0.9839596377578287,1.0123760643410005,1.0432235338103928,-0.022628835300714467,0.002941719647434615,0.046922334000945407,-0.02794269405975182,0.05725228080754692,-0.02794269405975182,False,True
921130,Public administration,0.0466381696761831,3.0,24.0,24,-0.032136624222248625,23,-0.014311489249734683,24,0.0008655001724888941,24,0.04481021976438379,23,0.9759995847747347,0.97797687239934,1.0085771385234146,1.037446404302511,-0.0008125180833795653,-0.008920993144239501,0.049003355616544675,-0.04038475510291495,0.0008655001724888941,0.049003355616544675,False,False
221116,Utilities,0.0466195670241457,4.0,23.0,24,0.025270722703062666,23,0.012895954187153119,24,-0.05654965760131231,24,0.015678127012071136,23,1.0373582759958984,1.0064988269853485,0.9498474696004924,1.0062954274182607,0.056594828841931726,0.0182864502926483,-0.00841180215725653,-0.0695168478552276,0.015678127012071136,-0.0695168478552276,False,True
321211,Manufacturing - paper/chemicals,0.0465746753975806,3.0,24.0,24,-0.03801516156676168,23,-0.003658715177839019,24,-0.039934891063006524,24,0.0783711067042318,23,0.982026448256784,0.9770384705534201,0.9793679232057344,1.0615671579840618,-0.0066910554278926185,0.001731780927656162,0.008202964381049255,-0.006823868163066946,-0.039934891063006524,0.008202964381049255,True,False
621410,Health care & social assistance,0.0465552318860088,3.0,24.0,24,-0.04593642320825259,23,-0.005463623401818852,24,-0.011749547275733055,24,0.06256019938713825,23,0.9681167052509482,0.979992095923253,1.0027947333991951,1.0490964654266035,-0.014612317069383533,-7.312729632367142e-05,0.036388308168322725,-0.02263477548016049,-0.011749547275733055,0.036388308168322725,True,False
321999,Manufacturing - paper/chemicals,0.046507907641664,3.0,24.0,24,-0.03625128651339462,23,-0.007509176022981817,24,-0.036024233521511025,24,0.08063256671689785,23,0.9811443892642755,0.9741975425579397,0.9822690478975676,1.0623890202802173,-0.00492718037452556,-0.002118679917486636,0.012113621922544754,-0.00456240815040089,-0.036024233521511025,0.012113621922544754,True,False
336310,Manufacturing - metals/machinery,0.0464737773701425,4.0,23.0,24,-0.06007092931055062,23,0.010322595638227553,24,-0.054047247864914105,24,0.10268938905038781,23,0.9699002465021055,0.982273595183958,0.9740017525893555,1.073824405724581,-0.028746823171681563,0.015713091743722735,-0.005909392420858327,0.01749441418308907,0.10268938905038781,0.01749441418308907,False,False
327991,Manufacturing - paper/chemicals,0.046398230305026,4.0,23.0,24,-0.1115225656366784,23,0.03417024662160717,24,-0.036398641912959204,24,0.11252020506836927,23,0.9266516546079687,0.9975879175199437,1.0001836871887042,1.0755767406833834,-0.08019845949780934,0.03956074272710235,0.011739213531096575,0.027325230201070527,0.11252020506836927,0.027325230201070527,False,False
445132,Retail trade - general,0.0462713969529479,3.0,24.0,24,-0.060308054808437886,23,0.004317947808303325,24,-0.026631050870721273,24,0.08235514224360277,23,0.9614378652296202,0.9825868859279363,0.9951000110096458,1.0608752378327977,-0.028983948669568826,0.009708443913798506,0.021506804573334506,-0.0028398326236959703,-0.026631050870721273,0.021506804573334506,True,False
562219,Administrative & waste services,0.0460982608952985,3.0,24.0,24,-0.04814437517520207,23,0.008664989854215927,24,-0.038715199117819336,24,0.07851172114938441,23,0.9738693567437178,0.9870497090628487,0.9829000816735478,1.0561808525198855,-0.016820269036333012,0.014055485959711109,0.009422656326236442,-0.006683253717914325,-0.038715199117819336,0.009422656326236442,True,False
623210,Health care & social assistance,0.0459813299346146,3.0,24.0,24,-0.04867796040120532,23,0.00036180947543904923,24,-0.0036090833723298466,24,0.0519931934567018,23,0.9642794976506442,0.9872519475682106,1.0095007785348986,1.0389677762462464,-0.01735385426233626,0.0057523055809342305,0.04452877207172593,-0.03320178141059694,-0.0036090833723298466,0.04452877207172593,True,False
488190,Transportation,0.0458321996238921,4.0,23.0,24,-0.026052820520345604,23,-0.012813900570175965,24,-0.021282434829844262,24,0.060263366130658434,23,0.9867334518701424,0.9756697717765901,0.9902338928233897,1.0473628835298776,0.005271285618523455,-0.007423404464680784,0.026855420614211516,-0.024931608736640305,0.060263366130658434,-0.024931608736640305,False,True
321911,Manufacturing - paper/chemicals,0.0458199340193503,3.0,24.0,24,-0.04351569713424959,23,-0.011493260887232029,24,-0.043956692266071073,24,0.10041232209777508,23,0.9777671070735755,0.9664435440486029,0.9781065027980941,1.0776828460797276,-0.01219159099538053,-0.006102764781736848,0.004181163177984705,0.015217347230476339,-0.043956692266071073,0.004181163177984705,True,False
444180,Retail trade - general,0.0457116872573015,3.0,24.0,24,-0.03654021698153596,23,-0.021063811041821687,24,-0.059874552317963625,24,0.1170838137193828,23,0.9878692785853082,0.9549344310472933,0.9641272055929214,1.093069084774477,-0.0052161108426668976,-0.015673314936326507,-0.011736696873907847,0.03188883885208406,-0.059874552317963625,-0.011736696873907847,True,True
624120,Health care & social assistance,0.0456502962136083,3.0,24.0,24,-0.05285185056498088,23,0.011867116661914002,24,-0.014469620758173249,24,0.055638668080716165,23,0.9637142442950114,0.99494865784086,1.0024488380628807,1.0388882598012477,-0.02152774442611182,0.017257612767409183,0.03366823468588253,-0.029556306786582574,-0.014469620758173249,0.03366823468588253,True,False
486910,Transportation,0.045637377931946,1.0,23.0,24,0.19478941971206215,23,-0.1291278013797448,24,0.0204499501441319,24,-0.08399822071777263,23,1.136654371764329,0.9232403059230755,0.9680818428413116,0.9720234794712838,0.2261135258509312,-0.12373730527424963,0.06858780558818768,-0.16919319558507137,0.19478941971206215,0.2261135258509312,False,False
337126,Manufacturing - metals/machinery,0.0456084348607737,3.0,24.0,24,-0.06466318085986617,23,0.002994057463888908,24,-0.0615731698284252,24,0.12452629064164272,23,0.9705166994750498,0.9726419006794305,0.9687789869560333,1.0880624128894865,-0.033339074720997106,0.008384553569384088,-0.013435314384369422,0.03933131577434398,-0.0615731698284252,-0.013435314384369422,True,True
561439,Administrative & waste services,0.0453605000528422,4.0,23.0,24,-0.06694561013664081,23,0.0037394905692495484,24,-0.027208027125049498,24,0.09069363924323612,23,0.9562694650822858,0.9800933032216615,0.9964381602225384,1.0671990714735142,-0.03562150399777175,0.009129986674744728,0.02092982831900628,0.005498664375937379,0.09069363924323612,0.005498664375937379,False,False
314120,Manufacturing - food/textiles,0.0451183374155389,2.0,24.0,24,-0.1028342266902764,23,0.017345854732344665,24,-0.07451904509946201,24,0.16065877869270978,23,0.9417834800208008,0.9731006663727909,0.9697261432600918,1.1153897103463166,-0.07151012055140735,0.022736350837839845,-0.026381189655406236,0.07546380382541104,0.017345854732344665,0.022736350837839845,False,False
332992,Manufacturing - metals/machinery,0.0451095579290706,4.0,23.0,24,-0.06195229250198587,23,0.033087887943776435,24,-0.05952661000160429,24,0.08907987007571527,23,0.9710251738220715,1.0035874092172656,0.9699738687249067,1.0554135482357563,-0.03062818636311681,0.03847838404927162,-0.011388754557548508,0.0038848952084165334,0.08907987007571527,0.0038848952084165334,False,False
532120,Real estate,0.0450095312063456,3.0,24.0,24,0.026515330781107484,23,-0.03411622309762578,24,-0.01838761249548516,24,0.02681343333481498,23,1.0238567466410315,0.9677068216175564,0.9797893427893328,1.0286470889520796,0.05783943691997655,-0.028725726992130596,0.029750242948570618,-0.05838154153248376,-0.01838761249548516,0.029750242948570618,True,False
423940,Wholesale trade,0.0447616698234043,4.0,23.0,24,-0.07671918869746772,23,-0.0017581878240344,24,-0.11128524871620123,24,0.19201921892359763,23,0.9706544673084408,0.9513648850400455,0.9355916784197188,1.1423889692317948,-0.04539508255859866,0.003632308281460781,-0.06314739327214544,0.1068242440562989,0.19201921892359763,0.1068242440562989,False,False
238150,Construction,0.0447327099910108,3.0,24.0,24,-0.12323202480303555,23,0.005130677097374349,24,-0.04946611177003519,24,0.16575238572024437,23,0.9202599502884228,0.9620619566035037,0.9936026087238355,1.124075484384238,-0.09190791866416649,0.01052117320286953,-0.00132825632597941,0.08055741085294563,-0.04946611177003519,-0.00132825632597941,True,True
326111,Manufacturing - paper/chemicals,0.0446906464098305,3.0,24.0,24,-0.054447832184348254,23,-0.021065567858308046,24,-0.02761911947165956,24,0.10371829803085884,23,0.9649223067814378,0.9580354945782847,0.9932798180917476,1.0837623805485297,-0.023123726045479194,-0.015675071752812866,0.02051873597239622,0.018523323163560104,-0.02761911947165956,0.02051873597239622,True,False
311211,Manufacturing - food/textiles,0.0446546321011586,3.0,24.0,24,-0.0532421714027561,23,-0.029591327789337638,24,0.032959797058379724,24,0.053315613922961365,23,0.9516850646045629,0.9652902927649766,1.0380781765040654,1.044946466126395,-0.021918065263887038,-0.024200831683842457,0.0810976525024355,-0.031879360944337375,0.032959797058379724,0.0810976525024355,False,False
339994,Manufacturing - metals/machinery,0.0445201608799276,3.0,24.0,24,-0.056553369145393086,23,0.020419034268061537,24,-0.07641444233672384,24,0.11176451970131814,23,0.9772121166181492,0.9873515923618701,0.9566529995694676,1.0787832914505129,-0.025229263006524026,0.025809530373556717,-0.028276586892668064,0.026569544834019396,-0.07641444233672384,-0.028276586892668064,True,True
334511,Manufacturing - metals/machinery,0.0443873966631415,3.0,24.0,24,0.022437199730772087,23,-0.023022211970634494,24,-0.04089363068843776,24,0.04203352360431591,23,1.0261428931768461,0.9720608755255018,0.9640232818154261,1.0377729494822259,0.053761305869641146,-0.017631715865139314,0.00724422475561802,-0.043161451262982826,-0.04089363068843776,0.00724422475561802,True,False
326199,Manufacturing - paper/chemicals,0.044376022601689,3.0,24.0,24,-0.04345550367288407,23,-0.01118042086531501,24,-0.026351132785765525,24,0.08028052080965417,23,0.9739914131274038,0.9713663392485644,0.9911021071003551,1.0635401405236768,-0.012131397534015008,-0.0057899247598198296,0.021786722658290254,-0.004914454057644568,-0.026351132785765525,0.021786722658290254,True,False
561491,Administrative & waste services,0.0440460413316599,2.0,24.0,24,-0.034729281978188024,23,-0.03964220252887949,24,-0.020230279942459264,24,0.09759645409791408,23,0.9772583918541845,0.9460338347750289,0.9940936827536323,1.0826140906171544,-0.003405175839318965,-0.03425170642338431,0.027907575501596515,0.01240147923061534,-0.03964220252887949,-0.03425170642338431,True,True
423520,Wholesale trade,0.043991458318223,4.0,23.0,24,0.07734745969737733,23,-0.06941814457376498,24,-0.13716826279758476,24,0.12948338348358254,23,1.0874152729818372,0.9139975254876526,0.879416067140998,1.1191711343895128,0.10867156583624639,-0.0640276484682698,-0.08903040735352899,0.0442884086162838,0.12948338348358254,0.0442884086162838,False,False
456130,Retail trade - specialty,0.0439896425363376,3.0,24.0,24,-0.04185797283429961,23,-0.006198307894227331,24,-0.010507153174753573,24,0.05832345498046007,23,0.9706936145568174,0.9805305125664606,1.0027640263645585,1.0460118465121635,-0.01053386669543055,-0.0008078117887321502,0.03763070226930221,-0.02687151988683867,-0.010507153174753573,0.03763070226930221,True,False
311942,Manufacturing - food/textiles,0.0438434840697421,4.0,23.0,24,-0.05050864262557253,23,-0.024185269648995367,24,-0.05581563355143473,24,0.12941268274759576,23,0.9763595945518443,0.9493293840178079,0.9706697127817621,1.1036413086485857,-0.01918453648670347,-0.018794773543500187,-0.007677778107378949,0.044217707880297025,0.12941268274759576,0.044217707880297025,False,False
621111,Health care & social assistance,0.0437664356671679,4.0,23.0,24,-0.1676643996179532,23,0.016044399736358825,24,-0.07193230600806877,24,0.22545415455346934,23,0.8929835445006264,0.9563948125672114,0.9877172811610787,1.1629043617710835,-0.13634029347908416,0.021434895841854006,-0.02379445056401299,0.1402591796861706,0.22545415455346934,0.1402591796861706,False,False
423130,Wholesale trade,0.0437243568446496,3.0,24.0,24,-0.008416465591002344,23,-0.03302309617743844,24,-0.04841490630783026,24,0.09067957068819064,23,1.0059487843318584,0.952821529830571,0.9657404676841604,1.0754892181534101,0.022907640547866717,-0.02763260007194326,-0.0002770508637744834,0.005484595820891905,-0.04841490630783026,-0.0002770508637744834,True,True
327213,Manufacturing - paper/chemicals,0.0436534239299811,3.0,24.0,24,0.08270193378736772,23,-0.05383717707434593,24,-0.013272879435950966,24,-0.013864709110554181,23,1.063943326576819,0.9630529719726102,0.9698369715170929,1.0031667299334777,0.11402603992623678,-0.04844668096885075,0.034864976008104814,-0.09905968397785292,-0.013272879435950966,0.034864976008104814,True,False
522320,Finance & insurance,0.0436400938882329,4.0,23.0,24,0.09552393340524634,23,-0.04920322527822094,24,-0.05128241871512662,24,0.005760005593069125,23,1.0824852458386092,0.9611977170962732,0.9383166389103792,1.0180003981547385,0.1268480395441154,-0.04381272917272576,-0.0031445632710708424,-0.07943496927422962,0.005760005593069125,-0.07943496927422962,False,True
322219,Manufacturing - paper/chemicals,0.0434109685309137,3.0,24.0,24,0.009261360333788186,23,-0.038835747398966766,24,-0.030440505228941036,24,0.059949945983659186,23,1.014467660527695,0.9558399710339512,0.9748837763381409,1.0548085921002128,0.04058546647265725,-0.03344525129347158,0.017697350215114743,-0.025245028883639553,-0.030440505228941036,0.017697350215114743,True,False
524292,Finance & insurance,0.043365070252321,4.0,23.0,24,0.047028368417618586,23,-0.046269749940335315,24,-0.04696185817808779,24,0.04840069328215333,23,1.0466211264474257,0.9536166728161106,0.9531517190654663,1.0466104816709976,0.07835247455648764,-0.04087925383484013,0.0011759972659679888,-0.03679428158514541,0.04840069328215333,-0.03679428158514541,False,True
335210,Manufacturing - metals/machinery,0.0433223456110229,3.0,24.0,24,-0.06431008942586632,23,0.027970162989235214,24,-0.08539191295277877,24,0.12072157251553016,23,0.9738385168469895,0.9907856976206388,0.9517925524158176,1.0835832331165542,-0.032985983286997256,0.0333606590947304,-0.037254057508722994,0.03552659764823142,-0.08539191295277877,-0.037254057508722994,True,True
621210,Health care & social assistance,0.043277836671055,4.0,23.0,24,-0.1365022155942621,23,0.012913958992746749,24,-0.0711370457208594,24,0.19614843689731623,23,0.9157200207434278,0.9611082840002695,0.9806686292716179,1.1425030659846849,-0.10517810945539303,0.01830445509824193,-0.022999190276803617,0.11095346203001749,0.19614843689731623,0.11095346203001749,False,False
541860,Professional & technical services,0.0432457798978498,4.0,23.0,24,-0.07013762124907472,23,-0.009609291304303639,24,-0.054313219836451966,24,0.1338133737959571,23,0.9621247070157263,0.9596612044221211,0.9764162844371232,1.1017978041250294,-0.03881351511020566,-0.0042187951988084576,-0.006175364392396188,0.04861839892865835,0.1338133737959571,0.04861839892865835,False,False
713210,"Arts, entertainment & recreation",0.043222742449627,2.0,24.0,24,-0.03239130281407858,23,-0.012721573220069287,24,-0.010539863556954345,24,0.05607236212014776,23,0.9773644420961144,0.9762199529596508,1.0005186102633257,1.0458969946809091,-0.0010671966752095197,-0.007331077114574106,0.03759799188710143,-0.02912261274715098,-0.012721573220069287,-0.007331077114574106,True,True
332812,Manufacturing - metals/machinery,0.0431872335914835,3.0,24.0,24,-0.06918378044689139,23,0.0008928714867438939,24,-0.05629041882366487,24,0.12459313703043416,23,0.963391544089898,0.9699265799088216,0.9746758727542574,1.092006003247023,-0.037859674308022326,0.006283367592239075,-0.008152563379609089,0.03939816216313542,-0.05629041882366487,-0.008152563379609089,True,True
621498,Health care & social assistance,0.0429859304834948,3.0,24.0,24,-0.05305017172704982,23,-0.0009561883423243415,24,-0.018882453825241122,24,0.0727560176859349,23,0.9657124652368658,0.9813204821282172,0.9988408757042174,1.0541261769306995,-0.021726065588180764,0.004434307763170839,0.029255401618814656,-0.012438957181363841,-0.018882453825241122,0.029255401618814656,True,False
212115,"Mining, quarrying, oil & gas",0.0429825785265246,4.0,23.0,24,0.0786609794512283,23,-0.05113581800016916,24,-0.03655315749491634,24,0.01018513983257353,23,1.0673734268904027,0.9591376051316596,0.953173419373255,1.0203155486046829,0.10998508559009736,-0.04574532189467398,0.011584697949139439,-0.0750098350347252,0.01018513983257353,-0.0750098350347252,False,True
561622,Administrative & waste services,0.0428299398212946,4.0,23.0,24,-0.07629376823258562,23,-0.002136173165613491,24,-0.035732385148209166,24,0.11386579363983705,23,0.9517682956171408,0.969875796990697,0.9922556446954802,1.0861002626966816,-0.044969662093716556,0.00325432293988169,0.012405470295846613,0.028670818772538312,0.11386579363983705,0.028670818772538312,False,False
311513,Manufacturing - food/textiles,0.0428217639390243,3.0,24.0,24,-0.02531008106402837,23,-0.007481370402461764,24,-0.05226581524922933,24,0.0851144482854888,23,0.993860460096727,0.9730501778800376,0.9672026364682713,1.065886725554964,0.0060140250748406884,-0.0020908742969665828,-0.004127959805173553,-8.052658180994487e-05,-0.05226581524922933,-0.004127959805173553,True,True
337215,Manufacturing - metals/machinery,0.0427839996215296,3.0,24.0,24,-0.024641095699320985,23,-0.025195023168747846,24,-0.0440063514586802,24,0.09437613987325584,23,0.9910211564397963,0.9571432451582909,0.973655380214281,1.0781802181876319,0.006683010439548075,-0.019804527063252666,0.004131503985375581,0.009181165005957101,-0.0440063514586802,0.004131503985375581,True,False
423690,Wholesale trade,0.0426936666621156,4.0,23.0,24,-0.0109190957299917,23,-0.010727024393977774,24,-0.04870797176753019,24,0.07028612906337955,23,1.0042335290803255,0.9744481613769541,0.966116842461538,1.0552014670811825,0.02040501040887736,-0.005336528288482593,-0.0005701163234744094,-0.014908845803919185,0.07028612906337955,-0.014908845803919185,False,True
485991,Transportation,0.0425824202179254,3.0,24.0,24,-0.06403264905791231,23,0.011861300547061374,24,-0.02919450741125643,24,0.08110721747399006,23,0.9594359083081095,0.9886084341793456,0.9940583589564592,1.0578972985560855,-0.03270854291904325,0.017251796652556554,0.01894334803279935,-0.004087757393308675,-0.02919450741125643,0.01894334803279935,True,False
332322,Manufacturing - metals/machinery,0.0425584906253594,3.0,24.0,24,-0.09912321642226106,23,0.0016445450489252084,24,-0.0543178837776675,24,0.15146061453270604,23,0.9400548061804955,0.9635568525165344,0.9837698087547232,1.1126185325482467,-0.067799110283392,0.007035041154420389,-0.006180028333611719,0.0662656396654073,-0.0543178837776675,-0.006180028333611719,True,True
811412,Other services,0.0425398096082738,4.0,23.0,24,-0.08224396855796164,23,0.007090444589903312,24,-0.010791036526059561,24,0.0868947531324566,23,0.9413992581287299,0.9839598517907934,1.0123395562730504,1.0623013338074263,-0.050919862419092576,0.012480940695398493,0.03734681891799622,0.001699778265157867,0.0868947531324566,0.001699778265157867,False,False
312140,Manufacturing - food/textiles,0.0425084218898768,3.0,24.0,24,-0.0044710167233531885,23,-0.06442018067478734,24,0.09473843853029369,24,-0.027477775615814725,23,0.9735534307734651,0.9583437757597988,1.0719744820957076,0.9961283113710285,0.026853089415515872,-0.05902968456929216,0.14287629397434948,-0.11267275048311347,0.09473843853029369,0.14287629397434948,False,False
812930,Other services,0.0424124327712969,4.0,23.0,24,-0.031156043041624334,23,-0.007850866835414838,24,-0.014766940025813266,24,0.05450799900035626,23,0.9793936367859958,0.9803580320846459,0.9970241610541258,1.0432241700752325,0.0001680630972447257,-0.0024603707299196568,0.03337091541824251,-0.03068697586694248,0.05450799900035626,-0.03068697586694248,False,True
623110,Health care & social assistance,0.0423742742679607,3.0,24.0,24,-0.03790747909763385,23,-0.003931761428643696,24,-0.0013146432720810054,24,0.04322348277805502,23,0.9721591563475475,0.986349742929845,1.0084038523694303,1.0330872483531772,-0.006583372958764794,0.0014587346768514852,0.04682321217197477,-0.04197149208924372,-0.0013146432720810054,0.04682321217197477,True,False
811111,Other services,0.0421405621862165,4.0,23.0,24,-0.06754324421958596,23,0.013266096109946696,24,-0.018736686941813904,24,0.07263532751651681,23,0.9544318694978503,0.9918311569619588,1.002698252206174,1.0510387213340169,-0.0362191380807169,0.018656592215441876,0.029401168502241875,-0.012559647350781925,0.07263532751651681,-0.012559647350781925,False,True
423450,Wholesale trade,0.0419765842928831,4.0,23.0,24,0.018459780237531344,23,-0.034247089769981566,24,-0.03893139068737433,24,0.0571420095202671,23,1.0237038212774232,0.9606770537600348,0.9661444657826094,1.0494746591799327,0.0497838863764004,-0.028856593664486386,0.009206464756681451,-0.02805296534703164,0.0571420095202671,-0.02805296534703164,False,True
423740,Wholesale trade,0.0419689837140158,3.0,24.0,24,-0.06427719125589966,23,0.003067599907390602,24,-0.06456414897106813,24,0.12666756706482615,23,0.9689742990692576,0.9712043166067872,0.9672991343295353,1.09252224999442,-0.0329530851170306,0.008458096012885783,-0.016426293527012352,0.041472592197527414,-0.06456414897106813,-0.016426293527012352,True,True
522291,Finance & insurance,0.0418399512931686,4.0,23.0,24,0.1600255512050631,23,-0.10768249875922227,24,-0.026752044094702766,24,-0.021726520298764877,23,1.1230565569683149,0.9244190055319819,0.9411464516140932,1.01137798588561,0.19134965734393217,-0.1022920026537271,0.021385811349353013,-0.10692149516606361,-0.021726520298764877,-0.10692149516606361,True,True
449210,Retail trade - general,0.0417886495492276,4.0,23.0,24,-0.06028401037880656,23,-0.005685210001662819,24,-0.032954067694275946,24,0.09796309157202772,23,0.9633865914178227,0.9711256312395194,0.9902350910645419,1.0752526862781162,-0.028959904239937502,-0.00029471389616763776,0.015183787749779833,0.01276811670472898,0.09796309157202772,0.01276811670472898,False,False
333618,Manufacturing - metals/machinery,0.041778358836157,3.0,24.0,24,0.05308585555930273,23,-0.06398402311451912,24,-0.04658155671054224,24,0.05932058101968125,23,1.051873986709461,0.9377801202184539,0.9516542999564849,1.0586915931156005,0.08440996169817179,-0.058593527009023934,0.0015562987335135392,-0.025874393847617493,-0.04658155671054224,0.0015562987335135392,True,False
424120,Wholesale trade,0.0416192934073124,3.0,24.0,24,-0.015579032220955764,23,-0.01723502774579649,24,-0.039685919520635965,24,0.07242260569556414,23,0.999733857805356,0.9694476183491102,0.9736314343844573,1.0571870894610764,0.015745073917913296,-0.01184453164030131,0.008451935923419814,-0.012772369171734604,-0.039685919520635965,0.008451935923419814,True,False
326112,Manufacturing - paper/chemicals,0.0414174427246475,3.0,24.0,24,-0.02114995981531186,23,-0.009170419812141567,24,-0.04100152792632521,24,0.07189177358128163,23,0.9944556222963933,0.9753142783112144,0.9745137739503186,1.0557163254420734,0.0101741463235572,-0.0037799237066463856,0.0071363275177305716,-0.013303201286017113,-0.04100152792632521,0.0071363275177305716,True,False
811114,Other services,0.0413889707631361,3.0,24.0,24,-0.07371344997006818,23,0.012539256362212342,24,-0.017567367125572747,24,0.07770000732410347,23,0.9494667088992653,0.9898390369534432,1.0051328522831964,1.055561401864095,-0.04238934383119912,0.017929752467707522,0.03057048831848303,-0.007494967543195272,-0.017567367125572747,0.03057048831848303,True,False
336991,Manufacturing - metals/machinery,0.0411785329004577,3.0,24.0,24,-0.06361672373440515,23,-0.02148535123221056,24,0.005645474611138994,24,0.08004742425971058,23,0.9512868843143604,0.9641587684096224,1.0200013549693059,1.0645529923067114,-0.03229261759553609,-0.01609485512671538,0.05378333005519477,-0.005147550607588161,0.005645474611138994,0.05378333005519477,False,False
541714,Professional & technical services,0.0411382699904917,3.0,24.0,24,0.10865393665979474,23,-0.06498386023812702,24,-0.06351100621083638,24,0.020295794178776177,23,1.0965449516338417,0.9460274549028748,0.9254776786481619,1.0319499148151217,0.1399780427986638,-0.05959336413263184,-0.015373150766780606,-0.06489918068852256,-0.06351100621083638,-0.015373150766780606,True,True
321113,Manufacturing - paper/chemicals,0.0410898457625376,3.0,24.0,24,-0.07488298194072494,23,0.010848442630041982,24,-0.04999953162615667,24,0.1149519445224934,23,0.9568853388568664,0.979810378373612,0.9810385326302734,1.082265750139248,-0.043558875801855884,0.016238938735537164,-0.0018616761821008895,0.029756969655194657,-0.04999953162615667,-0.0018616761821008895,True,True
337121,Manufacturing - metals/machinery,0.0410825696381594,3.0,24.0,24,-0.06705216065633103,23,0.01287860887561595,24,-0.0425924360100868,24,0.09687709239103973,23,0.9593882839041048,0.9851438915069554,0.9851422813585738,1.070325543230366,-0.03572805451746197,0.01826910498111113,0.005545419433968982,0.011682117523740987,-0.0425924360100868,0.005545419433968982,True,False
326130,Manufacturing - paper/chemicals,0.0410490085445775,3.0,24.0,24,-0.04168939289384062,23,-0.020765452152913182,24,-0.05550580916385542,24,0.1169430709841991,23,0.9821211940092787,0.9547730094622281,0.9689557292210035,1.09415006730749,-0.010365286754971559,-0.015374956047418002,-0.00736795371979964,0.031748096116900354,-0.05550580916385542,-0.00736795371979964,True,True
311813,Manufacturing - food/textiles,0.0407713216493612,4.0,23.0,24,-0.012814262229166639,23,-0.09934432030787525,24,0.02818018012789446,24,0.08613098135016924,23,0.9875180951373673,0.9058884381138786,1.0229474217061405,1.0836460450426133,0.018509843909702423,-0.09395382420238008,0.07631803557195024,0.0009360064828704967,0.08613098135016924,0.0009360064828704967,False,False
327310,Manufacturing - paper/chemicals,0.0407415923792566,3.0,24.0,24,0.055951173004759366,23,-0.01036968859914672,24,-0.040424885482376015,24,-0.006162977942018545,23,1.0528568755588796,0.9937743080930211,0.9554311178254561,0.997937698522643,0.08727527914362843,-0.004979192493651539,0.007712969961679764,-0.09135795280931729,-0.040424885482376015,0.007712969961679764,True,False
518210,Information,0.040457700137915,4.0,23.0,24,0.05212911155138501,23,-0.05296984826872991,24,-0.02817285903464219,24,0.0286559725204694,23,1.0466163252129121,0.9531779737906935,0.9656793189059346,1.03452638209046,0.08345321769025407,-0.04757935216323473,0.01996499640941359,-0.05653900234682934,0.0286559725204694,-0.05653900234682934,False,True
336612,Manufacturing - metals/machinery,0.0404272736316199,3.0,24.0,24,-0.06691821487273988,23,0.021966414596441927,24,-0.05052084538401236,24,0.09717336857606895,23,0.9637812763032719,0.9930532249028617,0.9783923443095678,1.0647731544842982,-0.035594108733870825,0.027356910701937107,-0.00238298993995658,0.011978393708770213,-0.05052084538401236,-0.00238298993995658,True,True
333923,Manufacturing - metals/machinery,0.0402577844945407,4.0,23.0,24,-0.06488825115417338,23,0.005494369105095112,24,-0.056009315995281174,24,0.1171729884294993,23,0.9647323846337569,0.9750687253179203,0.9744163277918935,1.0857825622564292,-0.03356414501530432,0.010884865210590292,-0.007871460551225395,0.03197801356220056,0.1171729884294993,0.03197801356220056,False,False
923140,Public administration,0.0401818675138431,3.0,24.0,24,-0.03392558527468679,23,-2.116779709173307e-05,24,-0.004306514821718506,24,0.03910578405867009,23,0.9752168864427312,0.9902822894099126,1.0053900279712773,1.029110796176079,-0.002601479135817729,0.005369328308403448,0.043831340622337275,-0.04608919080862865,-0.004306514821718506,0.043831340622337275,True,False
326122,Manufacturing - paper/chemicals,0.0401666217043913,3.0,24.0,24,-0.022533447149271003,23,-0.003980885635909125,24,-0.04208964656456127,24,0.06903615981107977,23,0.992025828330576,0.9793311749527623,0.9745982928467672,1.0540447038698944,0.008790658989598056,0.0014096104695860562,0.006048208879494511,-0.016158815056218967,-0.04208964656456127,0.006048208879494511,True,False
481112,Transportation,0.0401063589130448,4.0,23.0,24,-0.02595845907920041,23,-0.0021303661967673007,24,-0.033486768960671216,24,0.06272436493945364,23,0.9875212676773683,0.9825478000421316,0.9818350648004298,1.0480958674800702,0.00536564705966865,0.0032601299087278803,0.014651086483384562,-0.022470609927845095,0.06272436493945364,-0.022470609927845095,False,True
517112,Information,0.0400386069561785,4.0,23.0,24,0.11766150374682777,23,-0.053383610607365815,24,-0.036413263594902205,24,-0.028376023626714094,23,1.0990417041545761,0.9674925362458588,0.942710589551873,0.9907551700476919,0.1489856098856968,-0.04799311450187063,0.011724591849153573,-0.11357099849401284,-0.028376023626714094,-0.11357099849401284,True,True
325411,Manufacturing - paper/chemicals,0.0400272580347404,4.0,23.0,24,0.09904694582262166,23,-0.07493292892154617,24,-0.03219815304180233,24,0.010991886634561342,23,1.079767899745768,0.9409236533131091,0.9519452647235424,1.0273631822175806,0.13037105196149074,-0.06954243281605099,0.015939702402253446,-0.0742030882327374,0.010991886634561342,-0.0742030882327374,False,True
336999,Manufacturing - metals/machinery,0.0399798715616197,4.0,23.0,24,-0.018133535106887123,23,-0.019086008806080437,24,-0.050708408853594934,24,0.0884851085083744,23,1.000097601239686,0.9640437219892832,0.9661618603510412,1.0696968164199896,0.013190571031981936,-0.013695512700585256,-0.002570553409539156,0.0032901336410756654,0.0884851085083744,0.0032901336410756654,False,False
522390,Finance & insurance,0.039904806850972,4.0,23.0,24,0.11971916265789846,23,-0.09037298092600542,24,-0.025109198216649798,24,-0.001138513036426121,23,1.0915410328791586,0.9317709639614975,0.9527468568958474,1.0239411462634964,0.15104326879676752,-0.08498248482051024,0.02302865722740598,-0.08633348790372486,-0.001138513036426121,-0.08633348790372486,True,True
332431,Manufacturing - metals/machinery,0.0398914234331241,3.0,24.0,24,0.05872408760163548,23,-0.046405940295351895,24,-0.009637424308653761,24,-0.0034748853160177,23,1.0461296973038263,0.9657581507030389,0.9781984846929553,1.0099136673001794,0.09004819374050455,-0.04101544418985671,0.03850043113540202,-0.08866986018331643,-0.009637424308653761,0.03850043113540202,True,False
332618,Manufacturing - metals/machinery,0.0398103842157514,3.0,24.0,24,-0.061146812080041746,23,0.0026371297359310216,24,-0.05540282382740371,24,0.11336325075104225,23,0.9674990355687821,0.9733358669830571,0.9738984389254702,1.0852666585226907,-0.029822705941172686,0.008027625841426203,-0.007264968383347933,0.028168275883743515,-0.05540282382740371,-0.007264968383347933,True,True
311119,Manufacturing - food/textiles,0.0398034193246381,3.0,24.0,24,-0.02738161453748789,23,-0.02902585701681271,24,-0.038845756275433206,24,0.09656749619999914,23,0.9880016821090862,0.9540261182610715,0.9781022684466825,1.0798699311831597,0.00394249160138117,-0.02363536091131753,0.009292099168622572,0.011372521332700405,-0.038845756275433206,0.009292099168622572,True,False
332439,Manufacturing - metals/machinery,0.0397458870457782,3.0,24.0,24,-0.0790140257351004,23,0.0004948673694815664,24,-0.05639458084415888,24,0.13372125740827157,23,0.9566197425401208,0.9672365879348023,0.9768636985905205,1.0992799709345564,-0.04768991959623134,0.005885363474976747,-0.008256725400103103,0.048526282540972826,-0.05639458084415888,-0.008256725400103103,True,True
327215,Manufacturing - paper/chemicals,0.0397300098495039,3.0,24.0,24,-0.06345227535517547,23,0.012011233718147407,24,-0.04091451648411211,24,0.09247500091117875,23,0.96274871186186,0.9859559655107301,0.9851407517233053,1.0661545709041047,-0.032128169216306415,0.01740172982364259,0.007223338959943669,0.007280026043880006,-0.04091451648411211,0.007223338959943669,True,False
315990,Manufacturing - food/textiles,0.0396801301971646,4.0,23.0,24,-0.11160810916894005,23,0.024240983000573785,24,-0.09201629985549058,24,0.18009710420105196,23,0.9387506881071029,0.9731524457511113,0.959072237393972,1.1290246287478138,-0.080284003030071,0.029631479106068965,-0.0438784444114348,0.09490212933375322,0.18009710420105196,0.09490212933375322,False,False
423460,Wholesale trade,0.0394386806613794,3.0,24.0,24,-0.027226023017740932,23,-0.019784576426799663,24,-0.0674574799375229,24,0.11566387355873026,23,0.9976008514178792,0.9569298807333192,0.9558280629023583,1.0896412049464432,0.004098083121128127,-0.014394080321304483,-0.019319624493467115,0.030468898691431517,-0.0674574799375229,-0.019319624493467115,True,True
923120,Public administration,0.0394225870789557,3.0,24.0,24,-0.032931135027880386,23,-0.004948365654507435,24,0.0017169839271886876,24,0.03639228768232711,23,0.9738391768386349,0.9869036879341003,1.009864930338581,1.0293922048886839,-0.0016070288890113263,0.00044213045098774606,0.049854839371244464,-0.04880268718497163,0.0017169839271886876,0.049854839371244464,False,False
423930,Wholesale trade,0.039405303013626,3.0,24.0,24,-0.10119985398836957,23,0.0006481388277167719,24,-0.07935400563188487,24,0.17994814961265063,23,0.9450427372568918,0.9558777160360524,0.9654164171597795,1.1336631295472763,-0.06987574784950051,0.006038634933211953,-0.03121615018782909,0.09475317474535189,-0.07935400563188487,-0.03121615018782909,True,True
326160,Manufacturing - paper/chemicals,0.039357398555443,3.0,24.0,24,-0.03154179599901474,23,-0.018244377099204886,24,-0.020102546917000818,24,0.06942630564303266,23,0.9814346537398612,0.9688663251750821,0.9927867508087124,1.0569122702763447,-0.00021768986014568392,-0.012853880993709706,0.02803530852705496,-0.015768669224266077,-0.020102546917000818,0.02803530852705496,True,False
488119,Transportation,0.0392953564382881,3.0,24.0,24,-0.014398316159734848,23,-0.0304131867452823,24,-0.006203116739063171,24,0.05116079850820067,23,0.9913592544459622,0.9646388591570174,0.9987448373586371,1.0452570490383832,0.01692578997913421,-0.02502269063978712,0.041934738704992605,-0.03403417635909807,-0.006203116739063171,0.041934738704992605,True,False
331314,Manufacturing - metals/machinery,0.0392931763942281,3.0,24.0,24,-0.05488309256796948,23,-0.0286868625158605,24,-0.08591613830774847,24,0.16624449223513627,23,0.9812359604749491,0.9364197448732062,0.9489772543031846,1.13336704034866,-0.02355898642910042,-0.02329636641036532,-0.03777828286369269,0.08104951736783753,-0.08591613830774847,-0.03777828286369269,True,True
485119,Transportation,0.0392521469681277,3.0,24.0,24,-0.009465554423957901,23,0.02875665867974153,24,0.017010795750624304,24,-0.03561059262420908,23,0.9903067533413944,1.0311958417104143,1.0145716127199513,0.9639257922282397,0.02185855171491116,0.034147154785236715,0.06514865119468008,-0.12080556749150781,0.017010795750624304,0.06514865119468008,False,False
525190,Finance & insurance,0.0391924826133773,3.0,22.0,24,0.14651285610786957,23,-0.07496538145507749,24,-0.04679909885589409,24,-0.016869346029760625,23,1.121033247181014,0.9497793346532958,0.9284561850357326,1.0007312331299576,0.17783696224673862,-0.06957488534958231,0.0013387565881616895,-0.10206432089705936,-0.04679909885589409,0.0013387565881616895,True,False
311999,Manufacturing - food/textiles,0.0389799861916686,3.0,24.0,24,-0.02873773288977964,23,-0.023600543457392542,24,-0.04845662519214646,24,0.10044158027541242,23,0.9905217789563832,0.9570878411306865,0.9708549902197747,1.0815353896931559,0.0025863732490894187,-0.018210047351897362,-0.00031876974809068315,0.015246605408113678,-0.04845662519214646,-0.00031876974809068315,True,True
424490,Wholesale trade,0.0389590946122227,3.0,24.0,24,0.006046452357120656,23,-0.033601025897005976,24,-0.013159539600804898,24,0.04065941223649374,23,1.0079033107926423,0.9646468978336066,0.9885925366685825,1.0388572547051684,0.03737055849598971,-0.028210529791510796,0.03497831584325088,-0.044535562630805,-0.013159539600804898,0.03497831584325088,True,False
337122,Manufacturing - metals/machinery,0.0387671226054962,3.0,24.0,24,-0.07863557480705938,23,0.021692092256127306,24,-0.04332269774546194,24,0.10028262052383222,23,0.952305571594029,0.9913530502056496,0.9870163443050156,1.069325033895306,-0.04731146866819032,0.027082588361622487,0.004815157698593836,0.015087645656533477,-0.04332269774546194,0.004815157698593836,True,False
332813,Manufacturing - metals/machinery,0.0387306385488084,3.0,24.0,24,-0.058193706751162685,23,-0.009181995240052587,24,-0.056015840105694915,24,0.12470486747860558,23,0.9695031450554099,0.9619804397431858,0.9728217249110668,1.0956946902903375,-0.026869600612293626,-0.0037914991345574063,-0.007877984661639137,0.03950989261130684,-0.056015840105694915,-0.007877984661639137,True,True
424410,Wholesale trade,0.0385868646244075,3.0,24.0,24,-0.024562075908063065,23,-0.034098262101956864,24,0.02009768625547344,24,0.03986525398069128,23,0.9764389791675431,0.9647472930390486,1.021252131114468,1.0375615966789404,0.006762030230805995,-0.028707765996461684,0.06823554169952922,-0.04532972088660746,0.02009768625547344,0.06823554169952922,False,False
332311,Manufacturing - metals/machinery,0.0385063239965922,3.0,24.0,24,-0.05241318248352837,23,-0.01680767915496836,24,-0.03648229231414272,24,0.10617880968995086,23,0.9697122737910876,0.9609356480040132,0.9857743805268756,1.0835776976780236,-0.021089076344659313,-0.01141718304947318,0.01165556312991306,0.02098383482265212,-0.03648229231414272,0.01165556312991306,True,False
621512,Health care & social assistance,0.0383540304709612,4.0,23.0,24,-0.11988460011217736,23,0.007952309001841814,24,-0.05584469113903911,24,0.1610480838495199,23,0.9202904195800546,0.9627675518155137,0.989340066047289,1.1276019625571425,-0.0885604939733083,0.013342805107336996,-0.00770683569498333,0.07585310898222117,0.1610480838495199,0.07585310898222117,False,False
337212,Manufacturing - metals/machinery,0.03831208559348,3.0,24.0,24,-0.0971958945963475,23,0.005693456693648684,24,-0.05325720093085832,24,0.1442279524436322,23,0.9413274441863838,0.9683835377788239,0.9840527179839667,1.1062363000508257,-0.06587178845747844,0.011083952799143865,-0.00511934548680254,0.05903297757633347,-0.05325720093085832,-0.00511934548680254,True,True
333111,Manufacturing - metals/machinery,0.0382104431395215,3.0,24.0,24,-0.054877181436177015,23,-0.00034714463176752086,24,-0.09473139635600948,24,0.14990315277533567,23,0.9824625333424085,0.9622299010303655,0.9426915579818574,1.1126160076453686,-0.023553075297307956,0.00504335147372766,-0.0465935409119537,0.06470817790803693,-0.09473139635600948,-0.0465935409119537,True,True
441110,Retail trade - general,0.0381221340945841,3.0,24.0,24,-0.09249929480960964,23,0.016448674965516955,24,-0.015205751673722673,24,0.091593988068491,23,0.9358977779146461,0.9900126837124915,1.0112302395793027,1.0628592987935597,-0.06117518867074058,0.021839171071012135,0.03293210377033311,0.006399013201192266,-0.015205751673722673,0.03293210377033311,True,False
331512,Manufacturing - metals/machinery,0.0380018614853297,3.0,24.0,24,-0.0596201284490797,23,0.007698726992436543,24,-0.05416100217036345,24,0.10563875435011885,23,0.9692338022805139,0.9793896603624868,0.9741480644595865,1.0772284728974133,-0.02829602231021064,0.013089223097931724,-0.006023146726307674,0.020443779482820112,-0.05416100217036345,-0.006023146726307674,True,True
812332,Other services,0.0379508069374017,3.0,24.0,24,-0.06815671966769521,23,-0.01593207434136741,24,0.023460451328828166,24,0.06196482205169317,23,0.9431214656319066,0.9729285646455442,1.0345998123419167,1.0493501573806325,-0.03683261352882615,-0.01054157823587223,0.07159830677288395,-0.023230152815605566,0.023460451328828166,0.07159830677288395,False,False
621610,Health care & social assistance,0.0378251357073315,4.0,23.0,24,-0.04645678642965934,23,0.003960305855946672,24,-0.012985247455572285,24,0.05573303402652543,23,0.9697919397071418,0.9895625366064698,1.0014125217939045,1.0392330018924838,-0.015132680290790283,0.009350801961441852,0.03515260798848349,-0.02946194084077331,0.05573303402652543,-0.02946194084077331,False,True
524130,Finance & insurance,0.0377754743019725,4.0,23.0,24,0.3474237083659037,23,-0.137863717110756,24,-0.07884335453194617,24,-0.122855876827563,23,1.2747947879493655,0.9274534273617171,0.8558395009955807,0.9419122836933367,0.37874781450477274,-0.13247322100526082,-0.030705499087890394,-0.20805085169486173,-0.122855876827563,-0.20805085169486173,True,True
322120,Manufacturing - paper/chemicals,0.0377088819498195,3.0,24.0,24,0.05934002023202465,23,-0.044513637312771526,24,-0.021009964812957183,24,0.006174402893278607,23,1.0491928072796486,0.9648806435094589,0.9695957543648124,1.0163307948460802,0.09066412637089372,-0.03912314120727634,0.027127890631098595,-0.07902057197402013,-0.021009964812957183,0.027127890631098595,True,False
325991,Manufacturing - paper/chemicals,0.0376826270284383,3.0,24.0,24,-0.036101726943929296,23,-0.021126291096794602,24,-0.05323390418999382,24,0.10954226738567305,23,0.9864505619731477,0.9566125948309234,0.9690272098822881,1.0879096333136407,-0.004777620805060237,-0.015735794991299422,-0.005096048745938039,0.02434729251837431,-0.05323390418999382,-0.005096048745938039,True,True
922140,Public administration,0.0376072300567957,4.0,23.0,24,-0.032034450235427205,23,-0.014641406361929237,24,0.008489582909598956,24,0.03870733350599624,23,0.9726251668940025,0.9790635102392713,1.0147846663083986,1.0335266565583279,-0.0007103440965581451,-0.009250910256434056,0.05662743835365473,-0.0464876413613025,0.03870733350599624,-0.0464876413613025,False,True
561613,Administrative & waste services,0.0374494157170401,4.0,23.0,24,-0.012626389072937503,23,-0.028902263591912725,24,0.000942673945885907,24,0.04039253426640427,23,0.989536532394783,0.9679241385216436,1.0041162718323295,1.0384230572512438,0.018697717065931554,-0.023511767486417545,0.04908052938994169,-0.04480244060089447,0.04039253426640427,-0.04480244060089447,False,True
325612,Manufacturing - paper/chemicals,0.0369484782434425,3.0,24.0,24,-0.05886413015489798,23,-0.02476171667261178,24,-0.06213915537874314,24,0.14736085491075104,23,0.9709304837039919,0.9448353927691379,0.9682637351795073,1.115970388347363,-0.027540024016028918,-0.019371220567116598,-0.014001299934687364,0.062165880043452304,-0.06213915537874314,-0.014001299934687364,True,True
423410,Wholesale trade,0.0368916515340217,4.0,23.0,24,-0.04612206333932105,23,0.004024426462874588,24,-0.051848341524188955,24,0.09275772844218119,23,0.9845116887069422,0.9815788755237924,0.9705972094148932,1.0633122263543722,-0.014797957200451989,0.009414922568369769,-0.003710486080133177,0.007562753574882453,0.09275772844218119,0.007562753574882453,False,False
335932,Manufacturing - metals/machinery,0.0368509673243001,3.0,24.0,24,-0.04712070561336697,23,-0.009925265196693877,24,-0.07478004671757948,24,0.13312343103913765,23,0.9841353317031999,0.9598598297985129,0.9554348582872135,1.1005699802110733,-0.015796599474497908,-0.004534769091198696,-0.026642191273523706,0.04792845617183891,-0.07478004671757948,-0.026642191273523706,True,True
513210,Information,0.0368373194373872,4.0,23.0,24,0.003826970658728424,23,-0.035997650772484485,24,0.006455877986229676,24,0.023929135086536844,23,1.0044365140875846,0.9676331465854536,1.0028250806282915,1.0251052586986702,0.035151076797597484,-0.030607154666989305,0.05459373343028545,-0.061265839780761895,0.023929135086536844,-0.061265839780761895,False,True
721120,Accommodation & food services,0.0367750303856609,3.0,24.0,24,0.07818861780941523,23,-0.06820085371969065,24,-0.012289637451597543,24,0.0027606905379440666,23,1.0633896044617686,0.9488324686170331,0.9706770402116787,1.0171008867095195,0.10951272394828429,-0.06281035761419547,0.035848217992458235,-0.08243428432935468,-0.012289637451597543,0.035848217992458235,True,False
516210,Information,0.0365909045895391,4.0,23.0,24,0.07560685211128457,23,-0.06621922409831299,24,-0.012555618109035627,24,0.004702847991044879,23,1.0587334201033813,0.949173376566469,0.9720517812261824,1.0200414221039673,0.10693095825015363,-0.060828727992817806,0.03558223733502015,-0.08049212687625386,0.004702847991044879,-0.08049212687625386,False,True
213112,"Mining, quarrying, oil & gas",0.0365237259492801,2.0,24.0,24,0.0671330264726614,23,-0.04464721762217753,24,-0.04660137616342297,24,0.026869874555370713,23,1.0587037752016564,0.9593869153905669,0.9493644908238327,1.032544818583944,0.09845713261153045,-0.039256721516682344,0.001536479280632809,-0.05832510031192803,-0.04464721762217753,-0.039256721516682344,True,True
423210,Wholesale trade,0.0365088607054408,3.0,24.0,24,-0.04026782998726088,23,-0.030276935971478347,24,-0.05085567494850781,24,0.1227689858659342,23,0.9826996882490091,0.9470044017953554,0.9718629872846584,1.098432922670977,-0.008943723848391823,-0.024886439865983167,-0.002717819504452032,0.03757401099863546,-0.05085567494850781,-0.002717819504452032,True,True
313310,Manufacturing - food/textiles,0.0363722730039835,3.0,24.0,24,-0.04531353351221186,23,0.008314153142421593,24,-0.06095590551796546,24,0.0987578603848474,23,0.9794255316433248,0.9811373618508746,0.9662208857735815,1.0732162207322191,-0.0139894273733428,0.013704649247916773,-0.012818050073909681,0.013562885517548667,-0.06095590551796546,-0.012818050073909681,True,True
449110,Retail trade - general,0.0363434420870418,3.0,24.0,24,-0.059568795071260616,23,-0.014332796565275618,24,-0.029012080014962513,24,0.10360244080383173,23,0.9630686478779236,0.9636860593890447,0.9929690640307172,1.0802762287023144,-0.028244688932391557,-0.008942300459780436,0.019125775429093266,0.018407465936532988,-0.029012080014962513,0.019125775429093266,True,False
332999,Manufacturing - metals/machinery,0.0362081468050597,3.0,24.0,24,-0.08183234942687602,23,0.004762485233500559,24,-0.06342170591426806,24,0.13958601225864906,23,0.9568569163969499,0.9692408887277278,0.9720998905915046,1.1018023042838176,-0.05050824328800696,0.01015298133899574,-0.01528385047021228,0.054391037391350316,-0.06342170591426806,-0.01528385047021228,True,True
325620,Manufacturing - paper/chemicals,0.0360749217949688,3.0,24.0,24,-0.03431020900819254,23,-0.027113719301064307,24,-0.04244971014131247,24,0.1049669630884527,23,0.9843260976203861,0.9535117431919602,0.976924827365663,1.0852373318219908,-0.0029861028693234787,-0.021723223195569127,0.005688145302743308,0.01977198822115396,-0.04244971014131247,0.005688145302743308,True,False
484122,Transportation,0.0360157862880313,4.0,23.0,24,-0.05976758418765362,23,0.008225272703982317,24,0.004298881560805924,24,0.046354128076908765,23,0.9539225933326545,0.9942990976684691,1.0182250565963191,1.0335532524025572,-0.02844347804878456,0.0136157688094775,0.052436737004861705,-0.038840846790389974,0.046354128076908765,-0.038840846790389974,False,True
331313,Manufacturing - metals/machinery,0.0359913376988677,4.0,23.0,24,0.11482946746589459,23,-0.04695182640454699,24,-0.038334711198988534,24,-0.027859727044709025,23,1.097349740140057,0.9727198499091424,0.9419936124873219,0.9879367974634787,0.14615357360476366,-0.041561330299051805,0.009803144245067244,-0.11305470191200777,-0.027859727044709025,-0.11305470191200777,True,True
311919,Manufacturing - food/textiles,0.0359078411456853,3.0,24.0,24,0.04517427649177527,23,-0.02455933513855631,24,-0.025286296847792586,24,0.0063564600483392245,23,1.037577277033951,0.9795376582568297,0.9706167097568213,1.0122683549523979,0.07649838263064433,-0.01916883903306113,0.022851558596263193,-0.07883851481895951,-0.025286296847792586,0.022851558596263193,True,False
423620,Wholesale trade,0.0358802517980039,4.0,23.0,24,-0.0004961301435141913,23,-0.029981469568955352,24,-0.04846841990226921,24,0.07969381940540746,23,1.0127156963424406,0.9581009559111018,0.9634491546176737,1.0657341931287838,0.03082797599535487,-0.02459097346346017,-0.00033056445821343095,-0.005501155461891283,0.07969381940540746,-0.005501155461891283,False,True
423310,Wholesale trade,0.0358492659568831,3.0,24.0,24,-0.02778065107664723,23,-0.028247030586061955,24,-0.06596591783256565,24,0.12231172000905913,23,0.9968280276975486,0.948707006035599,0.9570800455457733,1.097384920721079,0.0035434550622218293,-0.022856534480566775,-0.017828062388509876,0.03711674514176039,-0.06596591783256565,-0.017828062388509876,True,True
622310,Health care & social assistance,0.0358044212767473,3.0,24.0,24,-0.026716775406129302,23,-0.010594549442973764,24,-0.009323235093136215,24,0.04771198637827928,23,0.9817263030297613,0.9802064732025678,0.999875742261322,1.0381914815063487,0.0046073307327397575,-0.0052040533374785826,0.038814620350919565,-0.03748298848901946,-0.009323235093136215,0.038814620350919565,True,False
488999,Transportation,0.035770280399475,4.0,23.0,24,-0.023771809450835332,23,-0.013862605508958964,24,-0.03632967044269161,24,0.0745444506357872,23,0.9910015107818083,0.9710280079374133,0.9787797161109362,1.0591907651698422,0.007552296688033727,-0.008472109403463782,0.011808185001364171,-0.01065052423151154,0.0745444506357872,-0.01065052423151154,False,True
323120,Manufacturing - paper/chemicals,0.0356275185562365,3.0,24.0,24,-0.051249293505149306,23,-0.003079347766215129,24,-0.04885380904651745,24,0.10306408542580785,23,0.9726813257267137,0.971529824460517,0.9765370187267504,1.0792518310860189,-0.019925187366280246,0.002311148339280052,-0.0007159536024616692,0.017869110558509108,-0.04885380904651745,-0.0007159536024616692,True,True
334510,Manufacturing - metals/machinery,0.0354637754934443,4.0,23.0,24,-0.006711897582196741,23,-0.025067444665208577,24,-0.060317044067744074,24,0.09558772492335096,23,1.0106141726548323,0.9583649315304875,0.9562505797365599,1.0747703160781203,0.02461220855667232,-0.019676948559713397,-0.012179188623688296,0.010392750056052225,0.09558772492335096,0.010392750056052225,False,False
423140,Wholesale trade,0.0354552449623288,3.0,24.0,24,-0.05781549724790979,23,-0.006032967580485345,24,-0.020701152114971352,24,0.08376435036497318,23,0.9624412443482685,0.9745470631639469,0.9987188171405963,1.064292875347188,-0.02649139110904073,-0.0006424714749901639,0.027436703329084426,-0.0014306245023255615,-0.020701152114971352,0.027436703329084426,True,False
423710,Wholesale trade,0.0353688181003776,3.0,24.0,24,-0.05864692842294975,23,-0.014840933046803617,24,-0.06404919752854325,24,0.13768851920928118,23,0.9725347814168309,0.9546542615826256,0.9664556078420276,1.1063553491585159,-0.027322822284080693,-0.009450436941308437,-0.015911342084487475,0.052493544341982445,-0.06404919752854325,-0.015911342084487475,True,True
336211,Manufacturing - metals/machinery,0.0350532982974826,3.0,24.0,24,-0.057757546600185485,23,-0.004441662809503463,24,-0.05624914316954116,24,0.12050737789402335,23,0.9702180103377795,0.9668812929132428,0.9724279011077127,1.090472795641265,-0.026433440461316425,0.0009488332959917177,-0.008111287725485382,0.035312403026724615,-0.05624914316954116,-0.008111287725485382,True,True
327910,Manufacturing - paper/chemicals,0.0348280623377702,3.0,24.0,24,-0.05156995683238002,23,-0.0010452960411180268,24,-0.07656981055336963,24,0.13050791254999677,23,0.9798179240656624,0.9667040751296462,0.9556808182758662,1.0977971825288253,-0.02024585069351096,0.004345200064377154,-0.02843195510931385,0.045312937682698035,-0.07656981055336963,-0.02843195510931385,True,True
111411,"Agriculture, forestry, fishing",0.0347198893909068,4.0,23.0,24,-0.05509997501209143,23,0.008903076152764316,24,-0.032556205085032104,24,0.07890824300020395,23,0.9666019253564677,0.9869183162432428,0.9894285548244893,1.0570512035758,-0.023775868873222368,0.014293572258259498,0.015581650359023674,-0.006286731867094789,0.07890824300020395,-0.006286731867094789,False,True
488390,Transportation,0.034468506644222,3.0,24.0,24,-0.07670189694793388,23,0.01931958193607297,24,-0.0847285236036205,24,0.12824203982912158,23,0.961947401621249,0.9783925412752824,0.95619851705717,1.1034615400462986,-0.045377790809064816,0.02471007804156815,-0.03659066815956472,0.04304706496182284,-0.0847285236036205,-0.03659066815956472,True,True
339950,Manufacturing - metals/machinery,0.0344455301418702,3.0,24.0,24,-0.09409060301759291,23,0.000822262822941002,24,-0.0400853071235098,24,0.13236898125083515,23,0.9406192371909126,0.9676669061787418,0.9930700495206892,1.0986438071096563,-0.06276649687872385,0.006212758928436183,0.008052548320545978,0.047174006383536415,-0.0400853071235098,0.008052548320545978,True,False
811121,Other services,0.0342959081806756,3.0,24.0,24,-0.06041698906195192,23,-0.0018582488462285246,24,-0.022020969112951507,24,0.08407937333906354,23,0.9604179572046547,0.9776074138510058,0.9985133681898141,1.0634612607545255,-0.02909288292308286,0.0035322472592666564,0.02611688633110427,-0.0011156015282351994,-0.022020969112951507,0.02611688633110427,True,False
331222,Manufacturing - metals/machinery,0.0342153509482671,3.0,24.0,24,-0.05124549252802437,23,-0.00019801667882902532,24,-0.04954802562452054,24,0.09518434580356672,23,0.9742378701269964,0.9746985981553297,0.9755553595413208,1.075508172176353,-0.01992138638915531,0.005192479426666155,-0.0014101701804647634,0.009989370936267977,-0.04954802562452054,-0.0014101701804647634,True,True
922190,Public administration,0.0342052343469799,3.0,24.0,24,-0.03762195990266202,23,-0.002627262028339151,24,-0.0006718587523550182,24,0.04125610572177347,23,0.9713330283550855,0.9875931278392377,1.009107751380068,1.0319660924256087,-0.0062978537637929585,0.00276323407715603,0.04746599669170076,-0.04393886914552527,-0.0006718587523550182,0.04746599669170076,True,False
336120,Manufacturing - metals/machinery,0.0341734677707963,4.0,23.0,24,-0.04517748465891524,23,-0.01892318836932101,24,-0.09486631463241535,24,0.16100519352263762,23,0.9940408496212546,0.9474683232936254,0.9387421737046382,1.1197486533804817,-0.01385337852004618,-0.013532692263825828,-0.04672845918835957,0.07581021865533888,0.16100519352263762,0.07581021865533888,False,False
488410,Transportation,0.0341612788212679,4.0,23.0,24,-0.05063369361378399,23,-0.01030533735222556,24,-0.0051424435997753275,24,0.06652128658447261,23,0.9632041947293963,0.9757152463576482,1.008836972690351,1.0522435862226045,-0.01930958747491493,-0.00491484124673038,0.04299541184428045,-0.01867368828282613,0.06652128658447261,-0.01867368828282613,False,True
424340,Wholesale trade,0.034137571838529,3.0,24.0,24,-0.0021431958690535575,23,-0.02795820568318495,24,-0.03585551402459757,24,0.06701896616874725,23,1.0070802267833976,0.9624500319030819,0.9737362483891358,1.056733492924385,0.0291809102698155,-0.02256770957768977,0.012282341419458206,-0.018176008698551488,-0.03585551402459757,0.012282341419458206,True,False
311920,Manufacturing - food/textiles,0.0340051303870164,3.0,24.0,24,-0.0010751637737046122,23,-0.03949199285746533,24,-0.046252249016884316,24,0.08712534675994839,23,1.0108056161785324,0.9486924628630842,0.9655632952625662,1.074938625695817,0.030248942365164448,-0.03410149675197015,0.0018856064271714629,0.0019303718926496488,-0.046252249016884316,0.0018856064271714629,True,False
327420,Manufacturing - paper/chemicals,0.0338567573556778,3.0,24.0,24,0.01132791959943422,23,-0.0032257309676413056,24,-0.03921266307510459,24,0.031486614343914705,23,1.0197342456001022,0.9902814632073579,0.9672801427498964,1.0227041484426438,0.042652025738303276,0.0021647651378538754,0.008925192368951188,-0.053708360523384034,-0.03921266307510459,0.008925192368951188,True,False
622210,Health care & social assistance,0.0338305036150828,3.0,24.0,24,-0.03446423882091439,23,-0.006188590494433571,24,0.0006413128288478611,24,0.0410013708032847,23,0.9734979041489226,0.9851911484981565,1.0092615738362578,1.0320493735166634,-0.0031401326820453337,-0.0007980943889383902,0.04877916827290364,-0.04419360406401404,0.0006413128288478611,0.04877916827290364,False,False
212313,"Mining, quarrying, oil & gas",0.0337909787360957,3.0,24.0,24,-0.10806805568119765,23,0.04785796661125417,24,0.0020691875964525173,24,0.06009961610389873,23,0.9181054578857498,1.0212495151053216,1.028677639102385,1.0319673879065434,-0.07674394954232859,0.05324846271674935,0.0502070430405083,-0.025095358763400008,0.0020691875964525173,0.0502070430405083,False,False
326140,Manufacturing - paper/chemicals,0.033758524708724,3.0,24.0,24,-0.05302105890996358,23,-0.015229582987212003,24,-0.06068054503970997,24,0.13125558419367467,23,0.9750608833554762,0.9562305297847101,0.967859342188368,1.1008492446714457,-0.02169695277109452,-0.009839086881716821,-0.012542689595654188,0.04606060932637593,-0.06068054503970997,-0.012542689595654188,True,True
337211,Manufacturing - metals/machinery,0.0336111270186416,3.0,24.0,24,-0.06479779798487881,23,-0.00780851284002862,24,-0.02909731462827625,24,0.10131900842644978,23,0.9587211582698133,0.968732768373817,0.994361404157878,1.0781846691984918,-0.03347369184600975,-0.0024180167345334387,0.01904054081577953,0.01612403355915104,-0.02909731462827625,0.01904054081577953,True,False
336415,Manufacturing - metals/machinery,0.0336029224009909,2.0,24.0,24,0.016868799513029147,23,0.03709431996354159,24,-0.07574593074481262,24,0.02503159100902028,23,1.0276273151717104,1.0210547814391742,0.9402936077795548,1.0110242956095608,0.04819290565189821,0.04248481606903677,-0.02760807530075684,-0.06016338385827846,0.03709431996354159,0.04248481606903677,False,False
313230,Manufacturing - food/textiles,0.0334859497104877,3.0,24.0,24,-0.01233099520741276,23,-0.016738351561693,24,-0.04838553547889061,24,0.0783658193118188,23,1.0022385334555106,0.9678793144305137,0.9669967985289029,1.062885353585073,0.0189931109314563,-0.01134785545619782,-0.0002476800348348296,-0.006829155555479943,-0.04838553547889061,-0.0002476800348348296,True,True
221121,Utilities,0.0334839434672,3.0,24.0,24,0.18391594688061622,23,-0.10269906997292672,24,-0.02783535356502551,24,-0.0493371297772666,23,1.1410358865022323,0.9350344410061423,0.9344311354559055,0.9894985370357198,0.2152400530194853,-0.09730857386743154,0.02030250187903027,-0.13453210464456533,-0.02783535356502551,0.02030250187903027,True,False
311511,Manufacturing - food/textiles,0.033473142549898,3.0,24.0,24,0.02137757294672916,23,-0.037531223520090945,24,-0.014217679061649544,24,0.030120553877133097,23,1.0192382748550235,0.9641423084110338,0.9841087890072258,1.0325106277267169,0.052701679085598224,-0.03214072741459576,0.033920176382406235,-0.05507442099016564,-0.014217679061649544,0.033920176382406235,True,False
811430,Other services,0.0332640949386351,4.0,23.0,24,-0.06608979866185842,23,-0.0030499150131958336,24,-0.027917809901109734,24,0.09623175660831555,23,0.958861197357446,0.9739312141389161,0.9951010609467782,1.0721065275568595,-0.03476569252298936,0.0023405810922993474,0.020220045542946045,0.011036781741016813,0.09623175660831555,0.011036781741016813,False,False
327110,Manufacturing - paper/chemicals,0.033261309697284,4.0,23.0,24,-0.06165336576768827,23,0.013226608542604984,24,-0.06853542056154155,24,0.11839520495107328,23,0.969529026400688,0.9802244771556539,0.9644667108254096,1.0857797856182485,-0.03032925962881921,0.018617104648100166,-0.02039756511748577,0.03320023008377454,0.11839520495107328,0.03320023008377454,False,False
424690,Wholesale trade,0.0332534423566934,4.0,23.0,24,0.03844893882028883,23,-0.04851628363077313,24,-0.04787817634720972,24,0.05924986100497338,23,1.0409128455619903,0.9491619394408204,0.9544436005811967,1.0554816144159924,0.0697730449591579,-0.043125787525277945,0.0002596790968460577,-0.025945113862325363,0.05924986100497338,-0.025945113862325363,False,True
325193,Manufacturing - paper/chemicals,0.033164205195902,3.0,24.0,24,-0.00908487336499198,23,-0.008696824509581447,24,-0.040573683184169436,24,0.05566860367490487,23,1.0053347037996136,0.9795568490289001,0.9711726432773492,1.043935803894137,0.022239232773877078,-0.003306328404086266,0.0075641722598863426,-0.029526371192393867,-0.040573683184169436,0.0075641722598863426,True,False
339940,Manufacturing - metals/machinery,0.0331390670794643,3.0,24.0,24,-0.026959658584469408,23,-0.008667125307160841,24,-0.051195706770719586,24,0.08774798966185586,23,0.9914529189705411,0.9714186120927796,0.9687185558293399,1.0684099131073397,0.004364447554399652,-0.0032766292016656604,-0.0030578513266638074,0.0025530147945571208,-0.051195706770719586,-0.0030578513266638074,True,True
331318,Manufacturing - metals/machinery,0.0330416362804029,3.0,24.0,24,-0.011319514720060295,23,-0.02101296430200579,24,-0.022051361867863578,24,0.05508974276124667,23,0.9981767883849512,0.9710288445370234,0.9859068292931071,1.044887537784918,0.020004591418808764,-0.01562246819651061,0.0260864935761922,-0.030105232106052073,-0.022051361867863578,0.0260864935761922,True,False
332510,Manufacturing - metals/machinery,0.0330316772777514,3.0,24.0,24,-0.03171435080707155,23,-0.018798773418836696,24,-0.04779615653479124,24,0.10084920251959958,23,0.987509255640556,0.9611055929497515,0.9722994770966205,1.079085674313072,-0.00039024466820249126,-0.013408277313341516,0.00034169890926454005,0.015654227652300845,-0.04779615653479124,0.00034169890926454005,True,False
335220,Manufacturing - metals/machinery,0.0329100916890921,2.0,24.0,24,0.0012090982617763014,23,-0.011697402357316528,24,-0.06166712678176823,24,0.0699969016676151,23,1.020537882548463,0.9745928495649152,0.952042621296,1.0528266465906215,0.03253320440064536,-0.006306906251821347,-0.01352927133771245,-0.015198073199683637,-0.011697402357316528,-0.006306906251821347,True,True
812111,Other services,0.0329033018933903,4.0,23.0,24,-0.04866493573201458,23,0.004656394506853827,24,-0.007197654169874723,24,0.05241854375080397,23,0.9652535478870196,0.9906750257459022,1.006783714591077,1.0372877117760015,-0.01734082959314552,0.010046890612349008,0.040940201274181055,-0.03277643111649477,0.05241854375080397,-0.03277643111649477,False,True
321212,Manufacturing - paper/chemicals,0.0328382171086815,3.0,24.0,24,-0.016353925541841337,23,-0.022525566955681028,24,-0.0504960593051089,24,0.08836876975308315,23,1.0030436596912213,0.9616569665063565,0.9653214072328536,1.0699779665695683,0.014970180597027722,-0.017135070850185848,-0.002358203861053121,0.0031737948857844117,-0.0504960593051089,-0.002358203861053121,True,True
315250,Manufacturing - food/textiles,0.0328114006625036,4.0,23.0,24,-0.04911391686146548,23,-0.0062441963836546155,24,-0.06638972834824636,24,0.12231274789408801,23,0.9788871217686278,0.9645882680898058,0.9627778071782931,1.0937468029632733,-0.017789810722596423,-0.0008537002781594345,-0.01825187290419058,0.03711777302678927,0.12231274789408801,0.03711777302678927,False,False
332117,Manufacturing - metals/machinery,0.0326174446651131,3.0,24.0,24,-0.07577622331469523,23,-0.0034255355760593187,24,-0.0637894898062237,24,0.14214330940826223,23,0.9589276356772273,0.9616205130476084,0.9711644615701084,1.1082873897050558,-0.04445211717582617,0.0019649605294358623,-0.015651634362167925,0.056948334540963486,-0.0637894898062237,-0.015651634362167925,True,True
423850,Wholesale trade,0.032444558240251,4.0,23.0,24,-0.06643085679213273,23,-0.00922955691346126,24,-0.04511237737360479,24,0.11982581742682387,23,0.9617540451465519,0.9629843323441879,0.982673733368746,1.092587889140514,-0.03510675065326367,-0.0038390608079660786,0.0030254780704509904,0.03463084255952513,0.11982581742682387,0.03463084255952513,False,False
339930,Manufacturing - metals/machinery,0.0324370649586936,4.0,23.0,24,-0.06673565965433437,23,-0.024947178676757966,24,-0.06093234104223583,24,0.15106169262955288,23,0.9668393060203385,0.943688476315943,0.9704320039650632,1.1190402136986553,-0.03541155351546531,-0.019556682571262786,-0.012794485598180048,0.06586671776225414,0.15106169262955288,0.06586671776225414,False,False
513110,Information,0.0322938427913985,3.0,24.0,24,0.006623539265970508,23,-0.02811750033087607,24,-0.02285430183976188,24,0.04553325167520559,23,1.01080950031659,0.9678675658280665,0.9811606320012954,1.040162301854048,0.03794764540483957,-0.02272700422538089,0.0252835536042939,-0.03966172319209315,-0.02285430183976188,0.0252835536042939,True,False
333924,Manufacturing - metals/machinery,0.0322779697022092,3.0,24.0,24,-0.03502540637874925,23,0.0037955327462924258,24,-0.05110570722084465,24,0.08241700319148214,23,0.9899699147341915,0.9834169352507413,0.9692728902747065,1.0573402597403607,-0.0037013002398801897,0.009186028851787606,-0.00296785177678887,-0.002777971675816601,-0.05110570722084465,-0.00296785177678887,True,True
221122,Utilities,0.0322540775314358,3.0,24.0,24,0.10773676195066559,23,-0.06988835808909155,24,-0.02432723999725218,24,-0.011794187267876607,23,1.0850052264718284,0.9503376374024338,0.9554467645112225,1.0092103716145153,0.13906086808953466,-0.06449786198359637,0.023810615446803598,-0.09698916213517535,-0.02432723999725218,0.023810615446803598,True,False
423440,Wholesale trade,0.0322337129846377,4.0,23.0,24,-0.05310400647463464,23,-0.018136671213726047,24,-0.05433710006621533,24,0.1262505219194026,23,0.9742911708757375,0.9551813523894479,0.9723448763306107,1.098182600404204,-0.02177990033576558,-0.012746175108230867,-0.006199244622159553,0.04105554705210385,0.1262505219194026,0.04105554705210385,False,False
524128,Finance & insurance,0.0322233872329597,4.0,23.0,24,0.060343927409703554,23,-0.06075792584751702,24,-0.020869815359730107,24,0.023236817680668563,23,1.0513334322785006,0.9493966131254062,0.9689756456673465,1.0302943089287466,0.09166803354857261,-0.055367429742021836,0.027268040084325672,-0.061958157186630176,0.023236817680668563,-0.061958157186630176,False,True
322230,Manufacturing - paper/chemicals,0.0321896474672167,3.0,24.0,24,-0.022546886238854435,23,-0.026534092364097386,24,-0.03170546844545744,24,0.08037506865056346,23,0.9909019524763426,0.9598647356461977,0.9818957035442475,1.0673376083332122,0.008777219900014625,-0.021143596258602206,0.016432386998598336,-0.004819906216735281,-0.03170546844545744,0.016432386998598336,True,False
336992,Manufacturing - metals/machinery,0.0321834212979927,1.0,23.0,24,0.03884775425516387,23,-0.018856786713160174,24,-0.082199607502446,24,0.05055951210251658,23,1.0445188981589837,0.9685829768390191,0.9303606289453749,1.0565374960566225,0.07017186039403292,-0.013466290607664994,-0.03406175205839022,-0.03463546276478216,0.03884775425516387,0.07017186039403292,False,False
325510,Manufacturing - paper/chemicals,0.0321215194390561,3.0,24.0,24,-0.014180817358446852,23,-0.03799253279137924,24,-0.043712063019796056,24,0.10072175894895072,23,1.0016550612230983,0.9479884666097216,0.9703069375791031,1.080049534588077,0.017143288780422206,-0.03260203668588406,0.004425792424259722,0.015526784081651979,-0.043712063019796056,0.004425792424259722,True,False
326121,Manufacturing - paper/chemicals,0.0320582169864592,3.0,24.0,24,-0.013298681049217663,23,-0.028152831027077427,24,-0.04759948353285436,24,0.08999210254083226,23,1.0017762586208938,0.9565727606689357,0.9676749247711324,1.0739760559390379,0.018025425089651395,-0.022762334921582247,0.0005383719112014157,0.004797127673533519,-0.04759948353285436,0.0005383719112014157,True,False
327211,Manufacturing - paper/chemicals,0.0320199082189826,4.0,23.0,24,0.00530458060274033,23,-0.0328227751910642,24,-0.014547283035065861,24,0.04269755247571828,23,1.0084903684090596,0.9651582532669337,0.9874716885069362,1.0388796898170707,0.03662868674160939,-0.027432279085569018,0.03359057240898992,-0.04249742239158046,0.04269755247571828,-0.04249742239158046,False,True
423420,Wholesale trade,0.0320038454565629,4.0,23.0,24,-0.02767869541960819,23,-0.010006052216364622,24,-0.034057976914616914,24,0.07105055569470634,23,0.9890392471084986,0.9749877045149292,0.9809482663540893,1.055024782022483,0.003645410719260868,-0.004615556110869441,0.014079878529438865,-0.014144419172592404,0.07105055569470634,-0.014144419172592404,False,True
423730,Wholesale trade,0.0317874624108661,3.0,24.0,24,0.03077623380723955,23,-0.07669825917275797,24,-0.06331781970683648,24,0.11215565457411021,23,1.0377807142048405,0.9147893723265766,0.9451945487938289,1.102235364674754,0.06210033994610861,-0.07130776306726279,-0.015179964262780697,0.026960679706811472,-0.06331781970683648,-0.015179964262780697,True,True
334517,Manufacturing - metals/machinery,0.0317702521195582,3.0,24.0,24,-0.08332839792144638,23,0.005816089109854081,24,-0.09210579307968995,24,0.17632488354390344,23,0.9564588142265181,0.9606004294921302,0.9531098665380341,1.129830889743318,-0.05200429178257732,0.01120658521534926,-0.043967937635634176,0.0911299086766047,-0.09210579307968995,-0.043967937635634176,True,True
326299,Manufacturing - paper/chemicals,0.0317503404863127,3.0,24.0,24,-0.021184389945336116,23,-0.015038036022432907,24,-0.0430645668109852,24,0.08052550110673092,23,0.9950745022996014,0.9689652758071059,0.972932121359476,1.0630281005338167,0.010139716193532943,-0.009647539916937727,0.005073288633070577,-0.004669473760567824,-0.0430645668109852,0.005073288633070577,True,False
322211,Manufacturing - paper/chemicals,0.031711204453345,3.0,24.0,24,0.009708480654066941,23,-0.04390281648761082,24,-0.029506841282022633,24,0.06376039955076142,23,1.0148682817385846,0.9512176636645764,0.97537267856579,1.058541376031049,0.041032586792936004,-0.03851232038211563,0.018631014162033145,-0.02143457531653732,-0.029506841282022633,0.018631014162033145,True,False
331110,Manufacturing - metals/machinery,0.0316677513501234,3.0,24.0,24,0.05040860050592063,23,-0.048709896733942194,24,-0.03385394586379285,24,0.03266081129309701,23,1.0454031331154978,0.9551398323499596,0.9622963250523054,1.0371607094822373,0.08173270664478968,-0.04331940062844701,0.014283909580262925,-0.05253416357420173,-0.03385394586379285,0.014283909580262925,True,False
335131,Manufacturing - metals/machinery,0.0315942025101248,2.0,24.0,24,-0.05450857297024878,23,-0.013650563327791096,24,-0.052745011724823494,24,0.12192098846446203,23,0.9718881368175313,0.9593971450364448,0.9742072799109405,1.0945074382350832,-0.023184466831379723,-0.008260067222295914,-0.004607156280767716,0.03672601359716329,-0.013650563327791096,-0.008260067222295914,True,True
516110,Information,0.0315117896997696,4.0,23.0,24,-0.026163136955359382,23,-0.0014641199553221916,24,-0.01954860056965961,24,0.047513955617751194,23,0.9851297524593235,0.9870629306745657,0.9919243488004522,1.035882968065658,0.0051609691835096776,0.003926376150172989,0.028589254874396168,-0.037681019249547545,0.047513955617751194,-0.037681019249547545,False,True
424950,Wholesale trade,0.0314824315809404,4.0,23.0,24,0.019284085653965298,23,-0.05072149854305904,24,-0.033290270030803204,24,0.06703459238155768,23,1.0234102275747947,0.9459851539716048,0.9700030774545331,1.0606015409990677,0.05060819179283436,-0.045331002437563855,0.014847585413252574,-0.01816038248574106,0.06703459238155768,-0.01816038248574106,False,True
311930,Manufacturing - food/textiles,0.0313999252778856,4.0,23.0,24,0.08596740800683471,23,-0.07819473752029406,24,-0.10662401489661444,24,0.0994062853266097,23,1.0873650484895954,0.9153856070106995,0.899795640572392,1.0974537039273133,0.11729151414570377,-0.07280424141479888,-0.05848615945255866,0.014211310459310955,0.0994062853266097,0.014211310459310955,False,False
621991,Health care & social assistance,0.0313583901567739,3.0,24.0,24,-0.04333541685376746,23,-0.0032721711517681947,24,-0.006411751523905769,24,0.052466166442188704,23,0.9695951357052869,0.9844556235753589,1.0058604537489673,1.0400887869703872,-0.012011310714898402,0.0021183249537269863,0.04172610392015001,-0.032728808425110036,-0.006411751523905769,0.04172610392015001,True,False
313320,Manufacturing - food/textiles,0.0313310935184494,3.0,24.0,24,-0.0038368302518304153,23,0.0009436673470802718,24,-0.07556171130556534,24,0.07937484107082535,23,1.0145070312164999,0.980592107317392,0.9447898487241231,1.060111012741985,0.027487275887038642,0.006334163452575453,-0.027423855861509562,-0.005820133796473392,-0.07556171130556534,-0.027423855861509562,True,True
336419,Manufacturing - metals/machinery,0.0313171314795616,3.0,24.0,24,0.06602837562014882,23,-0.04367275933079164,24,-0.021425797919592916,24,-5.4763416767650526e-05,23,1.0591494773055818,0.968901800464538,0.9659996422850773,1.0059490799448028,0.09735248175901788,-0.03828226322529646,0.026712057524462863,-0.08524973828406639,-0.021425797919592916,0.026712057524462863,True,False
325992,Manufacturing - paper/chemicals,0.0312988175188186,3.0,24.0,24,-0.05342900161792722,23,0.001183192118303783,24,-0.06180508481441721,24,0.1146726761877726,23,0.9768963917581739,0.9728802944328893,0.9664978128709972,1.0837255009379396,-0.02210489547905816,0.006573688223798964,-0.013667229370361432,0.029477701320473865,-0.06180508481441721,-0.013667229370361432,True,True
621493,Health care & social assistance,0.0312924734408737,4.0,23.0,24,-0.10791978697605352,23,0.0054935634627423695,24,-0.056014516051306106,24,0.1598608265394886,23,0.9330541589812821,0.9645067777727343,0.9849722696387019,1.1174667936072817,-0.07659568083718446,0.01088405956823755,-0.007876660607250327,0.07466585167218986,0.1598608265394886,0.07466585167218986,False,False
327993,Manufacturing - paper/chemicals,0.0311552553627468,3.0,24.0,24,0.003045020707605218,23,-0.03178084596800879,24,-0.039393704271657885,24,0.06736044972361427,23,1.012948832553506,0.9594041967926072,0.9694212529677261,1.0582257176861607,0.03436912684647428,-0.026390349862513613,0.008744151172397893,-0.01783452514368447,-0.039393704271657885,0.008744151172397893,True,False
323117,Manufacturing - paper/chemicals,0.0310648759664238,3.0,24.0,24,0.01688316364521197,23,-0.03936332431413488,24,-0.0392884078273076,24,0.05706182456754963,23,1.025425962336192,0.9560158605221599,0.9653324073363976,1.0532257698052507,0.04820726978408103,-0.0339728282086397,0.008849447616748177,-0.02813315029974911,-0.0392884078273076,0.008849447616748177,True,False
311615,Manufacturing - food/textiles,0.0310388019734839,3.0,24.0,24,-0.02367849667037415,23,-0.01524165464834403,24,-0.019680227015416506,24,0.05797527871389423,23,0.9907739178132567,0.975122908950936,0.9899552093853035,1.0441479638505038,0.007645609468494911,-0.009851158542848848,0.028457628428639272,-0.027219696153404513,-0.019680227015416506,0.028457628428639272,True,False
424720,Wholesale trade,0.0310370887116698,4.0,23.0,24,0.09950802589179736,23,-0.08790298261916507,24,-0.07892286195972716,24,0.07118939146675522,23,1.090978653549801,0.9161156145775262,0.9170585408435815,1.075847191029091,0.1308321320306664,-0.0825124865136699,-0.030785006515671377,-0.014005583400543517,0.07118939146675522,-0.014005583400543517,False,True
424440,Wholesale trade,0.0310337407780524,3.0,24.0,24,-0.08192515073829541,23,-0.005207446931793309,24,-0.07611706117155197,24,0.1642064191691621,23,0.957886257806185,0.955382285279751,0.9632932066169037,1.1234382502971605,-0.050601044599426354,0.0001830491737018717,-0.02797920572749619,0.07901144430186335,-0.07611706117155197,-0.02797920572749619,True,True
424470,Wholesale trade,0.0309920774797478,4.0,23.0,24,-0.08509290072388112,23,-0.02629643072940117,24,-0.06222393609970409,24,0.17294964848192546,23,0.9509770869591483,0.9366212862237467,0.974858346947148,1.1375432798699572,-0.05376879458501206,-0.02090593462390599,-0.014086080655648314,0.08775467361462672,0.17294964848192546,0.08775467361462672,False,False
423120,Wholesale trade,0.0307351603723365,4.0,23.0,24,-0.02339117387273398,23,-0.014298046280740639,24,-0.04380681576347075,24,0.08118514820397565,23,0.9951636042575012,0.9694875498839363,0.9724075880718525,1.0629412577867101,0.00793293226613508,-0.008907550175245457,0.004331039680585028,-0.004009826663323085,0.08118514820397565,-0.004009826663323085,False,True
331529,Manufacturing - metals/machinery,0.0306770928133079,3.0,24.0,24,-0.08750426859667954,23,0.01656587781671064,24,-0.08117785393564007,24,0.15120951053420562,23,0.9546997885510389,0.9744065226885104,0.9609815011925603,1.1099121875678906,-0.056180162457810476,0.02195637392220582,-0.033039998491584295,0.06601453566690688,-0.08117785393564007,-0.033039998491584295,True,True
332996,Manufacturing - metals/machinery,0.0305903855691479,2.0,24.0,24,-0.10474953211713088,23,0.016453750310751955,24,-0.07889451816750821,24,0.1677346628948533,23,0.9435789888244316,0.9713485738630597,0.966210658280184,1.1188617790323248,-0.07342542597826182,0.021844246416247135,-0.030756662723452434,0.08253968802755457,0.016453750310751955,0.021844246416247135,False,False
316210,Manufacturing - food/textiles,0.0305845356953114,3.0,24.0,24,0.028806732765563062,23,-0.04315444874998007,24,-0.07055102580825777,24,0.0853569032836711,23,1.0397369370581988,0.9465741883333335,0.9397203371084285,1.073968537500039,0.06013083890443212,-0.037763952644484886,-0.02241317036420199,0.00016192841637235889,-0.07055102580825777,-0.02241317036420199,True,True
327120,Manufacturing - paper/chemicals,0.0305393382729162,3.0,24.0,24,-0.03144738679087503,23,-0.0001032595653714663,24,-0.0369111019632683,24,0.06653554508606623,23,0.9884219774623718,0.9837336989343296,0.9792519395370306,1.048592384066268,-0.00012328065200597343,0.005287236540123715,0.011226753480787478,-0.018659429781232514,-0.0369111019632683,0.011226753480787478,True,False
313240,Manufacturing - food/textiles,0.030483997060037,3.0,24.0,24,-0.13839980158724727,23,0.02820311671663823,24,-0.0633924474592416,24,0.17234861444857505,23,0.913611835918639,0.9782762462031042,0.9865344230542927,1.1215774948239643,-0.10707569544837821,0.03359361282213341,-0.015254592015185815,0.08715363958127631,-0.0633924474592416,-0.015254592015185815,True,True
325998,Manufacturing - paper/chemicals,0.0303034099838368,3.0,24.0,24,0.03582512893113,23,-0.042067530991660274,24,-0.057174447504929955,24,0.06417587697639618,23,1.040965735937061,0.9525295651523834,0.9482284563510263,1.0582762425595291,0.06714923506999906,-0.03667703488616509,-0.009036592060874177,-0.02101909789090256,-0.057174447504929955,-0.009036592060874177,True,True
325120,Manufacturing - paper/chemicals,0.0302895369615069,3.0,24.0,24,0.05695339111070654,23,-0.018982916307200722,24,-0.052034433926937344,24,0.009987799306967611,23,1.0556892097695223,0.9822353423069942,0.9467473074588676,1.015328140464616,0.08827749724957559,-0.013592420201705542,-0.003896578482881566,-0.07520717556033113,-0.052034433926937344,-0.003896578482881566,True,True
212390,"Mining, quarrying, oil & gas",0.0302082959120448,3.0,24.0,24,-0.0077495260121293865,23,-0.025959922799939115,24,-0.02967670925293989,24,0.06515140966856885,23,1.000608660098487,0.9643507274819099,0.9800126404652113,1.0550279719543922,0.023574580126739672,-0.020569426694443935,0.018461146191115888,-0.020043565198729893,-0.02967670925293989,0.018461146191115888,True,False
313210,Manufacturing - food/textiles,0.0299733375918381,2.0,24.0,24,0.005893959049825231,23,-0.022076833231816927,24,-0.05730140873720633,24,0.07623945717667115,23,1.0169251859559278,0.9644644258410903,0.9561573321898864,1.0624530560130951,0.03721806518869429,-0.016686337126321747,-0.00916355329315055,-0.008955517690627593,-0.022076833231816927,-0.016686337126321747,True,True
424710,Wholesale trade,0.0299451835688652,3.0,24.0,24,0.015060908104149163,23,-0.047636195773094026,24,-0.0917000576714404,24,0.12548482763484556,23,1.0322897086437541,0.9325603545510105,0.9281033920044549,1.1070465448007802,0.04638501424301822,-0.04224569966759884,-0.043562202227384626,0.04028985276754682,-0.0917000576714404,-0.043562202227384626,True,True
551114,Management of companies,0.0299260976287863,3.0,24.0,24,0.1567173110722077,23,-0.08708019140506679,24,-0.06131810870596621,24,-0.0058021259162251496,23,1.131054618577269,0.9361653118853676,0.9154363880035995,1.017343681533764,0.18804141721107676,-0.08168969529957161,-0.013180253261910434,-0.09099710078352388,-0.06131810870596621,-0.013180253261910434,True,True
311611,Manufacturing - food/textiles,0.0297596544861152,4.0,23.0,24,-0.09695478507542182,23,-0.0029770444193363463,24,-0.02461139935341969,24,0.12413575986450005,23,0.9343293802497962,0.9669289492127892,1.0054826070144547,1.09325906352296,-0.06563067893655276,0.0024134516861588347,0.02352645609063609,0.038940784997201314,0.12413575986450005,0.038940784997201314,False,False
339993,Manufacturing - metals/machinery,0.0297512329788441,3.0,24.0,24,-0.07979402402877529,23,-0.00602830805558371,24,-0.04682612421039381,24,0.13226380079807135,23,0.951400943472041,0.9621632983649654,0.984982269369057,1.1014534887939367,-0.04846991788990623,-0.000637811950088529,0.0013117312336619683,0.047068825930772606,-0.04682612421039381,0.0013117312336619683,True,False
332312,Manufacturing - metals/machinery,0.0297260931553781,3.0,24.0,24,-0.09426441326160494,23,-0.010879184587614929,24,-0.07285330551150825,24,0.17732878454143788,23,0.9472947293484962,0.947267956691381,0.9689995532094957,1.1364377607506269,-0.06294030712273588,-0.005488688482119748,-0.024715450067452467,0.09213380967413914,-0.07285330551150825,-0.024715450067452467,True,True
562213,Administrative & waste services,0.029680269019689,4.0,23.0,24,0.1161779805817566,23,-0.07451167551240322,24,-0.016201335437208957,24,-0.020965765322271717,23,1.086712775162071,0.9489921377292175,0.9602948513211703,1.004000235787541,0.14750208672062565,-0.06912117940690804,0.031936520006846825,-0.10616074018957046,-0.020965765322271717,-0.10616074018957046,True,True
337920,Manufacturing - metals/machinery,0.0296768368550272,3.0,24.0,24,-0.02669205539164754,23,-0.021818468932314237,24,-0.03997008487362141,24,0.08662662607440484,23,0.9877577436156685,0.9607774173150347,0.9774340288790295,1.0740308101902671,0.0046320507472215194,-0.016427972826819057,0.008167770570434371,0.0014316512071061022,-0.03997008487362141,0.008167770570434371,True,False
331524,Manufacturing - metals/machinery,0.0296316871047802,3.0,24.0,24,-0.09520949766565184,23,0.03001609334979359,24,-0.07493203733554127,24,0.13893601551237364,23,0.9493157588802944,0.9881440005313781,0.9669400554828744,1.0956001851054533,-0.06388539152678278,0.035406589455288774,-0.02679418189148549,0.0537410406450749,-0.07493203733554127,-0.02679418189148549,True,True
331492,Manufacturing - metals/machinery,0.0296150243584267,2.0,24.0,24,-0.039270881302328906,23,-0.024306899024436307,24,-0.09463161296134272,24,0.15767833599054243,23,0.9944276672248921,0.9422917857300801,0.9387697022841408,1.124510844760887,-0.007946775163459846,-0.018916402918941127,-0.04649375751728694,0.07248336112324369,-0.024306899024436307,-0.018916402918941127,True,True
524127,Finance & insurance,0.0295620499995815,4.0,23.0,24,0.11212063988420533,23,-0.08887116563645564,24,-0.009202797814313901,24,-0.012132454550672984,23,1.0853527441432673,0.9365121498065289,0.9654138867427017,1.0127212193075021,0.1434447460230744,-0.08348066953096046,0.03893505762974188,-0.09732742941797172,-0.012132454550672984,-0.09732742941797172,True,True
335132,Manufacturing - metals/machinery,0.0295372665254996,4.0,23.0,24,-0.12645723393174446,23,0.0037638445444492055,24,-0.11848104246432478,24,0.24419766427018647,23,0.9366159641502559,0.943142151773093,0.9421406503070315,1.1781012337696195,-0.0951331277928754,0.009154340649944387,-0.07034318702026901,0.15900268940288773,0.24419766427018647,0.15900268940288773,False,False
485113,Transportation,0.0295230611083616,2.0,24.0,24,-0.037265640376785,23,-0.003009947713525247,24,-0.006363776951797674,24,0.046709507520230564,23,0.9736278499388501,0.9860780766154922,1.0045481987191849,1.035745874726473,-0.005941534237915942,0.002380548391969934,0.0417740784922581,-0.038485467347068175,-0.003009947713525247,0.002380548391969934,True,False
336360,Manufacturing - metals/machinery,0.0294731384215279,3.0,24.0,24,-0.05659465601222774,23,-0.001107056968235103,24,-0.060857317545140066,24,0.11725863612492779,23,0.9726654227790944,0.9694956447764164,0.9685399807102085,1.0892989517342808,-0.02527054987335868,0.004283439137260078,-0.012719462101084288,0.03206366125762905,-0.060857317545140066,-0.012719462101084288,True,True
424130,Wholesale trade,0.029471738995943,3.0,24.0,24,-0.011393548633360902,23,-0.03425701268904806,24,-0.04934084328008601,24,0.08958503363728354,23,1.000523227188954,0.9494704486139077,0.966931695416958,1.0830746287801802,0.019930557505508158,-0.028866516583552878,-0.0012029878360302337,0.0043900587699848,-0.04934084328008601,-0.0012029878360302337,True,True
325413,Manufacturing - paper/chemicals,0.0291935639718829,3.0,24.0,24,-0.00021715761439602602,23,-0.04802776021428858,24,-0.03788673665726162,24,0.0863901287897124,23,1.0110701552625303,0.9430333793208009,0.9710521238076488,1.0748443416090199,0.031106948524473033,-0.0426372641087934,0.010251118786794161,0.0011951539224136637,-0.03788673665726162,0.010251118786794161,True,False
333132,Manufacturing - metals/machinery,0.0291408144607478,2.0,24.0,24,0.09566729429288509,23,-0.042367827009077354,24,-0.058301126014862405,24,0.007834765310998549,23,1.0807473610588598,0.9651142513389219,0.9342167956371386,1.01992159196508,0.12699140043175416,-0.03697733090358217,-0.010163270570806626,-0.07736020955630019,-0.042367827009077354,-0.03697733090358217,True,True
221112,Utilities,0.0291225471690235,1.0,23.0,24,0.16413762608054874,23,-0.06849170799931527,24,-0.04329065740223718,24,-0.05441333659470824,23,1.132981987324434,0.9614054019747501,0.9268122326236973,0.9788003780771186,0.19546173221941782,-0.06310121189382009,0.004847198041818601,-0.13960831146200697,0.16413762608054874,0.19546173221941782,False,False
513140,Information,0.0290212296459466,4.0,23.0,24,-0.005592630134634325,23,-0.019790263802281865,24,-0.034382238290480725,24,0.059318763515404084,23,1.0073907022772393,0.9712125575266377,0.9746149403805996,1.046781799815523,0.025731476004234734,-0.014399767696786685,0.013755617153575053,-0.025876211351894655,0.059318763515404084,-0.025876211351894655,False,True
488510,Transportation,0.0289948758643959,4.0,23.0,24,-0.06570639197186219,23,-0.004105064960057169,24,-0.07320718468041167,24,0.14410028694216184,23,0.9705953125824917,0.9616909776739694,0.9609967726855616,1.1067169370579772,-0.03438228583299313,0.0012854311454380124,-0.025069329236355888,0.0589053120748631,0.14410028694216184,0.0589053120748631,False,False
332313,Manufacturing - metals/machinery,0.0289568213729774,3.0,24.0,24,-0.09513157516710033,23,-0.005872548852069319,24,-0.07312047411373356,24,0.1730173496514308,23,0.9455672101843251,0.9516096965047945,0.9693972805294025,1.1334258127814778,-0.06380746902823127,-0.00048205274657413776,-0.024982618669677777,0.08782237478413207,-0.07312047411373356,-0.024982618669677777,True,True
488210,Transportation,0.0288044884067092,3.0,24.0,24,-0.08932369030808184,23,0.0013946847791690882,24,-0.08235535280453946,24,0.17240228831055293,23,0.9556439624199461,0.9591575546509713,0.9598817773236584,1.1253167056054243,-0.057999584169212776,0.006785180884664269,-0.03421749736048368,0.08720731344325419,-0.08235535280453946,-0.03421749736048368,True,True
322212,Manufacturing - paper/chemicals,0.0287378648359838,3.0,24.0,24,0.0040816544155640585,23,-0.03625478227909223,24,-0.017400807507584173,24,0.049267064466836284,23,1.0061861045365557,0.9600069833972317,0.986337426816092,1.0474694852501207,0.03540576055443312,-0.030864286173597048,0.030737047936471605,-0.035927910400462455,-0.017400807507584173,0.030737047936471605,True,False
336611,Manufacturing - metals/machinery,0.0287068021539206,3.0,24.0,24,-0.03587528991125263,23,-0.006238296941865257,24,-0.04755217168131698,24,0.09031408814599633,23,0.9858427914225635,0.9731919096385502,0.9730176217382676,1.0679476772006191,-0.004551183772383567,-0.0008478008363700757,0.0005856837627387992,0.005119113278697587,-0.04755217168131698,0.0005856837627387992,True,False
321219,Manufacturing - paper/chemicals,0.0287046220386405,3.0,24.0,24,0.04469187677122089,23,-0.05380049772808762,24,-0.033228272809858996,24,0.042854274203541924,23,1.0403099564684697,0.9485600634914494,0.9644111659706041,1.0467188140694768,0.07601598291008996,-0.04841000162259244,0.014909582634196783,-0.042340700663756815,-0.033228272809858996,0.014909582634196783,True,False
325194,Manufacturing - paper/chemicals,0.0285984722634713,3.0,24.0,24,0.05608918164254859,23,-0.06929974376068203,24,0.020726216097350012,24,-0.008102374209346728,23,1.0354785121846346,0.9494351656666463,1.001991306670022,1.0130950154786975,0.08741328778141766,-0.06390924765518685,0.0688640715414058,-0.09329734907664547,0.020726216097350012,0.0688640715414058,False,False
212290,"Mining, quarrying, oil & gas",0.0285477776133221,3.0,24.0,24,0.008638502961843,23,-0.018965940045645405,24,-0.09350430254306608,24,0.10806334550604785,23,1.0262937447070346,0.9586305406756774,0.9288992167356112,1.0861764978816768,0.03996260910071206,-0.013575443940150225,-0.0453664470990103,0.022868370638749108,-0.09350430254306608,-0.0453664470990103,True,True
926120,Public administration,0.0285235337093088,3.0,24.0,24,-0.01892220831206653,23,-0.015710382384379676,24,0.005712424175914142,24,0.029717127749502737,23,0.9830302955242258,0.9805371908490003,1.0094648509425341,1.02696766268424,0.012401897826802528,-0.010319886278884496,0.053850279619969924,-0.055477847117796006,0.005712424175914142,0.053850279619969924,False,False
332919,Manufacturing - metals/machinery,0.0284780744484007,3.0,24.0,24,0.022285767070463765,23,-0.0441260948894836,24,-0.043636341392191934,24,0.06653948169411998,23,1.0272736971208232,0.9504196903533936,0.9618178733649311,1.0604887391608522,0.053609873209332824,-0.03873559878398842,0.004501514051863845,-0.018655493173178758,-0.043636341392191934,0.004501514051863845,True,False
485210,Transportation,0.0284672752021985,4.0,23.0,24,-0.06111294360570538,23,0.010579100212621989,24,-0.0011220793552571644,24,0.05124863270098789,23,0.9543708494507049,0.9949953569111045,1.0144616639462603,1.03617212969193,-0.029788837466836318,0.01596959631811717,0.047015776088798616,-0.03394634216631085,0.05124863270098789,-0.03394634216631085,False,True
332114,Manufacturing - metals/machinery,0.0283926788338026,3.0,24.0,24,-0.11143862837139537,23,0.0005084651003487475,24,-0.07368197975821547,24,0.1832791029953302,23,0.9370344845116149,0.9549593000181485,0.9718671853239848,1.1361390301462517,-0.08011452223252631,0.005898961205843928,-0.025544124314159693,0.09808412812803147,-0.07368197975821547,-0.025544124314159693,True,True
331420,Manufacturing - metals/machinery,0.0282923238632895,4.0,23.0,24,0.018043095407407027,23,-0.03957312881927883,24,-0.020560513515766012,24,0.04300627700463864,23,1.019036082456286,0.9599187274942279,0.9799476301707273,1.0410975598787588,0.049367201546276086,-0.03418263271378365,0.027577341928289766,-0.0421886978626601,0.04300627700463864,-0.0421886978626601,False,True
424610,Wholesale trade,0.0281828422547833,4.0,23.0,24,0.010298718383920635,23,-0.04923819601146422,24,-0.08583378803406151,24,0.12732483984718385,23,1.0276722956173072,0.9313746398496177,0.9335533761048566,1.1073996884282185,0.041622824522789696,-0.04384769990596904,-0.03769593259000573,0.04212986497988511,0.12732483984718385,0.04212986497988511,False,False
522130,Finance & insurance,0.0281567360398651,3.0,24.0,24,0.020248457411413207,23,-0.037068593986840676,24,-0.034076408443929875,24,0.05142862203457726,23,1.0233653784985615,0.9593610626980364,0.9694939348711928,1.047779623932209,0.051572563550282266,-0.03167809788134549,0.014061447000125904,-0.03376635283272148,-0.034076408443929875,0.014061447000125904,True,False
332710,Manufacturing - metals/machinery,0.0280333934086399,3.0,24.0,24,-0.09252209104845463,23,0.012168565539392445,24,-0.057261223715540654,24,0.13745528212943306,23,0.9452543506393799,0.9748329411806722,0.9800744006431796,1.0998383075367684,-0.06119798490958557,0.017559061644887627,-0.009123368271484876,0.05226030726213432,-0.057261223715540654,-0.009123368271484876,True,True
331523,Manufacturing - metals/machinery,0.0280201521877786,3.0,24.0,24,-0.06092042013886785,23,-0.0010302865432227036,24,-0.03815362746937757,24,0.10058468787798393,23,0.964670969574819,0.974475494158591,0.9863405918288087,1.0745129444377814,-0.02959631399999879,0.004360209562272477,0.009984227974678211,0.015389713010685188,-0.03815362746937757,0.009984227974678211,True,False
326113,Manufacturing - paper/chemicals,0.0279397581044812,3.0,24.0,24,-0.02355167028303492,23,-0.01467991288575804,24,-0.03741410779423062,24,0.07431511085917192,23,0.9920890055783076,0.9702117197089343,0.9776942596110771,1.0600050151016809,0.007772435855834141,-0.00928941678026286,0.010723747649825158,-0.010879864008126822,-0.03741410779423062,0.010723747649825158,True,False
332119,Manufacturing - metals/machinery,0.0279283060130996,3.0,24.0,24,-0.0711649869564358,23,-0.0002103866846080669,24,-0.04762459353822657,24,0.11845881261178062,23,0.9588946597322879,0.9702129687134123,0.9819520510637529,1.0889403204905468,-0.039840880817566746,0.005180109420887114,0.0005132619058292112,0.03326383774448188,-0.04762459353822657,0.0005132619058292112,True,False
486110,Transportation,0.0278797741370762,1.0,23.0,24,0.13094318552927026,23,-0.03974347000590323,24,-0.07016867992603461,24,-0.017283226445331198,23,1.1135533972066525,0.9747181024209693,0.9153697476470928,0.9963587527252852,0.1622672916681393,-0.03435297390040805,-0.02203082448197883,-0.10247820131262994,0.13094318552927026,0.1622672916681393,False,False
334112,Manufacturing - metals/machinery,0.0277468263016721,3.0,24.0,24,0.02319694789250053,23,-0.0776712526411698,24,0.013813697670674021,24,0.04441891947020326,23,1.0097205420830735,0.9301734939434126,1.0059689510860916,1.0541370128874223,0.05452105403136959,-0.07228075653567462,0.0619515531147298,-0.04077605539709548,0.013813697670674021,0.0619515531147298,False,False
335999,Manufacturing - metals/machinery,0.0276044234366717,3.0,24.0,24,-0.0010745213090757092,23,-0.039254140752749446,24,-0.03074553604214729,24,0.07232758111121786,23,1.0044418691004673,0.9519779702666905,0.9780223529384126,1.0655578076944294,0.03024958482979335,-0.03386364464725426,0.01739231940190849,-0.012867393756080883,-0.03074553604214729,0.01739231940190849,True,False
311824,Manufacturing - food/textiles,0.0275894663186963,3.0,24.0,24,-0.0461541085490498,23,-0.002721886508302948,24,-0.043026220005058284,24,0.09000925737280388,23,0.9744658900988489,0.9744246701896273,0.9798272232970117,1.0712822164145124,-0.014830002410180738,0.002668609597192233,0.005111635438997494,0.004814282505505141,-0.043026220005058284,0.005111635438997494,True,False
339116,Manufacturing - metals/machinery,0.0274975397319796,4.0,23.0,24,-0.06107698581766788,23,0.003401960355255168,24,-0.03552910254717847,24,0.09386585206233158,23,0.9635473957211209,0.9794080580799026,0.988464799728174,1.0685797464708024,-0.02975287967879882,0.008792456460750348,0.01260875289687731,0.008670877195032844,0.09386585206233158,0.008670877195032844,False,False
337910,Manufacturing - metals/machinery,0.0274330002444245,3.0,24.0,24,0.042409469559571214,23,-0.05463287370722645,24,-0.011410864971213968,24,0.02784363634288829,23,1.0309623094334108,0.9518842744468392,0.9820719868747204,1.0350814292450297,0.07373357569844027,-0.049242377601731266,0.03672699047284181,-0.05735133852441045,-0.011410864971213968,0.03672699047284181,True,False
513120,Information,0.0274070824516355,3.0,24.0,24,0.016904741709016836,23,-0.03598479202131904,24,-0.025351706180511465,24,0.045333888776998656,23,1.0181638863274307,0.9616192680276541,0.9770442337705155,1.0431726118743996,0.04822884784788589,-0.030594295915823858,0.022786149263544313,-0.039861086090300084,-0.025351706180511465,0.022786149263544313,True,False
332216,Manufacturing - metals/machinery,0.0273070073106135,3.0,24.0,24,-0.03658206791972018,23,-0.010486289598365511,24,-0.07155568914950111,24,0.11866239633581213,23,0.9916225256867047,0.9628693225807025,0.9550886986714312,1.090419453061162,-0.005257961780851118,-0.00509579349287033,-0.023417833705445333,0.03346742146851339,-0.07155568914950111,-0.023417833705445333,True,True
335312,Manufacturing - metals/machinery,0.0271573492927972,3.0,24.0,24,-0.026758483591852438,23,-0.019490227174776487,24,-0.059464745166193794,24,0.10466078374635523,23,0.996364699783261,0.9594764243642459,0.9615686032947838,1.0825902725577092,0.004565622547016621,-0.014099731069281307,-0.011326889722138016,0.019465808879056495,-0.059464745166193794,-0.011326889722138016,True,True
334512,Manufacturing - metals/machinery,0.0271107538596713,3.0,24.0,24,-0.0419100386683386,23,-0.006061195107386512,24,-0.06138767183819418,24,0.10766718023966063,23,0.9821892576985326,0.9675393335127263,0.9650117995416929,1.0852596092470481,-0.010585932529469544,-0.0006706990018913311,-0.0132498163941384,0.022472205372361886,-0.06138767183819418,-0.0132498163941384,True,True
333241,Manufacturing - metals/machinery,0.0270649333640694,3.0,24.0,24,-0.045277931504798,23,-0.005364067288676134,24,-0.07207814482271675,24,0.1235317106484218,23,0.9833160353675751,0.9650485628929433,0.9575092249956638,1.0941261767438177,-0.013953825365928943,2.6428816819046644e-05,-0.023940289378660974,0.038336735781123066,-0.07207814482271675,-0.023940289378660974,True,True
334519,Manufacturing - metals/machinery,0.0270637557666671,4.0,23.0,24,-0.03836648755740745,23,-0.03230027905607071,24,-0.04902151502123173,24,0.12238657853885432,23,0.9832339877669017,0.9457705451924859,0.9729076607302115,1.0980878063104005,-0.007042381418538392,-0.02690978295057553,-0.0008836595771759548,0.03719160367155558,0.12238657853885432,0.03719160367155558,False,False
488111,Transportation,0.0270310237332142,2.0,23.0,24,-0.03004926839948236,23,-0.01902398911590424,24,0.017935594549266673,24,0.03359547300078463,23,0.9743948773014445,0.9784195015009995,1.020492103932363,1.0266935172651934,0.0012748377393866986,-0.013633493010409059,0.06607344999332246,-0.05159950186651411,-0.01902398911590424,-0.013633493010409059,True,True
339992,Manufacturing - metals/machinery,0.026989979618238,3.0,24.0,24,-0.06800856167716679,23,0.011327084676011928,24,-0.0526775605111266,24,0.1089351636099884,23,0.9630077821376227,0.9814371585515107,0.9772123656133748,1.0783426936974918,-0.03668445553829773,0.01671758078150711,-0.004539705067070819,0.023740188742689655,-0.0526775605111266,-0.004539705067070819,True,True
423110,Wholesale trade,0.0268530877535326,3.0,24.0,24,0.006702642156331269,23,-0.034198310059077364,24,-0.06276612028144991,24,0.09126558806825497,23,1.0211828234432316,0.9519405909948498,0.9510949786646229,1.0757816068972954,0.03802674829520033,-0.028807813953582184,-0.014628264837394135,0.006070613200956226,-0.06276612028144991,-0.014628264837394135,True,True
316990,Manufacturing - food/textiles,0.0268527520322998,3.0,24.0,24,-0.1164828239944928,23,0.003325749295983361,24,-0.11305333384641637,24,0.22904089662949315,23,0.9416236608792007,0.9461825249735781,0.9440898904759889,1.1681039236712325,-0.08515871785562375,0.008716245401478542,-0.06491547840236059,0.1438459217621944,-0.11305333384641637,-0.06491547840236059,True,True
486210,Transportation,0.0264882496684661,1.0,23.0,24,0.1865283043418038,23,-0.06814969290351418,24,-0.06847846772990959,24,-0.05055819297681567,23,1.154633304597047,0.9605685860521982,0.902803253314378,0.981994856036377,0.2178524104806729,-0.062759196798019,-0.020340612285853814,-0.1357531678441144,0.1865283043418038,0.2178524104806729,False,False
311230,Manufacturing - food/textiles,0.0264504672523188,3.0,24.0,24,0.012909606993230613,23,-0.031086268974395422,24,-0.033467705365358646,24,0.05072506853874732,23,1.0151137978491829,0.962795761853546,0.9726502638066998,1.0494401764905712,0.04423371313209967,-0.025695772868900242,0.014670150078697132,-0.03446990632855142,-0.033467705365358646,0.014670150078697132,True,False
315120,Manufacturing - food/textiles,0.0263901972462647,3.0,24.0,24,-0.08780898888709204,23,0.007023400484621726,24,-0.06553590339307798,24,0.148394264429116,23,0.9499307055807283,0.9684883345471719,0.9729991625443719,1.108581797327728,-0.056484882748222984,0.012413896590116907,-0.0173980479490222,0.06319928956181725,-0.06553590339307798,-0.0173980479490222,True,True
336320,Manufacturing - metals/machinery,0.0263055676985967,3.0,24.0,24,-0.026914461037967175,23,-0.018991617412828666,24,-0.046384249634254526,24,0.09376851481158814,23,0.9919857322159477,0.9628755434477357,0.9717485895051811,1.0733901348311354,0.004409645100901884,-0.013601121307333486,0.0017536058098012522,0.008573539944289402,-0.046384249634254526,0.0017536058098012522,True,False
311412,Manufacturing - food/textiles,0.0262817476819575,3.0,24.0,24,-0.0519521348093069,23,-0.026022136631236065,24,-0.03377900748323308,24,0.11092390146670407,23,0.9719358507709618,0.9533634777980068,0.9868353780875241,1.0878652933435076,-0.020628028670437844,-0.020631640525740885,0.0143588479608227,0.02572892659940533,-0.03377900748323308,0.0143588479608227,True,False
334514,Manufacturing - metals/machinery,0.0261682122912945,3.0,24.0,24,-0.04176983494133999,23,-0.03168784844575544,24,-0.026472412739095483,24,0.10099013201889666,23,0.9752274526174408,0.9512304981803595,0.9906092406347894,1.0829328085674101,-0.010445728802470931,-0.026297352340260257,0.021665442704960295,0.01579515715159792,-0.026472412739095483,0.021665442704960295,True,False
334419,Manufacturing - metals/machinery,0.0261445969476186,3.0,24.0,24,-0.036222104114327545,23,-0.020553038869036172,24,-0.05148575302946167,24,0.10683773693489584,23,0.9861775449732405,0.9576775584455568,0.9702836496559454,1.0858612469252573,-0.004897997975458486,-0.015162542763540992,-0.003347897585405893,0.021642762067597104,-0.05148575302946167,-0.003347897585405893,True,True
339115,Manufacturing - metals/machinery,0.0260685638437085,3.0,24.0,24,0.03394481409467893,23,-0.04842460243754676,24,-0.032171011548328354,24,0.045653278604533665,23,1.0346550151104479,0.9524033987498264,0.9670009872642984,1.0459405988754271,0.065268920233548,-0.043034106332051576,0.015966843895727424,-0.039541696262765075,-0.032171011548328354,0.015966843895727424,True,False
522180,Finance & insurance,0.0260359990777442,3.0,24.0,24,0.168516454425174,23,-0.10984145404187762,24,-0.0424169804573842,24,-0.014586622354108193,23,1.1330828793710832,0.9203805122626888,0.9273610532380495,1.0191755551281785,0.19984056056404303,-0.10445095793638244,0.0057208749866715786,-0.09978159722140693,-0.0424169804573842,0.0057208749866715786,True,False
334220,Manufacturing - metals/machinery,0.0260128541566742,3.0,24.0,24,-0.014572236697339608,23,-0.011245291303722154,24,-0.05570449051323715,24,0.08081746998904926,23,1.004793891587351,0.9717845090543159,0.9612657091287248,1.0621558902296082,0.01675186944152945,-0.005854795198226973,-0.007566635069181371,-0.004377504878249477,-0.05570449051323715,-0.007566635069181371,True,True
335139,Manufacturing - metals/machinery,0.0259173680049332,4.0,23.0,24,-0.06813892406532164,23,0.03860319495887126,24,-0.08292441221510842,24,0.11294814812021153,23,0.9719173967202582,1.0016008564605878,0.954077926283175,1.072403820535979,-0.03681481792645258,0.043993691064366444,-0.03478655677105264,0.027753173252912794,0.11294814812021153,0.027753173252912794,False,False
339113,Manufacturing - metals/machinery,0.0258697188171894,3.0,24.0,24,0.03414983879395061,23,-0.044629383364438426,24,-0.04707664975282544,24,0.058932337012228386,23,1.036745433880517,0.9519268780114588,0.9563670888712773,1.0549605992367468,0.06547394493281966,-0.03923888725894324,0.0010612056912303394,-0.026262637855070353,-0.04707664975282544,0.0010612056912303394,True,False
336390,Manufacturing - metals/machinery,0.0258633837817168,3.0,24.0,24,-0.0339958789493269,23,-0.006896877117374388,24,-0.047737504373981,24,0.08822871879688768,23,0.9879224844980357,0.9731647829239772,0.9722008355846675,1.0667118969933196,-0.0026717728104578425,-0.001506381011879207,0.0004003510700747795,0.003033743929588939,-0.047737504373981,0.0004003510700747795,True,False
322220,Manufacturing - paper/chemicals,0.0257830580929974,3.0,24.0,24,0.020701899710797993,23,-0.02263080584149463,24,-0.029751476134675266,24,0.032061431565424715,23,1.0223210934328844,0.974892399924575,0.972725318099255,1.0300611885432855,0.05202600584966705,-0.01724030973599945,0.018386379309380512,-0.053133543301874024,-0.029751476134675266,0.018386379309380512,True,False
337214,Manufacturing - metals/machinery,0.0257386457774397,2.0,24.0,24,-0.04808771420052,23,-0.011748862683205685,24,-0.034455747959102244,24,0.09554440360917972,23,0.973868031670904,0.9680552318873948,0.9857401574702971,1.072336578971404,-0.01676360806165094,-0.006358366577710504,0.013682107484953535,0.010349428741880981,-0.011748862683205685,-0.006358366577710504,True,True
334290,Manufacturing - metals/machinery,0.0257270442618851,4.0,23.0,24,-0.05036648183677151,23,-0.02492757891356427,24,-0.07773514414767867,24,0.14274677464569702,23,0.9960716817155083,0.9478512669423789,0.9494860099963782,1.1065910413457347,-0.01904237569790245,-0.01953708280806909,-0.02959728870362289,0.05755179977839828,0.14274677464569702,0.05755179977839828,False,False
322130,Manufacturing - paper/chemicals,0.0257150303983114,3.0,24.0,24,0.034707394032766944,23,-0.03469207694954975,24,-0.03222082061408699,24,0.031448180943844606,23,1.0330149576104413,0.9655726353825683,0.9675144670537948,1.0338979399531956,0.066031500171636,-0.029301580844054567,0.01591703482996879,-0.053746793923454134,-0.03222082061408699,0.01591703482996879,True,False
327992,Manufacturing - paper/chemicals,0.0255167162567929,3.0,24.0,24,-0.0170295500411939,23,-0.031223149620415544,24,-0.08417950338087114,24,0.13500368913287533,23,1.009308385044356,0.9438198109340794,0.9407775360646339,1.1060942679569308,0.01429455609767516,-0.025832653514920364,-0.036041647936815364,0.04980871426557659,-0.08417950338087114,-0.036041647936815364,True,True
481111,Transportation,0.0254649508150071,2.0,24.0,24,0.08830739237504875,23,-0.05567299327853673,24,-0.007027112696505545,24,-0.024873128574175406,23,1.064193035491339,0.9633823143197411,0.9739175797052168,0.9985070704837034,0.11963149851391781,-0.05028249717304155,0.041110742747550236,-0.11006810344147415,-0.05567299327853673,-0.05028249717304155,True,True
339910,Manufacturing - metals/machinery,0.0252657388347804,4.0,23.0,24,-0.0800445628771666,23,0.021486561257620333,24,-0.07628976673455794,24,0.1352714299743085,23,0.9593910107245197,0.9825203092542741,0.9626764852687882,1.095412194752418,-0.04872045673829754,0.026877057363115513,-0.02815191129050216,0.050076455107009754,0.1352714299743085,0.050076455107009754,False,False
561450,Administrative & waste services,0.0252650027004354,3.0,24.0,24,0.11410327261641866,23,-0.03704763186195858,24,-0.061667992428715845,24,-0.011596848075398828,23,1.097977785509623,0.9750556324983438,0.9262287432109817,1.0007378387810513,0.14542737875528772,-0.031657135756463395,-0.013530136984660067,-0.09679182294269757,-0.061667992428715845,-0.013530136984660067,True,True
311612,Manufacturing - food/textiles,0.025201102332071,3.0,24.0,24,-0.0775482702002047,23,-0.006482354122883606,24,-0.02492401109984421,24,0.1086270102115059,23,0.9490435438218423,0.9682241567844491,1.0003694779928232,1.0823628214008856,-0.04622416406133564,-0.0010918580173884251,0.02321384434421157,0.023432035344207167,-0.02492401109984421,0.02321384434421157,True,False
331513,Manufacturing - metals/machinery,0.0252001157328782,3.0,24.0,24,-0.08457015642705067,23,0.021264671179070178,24,-0.050873982801871574,24,0.11395265176795374,23,0.9513217797449162,0.9880806034934183,0.9823100848837804,1.0782875318778853,-0.05324605028818161,0.026655167284565358,-0.0027361273578157957,0.028757676900655005,-0.050873982801871574,-0.0027361273578157957,True,True
327410,Manufacturing - paper/chemicals,0.0250061488565889,3.0,24.0,24,-0.004587211535353261,23,0.02440070079665466,24,-0.05983412342508551,24,0.04024000983651512,23,1.0128875170600031,1.0087518320082938,0.9558147453632753,1.0225459055684276,0.026736894603515797,0.02979119690214984,-0.011696267981029733,-0.04495496503078362,-0.05983412342508551,-0.011696267981029733,True,True
335931,Manufacturing - metals/machinery,0.0249916051511568,3.0,24.0,24,-0.020256127063946593,23,-0.03186593256724905,24,-0.06939143135292741,24,0.123205136590598,23,0.9997381438547475,0.9449163049333574,0.9538263311464661,1.101519220065429,0.011067979074922466,-0.026475436461753873,-0.021253575908871634,0.038010161723299254,-0.06939143135292741,-0.021253575908871634,True,True
522299,Finance & insurance,0.0249394407473287,4.0,23.0,24,0.2919334498802026,23,-0.16066724690511802,24,-0.04238876556985997,24,-0.08586016654697316,23,1.2267775929902554,0.900795695568347,0.8961482919566749,0.9762784194847226,0.32325755601907163,-0.15527675079962283,0.005749089874195812,-0.17105514141427192,-0.08586016654697316,-0.17105514141427192,True,True
326211,Manufacturing - paper/chemicals,0.0249103620766446,4.0,23.0,24,0.129344017948697,23,-0.07477764328690405,24,-0.00812758545229382,24,-0.04432048407590801,23,1.0953828136077137,0.9543074327649027,0.9627873384958995,0.9875224151314841,0.16066812408756603,-0.06938714718140887,0.04001026999176196,-0.12951545894320676,-0.04432048407590801,-0.12951545894320676,True,True
334610,Manufacturing - metals/machinery,0.0248841885764658,4.0,23.0,24,-0.01297805860016771,23,-0.026683860068618226,24,-0.004449805078593781,24,0.04537085230901362,23,0.9925167435387889,0.9693384527514469,0.9995278821013412,1.038616921608423,0.01834604753870135,-0.021293363963123046,0.043688050365462,-0.039824122558285116,0.04537085230901362,-0.039824122558285116,False,True
326291,Manufacturing - paper/chemicals,0.0246930986726745,3.0,24.0,24,-0.053738068260947236,23,-0.008595388303809057,24,-0.05674096956161646,24,0.11914557511753242,23,0.9745140995346023,0.9639956550205196,0.9706679871140548,1.090822258330823,-0.022413962122078177,-0.0032048921983138757,-0.008603114117560678,0.03395060025023368,-0.05674096956161646,-0.008603114117560678,True,True
611511,Educational services,0.024676601562963,3.0,24.0,24,-0.07313129177109563,23,0.014985204361488877,24,-0.030377258585957953,24,0.08833891452260201,23,0.9531077925994614,0.9892287156993235,0.9953792300762077,1.0622842616250077,-0.04180718563222657,0.02037570046698406,0.017760596858097825,0.0031439396553032684,-0.030377258585957953,0.017760596858097825,True,False
314110,Manufacturing - food/textiles,0.0243740058841316,3.0,24.0,24,0.016478009817308736,23,-0.030843530449778684,24,-0.03969130730595951,24,0.05726568854170686,23,1.0199845637452933,0.9625875550299993,0.9668776072142625,1.0505502740104449,0.047802115956177796,-0.025453034344283504,0.008446548138096269,-0.027929286325591877,-0.03969130730595951,0.008446548138096269,True,False
334412,Manufacturing - metals/machinery,0.0243620069966293,3.0,24.0,24,-0.060649368350713585,23,-0.005885598400035839,24,-0.06451585585356383,24,0.12954823924233153,23,0.9700508791947672,0.962626076047032,0.9669724696993685,1.1003505750588325,-0.029325262211844526,-0.0004951022945406582,-0.01637800040950805,0.044353264375032786,-0.06451585585356383,-0.01637800040950805,True,True
335929,Manufacturing - metals/machinery,0.0243462369112614,3.0,24.0,24,0.006937063973983569,23,-0.019910361850046826,24,-0.046930036039766164,24,0.059275592414498667,23,1.0174843113532839,0.9702743965877924,0.9628852055223946,1.0493560865365292,0.03826117011285263,-0.014519865744551646,0.0012078194042896145,-0.025919382452800073,-0.046930036039766164,0.0012078194042896145,True,False
339991,Manufacturing - metals/machinery,0.0242994069283144,3.0,24.0,24,-0.06245270584956138,23,0.004942780207467398,24,-0.06284200053705208,24,0.12063654118401246,23,0.9692394169742453,0.9737419190198652,0.9683588606505502,1.0886598033553394,-0.031128599710692317,0.010333276312962578,-0.0147041450929963,0.03544156631671372,-0.06284200053705208,-0.0147041450929963,True,True
221117,Utilities,0.0240743331047841,3.0,24.0,24,0.11143397200162544,23,-0.09535248978113424,24,0.006260422162979455,24,-0.02194236137814044,23,1.0801877637200255,0.9334635721798673,0.9774443602019779,1.0089043038981294,0.14275807814049452,-0.08996199367563906,0.054398277607035236,-0.10713733624543918,0.006260422162979455,0.054398277607035236,False,False
334416,Manufacturing - metals/machinery,0.0240613678165972,3.0,24.0,24,-0.072723977327329,23,0.004330874475744539,24,-0.06055554798485768,24,0.12791587339656385,23,0.9627253446031198,0.9717208066818318,0.972054519809055,1.0934993289059936,-0.04139987118845995,0.00972137058123972,-0.012417692540801904,0.04272089852926511,-0.06055554798485768,-0.012417692540801904,True,True
532283,Real estate,0.0239807562666718,3.0,24.0,24,-0.06205951826394167,23,-0.008000680185683081,24,-0.0207940477093746,24,0.091824053194817,23,0.9600164219583068,0.9717401112306275,0.9994651608743146,1.0687783059367508,-0.03073541212507261,-0.0026101840801879004,0.027343807734681178,0.006629078327518259,-0.0207940477093746,0.027343807734681178,True,False
485112,Transportation,0.0239232796660134,3.0,24.0,24,-0.03591030907990657,23,-0.02109553083035637,24,-0.00022644091317885565,24,0.04746302714053158,23,0.9799764645551668,0.9721544770503062,1.0065235512061586,1.0413455071883684,-0.004586202941037509,-0.01570503472486119,0.047911414530876925,-0.03773194772676716,-0.00022644091317885565,0.047911414530876925,True,False
332613,Manufacturing - metals/machinery,0.0238580849559203,3.0,24.0,24,-0.07437217531100802,23,-0.009525574515860358,24,-0.053971823812520414,24,0.13733339383394041,23,0.9586476828999828,0.9586997118466272,0.9778028898249921,1.104849715428398,-0.043048069172138964,-0.004135078410365177,-0.005833968368464636,0.052138418966641675,-0.053971823812520414,-0.005833968368464636,True,True
332912,Manufacturing - metals/machinery,0.0237705053959663,3.0,24.0,24,-0.02500495657808989,23,-0.019532512945633518,24,-0.040025277821482644,24,0.08588684986545901,23,0.9907024660844925,0.9640265498087031,0.9764156594241808,1.0688553246826238,0.006319149560779169,-0.014142016840138338,0.008112577622573135,0.0006918749981602718,-0.040025277821482644,0.008112577622573135,True,False
517410,Information,0.0237437744310451,1.0,23.0,24,0.05504739617328081,23,-0.05583032732113307,24,-0.02946124069801362,24,0.028896755841542367,23,1.0506453722603961,0.9512310498663279,0.9634773821145256,1.0346461957587507,0.08637150231214988,-0.05043983121563789,0.01867661474604216,-0.05629821902575637,0.05504739617328081,0.08637150231214988,False,False
333131,Manufacturing - metals/machinery,0.0237123217131167,3.0,24.0,24,-0.06493879276609925,23,0.003942540142505062,24,-0.06660902855817696,24,0.12794104496927597,23,0.9692602284301355,0.9714929400998246,0.9658405714845036,1.0934062599855365,-0.03361468662723019,0.009333036248000243,-0.018471173114121185,0.04274607010197723,-0.06660902855817696,-0.018471173114121185,True,True
326220,Manufacturing - paper/chemicals,0.0236152359509419,3.0,24.0,24,-0.032219985451216016,23,0.001173048020834011,24,-0.03133401970008307,24,0.06403314006097884,23,0.9837487047806347,0.9853112763810179,0.984527751939733,1.0464122668986142,-0.0008958793123469561,0.006563544126329192,0.016803835743972706,-0.021161834806319904,-0.03133401970008307,0.016803835743972706,True,False
324191,Manufacturing - paper/chemicals,0.0235907550821845,3.0,24.0,24,-0.07239293821693452,23,-0.04593129488004923,24,-0.12663258228878718,24,0.24793512061358147,23,0.9777670409550007,0.9044468580086886,0.922989264822475,1.194796836213836,-0.041068832078065456,-0.04054079877455405,-0.07849472684473141,0.16274014574628273,-0.12663258228878718,-0.07849472684473141,True,True
423510,Wholesale trade,0.0234206898974751,3.0,24.0,24,-0.000356085093989723,23,-0.055469533798191396,24,-0.06681510699631593,24,0.12429679415620208,23,1.015460894686204,0.9274123954317712,0.9503029637737215,1.1068237461083035,0.030968021044879338,-0.05007903769269621,-0.018677251552260153,0.03910181928890334,-0.06681510699631593,-0.018677251552260153,True,True
335311,Manufacturing - metals/machinery,0.0233856277108556,3.0,24.0,24,-0.0385714950238226,23,0.006008654908172775,24,-0.06702839504502649,24,0.09985940577994891,23,0.9887092721836069,0.9799022806210328,0.9590779792421135,1.0723104679532467,-0.0072473888849535414,0.011399151013667955,-0.01889053960097071,0.01466443091265017,-0.06702839504502649,-0.01889053960097071,True,True
336412,Manufacturing - metals/machinery,0.023378273154003,3.0,24.0,24,0.03791646412919379,23,-0.03333202183945747,24,-0.02730983121857022,24,0.02482005115362098,23,1.0343408662445495,0.9690116565025356,0.9703464904394367,1.026300986813478,0.06924057026806285,-0.027941525733962292,0.020828024225485558,-0.06037492371367776,-0.02730983121857022,0.020828024225485558,True,False
221210,Utilities,0.0233415865392668,1.0,23.0,24,0.1354485811760828,23,-0.08768135451705734,24,-0.04433273775669744,24,-0.003641007661167329,23,1.1135604291358152,0.9353945426093152,0.93259136511693,1.0184536631379397,0.16677268731495187,-0.08229085841156217,0.0038051176873583406,-0.08883598252846607,0.1354485811760828,0.16677268731495187,False,False
322291,Manufacturing - paper/chemicals,0.0233280994054047,3.0,24.0,24,0.07364675345828711,23,-0.04838544936518,24,-0.03134869658279998,24,0.006291307444674717,23,1.0637624827999452,0.9624191460405349,0.957846708011485,1.0159716631480347,0.10497085959715617,-0.04299495325968482,0.0167891588612558,-0.07890366742262403,-0.03134869658279998,0.0167891588612558,True,False
311514,Manufacturing - food/textiles,0.0232813570611593,3.0,24.0,24,0.024624785297408785,23,-0.03772790677197453,24,-0.038190767806396124,24,0.052545985348417985,23,1.0256993723920338,0.9581082947565713,0.965973030665058,1.0502193021863369,0.05594889143627785,-0.03233741066647935,0.009947087637659655,-0.032648989518880754,-0.038190767806396124,0.009947087637659655,True,False
325611,Manufacturing - paper/chemicals,0.0232805929002422,3.0,24.0,24,-0.013356105810157882,23,-0.03978204280184134,24,-0.021571832775513833,24,0.07666245796371012,23,0.9944026485479042,0.951161562455622,0.9874845619670228,1.066951227029451,0.017968000328711178,-0.034391546696346156,0.026566022668541946,-0.008532516903588624,-0.021571832775513833,0.026566022668541946,True,False
311351,Manufacturing - food/textiles,0.023223231073716,3.0,24.0,24,-0.031884609714460714,23,-0.046600023904567044,24,-0.03811178532561851,24,0.11814057404133992,23,0.981838890732961,0.9346423445645472,0.9806458462052673,1.1028729184972246,-0.0005605035755916546,-0.04120952779907186,0.010026070118437272,0.032945599174041176,-0.03811178532561851,0.010026070118437272,True,False
332811,Manufacturing - metals/machinery,0.0231371315730408,3.0,24.0,24,-0.07470569635875944,23,0.0058841709803154245,24,-0.08108883372324392,24,0.15127323804168877,23,0.9636006738367877,0.9667214510181634,0.9580738862389082,1.1116039889061409,-0.04338159021989038,0.011274667085810606,-0.032950978279188144,0.06607826317439003,-0.08108883372324392,-0.032950978279188144,True,True
332721,Manufacturing - metals/machinery,0.0231106042441871,3.0,24.0,24,-0.0722182671779454,23,0.00013536654454446295,24,-0.05090203019867229,24,0.12360978534143274,23,0.9588134473792033,0.9694391722713881,0.9797941640744842,1.0919532162749246,-0.04089416103907634,0.005525862650039644,-0.0027641747546165094,0.038414810474134004,-0.05090203019867229,-0.0027641747546165094,True,True
331491,Manufacturing - metals/machinery,0.0231002655310994,3.0,24.0,24,-0.019381494149376215,23,-0.021532014211401954,24,-0.06447953702528113,24,0.10475750449945549,23,0.9991408192651662,0.956688413201893,0.9573000355614237,1.0868707319715167,0.011942611989492844,-0.016141518105906773,-0.01634168158122535,0.019562529632156753,-0.06447953702528113,-0.01634168158122535,True,True
333242,Manufacturing - metals/machinery,0.023091180755911,4.0,23.0,24,0.018252580782149724,23,-0.050602224393717775,24,-0.08815630989696273,24,0.12422269414567162,23,1.0322224679855452,0.9307531616358098,0.9304883040735099,1.1065360663051356,0.049576686921018784,-0.04521172828822259,-0.04001845445290695,0.03902771927837288,0.12422269414567162,0.03902771927837288,False,False
211130,"Mining, quarrying, oil & gas",0.0230555082178813,3.0,24.0,24,0.18048334093760407,23,-0.116221512293133,24,-0.044347106329686754,24,-0.013184305106062113,23,1.1421405943315326,0.9163763170408156,0.9230550643363645,1.018428024291287,0.21180744707647314,-0.11083101618763783,0.003790749114369024,-0.09837927997336085,-0.044347106329686754,0.003790749114369024,True,False
423840,Wholesale trade,0.0229273033261093,4.0,23.0,24,-0.07030665027094207,23,-0.008647810963554265,24,-0.06887217971214044,24,0.14842459966878005,23,0.9650198613914878,0.9567347495962282,0.9657452597280772,1.112500129284207,-0.03898254413207301,-0.0032573148580590837,-0.020734324268084657,0.06322962480148131,0.14842459966878005,0.06322962480148131,False,False
333248,Manufacturing - metals/machinery,0.022669581072679,3.0,24.0,24,-0.055457469666241675,23,-0.0005570029012409161,24,-0.0717908657738846,24,0.12936110995717434,23,0.9759242111498941,0.9674874455574289,0.9601646857674456,1.0964236575252315,-0.024133363527372616,0.004833493204254265,-0.023653010329828826,0.0441661350898756,-0.0717908657738846,-0.023653010329828826,True,True
332913,Manufacturing - metals/machinery,0.0224953462149847,3.0,24.0,24,0.011594710366838443,23,-0.026287560141490765,24,-0.06984781336869195,24,0.08275743554874158,23,1.0276590540916286,0.9596495200994882,0.9442151063903292,1.068476319418554,0.0429188165057075,-0.020897064035995585,-0.021709957924636168,-0.0024375393185571553,-0.06984781336869195,-0.021709957924636168,True,True
332722,Manufacturing - metals/machinery,0.0224310362470016,3.0,24.0,24,-0.06093894704313967,23,-0.0014161576752342632,24,-0.06433771407837856,24,0.12797279601775283,23,0.9699201550442655,0.967111322646728,0.9671348055996591,1.0958337167093475,-0.029614840904270613,0.003974338430260918,-0.01619985863432278,0.04277782115045409,-0.06433771407837856,-0.01619985863432278,True,True
313220,Manufacturing - food/textiles,0.0223803494536471,3.0,24.0,24,-0.09070263038529727,23,0.027935172506778,24,-0.07108827754255864,24,0.13344723329689562,23,0.9494590909637642,0.9873921103138467,0.9694547846503728,1.0936940140720164,-0.05937852424642821,0.03332566861227318,-0.022950422098502864,0.04825225842959688,-0.07108827754255864,-0.022950422098502864,True,True
333996,Manufacturing - metals/machinery,0.0222668981643639,3.0,24.0,24,0.13701432944840725,23,-0.07475142627124098,24,-0.035879415825102276,24,-0.024443650032611088,23,1.1099954660045486,0.9499539237885745,0.9394152341150823,1.0006353760917948,0.1683384355872763,-0.06936093016574581,0.012258439618953502,-0.10963862489990983,-0.035879415825102276,0.012258439618953502,True,False
423610,Wholesale trade,0.0220753894416098,4.0,23.0,24,0.07500629446702493,23,-0.06892316786700663,24,-0.05958983079182767,24,0.0544641233876867,23,1.0710570356169302,0.934899233741361,0.9365877675998048,1.057455963041904,0.106330400605894,-0.06353267176151145,-0.01145197534777189,-0.03073085147961204,0.0544641233876867,-0.03073085147961204,False,True
812112,Other services,0.0219202974357594,3.0,24.0,24,-0.06790777371700445,23,0.016389485523109596,24,-0.004005802791719526,24,0.055813266431256774,23,0.9499562286609322,0.9983729608128472,1.0140107219185428,1.0376600886076777,-0.03658366757813539,0.021779981628604776,0.04413205265233625,-0.029381708436041966,-0.004005802791719526,0.04413205265233625,True,False
423720,Wholesale trade,0.0219032051990464,3.0,24.0,24,0.011916816207824935,23,-0.06916070086308458,24,-0.06715508575626113,24,0.12457230920408202,23,1.0260072129980848,0.9171233415508566,0.9465608718297975,1.1103085736212608,0.043240922346693994,-0.0637702047575894,-0.019017230312205348,0.03937733433678328,-0.06715508575626113,-0.019017230312205348,True,True
332410,Manufacturing - metals/machinery,0.0218882558422632,2.0,24.0,24,-0.07243306707274869,23,0.011843989053015105,24,-0.05563490088777403,24,0.11652667970894554,23,0.9594090896854687,0.9797687186522467,0.9764403695129945,1.0843818221492902,-0.041108960933879626,0.017234485158510286,-0.0074970454437182504,0.031331704841646796,0.011843989053015105,0.017234485158510286,False,False
622110,Health care & social assistance,0.0218516185386614,3.0,24.0,24,-0.03903944917708944,23,-0.008454336809677257,24,-0.004007887475076734,24,0.051319895396323464,23,0.9724184533305373,0.9810158518088095,1.0065219239064365,1.0400437709542167,-0.007715343038220378,-0.0030638407041820763,0.04412996796897904,-0.033875079470975275,-0.004007887475076734,0.04412996796897904,True,False
332911,Manufacturing - metals/machinery,0.0217989274324664,3.0,24.0,24,-0.04446740919881333,23,-0.00792246966543867,24,-0.06607865842160178,24,0.11909250605426115,23,0.9834967767875686,0.9645502364565504,0.9614486354564091,1.0905043512994719,-0.013143303059944274,-0.002531973559943488,-0.017940802977546,0.03389753118696241,-0.06607865842160178,-0.017940802977546,True,True
325320,Manufacturing - paper/chemicals,0.021790325924228,3.0,24.0,24,0.009003615539263128,23,-0.007937156938107348,24,-0.11120300722760794,24,0.1121013943518349,23,1.0359407663881937,0.9669754294487545,0.9138844063855301,1.0831993977775218,0.040327721678132186,-0.0025466608326121668,-0.06306515178355215,0.026906419484536162,-0.11120300722760794,-0.06306515178355215,True,True
334413,Manufacturing - metals/machinery,0.0217577899404984,3.0,24.0,24,0.10775192194745731,23,-0.0845825321663725,24,-0.04409252247373054,24,0.020902726290827147,23,1.0913294134667557,0.9311630981646358,0.940161847195261,1.0373456411733475,0.13907602808632635,-0.07919203606087732,0.0040453329703252355,-0.06429224857647159,-0.04409252247373054,0.0040453329703252355,True,False
522110,Finance & insurance,0.0215123222577573,3.0,24.0,24,0.2462283902522881,23,-0.13491274878705364,24,-0.04320811646648137,24,-0.06408078662240015,23,1.191989062889945,0.9146809000207675,0.9071982347256974,0.9861318023635901,0.27755249639115714,-0.12952225268155845,0.004929738977574406,-0.1492757614896989,-0.04320811646648137,0.004929738977574406,True,False
335313,Manufacturing - metals/machinery,0.0212590473219581,3.0,24.0,24,0.004250483832512142,23,-0.02541173254640354,24,-0.05370432916010651,24,0.07260502698627062,23,1.0174206903653082,0.9624937211886637,0.9583902171048263,1.0616953713412018,0.0355745899713812,-0.02002123644090836,-0.005566473716050735,-0.012589947881028116,-0.05370432916010651,-0.005566473716050735,True,True
333511,Manufacturing - metals/machinery,0.0212333753066129,3.0,24.0,24,-0.07622338940883762,23,-0.0005884168976374773,24,-0.06099028171220868,24,0.13887749774067326,23,0.9582347125284256,0.9651597267077682,0.9732615746823857,1.1033439860814207,-0.04489928326996856,0.004802079207857704,-0.012852426268152903,0.05368252287337452,-0.06099028171220868,-0.012852426268152903,True,True
333995,Manufacturing - metals/machinery,0.0212321894133652,3.0,24.0,24,-0.18904212986853172,23,0.0067128029197078415,24,-0.14991029623394012,24,0.3295363220376481,23,0.8978232079391472,0.9226837734881101,0.9341187331976576,1.245374285375085,-0.15771802372966265,0.012103299025203022,-0.10177244078988434,0.24434134717034936,-0.14991029623394012,-0.10177244078988434,True,True
311111,Manufacturing - food/textiles,0.0211520542560613,4.0,23.0,24,0.03479242044868397,23,-0.04977519541143229,24,-0.05348985017523009,24,0.06907854834229647,23,1.0398387658507373,0.94567444314707,0.9510605112662676,1.063426279735925,0.06611652658755303,-0.04438469930593711,-0.005351994731174314,-0.016116426525002267,0.06907854834229647,-0.016116426525002267,False,True
333991,Manufacturing - metals/machinery,0.0211116030528425,3.0,24.0,24,-0.01237225557275662,23,-0.02174737891935863,24,-0.0772232605153318,24,0.10719454994549524,23,1.0149947280529334,0.9575097769265085,0.943519583638801,1.0839759113817569,0.01895185056611244,-0.01635688281386345,-0.02908540507127603,0.0219995750781965,-0.0772232605153318,-0.02908540507127603,True,True
332994,Manufacturing - metals/machinery,0.0210909311296884,3.0,24.0,24,-0.026895909944381857,23,-0.012971537972784358,24,-0.06394676416577368,24,0.1050397531305776,23,0.9947445963072487,0.9639610727410406,0.9591206251204013,1.0821737058313097,0.004428196194487203,-0.007581041867289177,-0.015808908721717897,0.019844778263278864,-0.06394676416577368,-0.015808908721717897,True,True
423810,Wholesale trade,0.021068546797185,4.0,23.0,24,-0.034155248484107135,23,-0.012300804019221323,24,-0.06594937659595472,24,0.11288786915444188,23,0.9910441818246148,0.9627307977236654,0.9590190216611584,1.0872059987905611,-0.002831142345238076,-0.006910307913726142,-0.01781152115189894,0.02769289428714314,0.11288786915444188,0.02769289428714314,False,False
334513,Manufacturing - metals/machinery,0.021017232562091,3.0,24.0,24,-0.053633690602075956,23,-0.03258001317485962,24,-0.058112679973718405,24,0.14391520830746976,23,0.9760914596023338,0.9400795800346788,0.9692277268167432,1.1146012335462443,-0.022309584463206897,-0.027189517069364438,-0.009974824529662626,0.05872023344017102,-0.058112679973718405,-0.009974824529662626,True,True
325414,Manufacturing - paper/chemicals,0.0207924952639812,3.0,24.0,24,0.10010287248194238,23,-0.05429563354800849,24,-0.041319281756581554,24,-0.004344410686264942,23,1.0832532856745947,0.9596823677579959,0.9447027169374141,1.0123616296299955,0.13142697862081143,-0.048905137442513305,0.006818573687474225,-0.08953938555356368,-0.041319281756581554,0.006818573687474225,True,False
423220,Wholesale trade,0.0204943403687834,4.0,23.0,24,-0.050061432158357184,23,-0.0213085524048393,24,-0.05223753683689198,24,0.1244240017620075,23,0.9758935033105228,0.9532434364197044,0.9732104743385643,1.0976525859312085,-0.018737326019488125,-0.01591805629934412,-0.004099681392836202,0.039229026894708766,0.1244240017620075,0.039229026894708766,False,False
221111,Utilities,0.0204724211227113,3.0,24.0,24,0.1961356773042597,23,-0.10101846319977942,24,-0.04315319364976181,24,-0.07989381647865536,23,1.1887866993997573,0.9475260387168857,0.9083023044335731,0.9553849574497839,0.22745978344312878,-0.09562796709428424,0.004984661794293965,-0.1650887913459541,-0.04315319364976181,0.004984661794293965,True,False
333993,Manufacturing - metals/machinery,0.0203934009010174,3.0,24.0,24,-0.054357725323486476,23,0.0024337712886633167,24,-0.06886939992753771,24,0.121624730785477,23,0.9790746003467504,0.9725021714284008,0.9610621999327247,1.087361028292124,-0.023033619184617417,0.007824267394158497,-0.020731544483481933,0.036429755918178264,-0.06886939992753771,-0.020731544483481933,True,True
325180,Manufacturing - paper/chemicals,0.0202895917844573,3.0,24.0,24,0.12274378031965005,23,-0.07775644189723822,24,-0.03669187452978889,24,-0.0057363617324419245,23,1.0994823645076564,0.9431737214287176,0.9423779621442553,1.0149659519193708,0.1540678864585191,-0.07236594579174305,0.011445980914266886,-0.09093133659974066,-0.03669187452978889,0.011445980914266886,True,False
331210,Manufacturing - metals/machinery,0.0201750566060652,3.0,24.0,24,-0.04372986736469676,23,0.005265155068132933,24,-0.07295599593312468,24,0.11295702448182066,23,0.9837562843415686,0.9755319178709477,0.9567772412640606,1.0839345565234233,-0.012405761225827698,0.010655651173628114,-0.024818140489068906,0.027762049614521916,-0.07295599593312468,-0.024818140489068906,True,True
333310,Manufacturing - metals/machinery,0.0201706864622109,3.0,24.0,24,0.002023730561398687,23,-0.021577512315749784,24,-0.04476372129040746,24,0.06432707240394561,23,1.0127125365120548,0.9677387594247994,0.9659200069690436,1.0536286970941022,0.033347836700267745,-0.016187016210254604,0.003374134153648317,-0.020867902463353127,-0.04476372129040746,0.003374134153648317,True,False
323111,Manufacturing - paper/chemicals,0.0199999140299254,4.0,23.0,24,-0.04134830710787497,23,-0.013282013660536227,24,-0.03776373367099802,24,0.09233422439165986,23,0.9785017882569652,0.9669640045347861,0.9819902481336795,1.0725439590745691,-0.010024200969005907,-0.007891517555041045,0.010374121773057757,0.007139249524361124,0.09233422439165986,0.007139249524361124,False,False
333994,Manufacturing - metals/machinery,0.0198842702585044,3.0,24.0,24,-0.06702409700834024,23,-0.008428940148920283,24,-0.08281137395001645,24,0.16104453093293722,23,0.9704137584546845,0.9541051880193024,0.9546544978817609,1.1208265556442523,-0.035699990869471177,-0.0030384440434251024,-0.03467351850596067,0.07584955606563848,-0.08281137395001645,-0.03467351850596067,True,True
423830,Wholesale trade,0.0198542959049997,4.0,23.0,24,-0.024920972986859507,23,-0.0234401288324983,24,-0.05682446466244356,24,0.10586377986068211,23,0.9957012505265362,0.9561854664555325,0.9635499400495257,1.0845633429684058,0.006403133152009553,-0.01804963272700312,-0.008686609218387785,0.020668804993383375,0.10586377986068211,0.020668804993383375,False,False
336413,Manufacturing - metals/machinery,0.0198463816139763,3.0,24.0,24,-0.004193817431766616,23,-0.018996260292426157,24,-0.04057947976366401,24,0.06409800742173517,23,1.0068072198825766,0.9697463197472113,0.9706779401966985,1.0527685201735135,0.02713028870710244,-0.013605764186930977,0.00755837568039177,-0.021096967445563566,-0.04057947976366401,0.00755837568039177,True,False
562211,Administrative & waste services,0.0196772917989958,4.0,23.0,24,0.009340029598211693,23,-0.019060978363383843,24,-0.027014238004814173,24,0.03831583005985002,23,1.0137366609604685,0.9765131626218343,0.9774116210099676,1.0323385554077296,0.040664135737080755,-0.013670482257888663,0.021123617439241606,-0.04687914480744872,0.03831583005985002,-0.04687914480744872,False,True
325311,Manufacturing - paper/chemicals,0.0196735342165579,3.0,24.0,24,-0.0021904186131413888,23,-0.08466475997743328,24,0.012541390403960462,24,0.07246556904736255,23,0.9922175378840242,0.9169215494518949,1.0109550809746322,1.0799058316894485,0.02913368752572767,-0.0792742638719381,0.06067924584801624,-0.012729405819936188,0.012541390403960462,0.06067924584801624,False,False
212323,"Mining, quarrying, oil & gas",0.019499189331839,4.0,23.0,24,0.011375249562359501,23,-0.0065385602821999055,24,-0.03087991386987023,24,0.028578473657242656,23,1.015600346886748,0.988368250723426,0.9742132751245037,1.021818127265322,0.04269935570122856,-0.0011480641767047245,0.01725794157418555,-0.05661650121005608,0.028578473657242656,-0.05661650121005608,False,True
333414,Manufacturing - metals/machinery,0.0193472535828208,4.0,23.0,24,-0.04857256911232966,23,-0.02657412396880687,24,-0.05030290519271282,24,0.12588384057657895,23,0.9791823848742757,0.9497190359250475,0.9734039349134328,1.097694644287244,-0.017248462973460603,-0.02118362786331169,-0.0021650497486570414,0.04068886570928021,0.12588384057657895,0.04068886570928021,False,False
424110,Wholesale trade,0.0192860232948532,4.0,23.0,24,0.054625486187333025,23,-0.055426896033877994,24,-0.02839192263007262,24,0.030419481944914062,23,1.0469971657838597,0.950774851684051,0.9654063296519984,1.0368216528800909,0.08594959232620208,-0.05003639992838281,0.01974593281398316,-0.05477549292238468,0.030419481944914062,-0.05477549292238468,False,True
424820,Wholesale trade,0.0190950842601637,3.0,24.0,24,0.029721099496862125,23,-0.04020688059163736,24,-0.01859688819496463,24,0.030034071624583096,23,1.0274958469391586,0.9627594389897606,0.9784367922236373,1.0313079218474435,0.06104520563573118,-0.034816384486142174,0.02954096724909115,-0.05516090324271564,-0.01859688819496463,0.02954096724909115,True,False
339114,Manufacturing - metals/machinery,0.0189735447867128,3.0,24.0,24,-0.023342563979864953,23,-0.0074969213647220435,24,-0.05231252250208299,24,0.08840454438573812,23,0.9934699838888554,0.9728888990975356,0.9673016570356595,1.0663394599779494,0.007981542159004106,-0.0021064252592268625,-0.004174667058027215,0.003209569518439384,-0.05231252250208299,-0.004174667058027215,True,True
335314,Manufacturing - metals/machinery,0.0189364116794404,3.0,24.0,24,-0.04501628868871586,23,-0.01465208512066539,24,-0.08253789500723407,24,0.14277253459561257,23,0.9876127212603142,0.953706190297028,0.9491038295750726,1.1095772588675852,-0.013692182549846797,-0.00926158901517021,-0.034400039563178296,0.057577559728313826,-0.08253789500723407,-0.034400039563178296,True,True
621511,Health care & social assistance,0.018692528155071,4.0,23.0,24,-0.03779559940931052,23,-0.015382954390243073,24,-0.037014190858289095,24,0.09216137559448785,23,0.9809049468565293,0.965913964275837,0.9816888904756308,1.0714921983920027,-0.006471493270441463,-0.009992458284747891,0.011123664585766684,0.006966400727189112,0.09216137559448785,0.006966400727189112,False,False
333517,Manufacturing - metals/machinery,0.018689923786694,3.0,24.0,24,-0.06491504402644951,23,-0.015413557550500426,24,-0.05164887023961725,24,0.14106096224554088,23,0.9676242283566037,0.9565782284884952,0.9763593437213872,1.0994381994335138,-0.033590937887580455,-0.010023061445005244,-0.0035110147955614707,0.05586598737824214,-0.05164887023961725,-0.0035110147955614707,True,True
333612,Manufacturing - metals/machinery,0.0185631725755639,3.0,24.0,24,-0.0543150129180403,23,-0.0042025292735051595,24,-0.05574232965133197,24,0.11389633622296323,23,0.9726402397142331,0.9680967740807952,0.9719583669943677,1.087304619210604,-0.02299090677917124,0.0011879668319900215,-0.007604474207276189,0.028701361355664493,-0.05574232965133197,-0.007604474207276189,True,True
524114,Finance & insurance,0.0185449094415972,4.0,23.0,24,0.22666866625462265,23,-0.10333023375308692,24,-0.03996737148276162,24,-0.08011793297572975,23,1.1768557273470561,0.942299218201678,0.9144031765624735,0.9664418778887924,0.2579927723934917,-0.09793973764759174,0.008170483961294162,-0.1653129078430285,-0.08011793297572975,-0.1653129078430285,True,True
333998,Manufacturing - metals/machinery,0.0184101868662978,3.0,24.0,24,-0.05094190556080585,23,-0.019670741617140716,24,-0.06240469774372185,24,0.13436325196161067,23,0.9784748237338312,0.9523526337128958,0.9655719269262417,1.1036006156270315,-0.01961779942193679,-0.014280245511645535,-0.014266842299666072,0.04916827709431193,-0.06240469774372185,-0.014266842299666072,True,True
211120,"Mining, quarrying, oil & gas",0.0183511346799256,4.0,23.0,24,0.18143455848410986,23,-0.1080114919524681,24,-0.10163834198741739,24,0.03375637722597825,23,1.1589173816624125,0.9110815212725303,0.8792686447875843,1.050732452277473,0.21275866462297893,-0.10262099584697293,-0.05350048654336161,-0.05143859764132049,0.03375637722597825,-0.05143859764132049,False,True
325910,Manufacturing - paper/chemicals,0.0181957696396546,2.0,24.0,24,-0.010585779468823234,23,-0.009172389529071914,24,-0.044941751497601025,24,0.0657957929016412,23,1.002393954471786,0.9766450114623231,0.969240847511004,1.0517201865548869,0.020738326670045826,-0.0037818934235767333,0.0031961039464547536,-0.01939918196565754,-0.009172389529071914,-0.0037818934235767333,True,True
333519,Manufacturing - metals/machinery,0.0181955758439412,2.0,24.0,24,-0.08863223238655908,23,0.026490017045914405,24,-0.07297059056533987,24,0.13567417719611116,23,0.9522842066508005,0.9862612224077347,0.96725820407284,1.0941963668686248,-0.05730812624769002,0.031880513151409585,-0.024832735121284095,0.05047920232881242,0.026490017045914405,0.031880513151409585,False,False
331410,Manufacturing - metals/machinery,0.017972107602985,3.0,24.0,24,-0.029695269884532884,23,-0.025812606988089414,24,-0.06106915613468499,24,0.11621285326377775,23,0.9924539412378444,0.9513156547129636,0.9618025821642618,1.0944278218849302,0.0016288362543361752,-0.020422110882594234,-0.012931300690629213,0.031017878396479015,-0.06106915613468499,-0.012931300690629213,True,True
325920,Manufacturing - paper/chemicals,0.0176013711988308,2.0,24.0,24,0.033093141970570186,23,-0.02893279345324583,24,-0.04746598271154299,24,0.04706667441641336,23,1.0330231144841364,0.9662529171376187,0.9573483066975926,1.0433756616806524,0.06441724810943925,-0.02354229734775065,0.0006718727325127904,-0.03812830045088538,-0.02893279345324583,-0.02354229734775065,True,True
517111,Information,0.0174931089960426,4.0,23.0,24,0.12598254343217172,23,-0.08463236106702811,24,-0.00213474698434421,24,-0.040105485065945044,23,1.0937752669344445,0.9459144789163386,0.967318413032289,0.992991841116928,0.1573066495710408,-0.07924186496153293,0.04600310845971157,-0.1253004599332438,-0.040105485065945044,-0.1253004599332438,True,True
334418,Manufacturing - metals/machinery,0.0174318335327083,3.0,24.0,24,-0.07245301139499027,23,-0.012234057346423466,24,-0.04071667829390859,24,0.12506612473919623,23,0.9570670565529403,0.9598827354065871,0.987166528953081,1.0958836790873916,-0.041128905256121215,-0.006843561240928285,0.007421177150147187,0.03987114987189749,-0.04071667829390859,0.007421177150147187,True,False
621492,Health care & social assistance,0.0173756258636004,4.0,23.0,24,-0.0389710415346713,23,-0.003110137886753637,24,-0.015176207424300292,24,0.05571346173810669,23,0.9740677244224344,0.9831870344459578,0.9985266202429882,1.0442186208886193,-0.007646935395802239,0.002280358218741544,0.032961648019755485,-0.029481513129192047,0.05571346173810669,-0.029481513129192047,False,True
325520,Manufacturing - paper/chemicals,0.0172390397313105,3.0,24.0,24,-0.006301354548919789,23,-0.03182081193996727,24,-0.057149667257033056,24,0.09603006260546434,23,1.0113682228780265,0.9529187066003639,0.9581108142026359,1.0776022563189738,0.02502275158994927,-0.026430315834472088,-0.009011811812977277,0.010835087738165605,-0.057149667257033056,-0.009011811812977277,True,True
335910,Manufacturing - metals/machinery,0.0171377050915591,3.0,24.0,24,-0.07987975552808867,23,0.006233943958754211,24,-0.06347878992895079,24,0.13308043926406346,23,0.963269234993693,0.972830758980335,0.9699243950494685,1.0939756109765035,-0.04855564938921961,0.011624440064249392,-0.015340934484895007,0.04788546439676472,-0.06347878992895079,-0.015340934484895007,True,True
324122,Manufacturing - paper/chemicals,0.0171160933836026,3.0,24.0,24,0.1064373754972275,23,-0.08195630202405685,24,-0.009534084939724213,24,-0.014256561021414893,23,1.0821441010541266,0.9422470366807439,0.966262576355475,1.0093462859096543,0.13776148163609656,-0.07656580591856167,0.038603770504331565,-0.09945153588871364,-0.009534084939724213,0.038603770504331565,True,False
516120,Information,0.0169565970103907,4.0,23.0,24,0.038373574420356556,23,-0.04543598648179267,24,-0.013074641508831577,24,0.019489022063073902,23,1.0318600765273997,0.9608258251910633,0.9806635468183124,1.0266505514632245,0.06969768055922562,-0.04004549037629749,0.0350632139352242,-0.06570595280422484,0.019489022063073902,-0.06570595280422484,False,True
314994,Manufacturing - food/textiles,0.0168380301322127,3.0,24.0,24,-0.05776321812786355,23,0.03788893896875897,24,-0.05602325023904662,24,0.07492518110151232,23,0.9710507830020217,1.009564783223084,0.9723009055066282,1.047083528268266,-0.02643911198899449,0.043279435074254156,-0.007885394794990841,-0.01026979376578642,-0.05602325023904662,-0.007885394794990841,True,True
324110,Manufacturing - paper/chemicals,0.0164881491150674,1.0,23.0,24,0.1392735741768734,23,-0.053924322413196196,24,-0.08558724947994086,24,0.002614185059795541,23,1.123726151847936,0.9587886450428021,0.9016997830640608,1.0157854200452012,0.17059768031574246,-0.04853382630770101,-0.03744939403588508,-0.0825807898075032,0.1392735741768734,0.17059768031574246,False,False
333912,Manufacturing - metals/machinery,0.0164185167132472,3.0,24.0,24,0.04557915431642705,23,-0.043520815878771525,24,-0.044617166216387526,24,0.043121302807768734,23,1.0440982512065482,0.9563062124512821,0.9555558054535589,1.0440397308886107,0.07690326045529611,-0.03813031977327634,0.0035206892276682528,-0.042073672059530005,-0.044617166216387526,0.0035206892276682528,True,False
334516,Manufacturing - metals/machinery,0.0163642044420121,4.0,23.0,24,-0.004484748371210017,23,-0.04112907238900756,24,-0.05136055491164632,24,0.10003915962805326,23,1.0098797561018529,0.9450439946743945,0.9624663780249515,1.082609871198801,0.02683935776765904,-0.035738576283512374,-0.003222699467590538,0.014844184760754525,0.10003915962805326,0.014844184760754525,False,False
335991,Manufacturing - metals/machinery,0.0162085603068986,2.0,24.0,24,0.002126158142448156,23,0.013798739290976919,24,-0.061422038322457496,24,0.04608098317324631,23,1.0164057311905266,0.9987933035803334,0.9535833973881861,1.0312175678409539,0.03345026428131721,0.0191892353964721,-0.013284182878401718,-0.03911399169405243,0.013798739290976919,0.0191892353964721,False,False
327212,Manufacturing - paper/chemicals,0.016197094630318,4.0,23.0,24,-0.05191661115224418,23,0.011810671938328396,24,-0.0643577500163564,24,0.10343535558276615,23,0.9783187444185432,0.9831310034057239,0.9643219185162479,1.074228333659485,-0.020592505013375118,0.017201168043823576,-0.016219894572300615,0.018240380715467408,0.10343535558276615,0.018240380715467408,False,False
332215,Manufacturing - metals/machinery,0.0161958860304231,3.0,24.0,24,-0.02717364923829062,23,-0.01972391515787116,24,-0.05829536760783713,24,0.10602400070410022,23,0.9912863346048987,0.957939740507816,0.9640409767264756,1.0867329481608097,0.0041504569005784385,-0.014333419052375979,-0.01015751216378135,0.020829025836801476,-0.05829536760783713,-0.01015751216378135,True,True
331315,Manufacturing - metals/machinery,0.0161475221469442,4.0,23.0,24,-0.04402146877007393,23,0.037873958084810186,24,-0.0738043839405269,24,0.07735541876944817,23,0.9925489897266799,1.0107888266801945,0.9532807474640888,1.0433814361290368,-0.01269736263120487,0.04326445419030537,-0.025666528496471115,-0.007839556097850572,0.07735541876944817,-0.007839556097850572,False,True
313110,Manufacturing - food/textiles,0.0160804869409906,3.0,24.0,24,-0.09307362184952382,23,0.02750993133698817,24,-0.0690223060616767,24,0.14100440819828727,23,0.9455889640587462,0.986365484002678,0.9721221412726334,1.0959234106659423,-0.06174951571065476,0.03290042744248335,-0.02088445061762092,0.055809433330988534,-0.0690223060616767,-0.02088445061762092,True,True
316110,Manufacturing - food/textiles,0.015965061540407,4.0,23.0,24,-0.06142229172787911,23,-0.011451732541403104,24,-0.0829024912858977,24,0.1550123702248394,23,0.9754505181678702,0.9527309430859212,0.952914833086778,1.1189037056594306,-0.03009818558901005,-0.006061236435907923,-0.034764635841841925,0.06981739535754067,0.1550123702248394,0.06981739535754067,False,False
212114,"Mining, quarrying, oil & gas",0.0159412338285139,4.0,23.0,24,0.19269477716970596,23,-0.11259861554050098,24,-0.04876580056939508,24,-0.024857332144816554,23,1.151691465547222,0.921709939452108,0.916925644437996,1.0096729505626743,0.224018883308575,-0.1072081194350058,-0.0006279451253392992,-0.1100523070121153,-0.024857332144816554,-0.1100523070121153,True,True
339112,Manufacturing - metals/machinery,0.0158192146671534,3.0,24.0,24,0.04809265786959493,23,-0.04943751995752751,24,-0.032197353575960444,24,0.034804126437058505,23,1.0434157217552649,0.9543019361022406,0.9640631903642713,1.038219151778223,0.07941676400846398,-0.044047023852032324,0.015940501868095334,-0.050390848430240234,-0.032197353575960444,0.015940501868095334,True,False
331221,Manufacturing - metals/machinery,0.0156220130368556,3.0,24.0,24,-0.02071003736967161,23,-0.025895392381660665,24,-0.038360092553201545,24,0.08539673269203173,23,0.993439303476138,0.9591310112593181,0.9766135038058197,1.0708161814587245,0.01061406876919745,-0.020504896276165484,0.009777762890854233,0.0002017578247329871,-0.038360092553201545,0.009777762890854233,True,False
333243,Manufacturing - metals/machinery,0.0153286662997119,3.0,24.0,24,-0.04178562397561789,23,-0.0029499813977032635,24,-0.057982074145028824,24,0.10263964850954074,23,0.9841296560064446,0.9724325458894354,0.9666353985678325,1.0768023995362874,-0.010461517836748833,0.0024405147077919175,-0.009844218700973045,0.017444673642242003,-0.057982074145028824,-0.009844218700973045,True,True
333514,Manufacturing - metals/machinery,0.0153269736889001,3.0,24.0,24,-0.09030759861358796,23,0.005807711828105064,24,-0.06365714150924605,24,0.1478460369519799,23,0.9481078401327047,0.9672912780359247,0.9748592922829343,1.1097415895484364,-0.0589834924747189,0.011198207933600244,-0.01551928606519027,0.06265106208468116,-0.06365714150924605,-0.01551928606519027,True,True
334417,Manufacturing - metals/machinery,0.0149008955269756,3.0,24.0,24,-0.04989270271319405,23,-0.030613212151832655,24,-0.02442083326842594,24,0.1059311036862662,23,0.9686100924224261,0.9507832075661673,0.994182747013574,1.0864239529978326,-0.01856859657432499,-0.025222716046337475,0.023717022175629838,0.020736128818967456,-0.02442083326842594,0.023717022175629838,True,False
333120,Manufacturing - metals/machinery,0.0148579442316326,3.0,24.0,24,0.020586381442416212,23,-0.034334196014920486,24,-0.051938377368864856,24,0.06591366429606907,23,1.0286452182651207,0.9579014176171649,0.9558260089990499,1.0576273551186648,0.051910487581285275,-0.028943699909425306,-0.0038005219248090777,-0.01928131057122967,-0.051938377368864856,-0.0038005219248090777,True,True
325130,Manufacturing - paper/chemicals,0.0138543661198764,4.0,23.0,24,0.04037358196033315,23,-0.04543765317171294,24,-0.05578820349499972,24,0.06241225425757296,23,1.043814936884871,0.9505712579582442,0.9482028853750433,1.0574109197818418,0.07169768809920221,-0.04004715706621775,-0.007650348050943945,-0.022782720609725776,0.06241225425757296,-0.022782720609725776,False,True
325199,Manufacturing - paper/chemicals,0.0137035087988151,3.0,24.0,24,0.019918423884690534,23,-0.019144551832625974,24,-0.05515610104359934,24,0.05323578437301784,23,1.0288399187741668,0.9720833874108964,0.9536159597128782,1.0454607341020585,0.05124253002355959,-0.013754055727130794,-0.00701824559954356,-0.0319591904942809,-0.05515610104359934,-0.00701824559954356,True,True
212230,"Mining, quarrying, oil & gas",0.0136457034704547,1.0,23.0,24,0.38416712961375765,23,-0.19702412915828535,24,-0.06482246324749406,24,-0.11617971718689173,23,1.2992947437990232,0.8811332976922245,0.857020109901996,0.9625518486067559,0.4154912357526267,-0.19163363305279016,-0.016684607803438285,-0.20137469205419045,0.38416712961375765,0.4154912357526267,False,False
332993,Manufacturing - metals/machinery,0.0132747265751987,3.0,24.0,24,-0.011053059515467563,23,0.006946085514213283,24,-0.0761942578410645,24,0.08018561537215425,23,1.0142718918986102,0.9863052968667283,0.9444465308064203,1.0549762804282412,0.020271046623401498,0.012336581619708464,-0.02805640239700872,-0.005009359495144486,-0.0761942578410645,-0.02805640239700872,True,True
325412,Manufacturing - paper/chemicals,0.0127531715170877,3.0,24.0,24,0.2473416584774695,23,-0.14202126096610804,24,-0.02383395489734608,24,-0.08675891841445624,23,1.198893828631127,0.9163320302784855,0.9178127538580604,0.9669613872323272,0.2786657646163386,-0.13663076486061285,0.024303900546709698,-0.17195389328175498,-0.02383395489734608,0.024303900546709698,True,False
517121,Information,0.0126838436922091,4.0,23.0,24,0.0628142261817444,23,-0.03913660057359212,24,-0.035510604574812955,24,0.012549287291928014,23,1.0544119251771853,0.9671638396271988,0.9581889552243962,1.0202352799712198,0.09413833232061346,-0.033746104468096935,0.012627250869242823,-0.07264568757537072,0.012549287291928014,-0.07264568757537072,False,True
334515,Manufacturing - metals/machinery,0.0123705475227768,3.0,24.0,24,-0.022633535510435662,23,-0.015586260589134001,24,-0.07999966803581814,24,0.12068265112755414,23,1.0026780539033644,0.9586398680333815,0.9457742033416664,1.0929078747215877,0.008690570628433397,-0.01019576448363882,-0.03186181259176236,0.035487676260255396,-0.07999966803581814,-0.03186181259176236,True,True
524126,Finance & insurance,0.0123115934568929,3.0,24.0,24,0.23764326166643665,23,-0.12092951955746241,24,-0.04198855421538688,24,-0.07125158286976192,23,1.1842383892357844,0.9264870921160032,0.9105948341111473,0.9786796845370649,0.2689673678053057,-0.11553902345196723,0.006149301228668899,-0.15644655773706068,-0.04198855421538688,0.006149301228668899,True,False
325110,Manufacturing - paper/chemicals,0.0122566326608838,3.0,24.0,24,0.20696677528262528,23,-0.11853187682002608,24,-0.006515055377308181,24,-0.08045716203928412,23,1.15419723600604,0.9306955167228844,0.9442575510797813,0.9708496961912942,0.23829088142149435,-0.1131413807145309,0.041622800066747595,-0.16565213690658287,-0.006515055377308181,0.041622800066747595,True,False
333914,Manufacturing - metals/machinery,0.011920786355253,2.0,24.0,24,0.03304836460122384,23,-0.039343081523154626,24,-0.04802547246402853,24,0.054849671964576345,23,1.0353666228348963,0.9564373019338013,0.9561941440790157,1.0520019311522868,0.06437247074009289,-0.03395258541765944,0.000112382980027248,-0.030345302902722394,-0.039343081523154626,-0.03395258541765944,True,True
325613,Manufacturing - paper/chemicals,0.0111105240863258,3.0,24.0,24,0.00336274082981182,23,-0.017506782590729686,24,-0.06355885317456793,24,0.07874901474340777,23,1.0174003590768357,0.9671070527100264,0.9518273115246761,1.063665276688462,0.03468684696868088,-0.012116286485234506,-0.01542099773051215,-0.0064459601238909675,-0.06355885317456793,-0.01542099773051215,True,True
333613,Manufacturing - metals/machinery,0.0107302556244862,3.0,24.0,24,-0.035913783840593114,23,0.007287776669793032,24,-0.06359167829473601,24,0.09338582888711935,23,0.9880955935283252,0.9821224150809894,0.9615736832940676,1.0682083080966178,-0.004589677701724054,0.012678272775288213,-0.015453822850680234,0.008190854019820615,-0.06359167829473601,-0.015453822850680234,True,True
325212,Manufacturing - paper/chemicals,0.0105918044648585,3.0,24.0,24,0.011338042824908922,23,-0.021656083140492974,24,-0.07323871946229521,24,0.08478558172302483,23,1.025311705096285,0.9623682454041701,0.9427369519930414,1.0695830975065033,0.042662148963777985,-0.016265587034997794,-0.02510086401823943,-0.0004093931442739063,-0.07323871946229521,-0.02510086401823943,True,True
332111,Manufacturing - metals/machinery,0.0103780633781382,3.0,24.0,24,-0.0636236776896982,23,-0.0016473316863651194,24,-0.05421166515428218,24,0.11827029780924281,23,0.9657077940025207,0.9688513779297144,0.9752896252296382,1.0901512028381264,-0.032299571550829145,0.0037431644191300616,-0.006073809710226405,0.03307532294194407,-0.05421166515428218,-0.006073809710226405,True,True
333515,Manufacturing - metals/machinery,0.0101286552579899,3.0,24.0,24,-0.05535674347780346,23,-0.0022823993538510687,24,-0.039976373657065786,24,0.09674709615089061,23,0.9700001544894826,0.9743921942569544,0.9833490327321287,1.0722586185214344,-0.024032637338934404,0.0031080967516441123,0.008161481786989992,0.01155212128359187,-0.039976373657065786,0.008161481786989992,True,False
332991,Manufacturing - metals/machinery,0.0095811769740997,3.0,24.0,24,0.004994284691038865,23,-0.026232000493232353,24,-0.05582890944008071,24,0.07822075871882346,23,1.0177478379790013,0.961074309019741,0.9568647810469457,1.064313071954312,0.036318390829907926,-0.020841504387737173,-0.0076910539960249324,-0.006974216148475279,-0.05582890944008071,-0.0076910539960249324,True,True
325220,Manufacturing - paper/chemicals,0.0091974771062256,3.0,24.0,24,0.02631135976703509,23,-0.025302068879295075,24,-0.06297304850736524,24,0.06056511489386751,23,1.0348355094223116,0.9653187514256872,0.9464061311876527,1.0534396079643484,0.057635465905904154,-0.019911572773799895,-0.014835193063309458,-0.02462985997343123,-0.06297304850736524,-0.014835193063309458,True,True
115111,"Agriculture, forestry, fishing",0.0089907761791072,3.0,6.0,24,-0.3201001911270955,23,0.10793610345847664,24,-0.14740948519926486,24,0.3560656695921013,23,0.7973072068527826,0.9912353440096493,0.9692912742495624,1.2421661748880057,-0.28877608498822643,0.11332659956397181,-0.09927162975520909,0.2708706947248025,-0.14740948519926486,-0.09927162975520909,True,True
621491,Health care & social assistance,0.0075700311486006,2.0,24.0,24,0.03890946565900489,23,-0.032669729296869975,24,-0.050649081210323466,24,0.047985580482875906,23,1.0376158889674307,0.9629858732888325,0.9536953162039742,1.0457029215397626,0.07023357179787396,-0.027279233191374794,-0.002511225766267687,-0.037209394384422834,-0.032669729296869975,-0.027279233191374794,True,True
336510,Manufacturing - metals/machinery,0.0072430778785621,1.0,23.0,24,-0.03492102346920357,23,-0.0029903109157359184,24,-0.06103193264319101,24,0.09737189601686429,23,0.9899555389471849,0.973317557852262,0.9626601985888111,1.0740667046117418,-0.003596917330334508,0.0024001851897592625,-0.012894077199135233,0.012176921149565548,-0.03492102346920357,-0.003596917330334508,True,True
325211,Manufacturing - paper/chemicals,0.0046781023505408,1.0,23.0,24,0.008943366160030664,23,-0.03961837697691328,24,-0.09005819398045657,24,0.12247453420866745,23,1.0316374581918615,0.9409080444268884,0.9294153846157419,1.0980391127655083,0.04026747229889972,-0.0342278808714181,-0.04192033853640079,0.037279559341368715,0.008943366160030664,0.04026747229889972,False,False
111331,"Agriculture, forestry, fishing",0.0,2.0,21.0,24,-0.059043892396043705,23,0.10692377503723134,24,0.11295836271594795,24,-0.16200676004340944,23,0.9309788457579561,1.1215695111951993,1.09831262655798,0.8491390164888646,-0.027719786257174646,0.11231427114272652,0.16109621816000372,-0.24720173491070818,0.10692377503723134,0.11231427114272652,False,False
713920,"Arts, entertainment & recreation",0.0,4.0,21.0,24,-0.2905929274400619,23,-0.2896315230769599,24,0.2127424278261154,24,0.3724123768546376,23,0.7304155775232807,0.6914211453728388,1.2316897593763168,1.3464735177275637,-0.25926882130119283,-0.2842410269714647,0.2608802832701712,0.2872174019873388,0.3724123768546376,0.2872174019873388,False,False
721214,Accommodation & food services,0.0,1.0,23.0,24,0.006165154850986512,23,0.18041697364390705,24,-0.2765490054786163,24,0.08805444688836368,23,1.0744841695942227,1.1130620283491093,0.7908059398161815,1.0216478622404865,0.03748926098985557,0.18580746974940224,-0.22841115003456056,0.0028594720210649432,0.006165154850986512,0.03748926098985557,False,False
111991,"Agriculture, forestry, fishing",0.0,2.0,20.0,24,-0.19742762086893692,23,0.14034266458024122,24,-0.14526132252858046,24,0.2013839182021627,23,0.8939484564841506,1.0565717092320979,0.9385096328195628,1.1109702014641885,-0.16610351473006785,0.1457331606857364,-0.09712346708452468,0.11618894333486396,0.14034266458024122,0.1457331606857364,False,False
111333,"Agriculture, forestry, fishing",0.0,2.0,23.0,24,-0.07399103177091958,23,0.2835180148110119,24,-0.23905090907670687,24,0.03139026183613251,23,0.9965858737327897,1.2026963363630396,0.8417707693712654,0.958947020532905,-0.04266692563205052,0.2889085109165071,-0.1909130536326511,-0.053804713031166226,0.2835180148110119,0.2889085109165071,False,False
541213,Professional & technical services,0.0,4.0,23.0,24,0.06320787126680585,23,-0.25547061961612344,24,0.031370425671489545,24,0.16228996594195158,23,1.040330043252034,0.7684295366917177,1.0074702693636484,1.1837701506926,0.09453197740567491,-0.25008012351062825,0.07950828111554532,0.07709499107465284,0.16228996594195158,0.07709499107465284,False,False
111211,"Agriculture, forestry, fishing",0.0,2.0,24.0,24,-0.09226434681725369,23,0.1080747954517413,24,-0.034346048633705564,24,0.019327992366737764,23,0.9397555610933727,1.0765446329382968,0.9971841138797388,0.9865156920885916,-0.06094024067838463,0.11346529155723648,0.013791806810350214,-0.06586698250056097,0.1080747954517413,0.11346529155723648,False,False
