naics_code,naics_label,cbp_emp_total,cbp_estab_total,n_size_classes,emp_share_lt20,emp_share_ge100,estab_share_lt20,avg_estab_size,sector_2d,sector_label,seasonal_index,peak_excess,peak_quarter,seasonal_index_emp,n_excess_obs
113110,Timber tract operations,3781,471,5,0.37349074322511405,0.45291118862355784,0.9297872340425531,8.0276008492569,11,"Agriculture, forestry, fishing",0.1580987287854004,0.0567164429565594,4.0,0.0393623796648106,23.0
113210,Forest nurseries and gathering of forest products,932,185,5,0.5954935622317596,,0.9459459459459459,5.037837837837838,11,"Agriculture, forestry, fishing",0.5575226346400296,0.1469514206620824,4.0,0.0841038036383752,23.0
113310,Logging,42916,7261,6,0.6684919377388386,0.02232267685711623,0.94394711472249,5.9104806500482026,11,"Agriculture, forestry, fishing",0.0972375808649414,0.0372208787956744,4.0,0.09807086044316,23.0
114111,Finfish fishing,2739,1436,6,0.5899963490324936,0.14859437751004015,0.9832869080779945,1.9073816155988859,11,"Agriculture, forestry, fishing",0.6921825295601838,0.2343667872781557,4.0,0.2583184761969708,23.0
114112,Shellfish fishing,1604,940,4,0.8161538461538461,,0.9925293489861259,1.7063829787234042,11,"Agriculture, forestry, fishing",0.5024502478811702,0.1651596846839097,4.0,0.1393135464647106,23.0
114119,Other marine fishing,238,127,2,1.0,,1.0,1.874015748031496,11,"Agriculture, forestry, fishing",0.4326971752402674,0.1210940496721365,4.0,0.6540078590863809,15.0
114210,Hunting and trapping,2034,446,4,0.784966112138016,,0.9729119638826185,4.560538116591928,11,"Agriculture, forestry, fishing",0.1536850716804438,0.0444830558941726,4.0,0.2256655182164025,23.0
115111,Cotton ginning,1955,190,4,0.6085776330076005,,0.8723404255319149,10.289473684210526,11,"Agriculture, forestry, fishing",0.0089634506549001,-0.3432513102484027,3.0,0.8229520260509033,6.0
115112,"Soil preparation, planting, and cultivating",14132,2210,6,0.5536795157693533,0.08633322714240203,0.9420027186225646,6.394570135746607,11,"Agriculture, forestry, fishing",0.8429068547322806,0.2660994191556352,3.0,0.3320506395553867,12.0
115113,"Crop harvesting, primarily by machine",2818,338,5,0.495789995047053,,0.9221556886227545,8.337278106508876,11,"Agriculture, forestry, fishing",1.0,0.3977713072860586,4.0,0.4012138007375845,10.0
115114,Postharvest crop activities (except cotton ginning),26330,1000,7,0.16781683851587237,0.42583421287651213,0.7244488977955912,26.33,11,"Agriculture, forestry, fishing",0.7914877759113961,0.1674009200537808,4.0,0.3086094069318429,23.0
115116,Farm management services,4250,684,6,0.5027932960893855,0.10843067546978162,0.9414348462664714,6.213450292397661,11,"Agriculture, forestry, fishing",0.7448874039427521,0.2132310406729305,4.0,0.2665246651751268,22.0
115210,Support activities for animal production,23365,4791,6,0.6743476956912926,0.08767369789063281,0.969703301295445,4.876852431642663,11,"Agriculture, forestry, fishing",0.124781785031859,0.0285070805065391,4.0,0.0658544618362387,23.0
115310,Support activities for forestry,15361,2023,6,0.4350998746959534,0.16503280017689984,0.9286775631500743,7.593178447849728,11,"Agriculture, forestry, fishing",0.4445176713807703,0.1372912266831273,4.0,0.2625918123202072,23.0
211120,Crude petroleum extraction,63367,3863,8,0.2194553372969261,0.5031714765889007,0.8799585169821105,16.403572353093452,21,Mining,0.0182953603657914,0.0027356863392974,4.0,0.0198712640967812,23.0
211130,Natural gas extraction,27601,1342,7,0.19107727505818312,0.42444085045954794,0.7796863330843914,20.567064083457527,21,Mining,0.0229854359754671,0.0050781538329675,3.0,0.0252707534197257,24.0
212210,Iron ore mining,5004,23,4,0.017430600387346677,0.9825693996126533,0.625,217.56521739130434,21,Mining,0.1167303370980941,0.034529087093345,3.0,0.0381810480592574,24.0
212230,"Copper, nickel, lead, and zinc mining",16844,61,7,0.00958097656700912,0.9081149717188041,0.3090909090909091,276.1311475409836,21,Mining,0.0136042302991649,0.0039658605291248,1.0,0.0187783775044571,23.0
212311,Dimension stone mining and quarrying,4660,379,5,0.4180041870202373,,0.8249336870026526,12.295514511873352,21,Mining,0.2772543551224704,0.0847740081118873,4.0,0.1754032284474945,23.0
212312,Crushed and broken limestone mining and quarrying,25735,1376,6,0.3138201806046329,0.16340793089909697,0.7185454545454546,18.702761627906977,21,Mining,0.1417339223566662,0.0460602086176612,4.0,0.10476977871188,23.0
212313,Crushed and broken granite mining and quarrying,5670,251,6,0.23209876543209876,0.09082892416225749,0.549800796812749,22.589641434262948,21,Mining,0.033688278347493,0.0093122542146452,3.0,0.0393633786265834,24.0
212319,Other crushed and broken stone mining and quarrying,7059,434,6,0.32322206095791,0.1444121915820029,0.76905311778291,16.264976958525345,21,Mining,0.1910587874623975,0.0593685953068819,4.0,0.11591924286521,23.0
212321,Construction sand and gravel mining,25397,2282,6,0.4594637161869512,0.038902232547151236,0.843558282208589,11.129272567922875,21,Mining,0.2928755210376416,0.0983496084210697,4.0,0.175193173933859,23.0
212322,Industrial sand mining,6668,216,6,0.11952609478104378,0.3204859028194361,0.5416666666666666,30.87037037037037,21,Mining,0.0718632264030851,0.0157058169567031,4.0,0.054473050369085,23.0
213111,Drilling oil and gas wells,54211,1786,8,0.1275581850410921,0.5806533299569512,0.7792134831460674,30.35330347144457,21,Mining,0.0913859013372875,0.0278445815656144,4.0,0.0378219890468105,23.0
213112,Support activities for oil and gas operations,221161,9627,8,0.18247361693586722,0.42787572758099784,0.7871632164776865,22.97299262490911,21,Mining,0.0364127199651828,0.0083381351810143,2.0,0.0278799468306232,24.0
213113,Support activities for coal mining,4265,190,7,0.1735052754982415,0.44009378663540444,0.7473684210526316,22.44736842105263,21,Mining,0.0493730988436804,0.0168368129462075,4.0,0.0434828245706267,23.0
213114,Support activities for metal mining,5325,224,6,0.19235668789808918,0.48815286624203824,0.7782805429864253,23.772321428571427,21,Mining,0.1721811211025806,0.050268538388616,4.0,0.1328533615767307,23.0
213115,Support activities for nonmetallic minerals (except fuels) mining,3377,207,6,0.29472,0.34688,0.8058252427184466,16.314009661835748,21,Mining,0.1129088822616197,0.0355692409360575,4.0,0.1207831778505809,23.0
221111,Hydroelectric power generation,4156,561,5,0.5694264209706722,,0.9141323792486583,7.408199643493761,22,Utilities,0.020410199616156,0.0043523530080296,3.0,0.0279176194309823,24.0
221112,Fossil fuel electric power generation,68230,1788,8,0.0951977183380868,0.5618592461265706,0.6209406494960806,38.159955257270695,22,Utilities,0.0290340354708357,0.0082861612625742,1.0,0.0278419918954497,23.0
221113,Nuclear electric power generation,38822,166,8,0.011838349766476387,0.9532628437986508,0.49375,233.86746987951807,22,Utilities,0.0759733027118356,0.0218688315443145,1.0,0.0215107866521906,23.0
221114,Solar electric power generation,8867,779,7,0.25104654026101947,0.35126816055158827,0.8740359897172236,11.382541720154043,22,Utilities,0.0728601453608448,0.0194269871635683,2.0,0.1827598002236947,24.0
221115,Wind electric power generation,9251,611,7,0.34913936701832315,0.4240977234869517,0.9065573770491804,15.14075286415712,22,Utilities,0.0598939379956355,0.0148452638584608,4.0,0.0950116081752554,23.0
221116,Geothermal electric power generation,1565,48,5,0.1574074074074074,,0.5652173913043478,32.604166666666664,22,Utilities,0.0464778769095367,0.0121689008058023,4.0,0.024850330749614,23.0
221117,Biomass electric power generation,2268,116,5,0.3128531073446328,,0.7433628318584071,19.551724137931036,22,Utilities,0.0240011643639637,0.0057143106109742,3.0,0.077542357426729,24.0
221118,Other electric power generation,1411,123,5,0.2872340425531915,,0.8360655737704918,11.471544715447154,22,Utilities,0.069550021617242,0.0234138978765479,4.0,0.0920456761798331,23.0
221121,Electric bulk power transmission and control,20606,360,8,0.06945874814051951,0.6752488843117062,0.61731843575419,57.23888888888889,22,Utilities,0.0333821762460465,0.0092616960105549,3.0,0.0221110864619834,24.0
221122,Electric power distribution,364535,8183,8,0.0926802322012928,0.5525537942686208,0.6159509202453988,44.54784308933154,22,Utilities,0.0321560482224191,0.0088726209400252,3.0,0.0306272861616587,24.0
221210,Natural gas distribution,95538,2434,8,0.11517650381248234,0.5860265461733973,0.6677645121449156,39.25143796220214,22,Utilities,0.0232706448235235,0.0065130435940711,1.0,0.0154265499403157,23.0
221310,Water supply and irrigation systems,43082,4554,8,0.4216145954226823,0.25337728053479414,0.9108476064997804,9.460254721124286,22,Utilities,0.0630060999493074,0.0218013736201146,3.0,0.0664623840488514,24.0
221320,Sewage treatment facilities,6989,538,6,0.363754889178618,0.17372881355932204,0.8675373134328358,12.990706319702602,22,Utilities,0.0834685968412353,0.0311449902194195,3.0,0.0687403084042945,24.0
221330,Steam and air-conditioning supply,1957,118,5,0.23198773633111905,,0.6610169491525424,16.584745762711865,22,Utilities,0.0488017892597588,0.0105703834538802,4.0,0.0359787467404786,23.0
236115,New single-family housing construction (except for-sale builders),236076,60635,8,0.7286722285188373,0.059937620902110834,0.9756407296236435,3.893394903933372,23,Construction,0.1831105965084868,0.0568687057265833,4.0,0.082111051044547,23.0
236116,New multifamily housing construction (except for-sale builders),56980,4014,8,0.24073359073359074,0.4091962091962092,0.8450423517688092,14.19531639262581,23,Construction,0.1114255883101301,0.0312840330448169,4.0,0.0572633789747804,23.0
236117,New housing for-sale builders,132029,12192,8,0.30272393636584166,0.3179282120303929,0.8892444006891459,10.829150262467191,23,Construction,0.0968065489282518,0.028759904449188,4.0,0.0486692739462322,23.0
236118,Residential remodelers,480272,135337,7,0.724441587052945,0.05387276603408486,0.9761998004950678,3.5487117344111367,23,Construction,0.1877412227523662,0.0584993949866675,4.0,0.1033365606982507,23.0
236210,Industrial building construction,75224,3380,8,0.17734525224947525,0.4772116781892642,0.7907528156490812,22.255621301775147,23,Construction,0.1937957350013906,0.052733423068126,4.0,0.0869138297426287,23.0
236220,Commercial and institutional building construction,640858,39072,8,0.2609459740665115,0.336376139629856,0.8158730158730159,16.40197583947584,23,Construction,0.1072460016548707,0.0286765116040378,4.0,0.0695055763751858,23.0
237110,Water and sewer line and related structures construction,166727,10841,8,0.28393107418159974,0.29813419761737914,0.8200018451886706,15.379300802508993,23,Construction,0.2159200421404164,0.0663452425181632,4.0,0.1247611652901694,23.0
237120,Oil and gas pipeline and related structures construction,167820,2156,8,0.06294832509227662,0.6827860575248973,0.5617977528089888,77.83858998144713,23,Construction,0.3183447338315132,0.1088352923852113,4.0,0.1594324201205224,23.0
237130,Power and communication line and related structures construction,292604,7112,8,0.14018741040762725,0.5411186900512781,0.7206838089855891,41.14229471316086,23,Construction,0.2433966278095246,0.0777126955127553,4.0,0.1107424229689451,23.0
237210,Land subdivision,24810,4441,7,0.5319321282401092,0.1630712824010914,0.9526920477585041,5.586579599189371,23,Construction,0.1282372319346998,0.0357024411854242,4.0,0.0786599150942444,23.0
237310,"Highway, street, and bridge construction",314940,9256,8,0.11901888853929321,0.5275133720347275,0.6715367965367965,34.02549697493518,23,Construction,0.4072987334376104,0.1292472705114254,4.0,0.2095345212856599,23.0
237990,Other heavy and civil engineering construction,84360,4806,8,0.24284908654539733,0.4000708206009259,0.8350343678400334,17.55305867665418,23,Construction,0.287754629781,0.0907985467164694,4.0,0.1311499135801098,23.0
238110,Poured concrete foundation and structure contractors,272692,23350,8,0.32172717814752094,0.3280681636961491,0.8832298136645963,11.678458244111349,23,Construction,0.3160962352848517,0.0955302401909233,4.0,0.1570935661278269,23.0
238120,Structural steel and precast concrete contractors,82184,4005,8,0.2108406804917422,0.3629330684217062,0.7544955044955045,20.520349563046192,23,Construction,0.1964533078172881,0.055472874621533,4.0,0.0850610720801045,23.0
238130,Framing contractors,86861,12417,8,0.45597630928508137,0.2711840693932752,0.9424130154639175,6.995328984456793,23,Construction,0.1667334217194568,0.0453931228021987,4.0,0.1155397289363977,23.0
238140,Masonry contractors,139844,18258,8,0.4078830697062441,0.23513343439832957,0.9211852338700843,7.659327418118085,23,Construction,0.343734701972541,0.1088372319425834,4.0,0.1720233923643734,23.0
238150,Glass and glazing contractors,68694,6945,7,0.44069690509446446,0.1331029919870617,0.8810483870967742,9.891144708423326,23,Construction,0.0445967545712165,0.012415575629607,3.0,0.0414178500611328,24.0
238160,Roofing contractors,215242,25519,8,0.40091053517653474,0.1793991416309013,0.903436924403339,8.43457815745131,23,Construction,0.2280670353428,0.0665377072387064,4.0,0.1226947700470244,23.0
238170,Siding contractors,41885,9142,7,0.6641757192312283,0.07148143726871195,0.9645591774228834,4.581601400131262,23,Construction,0.2503892142247788,0.082093386721032,4.0,0.1280966052878931,23.0
238190,"Other foundation, structure, and building exterior contractors",52063,6489,7,0.4697140283719883,0.1541626578780373,0.9187480727721246,8.023270149483741,23,Construction,0.1893772449067592,0.0539764228209056,4.0,0.089609004947946,23.0
238210,Electrical contractors and other wiring installation contractors,1015983,83342,8,0.3256823017468764,0.32208425470369145,0.8811595942620492,12.190528185068754,23,Construction,0.0568360172335257,0.0149580604957262,4.0,0.0493638168574825,23.0
238220,"Plumbing, heating, and air-conditioning contractors",1214761,111207,8,0.35977028494639557,0.27785802122201986,0.8868801885180289,10.923422086739144,23,Construction,0.0675876600683238,0.0155145204140052,4.0,0.0617794484624459,23.0
238290,Other building equipment contractors,150522,8107,8,0.22810510944825224,0.34987109350437023,0.7819326175490559,18.566917478722093,23,Construction,0.0577486273964107,0.0127513933915188,4.0,0.0262589814428549,23.0
238310,Drywall and insulation contractors,250758,20760,8,0.29031074926443917,0.3447019467171819,0.871712110993352,12.078901734104047,23,Construction,0.1184932798398361,0.0307712365580762,4.0,0.0780561471047529,23.0
238320,Painting and wall covering contractors,208201,38280,7,0.5735508660899583,0.11625947767481044,0.9538863487916395,5.438897596656218,23,Construction,0.2879529750338332,0.0837636064123549,4.0,0.1877645347702644,23.0
238330,Flooring contractors,84998,17989,7,0.600520012235582,0.10492011576742982,0.9577519595308244,4.724998610261827,23,Construction,0.0800000662968006,0.0217764781020435,3.0,0.0639744120565738,24.0
238340,Tile and terrazzo contractors,58611,10685,6,0.5924357451496841,0.05426156415156053,0.9446836390864845,5.485353299017314,23,Construction,0.1010202760414353,0.0275891477474415,4.0,0.0679186053165868,23.0
238350,Finish carpentry contractors,177042,32219,8,0.5717105111740202,0.12412253446569542,0.9514246694394438,5.494956392190943,23,Construction,0.1132494147209952,0.031134657486429,4.0,0.0660243488340685,23.0
238390,Other building finishing contractors,84342,8076,8,0.355848806051552,0.2463422731260819,0.879024269440317,10.443536404160476,23,Construction,0.0891771144801348,0.0340107735354597,4.0,0.0772745882957451,23.0
238910,Site preparation contractors,472783,41777,8,0.3118820621468927,0.30311897133801846,0.8761581001173062,11.316825047274817,23,Construction,0.2836416615629584,0.0910679248875831,4.0,0.159663966367261,23.0
238990,All other specialty trade contractors,309293,42748,8,0.48295059388253264,0.16110171687280958,0.9284962212499123,7.235262468419575,23,Construction,0.5179307607535916,0.1731932594745478,4.0,0.2654243680065146,23.0
311111,Dog and cat food manufacturing,30393,451,8,0.047299178616177086,0.7727272727272727,0.5533333333333333,67.39024390243902,31,Manufacturing,0.0210877671512453,0.0044709484246808,4.0,0.0208619770407584,23.0
311119,Other animal food manufacturing,34407,1463,7,0.2316191967242729,0.2109953634009755,0.6440793976728268,23.518113465481886,31,Manufacturing,0.039682445420204,0.0124193154561374,3.0,0.0096505426163112,24.0
311211,Flour milling,14916,333,7,0.06476267095736123,0.42283454009117727,0.3843843843843844,44.792792792792795,31,Manufacturing,0.0445189139822632,0.0144536490422702,3.0,0.0345597175501412,24.0
311212,Rice milling,6433,89,7,0.04855817036791515,0.6408684123301293,0.48863636363636365,72.28089887640449,31,Manufacturing,0.1424739571884251,0.0489953817552072,4.0,0.1314986958583051,23.0
311213,Malt manufacturing,810,42,5,0.28468468468468466,,0.8,19.285714285714285,31,Manufacturing,0.0678200066955584,0.0236639724331208,3.0,0.0810320027708048,24.0
311221,Wet corn milling,7467,70,7,0.031205222098391976,0.8275752268747015,0.36764705882352944,106.67142857142858,31,Manufacturing,0.0532629963726539,0.0152633675821747,3.0,0.0389302500513939,24.0
311224,Soybean and other oilseed processing,10887,190,7,0.04776844448942415,0.5280842020038458,0.41798941798941797,57.3,31,Manufacturing,0.0525895271121073,0.0194582185814656,4.0,0.0370681722332495,23.0
311225,Fats and oils refining and blending,10175,109,7,0.0502031340684852,0.7423099245502032,0.5188679245283019,93.34862385321101,31,Manufacturing,0.1163214020870444,0.0309585529096345,2.0,0.0381989473361119,24.0
311230,Breakfast cereal manufacturing,13258,94,7,0.027271052146674038,0.9467477427676433,0.5777777777777777,141.04255319148936,31,Manufacturing,0.0263700767644685,0.0091449686511747,3.0,0.0313280999281438,24.0
311314,Cane sugar manufacturing,7728,54,8,0.020056935817805384,0.8777173913043478,0.3333333333333333,143.11111111111111,31,Manufacturing,0.2329175566992963,0.0501127158070694,1.0,0.3303628290877085,23.0
311340,Nonchocolate confectionery manufacturing,28988,577,8,0.07827376845591279,0.7437215399475645,0.682842287694974,50.23916811091854,31,Manufacturing,0.1607239749373178,0.0548549807041022,4.0,0.0796511812393293,23.0
311351,Chocolate and confectionery manufacturing from cacao beans,9641,280,7,0.15593594699061292,0.6659304251794589,0.7706093189964157,34.43214285714286,31,Manufacturing,0.023152649073872,0.0047979778512521,3.0,0.0417295496840438,24.0
311352,Confectionery manufacturing from purchased chocolate,32379,973,8,0.18776909887597637,0.5239855210516289,0.7471620227038184,33.27749229188078,31,Manufacturing,0.1316111959497476,0.0482914317198443,4.0,0.0930948005699249,23.0
311411,"Frozen fruit, juice, and vegetable manufacturing",27520,218,8,0.018968023255813954,0.8721656976744186,0.39908256880733944,126.23853211009174,31,Manufacturing,0.4359841908448852,0.1243631992415806,4.0,0.3321473976994835,23.0
311412,Frozen specialty food manufacturing,65543,575,8,0.028597134994001835,0.8429539199774186,0.44991212653778556,113.98782608695652,31,Manufacturing,0.0262018699808358,0.005251329407657,3.0,0.017170216086499,24.0
311421,Fruit and vegetable canning,44903,802,8,0.05914507238753059,0.727671934679688,0.6117353308364545,55.98877805486284,31,Manufacturing,0.7857221906736965,0.2595598545287232,4.0,0.5557138936463122,23.0
311422,Specialty canning,11084,110,8,0.038107446684535605,0.801072136114672,0.5370370370370371,100.76363636363637,31,Manufacturing,0.0841247678586517,0.0312540392931091,4.0,0.0998074968915412,23.0
311423,Dried and dehydrated food manufacturing,17886,276,8,0.06102537941589083,0.7022701186073205,0.5474452554744526,64.80434782608695,31,Manufacturing,0.248174722038896,0.0739187437342056,4.0,0.1823409496611763,23.0
311511,Fluid milk manufacturing,57985,440,8,0.01286512142462038,0.8796638295594454,0.2557077625570776,131.7840909090909,31,Manufacturing,0.033371408155802,0.0097972679585346,3.0,0.013205607784509,24.0
311512,Creamery butter manufacturing,4055,54,6,0.06201550387596899,0.6139534883720931,0.47058823529411764,75.0925925925926,31,Manufacturing,0.0635150579978044,0.0154414156040047,3.0,0.0887578350101958,24.0
311513,Cheese manufacturing,60731,568,8,0.02780186617641958,0.8345069201151618,0.41238938053097346,106.92077464788733,31,Manufacturing,0.0426916164274196,0.0137265952381049,3.0,0.0336260107188057,24.0
311514,"Dry, condensed, and evaporated dairy product manufacturing",17210,174,8,0.02155723416618245,0.7911098198721673,0.2988505747126437,98.9080459770115,31,Manufacturing,0.0232105983999186,0.0045592987239882,3.0,0.0379384705010719,24.0
311520,Ice cream and frozen dessert manufacturing,24435,514,8,0.10145355999014535,0.7467356491746736,0.7573385518590998,47.538910505836576,31,Manufacturing,0.1410270984432255,0.0509438574539506,3.0,0.1037370423422894,24.0
311611,Animal (except poultry) slaughtering,159965,1274,8,0.1588695914064853,0.6668507177994177,0.7860655737704918,125.56122448979592,31,Manufacturing,0.0296692064377093,0.0075804545869827,4.0,0.0241770458728164,23.0
311612,Meat processed from carcasses,146308,1703,8,0.048327743618408796,0.8092820321719147,0.5769230769230769,85.91192014092778,31,Manufacturing,0.0251245090193134,0.0075044590060493,3.0,0.0261608691649596,24.0
311613,Rendering and meat byproduct processing,11297,219,6,0.088510553564317,0.3462763839107925,0.3944954128440367,51.58447488584475,31,Manufacturing,0.0930170319050592,0.0267483970246868,4.0,0.0337302361602764,23.0
311615,Poultry processing,238635,520,8,0.007754919499105546,0.9587477638640429,0.3333333333333333,458.91346153846155,31,Manufacturing,0.0309444662322989,0.0103455357302378,3.0,0.030787553511267,24.0
311710,Seafood product preparation and packaging,29132,516,8,0.06142279594297468,0.7139158805589049,0.5728155339805825,56.457364341085274,31,Manufacturing,0.3807362984829592,0.1351975345362506,3.0,0.2103830625255174,24.0
311811,Retail bakeries,87547,9219,6,0.4778690303494123,0.043645127759946084,0.8641935133962468,9.496366200238638,31,Manufacturing,0.080781230727684,0.0234846967879323,3.0,0.0673133346414893,24.0
311812,Commercial bakeries,128252,2842,8,0.09153850565765648,0.6925528689767056,0.6627906976744186,45.12737508796622,31,Manufacturing,0.0476073866200717,0.0101917497500703,4.0,0.0187028478949078,23.0
311813,"Frozen cakes, pies, and other pastries manufacturing",22960,237,8,0.0304006968641115,0.8422473867595819,0.4430379746835443,96.87763713080169,31,Manufacturing,0.0406474060146607,0.006566413656891,4.0,0.0359150226100178,23.0
311821,Cookie and cracker manufacturing,33887,461,8,0.04794044665012407,0.7953349875930521,0.6026200873362445,73.50759219088937,31,Manufacturing,0.0555628518680799,0.0164711749278781,4.0,0.0189386977098985,23.0
311824,"Dry pasta, dough, and flour mixes manufacturing from purchased flour",24501,390,8,0.05211851725169952,0.7087092222839797,0.48586118251928023,62.823076923076925,31,Manufacturing,0.0275056140889518,0.0052494550827612,3.0,0.0149469080741435,24.0
311830,Tortilla manufacturing,21078,428,8,0.08217098396432299,0.7010627194230952,0.6658878504672897,49.24766355140187,31,Manufacturing,0.0679681879112559,0.0188906130451587,2.0,0.0230467887867858,24.0
311911,Roasted nuts and peanut butter manufacturing,19949,267,8,0.04114235693183062,0.7396870554765291,0.48872180451127817,74.71535580524345,31,Manufacturing,0.1603977236698278,0.0581497286927421,4.0,0.1304649556934633,23.0
311919,Other snack food manufacturing,48599,491,8,0.04260077746418872,0.8429628840726343,0.6128364389233955,98.979633401222,31,Manufacturing,0.0357987070105557,0.0147390284961883,3.0,0.0539079920251877,24.0
311920,Coffee and tea manufacturing,23998,1155,8,0.20243353612801065,0.5266272189349113,0.8199134199134199,20.777489177489176,31,Manufacturing,0.0339017791306794,0.00789890218976,3.0,0.0291460241719437,24.0
311930,Flavoring syrup and concentrate manufacturing,9468,170,7,0.06012893627572527,0.6511281924125961,0.5654761904761905,55.694117647058825,31,Manufacturing,0.0313044919803384,0.009805838151681,4.0,0.0233606220785002,23.0
311941,"Mayonnaise, dressing, and other prepared sauce manufacturing",25059,376,8,0.05678989149325943,0.7675795011508291,0.6219839142091153,66.64627659574468,31,Manufacturing,0.0947109248413475,0.0291843977562333,4.0,0.0555452190860675,23.0
311942,Spice and extract manufacturing,25339,473,8,0.0546193614586211,0.6874778010181933,0.5412262156448203,53.5708245243129,31,Manufacturing,0.0437102312602623,0.0150146012022846,4.0,0.0456769434585876,23.0
311991,Perishable prepared food manufacturing,73598,1032,8,0.05274624819075188,0.7982174144892207,0.6159844054580896,71.31589147286822,31,Manufacturing,0.0592269710328206,0.0101339195219499,3.0,0.0271967691671662,24.0
311999,All other miscellaneous food manufacturing,31860,872,8,0.10950880317873536,0.5956703432212098,0.7103448275862069,36.53669724770642,31,Manufacturing,0.0388615149345655,0.0088489664129625,3.0,0.0188763934829823,24.0
312111,Soft drink manufacturing,71454,622,8,0.018345632909516612,0.8935271627989686,0.4378029079159935,114.87781350482315,31,Manufacturing,0.0473787644990079,0.0087071964194581,3.0,0.0314398916925446,24.0
312112,Bottled water manufacturing,12598,288,7,0.08126973574871198,0.6528170184477314,0.6202090592334495,43.74305555555556,31,Manufacturing,0.0764937015465338,0.0238650249366934,3.0,0.0510414325717976,24.0
312113,Ice manufacturing,5389,415,5,0.39320838745592873,,0.7783132530120482,12.9855421686747,31,Manufacturing,0.8119993303060713,0.2923472776490444,3.0,0.7539506696420493,24.0
312120,Breweries,98647,5218,8,0.3107104984093319,0.2867938514758723,0.7768832662449684,18.905136067458795,31,Manufacturing,0.0574572725015049,0.017604420915781,3.0,0.1229505358894823,24.0
312130,Wineries,65478,4560,7,0.348543926910841,0.20168039807488375,0.8266783677051338,14.35921052631579,31,Manufacturing,0.3980381104249769,0.1322717066780797,4.0,0.2419260262366914,23.0
312140,Distilleries,26177,1349,8,0.2540200604999204,0.4607148543225601,0.8330860534124629,19.404744255003706,31,Manufacturing,0.042379226713819,0.0153143593654307,3.0,0.104387808226063,24.0
312230,Tobacco manufacturing,11362,125,7,0.04070921985815603,0.7226950354609929,0.512396694214876,90.896,31,Manufacturing,0.1368318247026184,0.0426443287730458,1.0,0.086855528159654,23.0
313110,"Fiber, yarn, and thread mills",18290,250,8,0.03482777474029524,0.8077091306724986,0.564,73.16,31,Manufacturing,0.0160316137707088,0.0059776654039438,3.0,0.0852668536611114,24.0
313210,Broadwoven fabric mills,13276,234,7,0.06294948811236145,0.7105508080209831,0.5560344827586207,56.73504273504273,31,Manufacturing,0.0298822400997399,0.0068118129972554,2.0,0.12091646574601,24.0
313220,Narrow fabric mills and schiffli machine embroidery,4926,173,6,0.16347992351816443,0.2880019120458891,0.6608187134502924,28.473988439306357,31,Manufacturing,0.0223123292106141,0.0083591638726842,3.0,0.0824406251603712,24.0
313230,Nonwoven fabric mills,16687,227,7,0.04435509203995728,0.6961739021172332,0.36283185840707965,73.51101321585904,31,Manufacturing,0.0333841763917906,0.0076044008855142,3.0,0.0305373804973805,24.0
313240,Knit fabric mills,5228,102,7,0.07000765110941086,0.6291124713083397,0.5196078431372549,51.254901960784316,31,Manufacturing,0.0303913475286731,0.0095148828588725,3.0,0.1285521139226241,24.0
313310,Textile and fabric finishing mills,14366,570,7,0.14410607606003206,0.5281946670552237,0.7504393673110721,25.203508771929826,31,Manufacturing,0.0362617273284337,0.0108926355440209,3.0,0.1093859198864149,24.0
313320,Fabric coating mills,6992,147,7,0.05820938215102975,0.471824942791762,0.4217687074829932,47.564625850340136,31,Manufacturing,0.0312358694201827,0.0104826263508733,3.0,0.0330159400241582,24.0
314110,Carpet and rug mills,25931,237,8,0.03459375938881497,0.8944160693591999,0.5617021276595745,109.41350210970464,31,Manufacturing,0.0242999263525603,0.0087737138825121,3.0,0.0477772706312732,24.0
314120,Curtain and linen mills,17302,1059,7,0.26357246728065925,0.43116820164808534,0.8468809073724007,16.33805476864967,31,Manufacturing,0.0449812099643967,0.0125191850675109,2.0,0.1177542397823072,24.0
314910,Textile bag and canvas mills,20774,1336,7,0.295272937325503,0.31919707326465774,0.8270958083832335,15.54940119760479,31,Manufacturing,0.0677471606633425,0.0159319979373017,3.0,0.0641090291809602,24.0
314994,"Rope, cordage, twine, tire cord, and tire fabric mills",6176,124,7,0.0778821243523316,0.6407059585492227,0.532258064516129,49.806451612903224,31,Manufacturing,0.0167868545728604,0.0050248386056444,3.0,0.06557375457074,24.0
314999,All other miscellaneous textile product mills,26500,2241,7,0.36515863689776734,0.2353533657881484,0.8798033958891868,11.825078090138332,31,Manufacturing,0.051437488852436,0.0120917452251638,4.0,0.0406581619326766,23.0
315210,Cut and sew apparel contractors,22704,2094,8,0.37016497989740743,0.2721937242940986,0.8987099856665074,10.84240687679083,31,Manufacturing,0.0974233045350256,0.0263008209573274,4.0,0.1791626995997552,23.0
315990,Apparel accessories and other apparel manufacturing,7925,729,7,0.32529968454258673,0.2466876971608833,0.8737997256515775,10.871056241426611,31,Manufacturing,0.0395595310034307,0.0080685388712777,4.0,0.064464083119785,23.0
316110,Leather and hide tanning and finishing,2884,152,6,0.199375866851595,0.369625520110957,0.7828947368421053,18.973684210526315,31,Manufacturing,0.0159165391807242,0.003900973761971,4.0,0.0588595947355292,23.0
316210,Footwear manufacturing,8781,201,7,0.10178645616950562,0.6953330563633846,0.71,43.6865671641791,31,Manufacturing,0.0304915805984593,0.0088764550663892,3.0,0.0216673035817179,24.0
321113,Sawmills,79871,2691,7,0.1428427152108871,0.5166071225682654,0.6743494423791822,29.680787811222594,32,Manufacturing,0.0409649620425248,0.0143259929864689,3.0,0.0372670765394069,24.0
321114,Wood preservation,11819,362,6,0.11980311154082798,0.3568603322492748,0.5484764542936288,32.649171270718234,32,Manufacturing,0.0568517532842941,0.0162822413935395,3.0,0.0552836162192582,24.0
321211,Hardwood veneer and plywood manufacturing,10831,201,7,0.059181977656726066,0.636967962330348,0.48258706467661694,53.885572139303484,32,Manufacturing,0.0464331217213841,0.0144757021326278,3.0,0.0512709349623675,24.0
321212,Softwood veneer and plywood manufacturing,13161,80,8,0.01200516678063977,0.8949927817035179,0.2625,164.5125,32,Manufacturing,0.0327384124334627,0.0092406543677707,3.0,0.0320321834280656,24.0
321219,Reconstituted wood product manufacturing,14132,192,7,0.03143317702227433,0.8087631887456037,0.39790575916230364,73.60416666666667,32,Manufacturing,0.0286173805337085,0.0063397916983387,3.0,0.0416972778180024,24.0
321911,Wood window and door manufacturing,60645,1080,8,0.08740894901144641,0.6943888577603458,0.6455813953488372,56.15277777777778,32,Manufacturing,0.0456806742167181,0.0175554144217298,3.0,0.0336654546908908,24.0
321912,"Cut stock, resawing lumber, and planing",20181,708,7,0.15636419001218027,0.3935749086479903,0.6195190947666195,28.50423728813559,32,Manufacturing,0.055289846597034,0.0195353219421036,3.0,0.0480481083906763,24.0
321918,Other millwork (including flooring),32379,1445,8,0.1873127644460916,0.45560394082584393,0.7612456747404844,22.407612456747405,32,Manufacturing,0.0482380470621906,0.0160939588745869,3.0,0.0397635548900942,24.0
321920,Wood container and pallet manufacturing,60890,2793,7,0.2095130048883031,0.22235939872203406,0.6789681117878896,21.800930898675258,32,Manufacturing,0.060414461950102,0.0111825122511979,3.0,0.028888819096391,24.0
321991,Manufactured home (mobile home) manufacturing,27285,270,7,0.028607016815445297,0.8959103176250779,0.4868913857677903,101.05555555555556,32,Manufacturing,0.0829597090283154,0.0298591972485005,3.0,0.0495363323298162,24.0
321992,Prefabricated wood building manufacturing,22858,768,7,0.13572710951526032,0.5321813285457809,0.6805736636245111,29.763020833333332,32,Manufacturing,0.0793582452291844,0.0181737852695519,3.0,0.0745992505734942,24.0
321999,All other miscellaneous wood product manufacturing,31381,2327,7,0.31418741808650064,0.20393184796854522,0.8181427343078246,13.485603781693166,32,Manufacturing,0.0463665568916547,0.0080025025288345,3.0,0.044097957810205,24.0
322110,Pulp mills,9609,35,6,0.0006263048016701461,0.9670146137787057,0.15151515151515152,274.54285714285714,32,Manufacturing,0.0490477887714649,0.0111751780583133,3.0,0.0359954991841383,24.0
322130,Paperboard mills,38290,179,8,0.0044511586500849765,0.8998624187326337,0.15168539325842698,213.91061452513966,32,Manufacturing,0.0256368751120896,0.0085519063102372,3.0,0.0233956731707419,24.0
322211,Corrugated and solid fiber box manufacturing,90546,1165,7,0.022783401935699187,0.6662698854155078,0.2268041237113402,77.72188841201717,32,Manufacturing,0.0316148250899104,0.012798035173859,3.0,0.023250552708376,24.0
322212,Folding paperboard box manufacturing,46088,462,7,0.01748785882031054,0.7369753072345471,0.19607843137254902,99.75757575757575,32,Manufacturing,0.0286505222967423,0.0078418096590576,3.0,0.0475292961595933,24.0
322219,Other paperboard container manufacturing,20593,279,8,0.03404069343951828,0.6284659835866556,0.2724014336917563,73.81003584229391,32,Manufacturing,0.0432790302590879,0.0162487473900372,3.0,0.0263357507569302,24.0
322220,Paper bag and coated and treated paper manufacturing,55911,715,8,0.036897576462336414,0.7018661055429426,0.38095238095238093,78.19720279720279,32,Manufacturing,0.0257046960512762,0.0100156863781277,3.0,0.0165902741594359,24.0
322230,Stationery product manufacturing,15283,321,7,0.06824576326637441,0.5574167375515279,0.4984423676012461,47.610591900311526,32,Manufacturing,0.0320918139794777,0.0129646789417757,3.0,0.0695727396113686,24.0
322291,Sanitary paper product manufacturing,19445,138,8,0.008382617639496014,0.8494214451015685,0.2318840579710145,140.90579710144928,32,Manufacturing,0.0232571986808946,0.0080734876252234,3.0,0.0151309905455734,24.0
322299,All other converted paper product manufacturing,12827,331,7,0.0908867197112624,0.40398654745303914,0.5060606060606061,38.75226586102719,32,Manufacturing,0.0526778532355751,0.0126375132955545,4.0,0.0413470990953138,23.0
323111,Commercial printing (except screen and books),280276,15140,8,0.214080948981273,0.4363519871126,0.8182358771060456,18.51228533685601,32,Manufacturing,0.0199391286067231,0.0047695464257619,4.0,0.0605701830735153,23.0
323113,Commercial screen printing,70664,5854,8,0.3745386640003529,0.27324324721728005,0.880041011619959,12.071062521352921,32,Manufacturing,0.0679622085356668,0.0174031037187216,3.0,0.0441215940819892,24.0
323117,Books printing,18751,360,8,0.06817900853010261,0.7319817035480282,0.7011173184357542,52.08611111111111,32,Manufacturing,0.0309704609789633,0.0079731115519019,3.0,0.1069616823032323,24.0
323120,Support activities for printing,16557,947,6,0.24302078331847177,0.304410453391865,0.7955508474576272,17.48363252375924,32,Manufacturing,0.0355192364011309,0.0119637315490117,3.0,0.0865185812618921,24.0
324110,Petroleum refineries,55064,143,8,0.003432803546329333,0.971861822899773,0.17692307692307693,385.06293706293707,32,Manufacturing,0.016438036943571,0.0036913869431626,1.0,0.0166321357084079,23.0
324121,Asphalt paving mixture and block manufacturing,17655,1397,6,0.4046964627151052,0.21821223709369025,0.8652329749103943,12.637795275590552,32,Manufacturing,0.5838191660052794,0.2060050404864286,4.0,0.3146951117074376,23.0
324122,Asphalt shingle and coating materials manufacturing,11287,183,7,0.04527332329228316,0.6354212811198724,0.3825136612021858,61.677595628415304,32,Manufacturing,0.0170640727109969,0.006851438876329,3.0,0.0266607301087204,24.0
324191,Petroleum lubricating oil and grease manufacturing,13925,283,7,0.08926437958696024,0.49846390168970817,0.5088967971530249,49.20494699646643,32,Manufacturing,0.0235190560724194,0.0087942855477146,3.0,0.0221739498943667,24.0
324199,All other petroleum and coal products manufacturing,2925,67,6,0.07622298065984073,0.4706105422828972,0.5,43.656716417910445,32,Manufacturing,0.1317295677188629,0.0443282174027299,3.0,0.0583756178844513,24.0
325110,Petrochemical manufacturing,10888,76,8,0.011939750183688464,0.8811535635562087,0.3157894736842105,143.26315789473685,32,Manufacturing,0.0122193812705922,0.0026988745384675,3.0,0.0186879262193774,24.0
325120,Industrial gas manufacturing,13842,546,7,0.18256032365265135,0.3215575783846265,0.6428571428571429,25.35164835164835,32,Manufacturing,0.0301974784496527,0.0093279892938637,3.0,0.0107661678740873,24.0
325130,Synthetic dye and pigment manufacturing,8305,125,7,0.059846903270702856,0.656089074460682,0.4878048780487805,66.44,32,Manufacturing,0.0138122587634879,0.0051575429679012,4.0,0.0478473619542474,23.0
325180,Other basic inorganic chemical manufacturing,41447,705,8,0.07000575389758062,0.5926514508041757,0.48717948717948717,58.790070921985816,32,Manufacturing,0.0202279259482254,0.0056248983744088,3.0,0.0165085698659273,24.0
325193,Ethyl alcohol manufacturing,10719,207,7,0.017912118667786175,0.23938800261218396,0.15942028985507245,51.78260869565217,32,Manufacturing,0.0330634097502324,0.0106433439758717,3.0,0.0630834088087797,24.0
325194,"Cyclic crude, intermediate, and gum and wood chemical manufacturing",5542,68,6,0.03808243727598566,0.7759856630824373,0.3880597014925373,81.5,32,Manufacturing,0.0285115533778764,0.0089201263457387,3.0,0.030394014840168,24.0
325199,All other basic organic chemical manufacturing,77304,894,8,0.04435190005205622,0.6937359014402221,0.46223224351747466,86.46979865771812,32,Manufacturing,0.0136618599407027,0.0035841791635501,3.0,0.0127273348186467,24.0
325211,Plastics material and resin manufacturing,88827,1285,8,0.05196513945520628,0.6167424410197622,0.4222048475371384,69.12607003891051,32,Manufacturing,0.0046638842678663,0.0012450423585517,1.0,0.0191094336261746,23.0
325212,Synthetic rubber manufacturing,11337,153,7,0.05107132374523041,0.6920066529693768,0.45695364238410596,74.09803921568627,32,Manufacturing,0.0105596129606396,0.0029942290007904,3.0,0.0246891168256717,24.0
325220,Artificial and synthetic fibers and filaments manufacturing,13925,129,8,0.02779174147217235,0.8171633752244165,0.3953488372093023,107.94573643410853,32,Manufacturing,0.0091695233591516,0.0022693163110201,3.0,0.044384996429272,24.0
325311,Nitrogenous fertilizer manufacturing,7033,194,7,0.09625422167638932,0.5987104697574455,0.6528497409326425,36.25257731958763,32,Manufacturing,0.0196137407543736,0.0033586481363771,3.0,0.0240969495011359,24.0
325312,Phosphatic fertilizer manufacturing,6248,79,7,0.08602435150873478,0.6744309158284807,0.5131578947368421,79.0886075949367,32,Manufacturing,0.0611947150357371,0.0174035893891606,3.0,0.0583897873390211,24.0
325314,Fertilizer (mixing only) manufacturing,11442,508,6,0.2408175355450237,0.1375394944707741,0.6871287128712872,22.523622047244096,32,Manufacturing,0.1453872529372683,0.0446535798751924,2.0,0.078090841142723,24.0
325320,Pesticide and other agricultural chemical manufacturing,12680,252,8,0.06553627760252366,0.6655362776025237,0.5793650793650794,50.317460317460316,32,Manufacturing,0.0217240989304,0.0064789650227928,3.0,0.0374386357473213,24.0
325411,Medicinal and botanical manufacturing,30382,761,8,0.09502372975991066,0.6013051367950866,0.6552631578947369,39.923784494086725,32,Manufacturing,0.0399056038208458,0.0115047577457224,4.0,0.0198430975786657,23.0
325412,Pharmaceutical preparation manufacturing,170029,1436,8,0.037095540143643406,0.8188661549473061,0.5321100917431193,118.40459610027855,32,Manufacturing,0.0127144110040836,0.0033052083142355,3.0,0.0155356941319376,24.0
325413,In-vitro diagnostic substance manufacturing,45459,267,8,0.032828064097011694,0.814291901255955,0.48627450980392156,170.25842696629215,32,Manufacturing,0.0291048364334466,0.0088670134521144,3.0,0.0381892187726696,24.0
325414,Biological product (except diagnostic) manufacturing,75198,441,8,0.024925776576416894,0.8421589045952054,0.5035128805620609,170.51700680272108,32,Manufacturing,0.0207293009611376,0.005599971411566,3.0,0.0544374795227478,24.0
325510,Paint and coating manufacturing,46345,1125,8,0.11179140961471307,0.5765335816552206,0.6277827248441674,41.19555555555556,32,Manufacturing,0.0320238930117584,0.0118602219827125,3.0,0.0317861119286768,24.0
325520,Adhesive manufacturing,31470,539,8,0.06170956466476009,0.6647600889736257,0.4972170686456401,58.385899814471244,32,Manufacturing,0.0171866453898098,0.0069343216479717,3.0,0.0244157911161962,24.0
325611,Soap and other detergent manufacturing,33783,845,8,0.11232749263451698,0.7053496666149791,0.7476303317535545,39.979881656804736,32,Manufacturing,0.0232098365615037,0.0081263813438838,3.0,0.012043802306036,24.0
325612,Polish and other sanitation good manufacturing,17230,455,7,0.11319803353082063,0.5482163116097315,0.6777041942604857,37.86813186813187,32,Manufacturing,0.0368361813163983,0.0117430448372193,3.0,0.0292121484829052,24.0
325613,Surface active agent manufacturing,6174,106,6,0.05494078819646671,0.553290623179965,0.4423076923076923,58.24528301886792,32,Manufacturing,0.0110767560457445,0.0028811230172703,3.0,0.0192704313747896,24.0
325620,Toilet preparation manufacturing,48968,1096,8,0.0808132363574497,0.707668750797499,0.6892138939670932,44.67883211678832,32,Manufacturing,0.0359652798542577,0.0129261418290903,3.0,0.021680099781791,24.0
325910,Printing ink manufacturing,9170,306,7,0.16797125625561402,0.3807262928268959,0.6655737704918033,29.96732026143791,32,Manufacturing,0.0181404675240364,0.0037199183343286,2.0,0.067616193101513,24.0
325920,Explosives manufacturing,7034,80,7,0.05265281420213839,0.7782933225741376,0.5384615384615384,87.925,32,Manufacturing,0.0175478756290168,0.0037855636551407,2.0,0.0271023129430191,24.0
325991,Custom compounding of purchased resins,21623,414,8,0.06201729639735467,0.543079128705545,0.43719806763285024,52.229468599033815,32,Manufacturing,0.0375680988145735,0.0129010902618671,3.0,0.0396274005124483,24.0
325992,"Photographic film, paper, plate, and chemical manufacturing",6258,132,6,0.13770826249574974,0.5392723563413805,0.7578125,47.40909090909091,32,Manufacturing,0.0312036915164884,0.0112960005341669,3.0,0.1151471513231908,24.0
325998,All other miscellaneous chemical product and preparation manufacturing,42583,1319,8,0.13004179220526776,0.494119933910001,0.6532625189681336,32.284306292645944,32,Manufacturing,0.0302113093079247,0.0089081361673031,3.0,0.0197863584802142,24.0
326111,Plastics bag and pouch manufacturing,40114,376,8,0.02790683909916842,0.7642567547571839,0.35924932975871315,106.68617021276596,32,Manufacturing,0.0445548188332148,0.0156917715456634,3.0,0.0131777269255601,24.0
326112,Plastics packaging film and sheet (including laminated) manufacturing,35840,426,8,0.03012763001765404,0.7223106531994328,0.3388235294117647,84.13145539906104,32,Manufacturing,0.0412915633443558,0.0142159794119736,3.0,0.0291015358566782,24.0
326113,Unlaminated plastics film and sheet (except packaging) manufacturing,34245,418,8,0.038938728765031495,0.7261563911687982,0.39903846153846156,81.92583732057416,32,Manufacturing,0.0278548412384382,0.0087485443182514,3.0,0.0211255534246101,24.0
326121,Unlaminated plastics profile shape manufacturing,18949,335,7,0.06531663350111203,0.5510359358539155,0.43243243243243246,56.56417910447761,32,Manufacturing,0.031960782953307,0.0116248329818865,3.0,0.0270082946053125,24.0
326122,Plastics pipe and pipe fitting manufacturing,25348,487,8,0.04599968439324602,0.478183683130819,0.36960985626283366,52.049281314168375,32,Manufacturing,0.0400445439246942,0.0138605359773071,3.0,0.0192404064202143,24.0
326130,"Laminated plastics plate, sheet (except packaging), and shape manufacturing",12368,213,7,0.06019766397124888,0.6267744833782569,0.5118483412322274,58.06572769953052,32,Manufacturing,0.0409242489404771,0.0153206888966265,3.0,0.0275019100164454,24.0
326140,Polystyrene foam product manufacturing,28573,425,8,0.04995953204326393,0.6546979618865426,0.41037735849056606,67.23058823529412,32,Manufacturing,0.0336559229571348,0.0125963724543212,3.0,0.0159055644771049,24.0
326150,Urethane and other foam product (except polystyrene) manufacturing,33466,649,7,0.065792855307119,0.4750064250835261,0.4179566563467492,51.56548536209553,32,Manufacturing,0.0494131192602476,0.0186885284671238,3.0,0.0182709163342676,24.0
326160,Plastics bottle manufacturing,37673,474,7,0.028436717253573007,0.5875055252688964,0.23617021276595745,79.4789029535865,32,Manufacturing,0.0392377802348966,0.0134913507109114,3.0,0.0227998162519824,24.0
326191,Plastics plumbing fixture manufacturing,18118,287,8,0.06117934687700099,0.720472670120496,0.534965034965035,63.12891986062718,32,Manufacturing,0.0766743254596046,0.0263201806644538,3.0,0.0558508764036951,24.0
326199,All other plastics product manufacturing,392611,5546,8,0.051642516577603506,0.6972078488495186,0.4777959035707812,70.79174179588892,32,Manufacturing,0.0442411512562501,0.0135534117508296,3.0,0.0226020781631808,24.0
326211,Tire manufacturing (except retreading),52211,128,8,0.02936668011294877,0.9038321903993546,0.5142857142857142,407.8984375,32,Manufacturing,0.0248346524061588,0.0068228288954886,4.0,0.0167379337358642,23.0
326212,Tire retreading,6615,331,6,0.33675600417681867,0.08492864601461887,0.7112462006079028,19.98489425981873,32,Manufacturing,0.0489156151527383,0.0163087414856835,3.0,0.0362963750462069,24.0
326220,Rubber and plastics hoses and belting manufacturing,20288,275,8,0.048353413654618475,0.7300669344042838,0.5291970802919708,73.77454545454546,32,Manufacturing,0.0235434625368586,0.0071391454333453,3.0,0.0194268646182909,24.0
326291,Rubber product manufacturing for mechanical use,27163,372,8,0.04690203585760041,0.7345285866804109,0.4381720430107527,73.01881720430107,32,Manufacturing,0.0246180493274249,0.0093208165711828,3.0,0.0563954523709241,24.0
326299,All other rubber product manufacturing,32409,650,8,0.06911660341263229,0.6081952544046407,0.5061538461538462,49.86,32,Manufacturing,0.0316538421773505,0.00869399758307,3.0,0.0325738718636784,24.0
327110,"Pottery, ceramics, and plumbing fixture manufacturing",12082,575,7,0.19127123608670182,0.45537980863112676,0.8219895287958116,21.01217391304348,32,Manufacturing,0.0331602191234352,0.0087907506895229,4.0,0.0260722105443298,23.0
327120,Clay building material and refractories manufacturing,23500,461,7,0.06924698389917926,0.5105619590079383,0.46187363834422657,50.9761388286334,32,Manufacturing,0.030446520543877,0.0088128088684875,3.0,0.0470550721005486,24.0
327211,Flat glass manufacturing,12248,135,7,0.01795236402417348,0.7927479559189478,0.41353383458646614,90.72592592592592,32,Manufacturing,0.031922590617063,0.0053349511399293,4.0,0.0107243523785434,23.0
327212,Other pressed and blown glass and glassware manufacturing,10738,376,8,0.1340736171087806,0.6098087600246761,0.7973333333333333,28.55851063829787,32,Manufacturing,0.0161478670561255,0.0041679152208921,4.0,0.0510468899431012,23.0
327213,Glass container manufacturing,14452,75,6,0.00373818075203401,0.9618119181998094,0.2638888888888889,192.69333333333333,32,Manufacturing,0.0435207487672858,0.0175500071072502,3.0,0.0307315497950339,24.0
327215,Glass product manufacturing made of purchased glass,50436,955,8,0.08045482171799027,0.6486274311183144,0.6547368421052632,52.81256544502618,32,Manufacturing,0.0396092590573295,0.0109108643723932,3.0,0.0239647579474888,24.0
327310,Cement manufacturing,12781,192,7,0.04788357718488381,0.8154291526484626,0.4895833333333333,66.56770833333333,32,Manufacturing,0.0406177671002577,0.0126369328116956,3.0,0.039196673336654,24.0
327320,Ready-mix concrete manufacturing,94195,6356,7,0.35911672594086735,0.10056797069908169,0.7651038388923852,14.81985525487728,32,Manufacturing,0.1453631296059304,0.0437484069595552,4.0,0.0995721447958394,23.0
327331,Concrete block and brick manufacturing,16066,625,7,0.18237271256068716,0.1847379559317814,0.5808,25.7056,32,Manufacturing,0.0795667158137058,0.0187693775875473,4.0,0.0748392181204272,23.0
327332,Concrete pipe manufacturing,6120,140,6,0.08779761904761904,0.2821003401360544,0.42028985507246375,43.714285714285715,32,Manufacturing,0.11471332709958,0.0305908293250666,4.0,0.0910430450647295,23.0
327390,Other concrete product manufacturing,60671,1821,7,0.1325344892947207,0.44947338926340424,0.599121361889072,33.31740801757276,32,Manufacturing,0.0618394547875712,0.0126572574257566,3.0,0.0487554241394615,24.0
327410,Lime manufacturing,4068,93,6,0.08866103739445115,0.2795536791314837,0.4782608695652174,43.74193548387097,32,Manufacturing,0.0249301480628538,0.0052406342308249,3.0,0.0273677991893374,24.0
327420,Gypsum product manufacturing,11475,172,7,0.0491283676703645,0.6622541251048756,0.45614035087719296,66.71511627906976,32,Manufacturing,0.0337538570471543,0.0105588622040682,3.0,0.0348079067922377,24.0
327910,Abrasive product manufacturing,10976,264,7,0.1348964677222899,0.4943158749492489,0.6297709923664122,41.57575757575758,32,Manufacturing,0.0347222099573375,0.0125523826472692,3.0,0.0362072746593003,24.0
327991,Cut stone and stone product manufacturing,35087,2163,6,0.33080808080808083,0.14334705075445817,0.788425925925926,16.221451687471106,32,Manufacturing,0.0462572128956157,0.0101265305940737,4.0,0.0418067920746021,23.0
327992,Ground or treated mineral and earth manufacturing,10279,275,6,0.15645994832041343,0.41886304909560723,0.6346863468634686,37.378181818181815,32,Manufacturing,0.0254391637036129,0.0092527978888473,3.0,0.0228286901204774,24.0
327993,Mineral wool manufacturing,15343,224,8,0.053900801668513326,0.7493319429055595,0.49107142857142855,68.49553571428571,32,Manufacturing,0.0310605656866128,0.0087744373123375,3.0,0.0221169028512459,24.0
327999,All other miscellaneous nonmetallic mineral product manufacturing,11803,415,6,0.18421052631578946,0.2795190222747881,0.6601941747572816,28.440963855421685,32,Manufacturing,0.0508629565867414,0.0104034160617852,3.0,0.0459962816808568,24.0
331110,Iron and steel mills and ferroalloy manufacturing,78532,359,8,0.014921455397165126,0.9335096716875985,0.5028901734104047,218.75208913649024,33,Manufacturing,0.0315715040530199,0.0104558587924051,3.0,0.0240464677242137,24.0
331210,Iron and steel pipe and tube manufacturing from purchased steel,27433,294,8,0.01891882039878978,0.7858054168337404,0.30612244897959184,93.30952380952381,33,Manufacturing,0.0201137388747942,0.0049760696626096,3.0,0.0199711299546778,24.0
331221,Rolled steel shape manufacturing,14143,244,8,0.05960545853072191,0.6109029201725235,0.45901639344262296,57.96311475409836,33,Manufacturing,0.0155745332990779,0.0048788791189213,3.0,0.0251216926165251,24.0
331222,Steel wire drawing,14260,198,7,0.04146399808627701,0.6540945698110199,0.35714285714285715,72.02020202020202,33,Manufacturing,0.0341113607718946,0.0070495989769578,3.0,0.0478883493977362,24.0
331313,Alumina refining and primary aluminum production,3583,32,5,0.01575078753937697,0.8778438921946097,0.6296296296296297,111.96875,33,Manufacturing,0.0358819497939813,0.0069029153855486,4.0,0.1015917644693624,23.0
331314,Secondary smelting and alloying of aluminum,5746,92,7,0.027845457709711103,0.5001740341106857,0.2717391304347826,62.45652173913044,33,Manufacturing,0.039173753263083,0.0135252702924875,3.0,0.0122368981992844,24.0
331315,"Aluminum sheet, plate, and foil manufacturing",18025,80,7,0.01831141698414649,0.8449059850067593,0.352112676056338,225.3125,33,Manufacturing,0.0160984452376184,0.0036218648328691,4.0,0.0293790647110471,23.0
331318,"Other aluminum rolling, drawing, and extruding",30004,227,8,0.013116346854505708,0.8421874457822964,0.2610619469026549,132.1762114537445,33,Manufacturing,0.0329412133565046,0.0105087818305942,3.0,0.039614941996958,24.0
331410,Nonferrous metal (except aluminum) smelting and refining,8755,112,7,0.04876689424550648,0.739724118712554,0.509090909090909,78.16964285714286,33,Manufacturing,0.0179174852598664,0.0062073829133397,3.0,0.0266414376021092,24.0
331420,"Copper rolling, drawing, extruding, and alloying",25555,211,8,0.017337382941027588,0.7990382181726146,0.19523809523809524,121.11374407582939,33,Manufacturing,0.0282063354496977,0.0075724563158446,4.0,0.0423221817258086,23.0
331491,"Nonferrous metal (except copper and aluminum) rolling, drawing, extruding, and alloying",12115,199,8,0.05399485763260642,0.6014665269974289,0.5303030303030303,60.879396984924625,33,Manufacturing,0.0230300572584892,0.0081202190098764,3.0,0.010185693630291,24.0
331492,"Secondary smelting, refining, and alloying of nonferrous metal (except copper and aluminum)",9490,187,7,0.0687116564417178,0.5633017289459007,0.5161290322580645,50.74866310160428,33,Manufacturing,0.0295250158820863,0.0058957509352128,2.0,0.0182446128521576,24.0
331511,Iron foundries,32020,269,8,0.019830402217309532,0.8046325931302999,0.291044776119403,119.03345724907064,33,Manufacturing,0.0583306929114281,0.0173582306500512,4.0,0.0452554171612359,23.0
331512,Steel investment foundries,15144,106,8,0.009640781827786582,0.8297675647120972,0.16037735849056603,142.8679245283019,33,Manufacturing,0.0378863630272161,0.0119796345049933,3.0,0.0211052873876329,24.0
331513,Steel foundries (except investment),9928,141,7,0.03434730056406124,0.6583400483481063,0.3333333333333333,70.41134751773049,33,Manufacturing,0.0251235254186759,0.0088958354354959,3.0,0.0594893852823784,24.0
331523,Nonferrous metal die-casting foundries,27966,318,8,0.03444126936381411,0.7580463227553016,0.3911671924290221,87.94339622641509,33,Manufacturing,0.0279349909812665,0.0093087033437188,3.0,0.0673005811580607,24.0
331524,Aluminum foundries (except die-casting),13031,261,7,0.08910250485257418,0.5030039744893243,0.5310077519379846,49.9272030651341,33,Manufacturing,0.0295416279856176,0.0097950461635936,3.0,0.0532725950085781,24.0
331529,Other nonferrous metal foundries (except die-casting),9184,240,7,0.13163942798774259,0.48442288049029625,0.6092436974789915,38.266666666666666,33,Manufacturing,0.0305838564090673,0.009680721886993,3.0,0.0347704022055259,24.0
332111,Iron and steel forging,17126,283,7,0.044092254563394176,0.7221262950172669,0.524822695035461,60.51590106007067,33,Manufacturing,0.0103465214938322,0.0040444978682121,3.0,0.0232828224813891,24.0
332112,Nonferrous forging,6018,53,7,0.03956208011943269,0.651157004229908,0.39215686274509803,113.54716981132076,33,Manufacturing,0.0537408349217124,0.016133595935111,3.0,0.0306036370952226,24.0
332114,Custom roll forming,15190,373,7,0.10624018277880908,0.4553048693417107,0.5579514824797843,40.72386058981233,33,Manufacturing,0.028306385412932,0.0093597454008995,3.0,0.043930781059941,24.0
332117,Powder metallurgy part manufacturing,8859,134,7,0.05452082627836099,0.6884524212665086,0.43283582089552236,66.11194029850746,33,Manufacturing,0.0325183109800993,0.0113764153295861,3.0,0.0379746772697416,24.0
332119,"Metal crown, closure, and other metal stamping (except automotive)",45585,1094,8,0.09220138203356368,0.45892289130196334,0.4945155393053016,41.668190127970746,33,Manufacturing,0.0278434239532172,0.0100058488960408,3.0,0.0363577814372754,24.0
332215,"Metal kitchen cookware, utensil, cutlery, and flatware (except precious) manufacturing",6704,205,7,0.11212121212121212,0.642602495543672,0.7931034482758621,32.702439024390245,33,Manufacturing,0.0161466621295092,0.0045205595572912,3.0,0.0455859824150399,24.0
332216,Saw blade and handtool manufacturing,25058,775,8,0.12371298587277516,0.5567882512570835,0.6838709677419355,32.332903225806454,33,Manufacturing,0.0272240135540763,0.00988954339274,3.0,0.0375986639953883,24.0
332311,Prefabricated metal building and component manufacturing,30845,867,8,0.09586642891878748,0.5532177014102772,0.6459054209919262,35.57670126874279,33,Manufacturing,0.0383892923335263,0.0111891818866223,3.0,0.0211645145238625,24.0
332312,Fabricated structural metal manufacturing,114153,3434,8,0.13715992037159921,0.4436155085790122,0.6341107871720116,33.24199184624345,33,Manufacturing,0.0296357471093953,0.0122695385286329,3.0,0.0147779438314617,24.0
332313,Plate work manufacturing,47243,1726,7,0.15257175881333077,0.32753269547721486,0.6098550724637681,27.37137891077636,33,Manufacturing,0.0288688133625871,0.0084123125961603,3.0,0.0266993863799001,24.0
332321,Metal window and door manufacturing,59920,1027,8,0.07193875682209443,0.6922640196329805,0.5712890625,58.344693281402144,33,Manufacturing,0.0486469902427403,0.0174324507804396,3.0,0.0264060441282615,24.0
332322,Sheet metal work manufacturing,129616,4652,8,0.15786754830044425,0.38135694246862756,0.6546236559139785,27.862424763542563,33,Manufacturing,0.0424291432761836,0.0144280471196018,3.0,0.0249775246831098,24.0
332323,Ornamental and architectural metal work manufacturing,41236,2827,8,0.2971917741779028,0.29702201959452906,0.8273788468340998,14.586487442518571,33,Manufacturing,0.0469103789192695,0.014402003066093,3.0,0.0255237613427571,24.0
332410,Power boiler and heat exchanger manufacturing,23734,237,8,0.026415486013804557,0.7003996055840989,0.2692307692307692,100.14345991561181,33,Manufacturing,0.0218217312115803,0.0071447716982155,2.0,0.0175300402401167,24.0
332420,Metal tank (heavy gauge) manufacturing,32394,678,7,0.07803366659213594,0.5279011083783179,0.44970414201183434,47.7787610619469,33,Manufacturing,0.0508120035433404,0.0159681295187474,2.0,0.0068713902712277,24.0
332431,Metal can manufacturing,22475,170,7,0.007037264440561092,0.844896802531526,0.17261904761904762,132.2058823529412,33,Manufacturing,0.0397701820591914,0.0118109669776932,3.0,0.0229221662276949,24.0
332439,Other metal container manufacturing,10127,252,6,0.09847354527717204,0.5366693446574085,0.5903614457831325,40.18650793650794,33,Manufacturing,0.0396250879982917,0.0109653779051252,3.0,0.0289620698208218,24.0
332510,Hardware manufacturing,29290,532,8,0.06817125076004149,0.7244894309524661,0.60075329566855,55.056390977443606,33,Manufacturing,0.0329312846220928,0.0130134322825437,3.0,0.0389457691345013,24.0
332613,Spring manufacturing,15671,341,7,0.08464592984778292,0.5029781601588352,0.49117647058823527,45.956011730205276,33,Manufacturing,0.0237855734546872,0.0061353215154347,3.0,0.0369830358129709,24.0
332618,Other fabricated wire product manufacturing,19060,710,7,0.16012591815320043,0.3302728226652676,0.6366197183098592,26.845070422535212,33,Manufacturing,0.0396893891430336,0.0131937769135711,3.0,0.0565550849536545,24.0
332710,Machine shops,223313,17156,8,0.3474002856976531,0.1965940182613641,0.8325950104919562,13.016612263930986,33,Manufacturing,0.0279481919582941,0.0081896444455457,3.0,0.0205152660305428,24.0
332721,Precision turned product manufacturing,102699,3897,8,0.1827363649800463,0.3474996304872641,0.6583675564681725,26.35334872979215,33,Manufacturing,0.0230403645492893,0.0086014920723394,3.0,0.0438539370876419,24.0
332722,"Bolt, nut, screw, rivet, and washer manufacturing",37521,721,8,0.06625622984462035,0.6178673276298606,0.5006934812760055,52.04022191400832,33,Manufacturing,0.0223628619523971,0.0078953411596887,3.0,0.0317928350086227,24.0
332811,Metal heat treating,18995,697,7,0.17764082603524706,0.23256568277651637,0.5718390804597702,27.252510760401723,33,Manufacturing,0.023066811254051,0.0056776288992558,3.0,0.0224497965594183,24.0
332812,"Metal coating, engraving (except jewelry and silverware), and allied services to manufacturers",54251,2672,7,0.22404392204214857,0.22959077788049734,0.7239700374531836,20.303517964071855,33,Manufacturing,0.0430559753137296,0.0142007226764422,3.0,0.022591001708525,24.0
332813,"Electroplating, plating, polishing, anodizing, and coloring",47709,1990,7,0.1904335974103416,0.29429678848283497,0.661639014580191,23.974371859296483,33,Manufacturing,0.0386129251300626,0.0102925265998091,3.0,0.0530874276695282,24.0
332911,Industrial valve manufacturing,34046,472,8,0.045579984836997725,0.71724033358605,0.4543524416135881,72.13135593220339,33,Manufacturing,0.0217326742962101,0.0058326223129846,3.0,0.024767710589802,24.0
332912,Fluid power valve and hose fitting manufacturing,31136,331,8,0.03483599368531837,0.7691282231187511,0.45592705167173253,94.06646525679758,33,Manufacturing,0.0236982600739082,0.0056881637569666,3.0,0.0294755364740058,24.0
332913,Plumbing fixture fitting and trim manufacturing,9069,121,7,0.03291900013659336,0.7900560032782407,0.5714285714285714,74.9504132231405,33,Manufacturing,0.022426976464109,0.0083882450631034,3.0,0.016041199986799,24.0
332919,Other metal valve and pipe fitting manufacturing,13428,212,7,0.05746469675944821,0.634560444045384,0.4714285714285714,63.339622641509436,33,Manufacturing,0.0283915214859858,0.0115745179494345,3.0,0.018204943355198,24.0
332991,Ball and roller bearing manufacturing,18800,176,8,0.022340425531914895,0.8351063829787234,0.3465909090909091,106.81818181818181,33,Manufacturing,0.0095520570540703,0.0024722489065167,3.0,0.0391733373250195,24.0
332992,Small arms ammunition manufacturing,13789,172,7,0.07926689576174112,0.7925544100801832,0.7619047619047619,80.1686046511628,33,Manufacturing,0.0449724571612831,0.0108522156243394,4.0,0.0203358362731574,23.0
332993,Ammunition (except small arms) manufacturing,15596,60,6,0.061458718992965566,0.8148833765272121,0.5818181818181818,259.93333333333334,33,Manufacturing,0.0132343809081342,0.004267638146087,3.0,0.1493040200481354,24.0
332994,"Small arms, ordnance, and ordnance accessories manufacturing",25999,523,8,0.08969572999232933,0.6374840194323702,0.6917148362235067,49.7112810707457,33,Manufacturing,0.0210268297954262,0.0049306467024915,3.0,0.0541873420899949,24.0
332996,Fabricated pipe and pipe fitting manufacturing,28534,719,8,0.10051167028807738,0.5351860937828555,0.5841446453407511,39.68567454798331,33,Manufacturing,0.0304974126928666,0.0054279146894474,2.0,0.0180060249104078,24.0
332999,All other miscellaneous fabricated metal product manufacturing,66282,3501,8,0.2201050058839504,0.3790018406203796,0.7792059411596687,18.93230505569837,33,Manufacturing,0.0360980999556771,0.0123150399117712,3.0,0.0212852797179652,24.0
333111,Farm machinery and equipment manufacturing,69047,1120,8,0.0850785592030616,0.6643589299794227,0.6294964028776978,61.64910714285714,33,Manufacturing,0.0380943107424768,0.011938745673213,3.0,0.0188116021158405,24.0
333112,Lawn and garden tractor and home lawn and garden equipment manufacturing,21160,146,8,0.031000140272127927,0.8884135222331323,0.6338028169014085,144.93150684931507,33,Manufacturing,0.1718904234542955,0.0624782619479129,2.0,0.1398458516033127,24.0
333120,Construction machinery manufacturing,64700,651,8,0.04890701902185962,0.7318316853633663,0.5140625,99.38556067588326,33,Manufacturing,0.014812786716121,0.0058108200787495,3.0,0.0143841855898623,24.0
333131,Mining machinery and equipment manufacturing,10391,266,7,0.11173014586709887,0.5106361426256077,0.5660377358490566,39.06390977443609,33,Manufacturing,0.023640253227808,0.00826746198278,3.0,0.0223343777414718,24.0
333132,Oil and gas field machinery and equipment manufacturing,28571,622,8,0.08592628889433342,0.5783836757551363,0.5434083601286174,45.934083601286176,33,Manufacturing,0.0290522472430685,0.0094106512833853,2.0,0.0103454833681091,24.0
333241,Food product machinery manufacturing,19033,525,8,0.10744496400987757,0.5478379656386276,0.6304761904761905,36.25333333333333,33,Manufacturing,0.0269826753390591,0.0099548461942773,3.0,0.0145574785012761,24.0
333242,Semiconductor machinery manufacturing,28799,170,7,0.0654627539503386,0.6991802304859214,0.5838509316770186,169.40588235294118,33,Manufacturing,0.0230210000945147,0.0083106758727752,4.0,0.0167315616528387,23.0
333243,"Sawmill, woodworking, and paper machinery manufacturing",12466,391,7,0.11094176159152896,0.4754532327931975,0.629156010230179,31.88235294117647,33,Manufacturing,0.0152820781260447,0.0061298265679216,3.0,0.0387334304011926,24.0
333413,Industrial and commercial fan and blower and air purification equipment manufacturing,29098,479,8,0.05337136572960341,0.669221252319747,0.4551148225469729,60.74739039665971,33,Manufacturing,0.0512846924703087,0.0187175319768878,3.0,0.0200755146111323,24.0
333414,Heating equipment (except warm air furnaces) manufacturing,17079,354,7,0.08675367253010528,0.6335035621965828,0.6136363636363636,48.24576271186441,33,Manufacturing,0.0192884517802193,0.0056865736128361,4.0,0.0163240433209866,23.0
333415,Air-conditioning and warm air heating equipment and commercial and industrial refrigeration equipment manufacturing,101617,852,8,0.03326074312534661,0.8033977627788073,0.47368421052631576,119.26877934272301,33,Manufacturing,0.0516633222103646,0.0181055486425796,3.0,0.0416766000355323,24.0
333511,Industrial mold manufacturing,30855,1252,8,0.17611408199643494,0.3443202074218117,0.6781150159744409,24.644568690095845,33,Manufacturing,0.0211688410440109,0.0046065685179145,3.0,0.0467332522512851,24.0
333514,"Special die and tool, die set, jig, and fixture manufacturing",40467,1976,8,0.23243630612597918,0.33914053426248547,0.7424089068825911,20.47925101214575,33,Manufacturing,0.0152803906595582,0.0043923287025355,3.0,0.0496377841800422,24.0
333515,Cutting tool and machine tool accessory manufacturing,23991,1060,7,0.19736567879621525,0.4131966153974407,0.7311320754716981,22.633018867924527,33,Manufacturing,0.010097871395849,0.0035923681012667,3.0,0.0420118864407832,24.0
333517,Machine tool manufacturing,28524,1195,7,0.19726578206674708,0.3858866103739445,0.746431570109152,23.869456066945606,33,Manufacturing,0.0186331197961722,0.0050106624568928,3.0,0.0412632428796332,24.0
333519,Rolling mill and other metalworking machinery manufacturing,10371,289,7,0.1165750650853341,0.4650467650178382,0.5501730103806228,35.88581314878893,33,Manufacturing,0.0181402743173232,0.0032442290968126,2.0,0.055052351335608,24.0
333611,Turbine and turbine generator set units manufacturing,25748,199,7,0.04493538974572739,0.70862859524802,0.531578947368421,129.38693467336682,33,Manufacturing,0.0619841381405639,0.0191019215363624,4.0,0.0138142232843212,23.0
333612,"Speed changer, industrial high-speed drive, and gear manufacturing",10759,205,7,0.07153885743695317,0.5654143077714874,0.45320197044334976,52.482926829268294,33,Manufacturing,0.0185067538179985,0.0049734871323747,3.0,0.03327738457763,24.0
333613,Mechanical power transmission equipment manufacturing,17058,232,7,0.054125200642054574,0.6886677367576244,0.44782608695652176,73.52586206896552,33,Manufacturing,0.010697643327842,0.0043773935830991,3.0,0.0251073211912647,24.0
333618,Other engine equipment manufacturing,42686,263,8,0.03102905081144448,0.8661391361688098,0.48627450980392156,162.3041825095057,33,Manufacturing,0.0416513825292213,0.0120177161960299,3.0,0.0213351344336369,24.0
333912,Air and gas compressor manufacturing,20379,275,7,0.05489216522480809,0.6716217862800049,0.4981549815498155,74.10545454545455,33,Manufacturing,0.0163686161744111,0.0065033293693313,3.0,0.0265732038665235,24.0
333914,"Measuring, dispensing, and other pumping equipment manufacturing",37309,552,8,0.05231482759572647,0.7296469094221903,0.5009074410163339,67.58876811594203,33,Manufacturing,0.01188455569734,0.0032173478842902,2.0,0.0229815863687243,24.0
333921,Elevator and moving stairway manufacturing,8360,191,8,0.0923444976076555,0.6428229665071771,0.6282722513089005,43.769633507853406,33,Manufacturing,0.0485377740514707,0.0160582137018674,3.0,0.0306070151520255,24.0
333922,Conveyor and conveying equipment manufacturing,44787,805,8,0.0784668660475366,0.5441523689595467,0.4656679151061174,55.636024844720495,33,Manufacturing,0.0489450769668009,0.0179630025631833,3.0,0.0210701380210258,24.0
333923,"Overhead traveling crane, hoist, and monorail system manufacturing",20547,321,8,0.07487937094180021,0.5828915232024781,0.48589341692789967,64.00934579439253,33,Manufacturing,0.0401354296452135,0.0085930978666855,4.0,0.0360560492929457,23.0
333924,"Industrial truck, trailer, and stacker machinery manufacturing",31743,336,8,0.058247924685804385,0.7383480962760284,0.5572289156626506,94.47321428571429,33,Manufacturing,0.0321798677780947,0.0108300435364692,3.0,0.0132377284175127,24.0
333991,Power-driven handtool manufacturing,7217,118,7,0.1027906976744186,0.5816279069767442,0.6239316239316239,61.16101694915254,33,Manufacturing,0.0210474388907304,0.0057449791041639,3.0,0.0808024621769286,24.0
333992,Welding and soldering equipment manufacturing,16525,553,7,0.16109913793103448,0.5455280172413793,0.8163636363636364,29.88245931283906,33,Manufacturing,0.048111773563726,0.0187794409131094,3.0,0.0422377604868988,24.0
333993,Packaging machinery manufacturing,24451,523,8,0.07709296143307022,0.5635352337327717,0.5258126195028681,46.751434034416825,33,Manufacturing,0.0203314195593753,0.0053829835937795,3.0,0.0221152618295286,24.0
333994,Industrial process furnace and oven manufacturing,11055,319,7,0.1421796360820751,0.3801780874951607,0.5911949685534591,34.6551724137931,33,Manufacturing,0.0198238363095923,0.0069598205377561,3.0,0.0369836514746414,24.0
333995,Fluid power cylinder and actuator manufacturing,20490,298,8,0.04852181558413012,0.6519397736014947,0.4208754208754209,68.75838926174497,33,Manufacturing,0.0211676587550298,0.0083738006038538,3.0,0.0299051565412864,24.0
333996,Fluid power pump and motor manufacturing,12597,146,8,0.05224963715529753,0.7753265602322206,0.5763888888888888,86.28082191780823,33,Manufacturing,0.0221992227320447,0.004843164074227,3.0,0.0261046087797545,24.0
334111,Electronic computer manufacturing,13144,212,7,0.10043999393111819,0.5501441359429525,0.7067307692307693,62.0,33,Manufacturing,0.0581435228680171,0.0210468000329445,4.0,0.0372539352228183,23.0
334112,Computer storage device manufacturing,7221,61,6,0.163280662151994,0.3303235515425132,0.7090909090909091,118.37704918032787,33,Manufacturing,0.0276624958102138,0.0091346078367831,3.0,0.098849064749762,24.0
334118,Computer terminal and other computer peripheral equipment manufacturing,11143,284,8,0.11628857551604332,0.5889025137952176,0.6890459363957597,39.235915492957744,33,Manufacturing,0.0475427722298571,0.0139248571988333,4.0,0.0645346354169824,23.0
334210,Telephone apparatus manufacturing,8893,161,7,0.07689817063299337,0.552371701473207,0.643312101910828,55.2360248447205,33,Manufacturing,0.0827997017319353,0.0262110667212037,4.0,0.1273500794193756,23.0
334220,Radio and television broadcasting and wireless communications equipment manufacturing,52536,645,8,0.06522629208528866,0.6884507574564581,0.6037735849056604,81.45116279069768,33,Manufacturing,0.0259337936994019,0.0082754618727669,3.0,0.0519321796203053,24.0
334290,Other communications equipment manufacturing,12455,332,8,0.09891609795262947,0.6368526696105982,0.6656626506024096,37.515060240963855,33,Manufacturing,0.0256488524621172,0.006571844095928,4.0,0.0324301634545202,23.0
334310,Audio and video equipment manufacturing,10977,539,7,0.18845712098009187,0.48411179173047475,0.8029739776951673,20.365491651205936,33,Manufacturing,0.062754590780645,0.0155180820330257,4.0,0.0048141839859125,23.0
334412,Bare printed circuit board manufacturing,22440,394,8,0.051426024955436724,0.6959001782531195,0.5431472081218274,56.954314720812185,33,Manufacturing,0.0242879639330876,0.0075326899067302,3.0,0.0735732548028045,24.0
334413,Semiconductor and related device manufacturing,116831,822,8,0.052501000400160064,0.7810124049619848,0.62375,142.1301703163017,33,Manufacturing,0.0216916618327725,0.0054646916478246,3.0,0.024371037937083,24.0
334416,"Capacitor, resistor, coil, transformer, and other inductor manufacturing",15225,322,7,0.08209107616908311,0.5265128309849568,0.4797507788161994,47.28260869565217,33,Manufacturing,0.0239882384809726,0.0091700429214494,3.0,0.0748063730939842,24.0
334417,Electronic connector manufacturing,20430,206,7,0.04489549535954124,0.7170451973138158,0.465,99.1747572815534,33,Manufacturing,0.0148556074702697,0.0039788791983738,3.0,0.0471382163724923,24.0
334418,Printed circuit assembly (electronic assembly) manufacturing,49932,861,8,0.05977076003194681,0.6234809074621711,0.49533799533799533,57.99303135888502,33,Manufacturing,0.0173788532360484,0.0045248555704479,3.0,0.0552863371047006,24.0
334419,Other electronic component manufacturing,54983,1081,8,0.07114551312914337,0.647846376060146,0.5648148148148148,50.86308973172988,33,Manufacturing,0.0260651360865601,0.009330945482724,3.0,0.0487921075047741,24.0
334510,Electromedical and electrotherapeutic apparatus manufacturing,94361,892,8,0.04263704209399389,0.7907092209585577,0.5594965675057209,105.78587443946188,33,Manufacturing,0.0353559910000462,0.0074155019234664,4.0,0.0145443295329117,23.0
334511,"Search, detection, navigation, guidance, aeronautical, and nautical system and instrument manufacturing",127864,522,8,0.03276326796170648,0.8105539548285157,0.4784394250513347,244.95019157088123,33,Manufacturing,0.0442524907486971,0.0147889413901562,3.0,0.0202742664636238,24.0
334512,"Automatic environmental control manufacturing for residential, commercial, and appliance use",13458,233,7,0.09036417100203574,0.6023524089572495,0.6434782608695652,57.75965665236051,33,Manufacturing,0.0270283565731516,0.00814919842795,3.0,0.070531261439275,24.0
334513,"Instruments and related products manufacturing for measuring, displaying, and controlling industrial process variables",39166,889,8,0.0906108026249369,0.6221324807897246,0.6279594137542277,44.0562429696288,33,Manufacturing,0.0209533552187227,0.00707295984179,3.0,0.024003034929138,24.0
334514,Totalizing fluid meter and counting device manufacturing,11939,156,8,0.04640254627690761,0.7915235781891281,0.5384615384615384,76.53205128205128,33,Manufacturing,0.0260886796564945,0.0065606192604271,3.0,0.0259254109297977,24.0
334515,Instrument manufacturing for measuring and testing electricity and electrical systems,29914,672,8,0.09358098491317962,0.6174210076857387,0.6289120715350224,44.51488095238095,33,Manufacturing,0.0123329499128426,0.0030881546874185,3.0,0.0357340521928097,24.0
334516,Analytical laboratory instrument manufacturing,50576,652,8,0.055375341626012105,0.7067507854205513,0.5605590062111802,77.57055214723927,33,Manufacturing,0.0163144689736052,0.0040104319806566,4.0,0.0162011863051134,23.0
334517,Irradiation apparatus manufacturing,12598,121,8,0.05169034786869182,0.760656540911318,0.5169491525423728,104.11570247933884,33,Manufacturing,0.0316736932934832,0.0096254947567649,3.0,0.0390615023663444,24.0
334519,Other measuring and controlling device manufacturing,34818,913,8,0.09742087426044001,0.5759090125797002,0.6319824753559693,38.13581599123768,33,Manufacturing,0.0269815013207101,0.0063469416708906,4.0,0.0207398702006575,23.0
335210,Small electrical appliance manufacturing,8857,178,8,0.07852856770153926,0.7410644403861205,0.6892655367231638,49.758426966292134,33,Manufacturing,0.0431906766894394,0.0168380209805168,3.0,0.0436869707594861,24.0
335220,Major household appliance manufacturing,47877,180,8,0.036921060297116226,0.8209292164287795,0.6172839506172839,265.98333333333335,33,Manufacturing,0.032810068566595,0.0060325070000812,2.0,0.0330940382253911,24.0
335311,"Power, distribution, and specialty transformer manufacturing",26731,242,8,0.029404823712653985,0.7969981592485958,0.44166666666666665,110.45867768595042,33,Manufacturing,0.0233145521414743,0.0094488731025546,3.0,0.0147690127547977,24.0
335312,Motor and generator manufacturing,29856,398,8,0.05396154658778787,0.7397844918656243,0.5572519083969466,75.01507537688443,33,Manufacturing,0.0270748103895127,0.0107632924264274,3.0,0.0311486533853467,24.0
335313,Switchgear and switchboard apparatus manufacturing,35801,449,8,0.055172183885055175,0.7401073440677401,0.5483146067415731,79.73496659242761,33,Manufacturing,0.0211944350348048,0.0068808835841933,3.0,0.0180277011461924,24.0
335314,Relay and industrial control manufacturing,33267,704,8,0.09639860920603528,0.619349899518326,0.6173541963015647,47.25426136363637,33,Manufacturing,0.0188788585421546,0.0065363891762207,3.0,0.0203517123191854,24.0
335921,Fiber optic cable manufacturing,8325,130,7,0.051644736842105264,0.653125,0.6299212598425197,64.03846153846153,33,Manufacturing,0.050078016325214,0.0145932304900708,4.0,0.0175389475356301,23.0
335929,Other communication and energy wire manufacturing,15936,212,8,0.03834086345381526,0.7383283132530121,0.42452830188679247,75.16981132075472,33,Manufacturing,0.0242722417774913,0.0077365055682991,3.0,0.0321062757676926,24.0
335931,Current-carrying wiring device manufacturing,24429,397,8,0.051578042490482624,0.6665029268492365,0.4534005037783375,61.53400503778337,33,Manufacturing,0.0249156485598762,0.0096629868955342,3.0,0.0363831904595329,24.0
335932,Noncurrent-carrying wiring device manufacturing,13934,155,7,0.03164942178940962,0.7612381532040692,0.4276315789473684,89.89677419354838,33,Manufacturing,0.0367389667606542,0.0145618665647335,3.0,0.0177372232956935,24.0
335991,Carbon and graphite product manufacturing,9844,179,7,0.07454856027330405,0.5627135187896535,0.5310734463276836,54.99441340782123,33,Manufacturing,0.0161592978852562,0.004064605702109,2.0,0.0143482717028308,24.0
335999,All other miscellaneous electrical equipment and component manufacturing,40468,828,8,0.08202125845506736,0.6718581253907804,0.6630303030303031,48.8743961352657,33,Manufacturing,0.0275205257479945,0.0085444372222899,3.0,0.0191277957758879,24.0
336120,Heavy duty truck manufacturing,40522,109,8,0.011931287285272766,0.9008121900380939,0.3402061855670103,371.76146788990826,33,Manufacturing,0.0340696048893045,0.0077898582412348,4.0,0.0300985912735537,23.0
336211,Motor vehicle body manufacturing,58318,855,8,0.055583164494055586,0.6991857486906992,0.4900117508813161,68.20818713450292,33,Manufacturing,0.0349467613609507,0.0121042019391506,3.0,0.0221534129798452,24.0
336212,Truck trailer manufacturing,45403,569,8,0.04903599979100266,0.6961178744971002,0.4858156028368794,79.79437609841828,33,Manufacturing,0.0541246870346257,0.0203932943890047,3.0,0.0255506294939227,24.0
336213,Motor home manufacturing,11862,71,6,0.04981284192340916,0.7146559170745753,0.5606060606060606,167.07042253521126,33,Manufacturing,0.0624229245811851,0.0198155787298845,3.0,0.0644106624992571,24.0
336214,Travel trailer and camper manufacturing,54952,704,8,0.058820642438222374,0.6855046501926333,0.5328571428571428,78.05681818181819,33,Manufacturing,0.0893240624292138,0.0282857599093086,3.0,0.0619283032523779,24.0
336310,Motor vehicle gasoline engine and engine parts manufacturing,61615,696,8,0.061660387163830065,0.7969078861894244,0.6857562408223201,88.52729885057471,33,Manufacturing,0.046332530351729,0.0162824951426849,4.0,0.0421114165982845,23.0
336320,Motor vehicle electrical and electronic equipment manufacturing,60662,574,8,0.04230353929214157,0.8019676064787042,0.5701598579040853,105.6829268292683,33,Manufacturing,0.0262256176016741,0.0069875997448538,3.0,0.0486380809700703,24.0
336330,Motor vehicle steering and suspension components (except spring) manufacturing,34702,267,8,0.023554245124974872,0.8626616632044495,0.44528301886792454,129.97003745318352,33,Manufacturing,0.1443764310525465,0.0522808559235945,4.0,0.0539417513095247,23.0
336340,Motor vehicle brake system manufacturing,20474,168,8,0.022119719048118252,0.8705315022539051,0.437125748502994,121.86904761904762,33,Manufacturing,0.0591752288486561,0.016709235660632,4.0,0.0778033242719132,23.0
336350,Motor vehicle transmission and power train parts manufacturing,85065,466,8,0.02417833781451904,0.8580400497612264,0.4407158836689038,182.54291845493563,33,Manufacturing,0.0801359288348985,0.0292347766824008,4.0,0.0339602909880363,23.0
336360,Motor vehicle seating and interior trim manufacturing,74754,437,8,0.014924651462648078,0.8961882504633734,0.34192037470725994,171.06178489702518,33,Manufacturing,0.0293835611768772,0.0095617328942977,3.0,0.0453176397546314,24.0
336370,Motor vehicle metal stamping,106098,728,8,0.014778161161838617,0.8216857310862836,0.23430962343096234,145.73901098901098,33,Manufacturing,0.0768015995583744,0.0258706380375715,4.0,0.0580094162968131,23.0
336390,Other motor vehicle parts manufacturing,143867,1323,8,0.03284613783052259,0.8293733083489486,0.5080336648814078,108.74300831443689,33,Manufacturing,0.0257847776073971,0.0083157851204593,3.0,0.0290962336645651,24.0
336411,Aircraft manufacturing,172941,358,8,0.048790544255085215,0.8216969030602895,0.6666666666666666,483.0754189944134,33,Manufacturing,0.0783892285541273,0.0208943665926185,3.0,0.0100755087483895,24.0
336412,Aircraft engine and engine parts manufacturing,75499,440,8,0.02484053544155961,0.8135387656095588,0.40930232558139534,171.58863636363637,33,Manufacturing,0.0233072199372102,0.0093768411441621,3.0,0.0263165870108354,24.0
336413,Other aircraft parts and auxiliary equipment manufacturing,104573,966,8,0.040776482400847885,0.7540441791710827,0.4627492130115425,108.2536231884058,33,Manufacturing,0.0197860628194238,0.006415103508859,3.0,0.0073193935148454,24.0
336414,Guided missile and space vehicle manufacturing,29556,52,7,0.02577319587628866,0.831302717900656,0.46511627906976744,568.3846153846154,33,Manufacturing,0.0524907174777346,0.0136005822401414,3.0,0.1054486394577923,24.0
336415,Guided missile and space vehicle propulsion unit and propulsion unit parts manufacturing,39117,39,4,0.0008577800651912849,0.9991422199348087,0.23809523809523808,1003.0,33,Manufacturing,0.0335007935690408,0.0086820108130093,2.0,0.0345782746027769,24.0
336419,Other guided missile and space vehicle parts and auxiliary equipment manufacturing,7042,52,6,0.023456457266109464,0.6651388514424373,0.2765957446808511,135.42307692307693,33,Manufacturing,0.0312219498158995,0.0094987027596084,3.0,0.0315854597158797,24.0
336510,Railroad rolling stock manufacturing,27831,220,8,0.029162476655652924,0.7515203754249868,0.3623853211009174,126.50454545454545,33,Manufacturing,0.007221064106229,0.0019771003495518,1.0,0.0090343533029012,23.0
336611,Ship building and repairing,99786,497,8,0.05174353205849269,0.6894395553496989,0.4742268041237113,200.77665995975855,33,Manufacturing,0.0286195540229986,0.0084880768769697,3.0,0.0162627241537436,24.0
336612,Boat building,50835,930,8,0.06717032097410683,0.7501635469643573,0.6655879180151025,54.66129032258065,33,Manufacturing,0.0403044036566323,0.0120423538296862,3.0,0.0345686606014769,24.0
336991,"Motorcycle, bicycle, and parts manufacturing",8445,429,7,0.25502828409805156,0.3742928975487115,0.8384074941451991,19.685314685314687,33,Manufacturing,0.0410533796350258,0.0157856459466674,3.0,0.0867908956569862,24.0
336992,"Military armored vehicle, tank, and tank component manufacturing",11831,62,7,0.023509811181044057,0.8084042947056646,0.423728813559322,190.82258064516128,33,Manufacturing,0.0320856067333516,0.0104216100514315,1.0,0.0267601885215178,23.0
336999,All other transportation equipment manufacturing,20354,457,7,0.17765981477298395,0.5203297944431895,0.821826280623608,44.538293216630194,33,Manufacturing,0.0398583613686854,0.0081368330481179,4.0,0.0482809859729551,23.0
337110,Wood kitchen cabinet and countertop manufacturing,100225,6055,8,0.278501981334315,0.46479071479612827,0.8727272727272727,16.552436003303054,33,Manufacturing,0.0513186611939948,0.0175020287934992,3.0,0.0330304160804121,24.0
337121,Upholstered household furniture manufacturing,62963,988,8,0.08945121063612985,0.7081372216022126,0.712678936605317,63.727732793522264,33,Manufacturing,0.0409577080323567,0.0127725636236961,3.0,0.0584343359484138,24.0
337122,Nonupholstered wood household furniture manufacturing,22266,2075,7,0.38100985717159525,0.29023335345001006,0.8986975397973951,10.730602409638553,33,Manufacturing,0.0386492983013325,0.0113967072696515,3.0,0.105986769693849,24.0
337127,Institutional furniture manufacturing,21451,516,8,0.0953335508834087,0.5772225071092256,0.5581395348837209,41.57170542635659,33,Manufacturing,0.1113213677314938,0.0441791478187452,3.0,0.0740767667280959,24.0
337211,Wood office furniture manufacturing,13196,299,8,0.10173285797197579,0.7326092363817263,0.7416107382550335,44.13377926421405,33,Manufacturing,0.0335089732505265,0.0128181748356581,3.0,0.0687465148897908,24.0
337212,Custom architectural woodwork and millwork manufacturing,45382,2371,7,0.2274690405887797,0.24066810629765106,0.7237452551665964,19.140447068747363,33,Manufacturing,0.0381956442761284,0.0121337982263332,3.0,0.0313077512809493,24.0
337214,Office furniture (except wood) manufacturing,17471,189,8,0.04618750506441942,0.7483996434648732,0.5614973262032086,92.43915343915344,33,Manufacturing,0.0256604187173686,0.0049804182195948,2.0,0.0853987909201068,24.0
337215,"Showcase, partition, shelving, and locker manufacturing",28674,789,8,0.10009067447862174,0.5494524656483225,0.6451204055766794,36.342205323193916,33,Manufacturing,0.0426539668864193,0.0136457129946647,3.0,0.0612073475748963,24.0
337910,Mattress manufacturing,22226,385,8,0.058175110231260686,0.7089444794384955,0.5298701298701298,57.72987012987013,33,Manufacturing,0.0273496235595512,0.0082715990536613,3.0,0.0634842492038571,24.0
337920,Blind and shade manufacturing,10694,335,8,0.11080979988778754,0.6316626145502151,0.7492537313432835,31.922388059701493,33,Manufacturing,0.0295866405129409,0.0087682482911132,3.0,0.0741598258967694,24.0
339112,Surgical and medical instrument manufacturing,132354,1310,8,0.04158159344881337,0.7865595292981186,0.5623547637490317,101.03358778625955,33,Manufacturing,0.0157711355775717,0.0042932259730737,3.0,0.019016014570569,24.0
339113,Surgical appliance and supplies manufacturing,93937,1804,8,0.0989116880172316,0.6818813059743793,0.7066369213608478,52.07150776053215,33,Manufacturing,0.0257910933888964,0.0065305613384267,3.0,0.0202281766115318,24.0
339114,Dental equipment and supplies manufacturing,16518,503,8,0.11412239408204439,0.6982515131136516,0.7948207171314741,32.8389662027833,33,Manufacturing,0.0189158787913599,0.0051137181809625,3.0,0.0089304584032702,24.0
339115,Ophthalmic goods manufacturing,23391,426,8,0.1056228469829981,0.6363484831647961,0.6595744680851063,54.90845070422535,33,Manufacturing,0.0259893340688632,0.0052835820198224,3.0,0.0295152494226422,24.0
339116,Dental laboratories,42188,4782,7,0.4528933399576393,0.1896033260988939,0.9182008368200837,8.822250104558762,33,Manufacturing,0.0274139668932599,0.0065487628340026,4.0,0.0333695538241541,23.0
339910,Jewelry and silverware manufacturing,19188,1844,8,0.32326012469808457,0.3773521316632028,0.9137276180141074,10.405639913232104,33,Manufacturing,0.0251889490733198,0.00733229841253,4.0,0.0340026849055567,23.0
339920,Sporting and athletic goods manufacturing,39073,1662,8,0.15770480894735495,0.5864151716018734,0.8014440433212996,23.50962695547533,33,Manufacturing,0.0506184893706636,0.0171351477652677,3.0,0.0455007825591919,24.0
339930,"Doll, toy, and game manufacturing",5442,485,6,0.4030520646319569,0.1826750448833034,0.8902691511387164,11.22061855670103,33,Manufacturing,0.032338479498876,0.0114001765075792,4.0,0.030766991756304,23.0
339940,Office supplies (except paper) manufacturing,9961,368,7,0.18093162000917853,0.5017209729233594,0.7923497267759563,27.067934782608695,33,Manufacturing,0.0330383480356754,0.0128679283409392,3.0,0.0431810636574657,24.0
339950,Sign manufacturing,75898,5895,7,0.33681386311145534,0.25459499080310344,0.8555668703326544,12.874978795589483,33,Manufacturing,0.0343408403855058,0.0108774616175019,3.0,0.0256410429407776,24.0
339991,"Gasket, packing, and sealing device manufacturing",32313,620,8,0.07767771485160771,0.669049608516696,0.582258064516129,52.11774193548387,33,Manufacturing,0.0242255541241727,0.0086928862113288,3.0,0.0361282333234015,24.0
339992,Musical instrument manufacturing,11633,609,7,0.21200522778192682,0.5135362210604929,0.8500823723228995,19.101806239737275,33,Manufacturing,0.026907949398965,0.00860962684984,3.0,0.0286604144060459,24.0
339993,"Fastener, button, needle, and pin manufacturing",3341,89,6,0.162406015037594,0.5072681704260652,0.7471264367816092,37.53932584269663,33,Manufacturing,0.0296608105257924,0.006227248404158,3.0,0.0743536610721472,24.0
339994,"Broom, brush, and mop manufacturing",8781,145,8,0.06457123334472156,0.7550392893747865,0.5862068965517241,60.55862068965517,33,Manufacturing,0.0443848514572936,0.0169687600667118,3.0,0.0356864426776366,24.0
339995,Burial casket manufacturing,3369,72,7,0.09201543484713565,0.7174235678242802,0.6527777777777778,46.791666666666664,33,Manufacturing,0.0514714876214545,0.0164608825060814,2.0,0.0505407381134291,24.0
339999,All other miscellaneous manufacturing,40510,3012,7,0.34094757080953886,0.3139151146440153,0.8733377659574468,13.449535192563081,33,Manufacturing,0.2152736679943827,0.0739031462916967,4.0,0.0497429777292374,23.0
423110,Automobile and other motor vehicle merchant wholesalers,135951,6117,8,0.15781456281100842,0.28852989196240947,0.7036976439790575,22.225110348209906,42,Wholesale trade,0.0267714735875445,0.005094924053283,3.0,0.0138244739878831,24.0
423120,Motor vehicle supplies and new parts merchant wholesalers,218432,12266,8,0.28691608932963575,0.30957187233583866,0.8094150281471812,17.807924343714333,42,Wholesale trade,0.0306417474842798,0.0068782912119287,4.0,0.0299836615705359,23.0
423130,Tire and tube merchant wholesalers,46488,2695,7,0.3262192471529166,0.12811875163000958,0.7431328878990349,17.249721706864563,42,Wholesale trade,0.0435914660966658,0.0143909797932179,3.0,0.034656093693513,24.0
423140,Motor vehicle parts (used) merchant wholesalers,25772,1805,8,0.3059909979823064,0.3234130063634953,0.8476454293628809,14.278116343490305,42,Wholesale trade,0.0353474863956394,0.0075106623577778,3.0,0.0358449722752664,24.0
423210,Furniture merchant wholesalers,67517,5023,7,0.2988349426537921,0.23704610363117096,0.832105158334993,13.44156878359546,42,Wholesale trade,0.0363978999010447,0.0081462428349681,3.0,0.0277363483603254,24.0
423220,Home furnishing merchant wholesalers,91550,6585,8,0.30850901146914256,0.3149317312943747,0.8458618071374335,13.90280941533789,42,Wholesale trade,0.0204320522434093,0.0053842726700632,4.0,0.0202061216482619,23.0
423310,"Lumber, plywood, millwork, and wood panel merchant wholesalers",130158,7048,7,0.2683124527826744,0.20080741626794257,0.7413401476433844,18.467366628830874,42,Wholesale trade,0.0357403098484009,0.0098564667768504,3.0,0.0291520674906879,24.0
423320,"Brick, stone, and related construction material merchant wholesalers",37399,3736,6,0.5019287997354789,0.11104375619971343,0.8869844670594537,10.01043897216274,42,Wholesale trade,0.0927893422603375,0.0259120368658827,4.0,0.0683698117642696,23.0
423330,"Roofing, siding, and insulation material merchant wholesalers",50236,3581,7,0.5011853578173343,0.09064973681038294,0.8273743016759777,14.028483663781067,42,Wholesale trade,0.0573168224829885,0.0134970638040506,4.0,0.0556170302601235,23.0
423390,Other construction material merchant wholesalers,51293,3756,7,0.36532513917433207,0.18069716862541652,0.8276505061267981,13.656283280085198,42,Wholesale trade,0.050063934606761,0.010683802915821,3.0,0.0515228884623748,24.0
423410,Photographic equipment and supplies merchant wholesalers,6620,485,6,0.3071111841024799,0.269995073082608,0.8553719008264463,13.649484536082474,42,Wholesale trade,0.036779527319499,0.0147260760074134,4.0,0.0210390662850383,23.0
423420,Office equipment merchant wholesalers,83163,5377,8,0.2689898151822325,0.3142623522479949,0.8242514413241585,15.46643109540636,42,Wholesale trade,0.0319065766739437,0.0093095046709173,4.0,0.0606115482804589,23.0
423430,Computer and computer peripheral equipment and software merchant wholesalers,193943,6677,8,0.14966042736458507,0.5589505740242862,0.7874417905963648,29.046428036543357,42,Wholesale trade,0.0533785787972752,0.0173811225127321,4.0,0.0184309698854307,23.0
423440,Other commercial equipment merchant wholesalers,49828,3637,8,0.32218832784779644,0.31371919402745446,0.8548254055540281,13.700302447071762,42,Wholesale trade,0.0321357455692668,0.0068601072728289,4.0,0.0164694131636917,23.0
423450,"Medical, dental, and hospital equipment and supplies merchant wholesalers",272209,10296,8,0.15716612377850162,0.5891118988311937,0.8372613946240748,26.438325563325563,42,Wholesale trade,0.0418490055224438,0.0125356828267412,4.0,0.0253570720405633,23.0
423460,Ophthalmic goods merchant wholesalers,19689,999,8,0.17796739296053635,0.5121133627914064,0.8188188188188188,19.70870870870871,42,Wholesale trade,0.0393188153014106,0.0079504346092207,3.0,0.0317789252716052,24.0
423490,Other professional equipment and supplies merchant wholesalers,44956,2392,8,0.25588251654892363,0.40557378873004396,0.8537913699204022,18.794314381270905,42,Wholesale trade,0.061756602426499,0.022763704439241,3.0,0.0475737219500059,24.0
423510,Metal service centers and other metal merchant wholesalers,145207,8608,8,0.2669223935485204,0.2167457491718719,0.7632434944237918,16.868842936802974,42,Wholesale trade,0.0233495077641431,0.0057161120197962,3.0,0.0193595467225428,24.0
423520,Coal and other mineral and ore merchant wholesalers,2151,284,4,0.7085261070720423,,0.9535714285714286,7.573943661971831,42,Wholesale trade,0.0438577557729442,0.0164632181259066,4.0,0.0307776669508076,23.0
423610,"Electrical apparatus and equipment, wiring supplies, and related equipment merchant wholesalers",229921,13379,8,0.3015827716170182,0.30796549974632165,0.8075370121130552,17.185215636445175,42,Wholesale trade,0.0220082960587305,0.0053192666819535,4.0,0.0116837835026453,23.0
423620,"Household appliances, electric housewares, and consumer electronics merchant wholesalers",52157,2514,8,0.20981316647572046,0.4808319379571693,0.8315412186379928,20.74661893396977,42,Wholesale trade,0.0357712015147436,0.008698079063312,4.0,0.0155795341549899,23.0
423690,Other electronic parts and equipment merchant wholesalers,255269,10076,8,0.2031243542587924,0.4934599330495516,0.8177114427860697,25.33435887256848,42,Wholesale trade,0.0425639084745438,0.011529657042134,4.0,0.0346848218043181,23.0
423710,Hardware merchant wholesalers,99773,5967,8,0.27404826020381223,0.36718939753946883,0.8291415157612341,16.72079772079772,42,Wholesale trade,0.0352613222094862,0.0106363934415258,3.0,0.0202530383442966,24.0
423720,Plumbing and heating equipment and supplies (hydronics) merchant wholesalers,84257,6410,8,0.40423941037539907,0.17011049527042263,0.8315132605304212,13.144617784711388,42,Wholesale trade,0.0218366351330192,0.0053856770047652,3.0,0.0195888591069882,24.0
423730,Warm air heating and air-conditioning equipment and supplies merchant wholesalers,94849,6477,8,0.3805371311852575,0.2489927387405587,0.8480074142724745,14.643970974216458,42,Wholesale trade,0.0316908512778242,0.0087417396191858,3.0,0.0274163764337852,24.0
423740,Refrigeration equipment and supplies merchant wholesalers,12348,1262,6,0.48905780153691947,0.05872034747744738,0.887390959555908,9.78446909667195,42,Wholesale trade,0.041841428043896,0.0114669514653508,3.0,0.0271120643935417,24.0
423810,Construction and mining (except oil well) machinery and equipment merchant wholesalers,107724,4701,8,0.2083309884255351,0.3381075656105202,0.6997872340425532,22.915124441608167,42,Wholesale trade,0.0210045134952715,0.003311147375535,4.0,0.0181206069152394,23.0
423820,Farm and garden machinery and equipment merchant wholesalers,112992,7500,8,0.36296374964599265,0.1442668507504956,0.7630666666666667,15.0656,42,Wholesale trade,0.0503705333273067,0.011412809303101,3.0,0.0495271325921064,24.0
423830,Industrial machinery and equipment merchant wholesalers,374989,25949,8,0.3152339038480738,0.2694461159036268,0.827603484159408,14.451000038537131,42,Wholesale trade,0.0197939530566673,0.0041459812359825,4.0,0.0115210426053273,23.0
423840,Industrial supplies merchant wholesalers,114267,9605,8,0.4192656892771062,0.1988456171508309,0.870873685306675,11.896616345653305,42,Wholesale trade,0.0228576207348002,0.0046517088493069,4.0,0.0133070612671048,23.0
423850,Service establishment equipment and supplies merchant wholesalers,54608,5296,7,0.4523906824683286,0.20524204034624957,0.9002832861189801,10.311178247734139,42,Wholesale trade,0.0323459500062209,0.0073124987147623,4.0,0.0240440942123274,23.0
423860,Transportation equipment and supplies (except motor vehicle) merchant wholesalers,35172,2375,8,0.2670305925167747,0.3925850108040487,0.8517894736842105,14.809263157894737,42,Wholesale trade,0.0479662112785491,0.0128091075048386,4.0,0.0203554221443567,23.0
423910,Sporting and recreational goods and supplies merchant wholesalers,69851,5355,8,0.3223572554249,0.3116286822645169,0.8680866965620329,13.04407096171802,42,Wholesale trade,0.0790194404099347,0.0240197021749653,3.0,0.0713477897004741,24.0
423920,Toy and hobby goods and supplies merchant wholesalers,33519,1984,8,0.2270229851425599,0.48470366396826947,0.8632694248234107,16.894657258064516,42,Wholesale trade,0.3723928868881289,0.1278448239138028,3.0,0.1117409241436753,24.0
423930,Recyclable material merchant wholesalers,106002,7744,7,0.3503968743183909,0.1581617654031807,0.8100219553144776,13.68827479338843,42,Wholesale trade,0.0392855390978154,0.0090427448701827,3.0,0.0300745378088306,24.0
423940,"Jewelry, watch, precious stone, and precious metal merchant wholesalers",38194,6949,7,0.5978471952505132,0.15663319092270986,0.9625683846818313,5.4963304072528425,42,Wholesale trade,0.0446256263864483,0.0168476410622762,4.0,0.0166487750563641,23.0
423990,Other miscellaneous durable goods merchant wholesalers,85467,10111,8,0.39997893923970657,0.2539693682941954,0.9129660765502917,8.452873108495698,42,Wholesale trade,0.0671819208218622,0.0192369578334109,4.0,0.0438501309227502,23.0
424110,Printing and writing paper merchant wholesalers,7540,643,6,0.3462257368799425,0.14148094895758448,0.8504672897196262,11.726283048211508,42,Wholesale trade,0.0192274075885,0.0044104518436579,4.0,0.0654910331171944,23.0
424120,Stationery and office supplies merchant wholesalers,54346,3190,8,0.2674592439666833,0.3405946702736053,0.8557541549074945,17.036363636363635,42,Wholesale trade,0.0414928005454252,0.0126295460501369,3.0,0.0646505083811165,24.0
424130,Industrial and personal service paper merchant wholesalers,66154,3770,8,0.2380657254285455,0.33042597575354477,0.7875331564986737,17.547480106100796,42,Wholesale trade,0.0293821660045444,0.0073600389616404,3.0,0.0191776006825262,24.0
424210,Drugs and druggists' sundries merchant wholesalers,302952,8919,8,0.15060927082886566,0.5626402847870531,0.7865585950692333,33.96703666330306,42,Wholesale trade,0.0688473143331485,0.0250468623252848,4.0,0.0226285674883211,23.0
424310,"Piece goods, notions, and other dry goods merchant wholesalers",21231,2844,7,0.4574914040789412,0.14667231877914372,0.9191279887482419,7.465189873417722,42,Wholesale trade,0.0475880600964029,0.0146252493453607,4.0,0.0446345213091655,23.0
424340,Footwear merchant wholesalers,28099,1153,8,0.20466011338222292,0.5477713631871847,0.8667247386759582,24.37033824804857,42,Wholesale trade,0.0340338180549778,0.0100503334761492,3.0,0.0304609662339272,24.0
424410,General line grocery merchant wholesalers,176062,3383,8,0.056295164502110286,0.7953836712713064,0.7265717674970344,52.04315696127697,42,Wholesale trade,0.038469588175482,0.0091909399192067,3.0,0.0198270488826551,24.0
424420,Packaged frozen food merchant wholesalers,78266,2994,8,0.16190221031480242,0.5632953784326858,0.779003677699766,26.140948563794254,42,Wholesale trade,0.0559707728848019,0.0138362645255567,4.0,0.0161430290480013,23.0
424430,Dairy product (except dried or canned) merchant wholesalers,38803,1766,7,0.19748323933170162,0.32723209534957964,0.7273242630385488,21.9722536806342,42,Wholesale trade,0.0554389760397757,0.0157459927530723,3.0,0.03826339441209,24.0
424440,Poultry and poultry product merchant wholesalers,8296,407,7,0.1959980713596914,0.3126808100289296,0.7469287469287469,20.383292383292382,42,Wholesale trade,0.0309394204192788,0.0086904543496331,3.0,0.0082131297844783,24.0
424450,Confectionery merchant wholesalers,42754,2245,8,0.20631651218674907,0.47466265282949116,0.8327386262265835,19.044097995545656,42,Wholesale trade,0.0545927584393721,0.0189421365844339,4.0,0.0402639713682942,23.0
424460,Fish and seafood merchant wholesalers,22111,2008,7,0.3198408032201167,0.17923205644249468,0.8520916334661355,11.011454183266933,42,Wholesale trade,0.0818645913952839,0.0223134754903937,3.0,0.0794674234442553,24.0
424470,Meat and meat product merchant wholesalers,53190,2220,8,0.18256099432254105,0.47684901028080406,0.7534925642181163,23.95945945945946,42,Wholesale trade,0.0308978837475794,0.0065339832115768,4.0,0.0204848001402191,23.0
424480,Fresh fruit and vegetable merchant wholesalers,110154,4914,8,0.1634565187525759,0.5144113202362962,0.7767148381844087,22.416361416361415,42,Wholesale trade,0.1583358539074269,0.0326402412800164,4.0,0.0518455003701703,23.0
424490,Other grocery and related products merchant wholesalers,342514,14991,8,0.16083038057536297,0.47748456489039653,0.7771325590708851,22.84797545193783,42,Wholesale trade,0.0388406868505673,0.0076518010765019,3.0,0.0224456488590879,24.0
424510,Grain and field bean merchant wholesalers,44260,4407,6,0.5259834981993892,0.07355153393809545,0.8815251929187472,10.043113228953937,42,Wholesale trade,0.2409554018626166,0.0694914715549235,4.0,0.0796122176140689,23.0
424520,Livestock merchant wholesalers,4594,573,5,0.5064059339177344,,0.8776223776223776,8.017452006980802,42,Wholesale trade,0.0847171749378183,0.0259018033037889,4.0,0.0397085518242164,23.0
424590,Other farm product raw material merchant wholesalers,11302,1120,6,0.4051333212407038,0.21059314347904953,0.8856121537086684,10.091071428571428,42,Wholesale trade,0.3479191493149993,0.1194698775016569,4.0,0.1424640650016625,23.0
424610,Plastics materials and basic forms and shapes merchant wholesalers,33494,2519,7,0.3784877927254609,0.21163428001993023,0.8529996027016289,13.296546248511314,42,Wholesale trade,0.0280971865869171,0.0063259460732299,4.0,0.0210017566149678,23.0
424690,Other chemical and allied products merchant wholesalers,135062,8845,8,0.3085998013902681,0.295038728897716,0.8336161067752517,15.269869983041266,42,Wholesale trade,0.0331523756939287,0.0104797256638221,4.0,0.0192613001081773,23.0
424710,Petroleum bulk stations and terminals,67377,3747,8,0.29350754918637384,0.2663214463127154,0.7733582487987186,17.981585268214573,42,Wholesale trade,0.0298541716448449,0.0071720107337007,3.0,0.0161534016737162,24.0
424720,Petroleum and petroleum products merchant wholesalers (except bulk stations and terminals),34403,2466,7,0.3197845715190876,0.26938064311737686,0.8384084449857897,13.950932684509327,42,Wholesale trade,0.0309427581775744,0.0051334128869836,4.0,0.0157932577865829,23.0
424810,Beer and ale merchant wholesalers,116337,1915,8,0.0437865855230924,0.6699158479245639,0.4626631853785901,60.75039164490862,42,Wholesale trade,0.0619823213520684,0.0231347822262065,3.0,0.058940936456664,24.0
424820,Wine and distilled alcoholic beverage merchant wholesalers,98833,2944,8,0.1118716220446151,0.6952797312243066,0.7667460047602856,33.570991847826086,42,Wholesale trade,0.0190370488718065,0.003917018057243,3.0,0.0471333793120604,24.0
424910,Farm supplies merchant wholesalers,109915,9322,8,0.46253745335563684,0.17319534567379277,0.8678253406286879,11.790924694271615,42,Wholesale trade,0.1658750107951342,0.043031069516375,3.0,0.1108811854992323,24.0
424920,"Book, periodical, and newspaper merchant wholesalers",16762,1020,7,0.2379828185454784,0.5391828972391632,0.8781925343811395,16.433333333333334,42,Wholesale trade,0.0545688831669127,0.0114276465689638,3.0,0.0422342462328083,24.0
424930,"Flower, nursery stock, and florists' supplies merchant wholesalers",51155,4105,8,0.3390149167389777,0.2532746580719805,0.8588837436022423,12.46163215590743,42,Wholesale trade,0.3148903329411295,0.0933281470448164,2.0,0.1423988833546773,24.0
424940,Tobacco and tobacco product merchant wholesalers,60669,1784,8,0.11764490028071849,0.7108966478909418,0.803932584269663,34.00728699551569,42,Wholesale trade,0.0562511375803117,0.0144295011067955,3.0,0.0309993146827372,24.0
424950,"Paint, varnish, and supplies merchant wholesalers",21208,1992,7,0.5393486385477843,0.24260544580886279,0.9326294620412268,10.646586345381525,42,Wholesale trade,0.0313867475232878,0.0067371339980089,4.0,0.0321211736016832,23.0
424990,Other miscellaneous nondurable goods merchant wholesalers,77792,10571,7,0.4530886432055108,0.20874469231881582,0.9279023559466364,7.359001040582727,42,Wholesale trade,0.1009604436004394,0.0319929961496092,4.0,0.0338546409346304,23.0
425120,Wholesale trade agents and brokers,240007,34595,8,0.44383469485824123,0.29423354156655457,0.9503137924053562,6.9376210435033965,42,Wholesale trade,0.0880917715280899,0.0287921255303946,4.0,0.0375915987808958,23.0
441110,New car dealers,1131340,21910,8,0.035899022398218045,0.380319797761946,0.2798265632131447,51.635782747603834,44,Retail trade,0.0380062700938266,0.0112064947981039,3.0,0.0287391247079923,24.0
441120,Used car dealers,162048,25147,7,0.5548024488116061,0.18061914806050006,0.9494491508570974,6.444029108840021,44,Retail trade,0.0682862025937985,0.0154468071768734,4.0,0.0383964714316677,23.0
441210,Recreational vehicle dealers,58913,2972,7,0.23784784733295614,0.12441060987946437,0.6832716257152474,19.822678331090174,44,Retail trade,0.0971088309719117,0.018846416109828,4.0,0.0977429074797892,23.0
441222,Boat dealers,37587,4246,6,0.5891894819508761,0.014704687626939638,0.8923185673892554,8.852331606217616,44,Retail trade,0.1958190925980412,0.0446016158782126,4.0,0.265211446164194,23.0
444110,Home centers,774888,5834,8,0.01214498095208598,0.9730993382269437,0.2524854302365444,132.8227631127871,44,Retail trade,0.1133383765628479,0.0371204409738704,3.0,0.1066212330539365,24.0
444120,Paint and wallpaper stores,41487,7284,5,0.9598642753271934,,0.9924471299093656,5.6956342668863265,44,Retail trade,0.0745356333564755,0.0223918120913499,3.0,0.0291322588988572,24.0
445110,Supermarkets and other grocery (except convenience) stores,2808118,62947,8,0.06864725249223179,0.58710929807892,0.5513028280902447,44.61083133429711,44,Retail trade,0.0712941205972958,0.0243163505851355,3.0,0.0348202741465965,24.0
445230,Fruit and vegetable markets,21062,4255,6,0.57867249074162,0.05479061817491217,0.9475910693301998,4.949941245593419,44,Retail trade,0.5244557415665666,0.1699810209714981,4.0,0.2432641358013264,23.0
445291,Baked goods stores,17776,2554,5,0.6344944774851317,,0.9200940070505288,6.960062646828504,44,Retail trade,0.0804052411352864,0.0185505159931442,3.0,0.0858079474325142,24.0
445292,Confectionery and nut stores,21913,3409,6,0.7972865867872628,0.01995431022425288,0.9636150234741784,6.4279847462599005,44,Retail trade,0.097958851237268,0.0311122816274839,4.0,0.2920641244149262,23.0
481111,Scheduled passenger air transportation,487672,1858,8,0.04902529694441926,0.7311179617372382,0.5350678733031674,262.4714747039828,48,Transportation,0.0253875555917177,0.0068901129154905,2.0,0.0141981077072096,24.0
481112,Scheduled freight air transportation,13454,375,8,0.1519424176690988,0.7031157562610925,0.8155080213903744,35.87733333333333,48,Transportation,0.0399844642890987,0.009858056793659,4.0,0.0225823292706982,23.0
481211,Nonscheduled chartered passenger air transportation,41913,1631,8,0.16011514176055466,0.49074532623498823,0.7964329643296433,25.69773145309626,48,Transportation,0.0673615985814573,0.0196450244881227,4.0,0.0257565135697239,23.0
481212,Nonscheduled chartered freight air transportation,23321,260,8,0.11400934681012934,0.6899250081512879,0.796078431372549,89.69615384615385,48,Transportation,0.0665769244211311,0.0202709917040005,4.0,0.0281037664249344,23.0
481219,Other nonscheduled air transportation,7002,621,7,0.25492716366752355,0.450157097972008,0.895330112721417,11.27536231884058,48,Transportation,0.0727180179900094,0.0164844532813949,4.0,0.0970444037055774,23.0
483111,Deep sea freight transportation,6574,333,7,0.17290823211875844,0.546727395411606,0.8373493975903614,19.74174174174174,48,Transportation,0.1293925890532215,0.0410811451364587,4.0,0.0125027177661456,23.0
483112,Deep sea passenger transportation,14045,85,4,0.06736429038587312,0.7835186396337476,0.863013698630137,165.23529411764707,48,Transportation,0.0804665609670276,0.0233343953655281,4.0,0.0403680230954888,23.0
483113,Coastal and great lakes freight transportation,17775,483,8,0.09400520234710544,0.667291754884762,0.7219917012448133,36.80124223602485,48,Transportation,0.0648928585973086,0.0170370804726108,4.0,0.0466774092219486,23.0
483114,Coastal and great lakes passenger transportation,3276,197,6,0.2542372881355932,0.28087167070217917,0.8762886597938144,16.629441624365484,48,Transportation,0.1975673707698348,0.0631201327394753,4.0,0.3443835266279868,23.0
483211,Inland water freight transportation,17758,393,8,0.08408296780908482,0.7641811017768195,0.7871794871794872,45.18575063613232,48,Transportation,0.0499063902219042,0.0146170649199569,4.0,0.0292080927226462,23.0
483212,Inland water passenger transportation,3378,299,6,0.30123704446673355,0.2270143764627215,0.8691275167785235,11.297658862876254,48,Transportation,0.2838851292556422,0.078377846073979,4.0,0.4530978238600097,23.0
484110,"General freight trucking, local",284101,46302,8,0.4078171721486544,0.20504770041292894,0.9326565874730022,6.135825666277914,48,Transportation,0.0928007854110544,0.0291818009745305,4.0,0.0567041573465865,23.0
484121,"General freight trucking, long-distance, truckload",613274,60137,8,0.2586643999874073,0.42773756150497133,0.9157085572619424,10.197948018690656,48,Transportation,0.0656325975738041,0.0190234781045322,4.0,0.0307964670150994,23.0
484122,"General freight trucking, long-distance, less than truckload",288120,10742,8,0.09847863650920455,0.5580479530393837,0.7406648663748953,26.821820889964624,48,Transportation,0.0359063240769335,0.0108875640823567,4.0,0.0324125460488688,23.0
484210,Used household and office goods moving,102745,9436,8,0.37077499507000594,0.126395188325774,0.8445151033386328,10.888618058499365,48,Transportation,0.2521187825254968,0.0963486518648575,3.0,0.2038044255157197,24.0
484220,"Specialized freight (except used goods) trucking, local",233012,32207,8,0.4382302141456467,0.16698771919951863,0.9188039495746134,7.234824727543701,48,Transportation,0.2037647121974931,0.0681699006177693,4.0,0.1064708768275182,23.0
484230,"Specialized freight (except used goods) trucking, long-distance",171976,11462,8,0.22518676627534684,0.3656952419613569,0.8453815261044176,15.004013261210957,48,Transportation,0.0652070096524429,0.0176026971254375,4.0,0.0303238573267656,23.0
485111,Mixed mode transit systems,656,17,1,1.0,,1.0,38.588235294117645,48,Transportation,0.1040712199411316,0.0364660301475618,1.0,0.0458824650529789,23.0
485112,Commuter rail systems,4081,16,2,0.013513513513513514,,0.5,255.0625,48,Transportation,0.0238505700195265,0.0091311576826717,3.0,0.0246205696478622,24.0
485113,Bus and other motor vehicle transit systems,41501,523,8,0.03664296465459075,0.776742616909742,0.5220729366602687,79.35181644359464,48,Transportation,0.0294333321344764,0.004997660516891,2.0,0.0068270414444098,24.0
485119,Other urban transit systems,1080,62,5,0.20768431983385255,,0.7704918032786885,17.419354838709676,48,Transportation,0.0391328485370702,0.0141072867735115,3.0,0.4946595532849738,24.0
485210,Interurban and rural bus transportation,17592,615,7,0.1466007276034561,0.4555479763528877,0.6699186991869919,28.60487804878049,48,Transportation,0.0283807550617622,0.0045426718873835,4.0,0.0245743054062948,23.0
485310,Taxi service,22790,3441,8,0.35190873189995614,0.36252742430890744,0.942167974426039,6.623074687590816,48,Transportation,0.0613882044620301,0.021668072404323,4.0,0.0605722698932525,23.0
485320,Limousine service,29036,4306,6,0.40117671927846676,0.18320180383314544,0.9205390334572491,6.743149094287041,48,Transportation,0.1466303923878658,0.0425143977675977,4.0,0.035982338013619,22.0
485410,School and employee bus transportation,221741,4027,8,0.061378207383019336,0.6218676571975293,0.49279324055666,55.06357089644897,48,Transportation,0.130546448279288,0.0450579310341688,2.0,0.1145850968231995,24.0
485510,Charter bus industry,29436,1165,7,0.15058011246352054,0.3466794789664745,0.6620808254514188,25.26695278969957,48,Transportation,0.1184934845749959,0.0320033201017335,4.0,0.0683020939950162,23.0
485991,Special needs transportation,65974,3920,8,0.24570377696729925,0.3487049514743154,0.8035213064557285,16.830102040816328,48,Transportation,0.0424530001399165,0.0097500122282403,3.0,0.0183457353106293,24.0
485999,All other transit and ground passenger transportation,24984,2285,7,0.27357781304819984,0.3614986216690335,0.8809106830122592,10.933916849015317,48,Transportation,0.0604643532618021,0.0135320336454665,4.0,0.0290148478417338,23.0
486110,Pipeline transportation of crude oil,11939,725,7,0.259350959412857,0.37819435847555044,0.8188105117565698,16.467586206896552,48,Transportation,0.027795039579359,0.0097101230709782,1.0,0.0199206709238783,23.0
486210,Pipeline transportation of natural gas,24190,1908,8,0.42036389710495653,0.26032983777000984,0.8783429470372313,12.678197064989519,48,Transportation,0.0264077443491144,0.0070712238857476,1.0,0.0179901351757283,23.0
486910,Pipeline transportation of refined petroleum products,9350,849,6,0.434213601308717,0.110773545220846,0.8441558441558441,11.012956419316843,48,Transportation,0.0454986729691504,0.0140196325459172,1.0,0.035906253881375,23.0
486990,All other pipeline transportation,209,35,4,0.6985645933014354,,0.9142857142857143,5.9714285714285715,48,Transportation,0.0951946960036033,0.0292333493814507,4.0,0.0729055622823049,23.0
487110,"Scenic and sightseeing transportation, land",9244,727,6,0.26403106247793856,0.2032003765148841,0.84,12.715268225584595,48,Transportation,0.5519519560011634,0.1915901652192335,4.0,0.407423500178514,22.0
487210,"Scenic and sightseeing transportation, water",14913,2217,6,0.4267683970336566,0.1912435824301198,0.9304740406320542,6.726657645466847,48,Transportation,0.8234595546824203,0.2685814466325185,4.0,0.7665667044248576,23.0
487990,"Scenic and sightseeing transportation, other",2970,255,6,0.38165345413363533,0.15930539826349566,0.8582677165354331,11.647058823529411,48,Transportation,0.1915176364910598,0.0636319980844924,3.0,0.2742121511756332,24.0
488111,Air traffic control,1574,212,4,0.9286204529855868,,0.981042654028436,7.4245283018867925,48,Transportation,0.02694886876921,0.0072884049797959,2.0,0.0124076729971021,23.0
488119,Other airport operations,140874,2373,8,0.06897373482901255,0.6638126202189047,0.5542832909245123,59.365360303413404,48,Transportation,0.0391759266813695,0.0074291837082653,3.0,0.0488290108541233,24.0
488190,Other support activities for air transportation,103177,4237,8,0.1772360255355117,0.5598349533999155,0.8189553297092886,24.351427897097004,48,Transportation,0.0456929025426016,0.0101945846396549,4.0,0.0099512394404024,23.0
488210,Support activities for rail transportation,49372,1695,8,0.1655426632597495,0.5250911071084489,0.7195985832349469,29.128023598820057,48,Transportation,0.0287169433795002,0.0071663792661734,3.0,0.0243831098358864,24.0
488310,Port and harbor operations,13933,326,8,0.08268140386133639,0.66819780377521,0.6687116564417178,42.739263803680984,48,Transportation,0.0670321030093046,0.0210129805639799,4.0,0.0411618427988541,23.0
488320,Marine cargo handling,66890,485,8,0.050515463917525774,0.8003032140691329,0.6021052631578947,137.91752577319588,48,Transportation,0.1570966411103332,0.0429987097668583,4.0,0.0506947385579891,23.0
488330,Navigational services to shipping,12850,1065,7,0.26879233437964645,0.28283495787212953,0.8580827067669173,12.065727699530516,48,Transportation,0.0751824129096991,0.0248614453183024,4.0,0.0483044301997404,23.0
488390,Other support activities for water transportation,7786,759,7,0.3321346005651169,0.30991523246853325,0.8866930171277997,10.258234519104084,48,Transportation,0.0343637470557365,0.0110776680581105,3.0,0.036760791765432,24.0
488410,Motor vehicle towing,73320,10566,7,0.5707992362247681,0.05523731587561375,0.921351504826803,6.939239068710959,48,Transportation,0.0340574529854581,0.0073691395399262,4.0,0.029691197644968,23.0
488490,Other support activities for road transportation,36673,3571,7,0.3207930564022178,0.3719121019478069,0.9041479820627802,10.269672360683282,48,Transportation,0.0517547075304379,0.0133022064198173,3.0,0.0505467828407592,24.0
488510,Freight transportation arrangement,324765,21873,8,0.26759273296947644,0.39030915201132,0.8508254447340742,14.84775750925799,48,Transportation,0.0289067521955903,0.0073831385967491,4.0,0.025872383447012,23.0
488991,Packing and crating,18419,1572,7,0.3615822392517045,0.2643263650194399,0.8816040738383195,11.716921119592875,48,Transportation,0.0993527637985527,0.0231520708696204,4.0,0.0512816661374836,23.0
488999,All other support activities for transportation,3853,760,6,0.48910274554203226,0.13161619020662327,0.9604743083003953,5.0697368421052635,48,Transportation,0.0356615643505513,0.0069611872372507,4.0,0.063878825557686,23.0
492110,Couriers and express delivery services,1036160,10859,8,0.04469719453778965,0.7232482216541728,0.5612359550561797,95.4194677226264,49,Transportation,0.1838297119757175,0.0631151362642929,4.0,0.2601005063705051,23.0
492210,Local messengers and local delivery,149558,5367,8,0.128043532175004,0.40890921557471516,0.6913465124953375,27.866219489472705,49,Transportation,0.0694053295853209,0.0231995364105715,4.0,0.1617149841456095,23.0
493110,General warehousing and storage,1514034,16753,8,0.06496801116261389,0.7339634623110585,0.6132448718729077,90.37390318151972,49,Transportation,0.0669871092287192,0.0225211735395985,4.0,0.1327564369933037,23.0
493120,Refrigerated warehousing and storage,66236,1376,8,0.08020679941097382,0.5337889749663871,0.5163874726875455,48.13662790697674,49,Transportation,0.0740453818270138,0.0177659125800766,4.0,0.0464827937341526,23.0
493130,Farm product warehousing and storage,6190,722,6,0.5370934959349594,0.0701219512195122,0.9153952843273232,8.573407202216066,49,Transportation,0.3971441166583375,0.1474472924092785,4.0,0.2216296632326071,23.0
493190,Other warehousing and storage,62178,2670,8,0.18962065775086215,0.47781983345950035,0.7706146926536732,23.287640449438204,49,Transportation,0.0521997056046316,0.0133986288182513,4.0,0.0435549222389345,23.0
512110,Motion picture and video production,158632,17366,8,0.36366244427770666,0.4166372423533566,0.9633450521583771,9.134630887941956,51,Information,0.2201056370813594,0.0659893274034739,4.0,0.069028747579407,23.0
512120,Motion picture and video distribution,2525,493,5,0.5851755526657998,,0.9491869918699187,5.121703853955375,51,Information,0.0498479958961376,0.0138847434346404,4.0,0.0422938840791007,23.0
512131,Motion picture theaters (except drive-ins),121566,4057,7,0.13403418719049734,0.15603046904562132,0.47793936406211485,29.96450579245748,51,Information,0.2946321867826622,0.1049368417873054,3.0,0.2311915259902616,24.0
512132,Drive-in motion picture theaters,773,290,4,0.6403622250970246,,0.9620689655172414,2.6655172413793102,51,Information,1.0,0.3633011624018609,3.0,1.0,21.0
512191,Teleproduction and other postproduction services,22670,3144,8,0.2697202208290446,0.4318330682137176,0.9411390391345847,7.210559796437659,51,Information,0.1640719995865649,0.0448804570079099,4.0,0.0364889582223902,23.0
512199,Other motion picture and video industries,865,291,4,0.8009331259720062,,0.9827586206896551,2.972508591065292,51,Information,0.1523303476892354,0.0580674857536374,4.0,0.0504236547266453,22.0
512230,Music publishers,5355,833,6,0.38752783964365256,0.1779510022271715,0.9422382671480144,6.428571428571429,51,Information,0.1143061729547587,0.034860709589978,4.0,0.0287522719465505,23.0
512240,Sound recording studios,6596,2131,5,0.7206364829396326,,0.976984499765148,3.0952604411074613,51,Information,0.2362549303443525,0.0730388993628237,4.0,0.0664436209003892,23.0
512250,Record production and distribution,11458,888,7,0.2470252260828177,0.4500237981913375,0.9186440677966101,12.903153153153154,51,Information,0.1388358087337353,0.0378817014258961,4.0,0.0538906423816038,23.0
512290,Other sound recording industries,2605,733,6,0.5904074702886248,0.17402376910016978,0.9740437158469946,3.553888130968622,51,Information,0.2312450921025741,0.0658628204144317,4.0,0.049070981821848,23.0
517410,Satellite telecommunications,9919,429,8,0.1282387337433209,0.6698255872567799,0.8228438228438228,23.12121212121212,51,Information,0.023671610351987,0.0051313903213393,1.0,0.0286570099011614,23.0
518210,"Data processing, hosting, and related services",629527,18544,8,0.12038550724047582,0.6396679947149514,0.7935347628330085,33.947745901639344,51,Information,0.0403347376881267,0.008468023716251,4.0,0.0158504206159997,23.0
521110,Monetary authorities - central bank,22009,66,6,0.05414819506016466,0.6238125395820139,0.37254901960784315,333.469696969697,52,Finance & insurance,0.0474621858857996,0.0174324535621221,3.0,0.0455765160124242,24.0
522110,Commercial banking,1630919,82989,8,0.4086540851856188,0.3468714966423901,0.8855931691646236,19.652231018568727,52,Finance & insurance,0.0214469401960871,0.0082345284915512,3.0,0.0120386850890696,24.0
522130,Credit unions,348545,19605,8,0.36687599044811064,0.38436391826721006,0.8687863631723998,17.77837286406529,52,Finance & insurance,0.028071159716206,0.0093519813865696,3.0,0.0317567368963551,24.0
522210,Credit card issuing,75504,615,8,0.07267982565725549,0.774076233308348,0.6672185430463576,122.77073170731707,52,Finance & insurance,0.0540116933194444,0.0171077466884205,4.0,0.0200643158332422,23.0
522220,Sales financing,82691,3353,8,0.17523163548444676,0.6094244405861068,0.8705811863391252,24.661795407098122,52,Finance & insurance,0.0497430373625875,0.0171497304859507,4.0,0.03580035899618,23.0
522291,Consumer lending,84206,12106,8,0.4854535082715345,0.3740211585334232,0.971404958677686,6.9557244341648765,52,Finance & insurance,0.0417127877892499,0.0115144432932146,4.0,0.0098292323441924,23.0
522292,Real estate credit,241669,16591,8,0.3053058663814382,0.4550662333388185,0.909068953024997,14.566270869748658,52,Finance & insurance,0.0524941287155879,0.0157764107047351,4.0,0.0254948024187473,23.0
522310,Mortgage and nonmortgage loan brokers,54952,9792,8,0.5237466147037453,0.2344496554153731,0.9663874131589701,5.6119281045751634,52,Finance & insurance,0.1037891209206297,0.0325667366706779,4.0,0.0348787494795933,23.0
522320,"Financial transactions processing, reserve, and clearinghouse activities",177887,4711,8,0.11966387166008839,0.7195474635770022,0.8616862326574173,37.75992358310337,52,Finance & insurance,0.0435074592393232,0.0121833473751087,4.0,0.0081630699739296,23.0
522390,Other activities related to credit intermediation,77752,11300,8,0.5418319668518029,0.2975050692056775,0.9741295295472667,6.88070796460177,52,Finance & insurance,0.0397835248010285,0.0101348607240255,4.0,0.0247384756470654,23.0
523210,Securities and commodity exchanges,7056,54,5,0.00881191127316925,0.8447280461865694,0.625,130.66666666666666,52,Finance & insurance,0.0883480791555069,0.0323485486391829,3.0,0.0646490491694149,24.0
523910,Miscellaneous intermediation,60341,12892,7,0.5045064924043113,0.18791479249766613,0.958498177022729,4.680499534595098,52,Finance & insurance,0.1578525304437918,0.054086788844775,4.0,0.0609893594741478,21.0
523991,"Trust, fiduciary, and custody activities",36031,3285,8,0.3174641340065721,0.41885068526088004,0.9356511131442513,10.96834094368341,52,Finance & insurance,0.1571624675435679,0.0555240981581184,4.0,0.0246068369432651,22.0
523999,Miscellaneous financial investment activities,27385,2410,8,0.22907970582389187,0.6342675412442854,0.9580041580041581,11.363070539419088,52,Finance & insurance,0.0964631526307021,0.0278794119306848,4.0,0.0574427655677075,23.0
524113,Direct life insurance carriers,308639,5674,8,0.11788945623936217,0.6525187374958942,0.7717953289356392,54.395311949242156,52,Finance & insurance,0.0508059125065079,0.019000605507024,4.0,0.0251611516499516,23.0
524114,Direct health and medical insurance carriers,636006,6147,8,0.05493933120184496,0.8008084805283295,0.7173586793396698,103.46608101512933,52,Finance & insurance,0.0184885461908868,0.005591102590011,4.0,0.0214564363792114,23.0
524126,Direct property and casualty insurance carriers,620496,11888,8,0.09394603563143637,0.6886627713453197,0.7553218556526164,52.19515477792732,52,Finance & insurance,0.012274175025121,0.003102774838515,3.0,0.0174248901530112,24.0
524127,Direct title insurance carriers,44651,3926,7,0.41452066383021074,0.2472692891443358,0.8929390772368085,11.373153336729496,52,Finance & insurance,0.0294722025273742,0.0075727854081594,4.0,0.033839503013476,23.0
524128,"Other direct insurance (except life, health, and medical) carriers",29279,550,8,0.09992583102960016,0.6914570831366732,0.7996323529411765,53.234545454545454,52,Finance & insurance,0.032125451200483,0.0070088918189185,4.0,0.046678075080739,23.0
524130,Reinsurance carriers,14511,372,7,0.09985589556666949,0.6624565567517166,0.7162162162162162,39.00806451612903,52,Finance & insurance,0.0376606638988539,0.0100848526761502,4.0,0.0122230842979467,23.0
524210,Insurance agencies and brokerages,818561,133728,8,0.5546065805716701,0.2154857597913515,0.959335851314461,6.1210890763340515,52,Finance & insurance,0.0550402613615773,0.017017011515696,4.0,0.0248869275995493,23.0
524291,Claims adjusting,45406,4934,8,0.3144550958627649,0.39750252270433906,0.9296288785236261,9.202675314146736,52,Finance & insurance,0.138317986835572,0.0454205036537938,4.0,0.0611768958474791,23.0
524292,Third party administration of insurance and pension funds,411459,6151,8,0.10019904969821497,0.6838320277385386,0.7300311628669838,66.89302552430499,52,Finance & insurance,0.0432332714784093,0.0157605879074397,4.0,0.0269781266678991,23.0
524298,All other insurance related activities,35078,3089,8,0.2640966984048473,0.48166810931124027,0.9229024943310657,11.355778569116218,52,Finance & insurance,0.0595996963192974,0.0178360519066954,4.0,0.0283637278133614,23.0
525910,Open-end investment funds,1820,354,5,0.5968523002421308,,0.9518413597733711,5.141242937853107,52,Finance & insurance,0.1812974445233469,0.0726020707948704,3.0,0.1229143002665502,24.0
525990,Other financial vehicles,7819,1652,6,0.492533223729278,0.13878613508699822,0.9569696969696969,4.733050847457627,52,Finance & insurance,0.1793592589266744,0.0380841575595257,4.0,0.1419487627399949,15.0
531110,Lessors of residential buildings and dwellings,348544,74459,8,0.6668284474566025,0.11776091511739764,0.9710298699903298,4.681019084328288,53,Real estate,0.0855483494830625,0.02561074648441,3.0,0.04570125150543,24.0
531120,Lessors of nonresidential buildings (except miniwarehouses),174571,34559,8,0.5580002826122795,0.1903334824898142,0.9626124952976242,5.051390375878932,53,Real estate,0.0736620950605896,0.0205425316434283,4.0,0.0369452220116959,23.0
531130,Lessors of miniwarehouses and self-storage units,48382,18564,6,0.9048521054932246,0.03145230115942632,0.9948284221300436,2.6062271062271063,53,Real estate,0.0768300596683,0.0187934690053574,4.0,0.039064273275386,23.0
531190,Lessors of other real estate property,34296,8957,7,0.7389061528899938,0.10929148539465507,0.9824678950307091,3.828960589483086,53,Real estate,0.145933432933069,0.0332540813358917,4.0,0.0860083196921429,23.0
531210,Offices of real estate agents and brokers,395264,163894,8,0.672147581140582,0.1540302328510437,0.9877478049167424,2.411705126484191,53,Real estate,0.195016188167599,0.0640358204547718,4.0,0.0567807947704653,23.0
531311,Residential property managers,536933,60818,8,0.4205992538996206,0.3072719073031597,0.9320603907637656,8.82852116149824,53,Real estate,0.0856395697527634,0.0287255997474907,3.0,0.0650936081831108,24.0
531312,Nonresidential property managers,170788,18068,8,0.3780617808127387,0.32260402897155843,0.9162376127996457,9.452512729687847,53,Real estate,0.0540384847861951,0.0130994314800048,4.0,0.0554403248921161,23.0
531320,Offices of real estate appraisers,31930,12346,7,0.7531969309462916,0.10511508951406649,0.9890643985419199,2.5862627571683134,53,Real estate,0.1523540589847581,0.0516416577560209,4.0,0.060089255942363,23.0
531390,Other activities related to real estate,78923,23159,8,0.557264675696565,0.19250408626129265,0.9743944039034501,3.407875987736949,53,Real estate,0.1293382135163941,0.041909003840764,4.0,0.0649051821830259,23.0
532111,Passenger car rental,84637,9548,8,0.5065515082056311,0.21966752129683234,0.923963133640553,8.864369501466276,53,Real estate,0.058046985238861,0.012495449875146,3.0,0.0316334316144766,24.0
532112,Passenger car leasing,9037,532,7,0.2964765100671141,0.4446308724832215,0.9075471698113208,16.986842105263158,53,Real estate,0.0494445208552397,0.014460205854006,4.0,0.0281117123213746,23.0
532120,"Truck, utility trailer, and RV (recreational vehicle) rental and leasing",81850,6386,8,0.34635308491142336,0.1184850335980452,0.8023802067021609,12.817099906044472,53,Real estate,0.0448727344481985,0.0103637061957762,3.0,0.0387631482968853,24.0
532210,Consumer electronics and appliances rental,22867,4436,6,0.9190003544842255,0.019629563984402694,0.9923337091319053,5.154869251577998,53,Real estate,0.0790537818959003,0.0170083988099545,4.0,0.0140867324497631,23.0
532281,Formal wear and costume rental,4057,681,5,0.768369690011481,,0.9690265486725663,5.957415565345081,53,Real estate,0.7347499570939695,0.2121393032145217,4.0,0.3098821570729432,23.0
532282,Video tape and disc rental,3003,390,4,0.8333333333333334,,0.979381443298969,7.7,53,Real estate,0.168208320473395,0.0601870566769329,3.0,0.2334980753552644,24.0
532283,Home health equipment rental,25952,1998,7,0.49815043156596794,0.16784833538840938,0.8723723723723724,12.98898898898899,53,Real estate,0.0239078719324592,0.0050302604669316,3.0,0.0105954618682121,24.0
532284,Recreational goods rental,15300,2936,6,0.5889769204271443,0.07681708577333793,0.9522835719154737,5.2111716621253406,53,Real estate,1.0,0.484871738812808,3.0,1.0,22.0
532289,All other consumer goods rental,43881,5321,7,0.5008345675529539,0.1362343371652914,0.9138935890204926,8.246758128171397,53,Real estate,0.2371208785577806,0.0639992594860455,4.0,0.2057319170513262,23.0
532310,General rental centers,19738,2725,5,0.6768104575163398,,0.9294636296840558,7.243302752293578,53,Real estate,0.1764463660076702,0.045496777610608,4.0,0.150728122992682,23.0
532411,"Commercial air, rail, and water transportation equipment rental and leasing",4696,647,6,0.42404129793510326,0.20648967551622419,0.931782945736434,7.258114374034003,53,Real estate,0.0733220711680801,0.0188137146576728,4.0,0.0515364946461867,23.0
532412,"Construction, mining, and forestry machinery and equipment rental and leasing",74730,5495,7,0.39472726537543973,0.11955305756607766,0.801201529219006,13.599636032757052,53,Real estate,0.050401735996312,0.0128449239858229,4.0,0.0428893256728441,23.0
532420,Office machinery and equipment rental and leasing,6110,694,6,0.43602141253669485,0.11966845104472457,0.8903318903318903,8.804034582132564,53,Real estate,0.0826403187686316,0.0211346844690054,4.0,0.021679437423712,23.0
532490,Other commercial and industrial machinery and equipment rental and leasing,132302,10248,8,0.3777957570618392,0.23217911515990758,0.8542845988678509,12.910031225604996,53,Real estate,0.1272619189205863,0.0365004136623121,4.0,0.0529444167188403,23.0
533110,Lessors of nonfinancial intangible assets (except copyrighted works),44095,2701,8,0.24426436257278558,0.45946816218101805,0.8813936249073387,16.32543502406516,53,Real estate,0.0793667151342263,0.021814695655178,4.0,0.0376610497968323,23.0
541110,Offices of lawyers,1093331,165491,8,0.4866125032992442,0.21262002743484226,0.9419617227771835,6.606588877945025,54,Professional & technical,0.0597633851646254,0.0179314511343061,3.0,0.0416233428933755,24.0
541191,Title abstract and settlement offices,62997,9825,7,0.6208497080846797,0.08827001762812738,0.9451343648208469,6.411908396946565,54,Professional & technical,0.0668187211327426,0.0249136746292324,4.0,0.0353287997230605,23.0
541199,All other legal services,33969,5776,7,0.48454791072948666,0.2586328139457419,0.963957719632646,5.8810595567867034,54,Professional & technical,0.0691461605809338,0.0234174758814458,4.0,0.0337631833630727,22.0
541211,Offices of certified public accountants,604209,55052,8,0.38946722601361716,0.3571912337106137,0.9286168839433444,10.975241589769672,54,Professional & technical,0.1746976775784183,0.0412007055877055,2.0,0.1236279734183463,24.0
541214,Payroll services,309518,5556,8,0.0996196204813119,0.6480709324409389,0.7292987860119586,55.70878329733621,54,Professional & technical,0.3649076415269712,0.1099126877088387,4.0,0.0694893136896437,23.0
541219,Other accounting services,250400,47699,8,0.550148013480344,0.20348692729246504,0.9650638538805125,5.249585945198013,54,Professional & technical,0.145431391351702,0.0421594201576625,2.0,0.0948599509169538,24.0
541310,Architectural services,189468,22805,8,0.43164017142736505,0.20444085544788565,0.913746985310239,8.308178031133524,54,Professional & technical,0.050785586619699,0.0156237655156761,3.0,0.0442210745872261,24.0
541320,Landscape architectural services,29046,5176,6,0.6016134815346003,0.06421656507708856,0.9454861782331335,5.611669242658423,54,Professional & technical,0.3750823020966604,0.1195778553170731,4.0,0.2538030472911557,23.0
541330,Engineering services,1260577,63233,8,0.21078289977714373,0.4209273613486754,0.8122733965580026,19.935429285341513,54,Professional & technical,0.0516226652733558,0.0146584607873489,4.0,0.0401021519123781,23.0
541340,Drafting services,10108,2963,6,0.6799564701226751,0.10833003561535418,0.9787377657779278,3.4114073574080326,54,Professional & technical,0.1122443766170823,0.0408543520041655,4.0,0.0499675461414003,23.0
541350,Building inspection services,28755,7496,7,0.5987083197271507,0.1851529334929792,0.9761174116077385,3.8360458911419424,54,Professional & technical,0.1722585413388007,0.0579589103028053,4.0,0.0712558107715241,23.0
541360,Geophysical surveying and mapping services,7007,993,7,0.35064935064935066,0.3188240331097474,0.9274924471299094,7.056394763343404,54,Professional & technical,0.0939550609757262,0.0292454653383605,4.0,0.0681558244361562,23.0
541370,Surveying and mapping (except geophysical) services,58087,7288,7,0.5247750095555788,0.13945932798220925,0.9213668176204199,7.970225027442371,54,Professional & technical,0.0639560453291694,0.0159554019926732,4.0,0.0604907848087579,23.0
541380,Testing laboratories,158265,7463,8,0.23273175021987688,0.3777660510114336,0.7865093201019177,21.206619321988477,54,Professional & technical,0.0671335335193453,0.020066177933244,4.0,0.0380396987127207,23.0
541410,Interior design services,55286,16797,6,0.7734436062891938,0.03357266200127238,0.9808883067397,3.291421087098887,54,Professional & technical,0.1679295221866057,0.0591048260939953,4.0,0.0453035361003116,23.0
541420,Industrial design services,14360,1591,7,0.33091461356733043,0.37647654404319947,0.9319899244332494,9.025769956002515,54,Professional & technical,0.0769448905362296,0.027637429898846,4.0,0.044668886796357,23.0
541430,Graphic design services,49266,15828,6,0.7381171044307027,0.039164064572746383,0.9792759208946736,3.1125852918877936,54,Professional & technical,0.1081464347489554,0.0337655865502438,4.0,0.0409144809570449,23.0
541490,Other specialized design services,11380,3469,6,0.6857507610723755,0.09761366984189335,0.981534910559723,3.280484289420582,54,Professional & technical,0.1231515126616772,0.0460831285938699,4.0,0.1138131315533112,23.0
541511,Custom computer programming services,1012250,68051,8,0.21649996331711135,0.49467486733021937,0.892482453171672,14.87487325682209,54,Professional & technical,0.0593971646045185,0.0180958134617557,4.0,0.0334615932468062,23.0
541512,Computer systems design services,766160,58113,8,0.23256443715279318,0.488946391582788,0.90790856315998,13.183969163526234,54,Professional & technical,0.068816003711512,0.0225553620213937,4.0,0.032166022267459,23.0
541513,Computer facilities management services,103562,6374,8,0.21567033991049855,0.5231609400903683,0.8787878787878788,16.24756824599937,54,Professional & technical,0.0578426386483989,0.019917407295427,1.0,0.0057846386740902,23.0
541519,Other computer related services,168654,13275,8,0.19397618806705116,0.5529899827987453,0.9098175237520736,12.704632768361583,54,Professional & technical,0.0749384286672251,0.0248585616929562,4.0,0.0310085406814686,23.0
541611,Administrative management and general management consulting services,869457,104494,8,0.284459117880473,0.4570307756178706,0.9457709584422799,8.32064041954562,54,Professional & technical,0.1391363863687517,0.0457950625217762,4.0,0.0653974368680962,23.0
541612,Human resources consulting services,134151,8526,8,0.19352977803823895,0.5793989451322248,0.904286553141515,15.734342012667137,54,Professional & technical,0.1626399371302101,0.0496939775762858,4.0,0.046727089727827,23.0
541613,Marketing consulting services,315229,52258,8,0.3843886632648264,0.2966508388272692,0.9514739663093414,6.032167323663362,54,Professional & technical,0.1413688785248096,0.0452002745801446,4.0,0.0611829829878394,23.0
541614,"Process, physical distribution, and logistics consulting services",97017,8360,8,0.25277463193657984,0.39306193002324613,0.8980007183048007,11.604904306220096,54,Professional & technical,0.0786415814644555,0.0238837934735507,4.0,0.0604209114554456,23.0
541618,Other management consulting services,51177,14568,8,0.48180479371651763,0.31297889142637614,0.98009062199643,3.5129736408566723,54,Professional & technical,0.1433114323877867,0.0455378462740065,4.0,0.057584391418998,23.0
541620,Environmental consulting services,88934,9696,8,0.37712226770504326,0.2211035221947298,0.893965961835998,9.17223597359736,54,Professional & technical,0.0852586596450356,0.022285076234109,4.0,0.050527625325924,23.0
541690,Other scientific and technical consulting services,180378,28043,8,0.3426277173295777,0.3732026440724167,0.9473965763195435,6.432193417252077,54,Professional & technical,0.1721628758041914,0.0558069705147067,4.0,0.1228198293477985,23.0
541713,Research and development in nanotechnology,166018,1722,8,0.09603653767948196,0.6722244814965433,0.699469652327637,96.40998838559814,54,Professional & technical,0.0623639371716183,0.0231812580449252,3.0,0.0528741804851242,24.0
541714,Research and development in biotechnology (except nanobiotechnology),194991,5670,8,0.12108836140992274,0.583648756090434,0.7633722989727241,34.38994708994709,54,Professional & technical,0.0410132390954869,0.0105729116764694,3.0,0.0542409528036369,24.0
541715,"Research and development in the physical, engineering, and life sciences (except nanotechnology and biotechnology)",596332,12929,8,0.12139519490208617,0.6305947753114675,0.7744220440569782,46.12359811276974,54,Professional & technical,0.0593198196261471,0.0224548670619826,3.0,0.04116843156718,24.0
541720,Research and development in the social sciences and humanities,46634,2082,8,0.19288120616336224,0.4846744353012647,0.8271545498314877,22.398655139289144,54,Professional & technical,0.1204539116220829,0.0448367772023331,3.0,0.0429415470413453,24.0
541810,Advertising agencies,200465,15512,8,0.22949389179755672,0.4772559285494302,0.8854139798813515,12.923220732336256,54,Professional & technical,0.0512969774306607,0.0126302366250019,4.0,0.0393540597476235,23.0
541820,Public relations agencies,60066,8646,7,0.41766615410900393,0.25844865880744916,0.934289680703378,6.947258848022207,54,Professional & technical,0.1672600075378417,0.0474639244350021,4.0,0.0514479091880797,23.0
541830,Media buying agencies,20819,767,8,0.14059120403749098,0.5635664503725066,0.8141361256544503,27.14341590612777,54,Professional & technical,0.0482578168400696,0.0123099591518739,4.0,0.0342619628216998,23.0
541840,Media representatives,23093,1233,8,0.191814173850102,0.624267947621241,0.916260162601626,18.72911597729116,54,Professional & technical,0.0610145471578577,0.0178530307460181,4.0,0.0479854255703843,23.0
541850,Outdoor advertising,22089,2442,7,0.4658527864330592,0.18720948051284672,0.9110291102911029,9.045454545454545,54,Professional & technical,0.0843719266991347,0.0201131814811386,4.0,0.038429538180757,23.0
541860,Direct mail advertising,30369,1705,8,0.19243307319964437,0.4603049161974382,0.8269794721407625,17.811730205278593,54,Professional & technical,0.0431143436812305,0.012445896911804,4.0,0.0659941431117142,23.0
541870,Advertising material distribution services,11284,1164,7,0.3227278332716734,0.3705759033173018,0.9362618432385874,9.694158075601374,54,Professional & technical,0.2273020249412047,0.0633625796945406,4.0,0.0287244264772798,22.0
541890,Other services related to advertising,97046,7395,8,0.246251891789633,0.34456583427922816,0.8590958310774228,13.123191345503718,54,Professional & technical,0.0679340073434141,0.0190812350371539,4.0,0.0151200027716893,23.0
541910,Marketing research and public opinion polling,78424,4401,8,0.1994581325030686,0.47579558722270454,0.8531755064875939,17.819586457623267,54,Professional & technical,0.1488621912197057,0.0387144806712703,4.0,0.0384488658625992,23.0
541921,"Photography studios, portrait",37479,11483,8,0.5882761012833854,0.17158942341044317,0.9765740660106244,3.263868327092223,54,Professional & technical,0.6654895471361867,0.2037207680069604,4.0,0.1545116598607184,23.0
541922,Commercial photography,13488,5021,6,0.6916594471134914,0.05150823029061983,0.9828651125722255,2.6863174666401117,54,Professional & technical,0.3582095841291897,0.1119655455134438,4.0,0.0549891002188043,23.0
541930,Translation and interpretation services,41495,2801,8,0.2642962339575005,0.5003155901535872,0.9341445955619184,14.814352017136736,54,Professional & technical,0.0923842936284394,0.0216792991406124,4.0,0.0533524134603196,23.0
541940,Veterinary services,475106,34296,8,0.46011206376248304,0.09089877877038058,0.8018488277149189,13.85310240261255,54,Professional & technical,0.0896359299430275,0.033263329934537,3.0,0.0549534523840249,24.0
541990,"All other professional, scientific, and technical services",139378,24892,8,0.40723165088799373,0.3074594628682238,0.9574023468895676,5.59930901494456,54,Professional & technical,0.1351866978551594,0.0414575855407268,4.0,0.1047374767280314,23.0
551111,Offices of bank holding companies,7837,643,7,0.29373484751818296,0.3704223554931734,0.8740279937791602,12.188180404354588,55,Management of companies,0.0609631925599017,0.0221373856472711,4.0,0.0349413914874803,23.0
551112,Offices of other holding companies,89908,6582,8,0.2311221190566245,0.40148363245934043,0.8653290773673811,13.659677909450016,55,Management of companies,0.0931443870400695,0.0333601279499709,4.0,0.0351033363207814,23.0
551114,"Corporate, subsidiary, and regional managing offices",3757975,42331,8,0.06424004383553883,0.7212765241746092,0.6071274401649959,88.77595615506367,55,Management of companies,0.0298351437123626,0.0077607572482566,3.0,0.0132792437005584,24.0
561110,Office administrative services,550384,36864,8,0.24313886028788462,0.41792683380680057,0.8693999456964431,14.930121527777779,56,Administrative & waste,0.0783249218069297,0.021359403534252,4.0,0.0521383902360111,23.0
561210,Facilities support services,283836,9019,8,0.13461966449012155,0.5937643032606186,0.7762090050027793,31.47089477769154,56,Administrative & waste,0.0834100468104039,0.0194408795803059,4.0,0.0216376751242874,23.0
561311,Employment placement agencies,329566,7679,8,0.09454425942156003,0.6025507595676307,0.744316697151816,42.91782784216695,56,Administrative & waste,0.2370209717469832,0.0634957843579713,4.0,0.1010219922840983,23.0
561312,Executive search services,38564,5897,8,0.38904159319572656,0.2614614666528368,0.9342038324571816,6.53959640495167,56,Administrative & waste,0.168647166775011,0.0484553265514497,4.0,0.0505172046188879,23.0
561320,Temporary help services,3645678,38254,8,0.03994026808395301,0.7401618900799362,0.551893649073658,95.30187692790297,56,Administrative & waste,0.3030514073519036,0.0800873339339583,4.0,0.0948092784343635,19.0
561330,Professional employer organizations,3777023,4343,8,0.029900269337688887,0.8514694588367641,0.5360690015682175,869.680635505411,56,Administrative & waste,0.2351027276240302,0.0678373413322002,4.0,0.0793532380233652,23.0
561410,Document preparation services,36170,4375,8,0.39153850756986414,0.21153731075339596,0.9083009375714612,8.267428571428571,56,Administrative & waste,0.0794441119839997,0.0158364626108235,4.0,0.0270147128881456,23.0
561421,Telephone answering services,41582,1035,8,0.1875,0.4923842999414177,0.7373540856031129,40.17584541062802,56,Administrative & waste,0.0544170518484832,0.0143573207374199,4.0,0.0239773759329551,23.0
561422,Telemarketing bureaus and other contact centers,344605,3106,8,0.03410989010989011,0.8261433804290947,0.5714754098360656,110.94816484224083,56,Administrative & waste,0.0610014251599592,0.0120931330507539,4.0,0.0547717715243987,23.0
561431,Private mail centers,39175,7614,5,0.9144782890473104,,0.9867297332807778,5.145127396900446,56,Administrative & waste,0.0607465894759174,0.0197148825281981,4.0,0.0851217403095248,23.0
561439,Other business service centers (including copy shops),25906,2264,8,0.35914459970663165,0.48004323322782366,0.9324204946996466,11.442579505300353,56,Administrative & waste,0.0452226366006166,0.009986026488683,4.0,0.0276630915726824,23.0
561440,Collection agencies,91811,2877,8,0.12544266489981493,0.6273389842125705,0.743910925539318,31.912061174834896,56,Administrative & waste,0.0480411727087271,0.0096007728469825,3.0,0.0372662944319079,24.0
561450,Credit bureaus,26469,408,8,0.08039431790350232,0.6914646093558657,0.6856435643564357,64.875,56,Administrative & waste,0.0251882151762963,0.0051698016568488,3.0,0.0222771009803565,24.0
561491,Repossession services,7441,669,6,0.3687903452147067,0.24235195060342407,0.8787425149700598,11.122571001494768,56,Administrative & waste,0.0439121728930894,0.0146680077532801,2.0,0.0589856557736152,24.0
561492,Court reporting and stenotype services,12440,3195,7,0.48723742572600215,0.2283036237342037,0.971195992485911,3.89358372456964,56,Administrative & waste,0.0889153056932234,0.0276611640745958,4.0,0.0341927075620657,23.0
561499,All other business support services,47797,3628,8,0.2747033933460549,0.39237810780165383,0.9025938189845475,13.174476295479604,56,Administrative & waste,0.172284980542825,0.0516174907052975,4.0,0.0346470806467129,23.0
561510,Travel agencies,82899,9308,8,0.3624704056194045,0.4034556829050314,0.9513978494623656,8.906209712075634,56,Administrative & waste,0.0861782639586365,0.0233728921939338,4.0,0.085415754250647,23.0
561520,Tour operators,27113,2584,7,0.3712487899322362,0.2930564111590249,0.9112746997287873,10.492647058823529,56,Administrative & waste,0.2342258311253998,0.062844869345989,4.0,0.126380901830401,23.0
561591,Convention and visitors bureaus,8898,940,6,0.42375434530706835,0.09281575898030127,0.8871139510117146,9.465957446808511,56,Administrative & waste,0.1297548899174501,0.0330342187675238,4.0,0.0496144671612704,23.0
561599,All other travel arrangement and reservation services,67902,2872,8,0.21619089501156766,0.4815204298196975,0.8320530726256983,23.64275766016713,56,Administrative & waste,0.1475045158349381,0.0521504968801953,3.0,0.0479454560775328,24.0
561611,Investigation services,41686,4013,8,0.2905841717975672,0.4397557190769385,0.9169990029910269,10.387739845502118,56,Administrative & waste,0.1006708669885869,0.0277840670350584,4.0,0.048174817571267,23.0
561612,Security guards and patrol services,799400,11104,8,0.05879099752112768,0.7056245040210091,0.5724934096900282,71.9920749279539,56,Administrative & waste,0.0609203866679882,0.0156569810702228,4.0,0.0460685672610022,23.0
561613,Armored car services,25736,763,6,0.12407341340627105,0.3324612518333532,0.507227332457293,33.730013106159895,56,Administrative & waste,0.037335596298635,0.0067923257629912,4.0,0.0204225795516593,23.0
561621,Security systems services (except locksmiths),128462,7151,8,0.24336900495392763,0.37605573795142977,0.8160067161046592,17.964200811075376,56,Administrative & waste,0.0560303287812466,0.014579379570489,4.0,0.0219012065701004,23.0
561622,Locksmiths,16123,3961,6,0.7840972523723873,0.045711095949885254,0.9780358495329462,4.070436758394345,56,Administrative & waste,0.0426997674608599,0.0114513331756112,4.0,0.0262984997187792,23.0
561710,Exterminating and pest control services,139150,16535,8,0.48673374056773266,0.08124326266618757,0.8843664953129725,8.415482310250983,56,Administrative & waste,0.0985506428992804,0.0219038904564967,4.0,0.1136349843703177,23.0
561720,Janitorial services,1088193,67799,8,0.2571448219867297,0.44759983229106814,0.8768680961663418,16.05028097759554,56,Administrative & waste,0.0660487846791694,0.014594118998106,3.0,0.0274981703129632,24.0
561730,Landscaping services,802899,117969,8,0.4481765054284138,0.19481027877974444,0.9306453937385024,6.806016834931211,56,Administrative & waste,0.5646913790869933,0.1869206584374294,4.0,0.4036148213063727,23.0
561740,Carpet and upholstery cleaning services,36157,6673,7,0.6044120132980222,0.09900264833492985,0.9515887290167866,5.418402517608272,56,Administrative & waste,0.1205879481036376,0.0320727300389665,4.0,0.0924420980228277,23.0
561790,Other services to buildings and dwellings,90169,18069,7,0.6207989783115254,0.08087246818426241,0.9570511401372592,4.9902595605733575,56,Administrative & waste,0.2867738738444149,0.0867211439185212,3.0,0.3449636891372142,24.0
561910,Packaging and labeling services,52301,1972,8,0.16680999366343804,0.4573639902235901,0.755465175394001,26.52180527383367,56,Administrative & waste,0.0583534124700598,0.0160243380919576,3.0,0.0195822826878024,24.0
561920,Convention and trade show organizers,81648,6270,8,0.25639783155153095,0.447045640388867,0.906724165468775,13.02200956937799,56,Administrative & waste,0.2929295528344415,0.0639869661979168,2.0,0.104275993754802,23.0
561990,All other support services,173815,12567,8,0.2804082772690841,0.3571090277609113,0.8625796178343949,13.831065488979073,56,Administrative & waste,0.048725359115318,0.0144979070086334,3.0,0.0529253738628382,24.0
562111,Solid waste collection,238764,10982,8,0.19362210722635215,0.39526911660406105,0.7582437602477683,21.74139501001639,56,Administrative & waste,0.0496857758920713,0.0126340055368126,3.0,0.0453709583454927,24.0
562112,Hazardous waste collection,10098,511,6,0.2454497632824829,0.16359810625986324,0.7053045186640472,19.761252446183953,56,Administrative & waste,0.0494540126107517,0.0112500295336636,3.0,0.0239979387206871,24.0
562119,Other waste collection,14188,1571,7,0.47985917799246763,0.2171278860324218,0.9273885350318471,9.031190324633991,56,Administrative & waste,0.1575759808338715,0.0476672884193137,4.0,0.0977903576290589,23.0
562211,Hazardous waste treatment and disposal,29880,994,7,0.23269128135461647,0.34365144825578575,0.7484848484848485,30.06036217303823,56,Administrative & waste,0.0196174869164505,0.0034414417391667,4.0,0.0168092299811049,23.0
562212,Solid waste landfill,23871,1559,6,0.39271874850499927,0.15691527531933216,0.8205787781350482,15.311738293778063,56,Administrative & waste,0.0989542763929642,0.0302845975123106,4.0,0.0327462973751216,23.0
562213,Solid waste combustors and incinerators,2390,64,6,0.07154811715481171,0.2815899581589958,0.515625,37.34375,56,Administrative & waste,0.0295900622462788,0.0075067399707201,4.0,0.0238100433356622,23.0
562219,Other nonhazardous waste treatment and disposal,6458,709,6,0.43820587286221363,0.10067763794772508,0.8870056497175142,9.108603667136812,56,Administrative & waste,0.0459581551781831,0.012365097292532,3.0,0.0250913385115994,24.0
562910,Remediation services,91239,5826,8,0.30923606264310816,0.2550416926863314,0.8299261295310084,15.66065911431514,56,Administrative & waste,0.174157053612784,0.048264488007222,3.0,0.1072235406614271,24.0
562920,Materials recovery facilities,25328,1399,7,0.2749813417364624,0.23965502943859357,0.7745168217609163,18.10436025732666,56,Administrative & waste,0.0480309370859342,0.0150082367999093,3.0,0.0431888369220567,24.0
562991,Septic tank and related services,32666,4054,7,0.4991428396497888,0.1428702626584216,0.9144055254070055,8.057720769610262,56,Administrative & waste,0.1259339453093454,0.0332126581653708,4.0,0.1071449242488753,23.0
562998,All other miscellaneous waste management services,18982,1568,7,0.3419555368243599,0.18322621430829206,0.8469387755102041,12.105867346938776,56,Administrative & waste,0.0644517823922478,0.0142255599566181,4.0,0.0669666728073929,23.0
611110,Elementary and secondary schools,1176824,23201,8,0.06861226728616139,0.4831754123691013,0.42019853258523954,50.72298607818629,61,Educational services,0.1978608022346012,0.0660948723324663,2.0,0.1259748757669203,24.0
611210,Junior colleges,48056,693,8,0.04089193825042882,0.6007318467695826,0.39652677279305354,69.34487734487735,61,Educational services,0.2870855754158674,0.0885612742611998,2.0,0.1655061563543169,24.0
611310,"Colleges, universities, and professional schools",1862528,3989,8,0.022993424462938984,0.8923032467403557,0.5041689827682045,466.91601905239406,61,Educational services,0.200663907205576,0.0501145788356287,2.0,0.0934553502168654,24.0
611410,Business and secretarial schools,1061,94,5,0.236569274269557,,0.7872340425531915,11.287234042553191,61,Educational services,0.0892892728725388,0.0159010828245335,4.0,0.0547433242436098,23.0
611420,Computer training,24092,1633,7,0.32093953536078773,0.33483768398379404,0.8704726826273788,14.753214941824861,61,Educational services,0.1296794405005311,0.0441609774791368,3.0,0.0682747582657059,24.0
611430,Professional and management development training,60279,8067,8,0.38057319254919847,0.3196407899814081,0.9337797619047619,7.4722945332837485,61,Educational services,0.1643584421510984,0.0525496228241828,3.0,0.0287687435681642,24.0
611511,Cosmetology and barber schools,18623,1717,5,0.5074781095339098,,0.8291545189504373,10.8462434478742,61,Educational services,0.0246016023571187,0.0049891767693722,3.0,0.0261832545275999,24.0
611512,Flight training,21508,1221,7,0.2592490792149964,0.26546094222417677,0.8039376538146021,17.615069615069615,61,Educational services,0.0485116849882487,0.0088341630032856,2.0,0.0345653078939059,24.0
611513,Apprenticeship training,14624,1367,7,0.4414504801490612,0.10720940232191487,0.8726207906295754,10.697878566203364,61,Educational services,0.2957170990866637,0.1072178134988609,2.0,0.179365728328638,24.0
611519,Other technical and trade schools,54264,4657,8,0.34439038773404096,0.2577583665044965,0.865363968219884,11.6521365686064,61,Educational services,0.1084042976710806,0.0273542540015053,2.0,0.028388480289233,24.0
611610,Fine arts schools,127068,16284,7,0.6381213499528515,0.05031022924475225,0.9223730270834612,7.803242446573323,61,Educational services,0.2969475027221018,0.0799111286011821,2.0,0.1473602388635812,24.0
611620,Sports and recreation instruction,176751,20916,8,0.4542959211622852,0.0636564428618883,0.8866255439200498,8.450516351118761,61,Educational services,0.8095173510693453,0.3103177652258194,3.0,0.2746639168456716,24.0
611630,Language schools,19068,1558,6,0.4459748278318689,0.08192828306815483,0.8455598455598455,12.238767650834403,61,Educational services,0.3724589656987598,0.0995377059389228,2.0,0.1750016982197882,24.0
611691,Exam preparation and tutoring,108755,9820,8,0.45814500263902885,0.16351422676455066,0.8725809737217356,11.074847250509166,61,Educational services,0.3684263314747972,0.0973189795690014,2.0,0.1892521379017697,24.0
611692,Automobile driving schools,16610,2648,6,0.6590006020469596,0.09476219145093318,0.945619335347432,6.272658610271903,61,Educational services,0.120188542327364,0.0314412117785913,3.0,0.1246289686638995,24.0
611699,All other miscellaneous schools and instruction,55031,7912,7,0.5409915537076054,0.09305837823727929,0.9218710493046777,6.955384226491406,61,Educational services,0.2838914342348882,0.1040312035162223,3.0,0.1002450569600571,24.0
611710,Educational support services,141678,12227,8,0.3482843628317813,0.3626662717666838,0.9145991975763531,11.58730678007688,61,Educational services,0.8284124098687606,0.2386502278446283,2.0,0.2291020253722218,17.0
621111,Offices of physicians (except mental health specialists),2706297,204617,8,0.3393731749923359,0.2802358861380283,0.8610529713235007,13.226159116788928,62,Health care & social assistance,0.0436334170296826,0.0113502774140353,4.0,0.0267406243679091,23.0
621112,"Offices of physicians, mental health specialists",65638,13449,7,0.5516018179802683,0.17498851885283545,0.9612524170757103,4.880511562197933,62,Health care & social assistance,0.0886829205659177,0.0263365058319764,4.0,0.0496234432291185,23.0
621210,Offices of dentists,1028889,135665,8,0.7918453788503911,0.023040386280735823,0.9509306011130357,7.584041572992297,62,Health care & social assistance,0.0431463030247906,0.0104096946351993,4.0,0.0303837013806742,23.0
621310,Offices of chiropractors,150066,39913,6,0.927725498583115,0.008340907875741859,0.9916566446181599,3.759827625084559,62,Health care & social assistance,0.071919455889426,0.0191042656907958,4.0,0.025164746330747,23.0
621320,Offices of optometrists,147931,22501,6,0.7903413709021945,0.015348144134380926,0.9566222222222223,6.574418914714902,62,Health care & social assistance,0.0491623932783074,0.0143256258667264,3.0,0.0269060552455317,24.0
621330,Offices of mental health practitioners (except physicians),276277,46513,8,0.43317407490332543,0.18843093130130203,0.9362260256299991,5.9397802764818435,62,Health care & social assistance,0.091478044577806,0.0238057685959439,4.0,0.066704989769879,23.0
621340,"Offices of physical, occupational and speech therapists, and audiologists",466903,52058,8,0.5016167672806155,0.2069009243198935,0.9219314426254708,8.968900072995504,62,Health care & social assistance,0.067284634383513,0.0238988852982128,3.0,0.0572647128866593,24.0
621391,Offices of podiatrists,35977,7523,6,0.8573638178801428,0.012880002249782052,0.9803243818133475,4.782267712348797,62,Health care & social assistance,0.060527031960697,0.017766352088709,4.0,0.0332739589689022,23.0
621399,Offices of all other miscellaneous health practitioners,135707,36107,7,0.7039652197706147,0.07598294431058988,0.973964103700421,3.758467887113302,62,Health care & social assistance,0.1023914470322766,0.0301800427840281,4.0,0.0962842260789166,23.0
621410,Family planning centers,34441,3591,7,0.5041390484607453,0.1426130505229047,0.8972144846796657,9.590921748816486,62,Health care & social assistance,0.0464137373041702,0.0139174567174038,3.0,0.0441240305945242,24.0
621420,Outpatient mental health and substance abuse centers,321445,16815,8,0.23424086260207722,0.29680488384999604,0.7466095645967167,19.116562592922985,62,Health care & social assistance,0.05457096817663,0.018261303530782,3.0,0.0322543092662568,24.0
621491,HMO medical centers,164563,2018,8,0.05331442046204024,0.7208966146562706,0.5807750377453448,81.54757185332012,62,Health care & social assistance,0.0075470236723518,0.0015251003171078,2.0,0.0420353822079601,24.0
621492,Kidney dialysis centers,137268,8418,8,0.37565191476680077,0.06130978989718373,0.6835412953060012,16.30648610121169,62,Health care & social assistance,0.0173228163980226,0.0060184998620906,4.0,0.0476178941706185,23.0
621493,Freestanding ambulatory surgical and emergency centers,196178,10042,8,0.27715456716943787,0.18837598511893966,0.7028588504831158,19.535749850627365,62,Health care & social assistance,0.0311973667199996,0.0089821399297241,4.0,0.0613253143995799,23.0
621498,All other outpatient care centers,492051,21074,8,0.21383474413496695,0.39442714523950484,0.759547786433593,23.348723545601214,62,Health care & social assistance,0.0428552840231013,0.0110391410664465,3.0,0.0462986699887895,24.0
621511,Medical laboratories,232333,16635,8,0.24904918164393733,0.5038986061354126,0.9064644275911882,13.966516381124135,62,Health care & social assistance,0.0186357162491335,0.0042632136951495,4.0,0.0271664204610501,23.0
621512,Diagnostic imaging centers,99727,6968,8,0.3162054098069716,0.24239735251438058,0.824601693698866,14.312141216991963,62,Health care & social assistance,0.0382374616712052,0.011024616828134,4.0,0.0303957410608996,23.0
621610,Home health care services,1618759,40762,8,0.10071958163621256,0.5110289485776957,0.6242129083038174,39.71245277464305,62,Health care & social assistance,0.037710174369087,0.0093164255068086,4.0,0.0596688681060905,23.0
621910,Ambulance services,179939,5556,8,0.17635617281441784,0.44616822755485364,0.6548991354466859,32.38642908567314,62,Health care & social assistance,0.046721339971219,0.0120484059185504,4.0,0.0306647781839694,23.0
621991,Blood and organ banks,90025,2110,8,0.06998056095529019,0.42169397389613994,0.44549763033175355,42.665876777251185,62,Health care & social assistance,0.031263083096265,0.0068304054864207,3.0,0.0409257690160685,24.0
621999,All other miscellaneous ambulatory health care services,117066,9527,8,0.33596875504832135,0.3774671443368525,0.9021008403361345,12.287813582449878,62,Health care & social assistance,0.0957543046735737,0.0321480018630043,4.0,0.0764513872191791,23.0
622110,General medical and surgical hospitals,5815843,5777,8,0.0018251855521625646,0.9737168259345393,0.17319941205291522,1006.7237320408517,62,Health care & social assistance,0.0217852052591573,0.0064079688808826,3.0,0.0185644728807374,24.0
622210,Psychiatric and substance abuse hospitals,232220,751,8,0.0016626326147442714,0.9521625534417626,0.0896358543417367,309.2143808255659,62,Health care & social assistance,0.033727683099139,0.0093062242784826,3.0,0.0105932728376283,24.0
622310,Specialty (except psychiatric and substance abuse) hospitals,296115,995,8,0.0045126579118190445,0.9136353422879113,0.12984293193717278,297.6030150753769,62,Health care & social assistance,0.0356956014639939,0.0101470989239692,3.0,0.0402636395389198,24.0
623110,Nursing care facilities (skilled nursing facilities),1426754,18126,8,0.014791428028307624,0.6136938026392672,0.22135172413793103,78.71311927617786,62,Health care & social assistance,0.0422454868046539,0.0122901629044827,3.0,0.0051991316286086,24.0
623210,Residential intellectual and developmental disability facilities,545820,35559,8,0.4330503099078276,0.29129641794359734,0.8730484683113449,15.34970049776428,62,Health care & social assistance,0.0458415796039233,0.0125411134853453,3.0,0.0093709747428561,24.0
623220,Residential mental health and substance abuse facilities,223988,8575,8,0.18723694789940123,0.3602303404348978,0.6682995101469559,26.121049562682217,62,Health care & social assistance,0.0579222114400517,0.0201944117299047,3.0,0.0229946776679192,24.0
623311,Continuing care retirement communities,455640,5639,8,0.02609387466869652,0.661990205339374,0.27416488983653164,80.80156056038305,62,Health care & social assistance,0.048339602627665,0.015343440170717,3.0,0.032079900718562,24.0
623312,Assisted living facilities for the elderly,508230,20884,8,0.14653029672355355,0.22008879903272482,0.6217614098941622,24.335855200153226,62,Health care & social assistance,0.0595545684603791,0.0169490674480003,3.0,0.0369176036701445,24.0
623990,Other residential care facilities,118478,5988,8,0.26677316293929715,0.2992228650375615,0.7545940527898429,19.785905143620575,62,Health care & social assistance,0.0709229600440072,0.0248975510813668,3.0,0.0187869265830684,24.0
624110,Child and youth services,243116,16306,8,0.2943915168585867,0.2860740618010107,0.8193192272309108,14.909603826812216,62,Health care & social assistance,0.3150838696379027,0.1204763142538461,3.0,0.0461140319259902,24.0
624120,Services for the elderly and persons with disabilities,1527355,40265,8,0.11325750116917321,0.5123855440962907,0.6575079713033081,37.93257171240531,62,Health care & social assistance,0.045511551988483,0.01843567595921,3.0,0.0793630672280797,24.0
624190,Other individual and family services,463601,37716,8,0.300312823558241,0.2781038962759205,0.8545705269299106,12.291892035210521,62,Health care & social assistance,0.0964906893732407,0.0361639409448376,3.0,0.0263429875083065,24.0
624210,Community food services,51810,5112,7,0.3967959853310172,0.18567844045551052,0.8818466353677621,10.134976525821596,62,Health care & social assistance,0.1003313810083744,0.039745213418005,3.0,0.0636410688768731,24.0
624221,Temporary shelters,88945,4768,7,0.3001025972079726,0.16099692208376082,0.7166841552990556,18.654572147651006,62,Health care & social assistance,0.063065298031671,0.0212113156892939,3.0,0.0393419770128455,24.0
624229,Other community housing services,63178,4819,7,0.3889882075084876,0.14925128339702481,0.8349252491694352,13.110188835858063,62,Health care & social assistance,0.0832468920644081,0.0320314506590745,3.0,0.0479097455492379,24.0
624230,Emergency and other relief services,35629,1268,8,0.15016787058703834,0.6195950757961135,0.8132911392405063,28.09858044164038,62,Health care & social assistance,0.1110264058979473,0.0309578635922477,4.0,0.0269709598210179,23.0
624310,Vocational rehabilitation services,223984,6826,8,0.12177259721150482,0.45658852681374407,0.6368838028169014,32.813360679753885,62,Health care & social assistance,0.1122016395721005,0.043441023792448,3.0,0.0216447651130051,24.0
624410,Child day care services,1045052,82162,8,0.4179624683048581,0.06252184411266673,0.7897510802750898,12.719407998831576,62,Health care & social assistance,0.1629891093685066,0.061358629707324,3.0,0.0178995595272847,24.0
711110,Theater companies and dinner theaters,68930,3490,8,0.17752819030879002,0.397658379634457,0.7804528518200057,19.750716332378225,71,"Arts, entertainment & recreation",0.2817361758890346,0.0468826126064534,4.0,0.0807524361355319,22.0
711120,Dance companies,11341,872,7,0.2826911207124592,0.43893836522352525,0.8761467889908257,13.005733944954128,71,"Arts, entertainment & recreation",0.5432712074189581,0.1805254707370279,2.0,0.3415553367410949,24.0
711130,Musical groups and artists,40175,5681,7,0.35954708416084186,0.40385855407392124,0.9477020602218701,7.071818341841225,71,"Arts, entertainment & recreation",0.5608304227635884,0.1299296131437665,2.0,0.1065969331084813,24.0
711190,Other performing arts companies,7158,468,6,0.35919268369599494,0.2696310312204352,0.9202586206896551,15.294871794871796,71,"Arts, entertainment & recreation",0.5585041959962538,0.1552458240061949,4.0,0.1757619218547911,22.0
711211,Sports teams and clubs,92369,1498,8,0.05723631564908537,0.7835633361878958,0.7078272604588394,61.66154873164219,71,"Arts, entertainment & recreation",0.7400181129901416,0.2635429895747956,3.0,0.6849660772756375,24.0
711212,Racetracks,31377,525,8,0.04300726984812495,0.8544230907651336,0.7203065134099617,59.76571428571429,71,"Arts, entertainment & recreation",0.917535191428246,0.2382521286942374,4.0,0.6341837700822991,23.0
711219,Other spectator sports,16361,3124,7,0.48016250872849614,0.17691868215577986,0.9494076208773615,5.23719590268886,71,"Arts, entertainment & recreation",0.2727459303127688,0.0702927886930842,4.0,0.1026605012029473,23.0
711310,"Promoters of performing arts, sports, and similar events with facilities",144748,4274,8,0.12474048897570889,0.6357297406203737,0.794456189805027,33.867103416003744,71,"Arts, entertainment & recreation",0.4966886893490805,0.1727542537393794,3.0,0.1327449033701511,24.0
711320,"Promoters of performing arts, sports, and similar events without facilities",39605,5031,8,0.3607473235630392,0.37049163288639436,0.9369781312127237,7.872192407076128,71,"Arts, entertainment & recreation",0.5730656765789169,0.1364467850980727,3.0,0.2830521010461194,24.0
711410,"Agents and managers for artists, athletes, entertainers, and other public figures",25141,4998,8,0.4588472187264032,0.27846295830187096,0.9611767060236142,5.030212084833933,71,"Arts, entertainment & recreation",0.190790981729236,0.0642707307892714,4.0,0.0586185979630314,23.0
711510,"Independent artists, writers, and performers",64940,38677,7,0.7510163227594703,0.06445950107791808,0.990588721979471,1.679034051244926,71,"Arts, entertainment & recreation",0.5732848388151525,0.1979331505740735,4.0,0.1233680158509914,23.0
712110,Museums,91534,5480,8,0.23943596641773737,0.4354677860754209,0.8447772096420745,16.703284671532845,71,"Arts, entertainment & recreation",0.1609913445194178,0.0571868010837893,3.0,0.1147601764001955,24.0
712120,Historical sites,11468,1120,6,0.43437468809262403,0.17137438866154306,0.8979409131602507,10.239285714285714,71,"Arts, entertainment & recreation",0.2771181991249965,0.0862088799735151,4.0,0.2343252703073642,23.0
712130,Zoos and botanical gardens,42708,781,8,0.07297331801353249,0.7028724626579854,0.6187419768934531,54.68373879641485,71,"Arts, entertainment & recreation",0.2956308195978646,0.1046162405645977,3.0,0.353470905622562,24.0
712190,Nature parks and other similar institutions,8860,797,6,0.3982874617737003,0.13847094801223242,0.8628930817610063,11.116687578419072,71,"Arts, entertainment & recreation",0.339627274527825,0.1148707698237969,3.0,0.3471912623613011,24.0
713110,Amusement and theme parks,161508,742,8,0.05400623250409338,0.7199862673638621,0.6122733612273361,217.66576819407007,71,"Arts, entertainment & recreation",0.7022309734438364,0.2416490747103829,3.0,0.6999477432564047,24.0
713120,Amusement arcades,72363,3630,7,0.19681132759149317,0.30240822811271845,0.7384954532929182,19.934710743801652,71,"Arts, entertainment & recreation",0.4019394421649891,0.1568410678255992,3.0,0.2603378175847812,24.0
713210,Casinos (except casino hotels),73015,384,8,0.013485641757893067,0.8940980485483103,0.37329700272479566,190.14322916666666,71,"Arts, entertainment & recreation",0.0430913762503607,0.006389640457142,2.0,0.0184536756038686,24.0
713290,Other gambling industries,61272,3125,8,0.279834428147215,0.4228741114010618,0.8349887856456264,19.60704,71,"Arts, entertainment & recreation",0.0468871659882568,0.0076405191929047,4.0,0.0416114533105439,23.0
713910,Golf courses and country clubs,324224,10076,8,0.10830099343154616,0.3672713914321239,0.5759531374106434,32.17784835252084,71,"Arts, entertainment & recreation",0.7479384000033068,0.2298434904484602,4.0,0.7821960970323976,23.0
713930,Marinas,32549,3739,7,0.5183987984458158,0.10621347177327195,0.9125200642054575,8.705268788446109,71,"Arts, entertainment & recreation",0.582016611528728,0.1679300920394737,3.0,0.7629195713232215,24.0
713940,Fitness and recreational sports centers,708273,41556,8,0.263163960456897,0.28417479098726856,0.7848290135489616,17.043820386947733,71,"Arts, entertainment & recreation",0.5980600501703006,0.2169794177398107,3.0,0.3786651578301393,24.0
713950,Bowling centers,63860,3154,6,0.25030651702348394,0.05322393033418215,0.60418648905804,20.24730500951173,71,"Arts, entertainment & recreation",0.2018205628975433,0.0661032858715916,2.0,0.1549447781880353,23.0
713990,All other amusement and recreation industries,223158,22786,8,0.36601398917989,0.2514792765466193,0.8910247970155805,9.793645220749584,71,"Arts, entertainment & recreation",0.9508856283103704,0.3246038411497486,3.0,0.6210093900470337,24.0
721110,Hotels (except casino hotels) and motels,1497840,55895,8,0.18282577148054646,0.4172116602756197,0.6755614456105161,26.797387959567047,72,Accommodation & food services,0.131498956112215,0.0343337318112315,3.0,0.0798204264444449,24.0
721120,Casino hotels,383387,516,8,0.0023000463260214074,0.9696198828032933,0.13432835820895522,742.9980620155038,72,Accommodation & food services,0.0366632606159546,0.010144217724535,3.0,0.0220959891427,24.0
721191,Bed-and-breakfast inns,11933,2304,5,0.689307508622977,,0.9517810599478714,5.179253472222222,72,Accommodation & food services,0.329151534381103,0.100110771650761,4.0,0.268539989892739,23.0
721199,All other traveler accommodation,12436,2061,6,0.5054908485856905,0.043178036605657236,0.9281553398058252,6.033964095099466,72,Accommodation & food services,0.5393623595528697,0.1685615001179347,3.0,0.6408826635718503,24.0
721211,RV (recreational vehicle) parks and campgrounds,26333,5018,6,0.6733070897451191,0.06103622410433814,0.9591307814992025,5.247708250298924,72,Accommodation & food services,0.9414781479024752,0.2518733371887629,4.0,1.0,23.0
721310,Rooming and boarding houses,7503,1589,6,0.6998533919765427,0.050246568039450885,0.9628697293895532,4.721837633731907,72,Accommodation & food services,0.4150786050178207,0.1244982052144398,2.0,0.2295278394198206,24.0
722310,Food service contractors,618579,29512,8,0.2261445926834671,0.3695837380088262,0.7699976263944932,20.9602534562212,72,Accommodation & food services,0.1670578442344013,0.0381478599794853,4.0,0.1136311910924949,23.0
722320,Caterers,148684,13222,8,0.3382832233357777,0.19934680463890925,0.8547764919446336,11.245197398275602,72,Accommodation & food services,0.4677145048564271,0.1311954858467524,4.0,0.187340576997368,22.0
722330,Mobile food services,38438,12487,5,0.7958826338409296,,0.9802146747837231,3.0782413710258667,72,Accommodation & food services,0.9978224907948208,0.3160794174324675,3.0,0.7224599297788913,18.0
722410,Drinking places (alcoholic beverages),432542,40835,8,0.5026337863554299,0.058793732819975415,0.862782553326966,10.592432961919922,72,Accommodation & food services,0.1374998586042045,0.0286614820643786,3.0,0.0661452664194725,24.0
722511,Full-service restaurants,5387020,258626,8,0.21838500396647248,0.1318787557739525,0.6450729821169647,20.829382970003017,72,Accommodation & food services,0.1301376021209829,0.0496705002164772,3.0,0.0738152164906379,24.0
722513,Limited-service restaurants,4965080,270088,8,0.27503469117396867,0.060953662589731415,0.6513430956920969,18.383193625781228,72,Accommodation & food services,0.1766433523769779,0.0524673804380576,3.0,0.0570186381259577,24.0
722514,"Cafeterias, grill buffets, and buffets",68901,4622,6,0.30702215217581647,0.08087441263170184,0.7740748755680589,14.90718303764604,72,Accommodation & food services,0.0694090288836128,0.0172527242638537,3.0,0.0767847185559673,24.0
722515,Snack and nonalcoholic beverage bars,985583,85140,8,0.47442376745540454,0.01951535284192199,0.7998825463941743,11.576027719050975,72,Accommodation & food services,0.2903961177332131,0.1128077650409387,3.0,0.2126549322947695,24.0
811111,General automotive repair,403389,84859,8,0.8205018980918852,0.04046255810165754,0.9791060254310192,4.753638388385439,81,Other services,0.0420124850403529,0.0086104821636556,4.0,0.0312114590814063,23.0
811121,"Automotive body, paint, and interior repair and maintenance",246720,35029,7,0.6849480137761458,0.02370930052678288,0.9311978988237981,7.04330697422136,81,Other services,0.0341916731679776,0.0087733463345989,3.0,0.0234101290837089,24.0
811122,Automotive glass replacement shops,36983,7201,5,0.7522280186936202,,0.9540277777777778,5.135814470212471,81,Other services,0.0552591011964381,0.0126264247252092,3.0,0.0641329071729066,24.0
811191,Automotive oil change and lubrication shops,77250,9085,6,0.8379032258064516,0.011888657648283039,0.9534346103038309,8.503026967528895,81,Other services,0.1282968956318818,0.0414492082388934,3.0,0.0257285388858989,24.0
811192,Car washes,172644,19807,7,0.5388516015141372,0.04765741163089646,0.8960258546684846,8.716312414802848,81,Other services,0.1168728994443097,0.0263451593685216,3.0,0.0524392614367162,24.0
811198,All other automotive repair and maintenance,22057,5368,7,0.6860407126989164,0.17822006619213854,0.9821162444113264,4.10897913561848,81,Other services,0.0603998217277032,0.0142917171448587,3.0,0.0543619107506174,24.0
811310,Commercial and industrial machinery and equipment (except automotive and electronic) repair and maintenance,219835,22907,8,0.4349608203684521,0.1999772009734193,0.9043147873176697,9.596848125027284,81,Other services,0.1200434273408451,0.0320589923828074,2.0,0.0330562988143813,24.0
811411,Home and garden equipment repair and maintenance,4203,1670,4,0.9589966232513266,,0.9958058717795086,2.5167664670658683,81,Other services,0.2367085186008985,0.0605502344949732,4.0,0.2084167532213643,23.0
811412,Appliance repair and maintenance,24621,5595,7,0.6181714796312091,0.1559238048820113,0.9701519213583557,4.400536193029491,81,Other services,0.0424105190360186,0.0122234790293012,4.0,0.0298799374628262,23.0
811420,Reupholstery and furniture repair,10920,3168,5,0.8680613668061367,,0.9861067256078307,3.446969696969697,81,Other services,0.0760829023906278,0.0235250635763942,4.0,0.0643730273430618,23.0
811430,Footwear and leather goods repair,1811,698,4,0.8682033096926713,,0.9885057471264368,2.5945558739255015,81,Other services,0.0331629958996462,0.0109569476877059,4.0,0.0398700722616083,23.0
811490,Other personal and household goods repair and maintenance,40317,11482,6,0.7983438241667526,0.03570322980084615,0.9819686411149826,3.5113220693259013,81,Other services,0.1593391232755293,0.0440003705416915,4.0,0.1114022026993763,23.0
812111,Barber shops,29017,7789,6,0.8115242788710066,0.016369714305407176,0.9781743484401079,3.725381948902298,81,Other services,0.0328032994070121,0.0103062639191835,4.0,0.0704290582890844,23.0
812112,Beauty salons,391064,84176,6,0.7605591597236985,0.013464193236912942,0.9655831967115737,4.645789773807261,81,Other services,0.0218536754215667,0.0060908142740878,3.0,0.0206622402773117,24.0
812113,Nail salons,148059,34417,5,0.9047036147837555,,0.9848326359832636,4.301914751430979,81,Other services,0.1708003990593396,0.0520808399028463,4.0,0.1630406335494086,22.0
812191,Diet and weight reducing centers,12955,2481,5,0.8444661140906875,,0.9770068576038725,5.221684804514309,81,Other services,0.0783589129652543,0.017851578451955,2.0,0.0887706893400588,24.0
812199,Other personal care services,183545,31863,7,0.6258827645013884,0.036556835822200845,0.9343104638754629,5.760443147224053,81,Other services,0.1224316614652079,0.0253241979199857,3.0,0.0547515369909875,24.0
812210,Funeral homes and funeral services,107566,15183,6,0.7332301293469239,0.022223051169904227,0.943815044131208,7.0846341302772835,81,Other services,0.0673483663988813,0.0229164444282408,4.0,0.0327173411372439,23.0
812220,Cemeteries and crematories,33240,5049,6,0.6587275099365879,0.04787766619132862,0.9421553090332805,6.5834818775995245,81,Other services,0.2913302904765863,0.0866666353391121,4.0,0.2195395954575676,23.0
812310,Coin-operated laundries and drycleaners,41351,10890,6,0.8617128031916196,0.03243018332231931,0.9871418074944893,3.7971533516988063,81,Other services,0.0698059919308105,0.013131926102724,4.0,0.0483703188828174,23.0
812320,Drycleaning and laundry services (except coin-operated),93512,15801,7,0.6687309853512771,0.08181847709580677,0.9531615925058547,5.918106448958927,81,Other services,0.0597292061662027,0.0181231720196215,3.0,0.0532869352710072,24.0
812331,Linen supply,55637,905,7,0.044988047522332264,0.6533242266836817,0.4419889502762431,61.47734806629834,81,Other services,0.0788150767654035,0.0287983345196514,3.0,0.0215544433650781,24.0
812332,Industrial launderers,66202,1421,7,0.05563276033956678,0.5977160810851636,0.4651653764954258,46.58831808585503,81,Other services,0.0378354636485702,0.0110716648596604,3.0,0.0106321669970289,24.0
812910,Pet care (except veterinary) services,175116,25551,6,0.6141551465451088,0.03022528661909725,0.9191780821917809,6.85358694375954,81,Other services,0.1417419560490774,0.0549936598114359,3.0,0.1382563420459885,24.0
812921,Photofinishing laboratories (except one-hour),3507,332,6,0.35724743777452417,0.46881405563689604,0.9123867069486404,10.563253012048193,81,Other services,0.2159627892037814,0.0785052621174419,4.0,0.0834379944614369,23.0
812922,One-hour photofinishing,174,59,3,1.0,,1.0,2.9491525423728815,81,Other services,0.1419588765269714,0.0449964043202931,4.0,0.0924150226376767,23.0
812930,Parking lots and garages,128501,12189,8,0.3676854553831977,0.25533308005076427,0.8949700500533355,10.542374271884485,81,Other services,0.0422835293334529,0.0080956482210909,4.0,0.0503278276947724,23.0
812990,All other personal services,87222,24681,8,0.6758730595491963,0.11795189287106464,0.9766622097970098,3.53397350188404,81,Other services,0.1720957768839969,0.0516144205260658,4.0,0.1082880622119619,23.0
813110,Religious organizations,1576295,186801,8,0.4728641067761533,0.14664647139681505,0.9137763024040263,8.43836489098024,81,Other services,0.1509868220548061,0.0430143001093029,3.0,0.03060139327777,24.0
813211,Grantmaking foundations,110793,12588,8,0.37958099558314434,0.34359953841868607,0.9318127632520067,8.801477597712108,81,Other services,0.1900784525484943,0.0520221766975735,3.0,0.035051693975107,24.0
813212,Voluntary health organizations,57356,4111,8,0.3339575273685077,0.3109926742941806,0.8753347942537132,13.951836536122597,81,Other services,0.0882236563262634,0.0309096495448748,3.0,0.0147892622104022,24.0
813219,Other grantmaking and giving services,41324,5018,7,0.3918062143064563,0.25868744555222145,0.9155041849342368,8.235153447588681,81,Other services,0.1228252842227165,0.0401050547475947,3.0,0.0066757885751856,24.0
813311,Human rights organizations,49062,4101,8,0.37760594011555104,0.2666900990751521,0.886069773115394,11.963423555230431,81,Other services,0.118233953910015,0.0393732781965838,3.0,0.0411079602649179,24.0
813312,"Environment, conservation and wildlife organizations",91424,8311,8,0.3925446272313616,0.20338204410220512,0.868607869089159,11.000360967392613,81,Other services,0.2657425003173243,0.1010739733736078,3.0,0.1758371375089149,24.0
813319,Other social advocacy organizations,74461,8843,8,0.446723876549048,0.21379991376792445,0.9198054518719602,8.420332466357571,81,Other services,0.1467305522758116,0.0435846316934227,3.0,0.0302530421600585,24.0
813410,Civic and social organizations,201423,24698,8,0.5108850528489796,0.1778148473610263,0.9265932464167139,8.155437687262127,81,Other services,0.5004109337409876,0.1917814154678233,3.0,0.2205969819445903,24.0
813910,Business associations,105286,14855,8,0.47881486919896443,0.19747671857490628,0.9348996903191059,7.087579939414338,81,Other services,0.0688254312448489,0.0229448707592642,3.0,0.0397874524513,24.0
813920,Professional organizations,86514,6529,8,0.26969282870892997,0.41398609708276396,0.8780450436647771,13.250727523357329,81,Other services,0.1270219131253888,0.0324132019269353,2.0,0.0190591286987319,24.0
813930,Labor unions and similar labor organizations,136752,12813,8,0.46825640575640576,0.2118140868140868,0.8947163037539998,10.672910325450713,81,Other services,0.3631517752442219,0.1074935792374613,4.0,0.0679998336932167,23.0
813940,Political organizations,9289,2200,6,0.5410700828937453,0.15652922811928088,0.9613636363636363,4.222272727272728,81,Other services,0.176166929349769,0.0683820057208117,4.0,0.8255775692426478,11.0
813990,"Other similar organizations (except business, professional, labor, and political organizations)",136543,18140,8,0.504245083846061,0.18581101459765956,0.9306390251971108,7.527177508269019,81,Other services,0.4067752401918816,0.1467701101648284,3.0,0.2703658996845319,24.0
