naics_code,hire_seasonal_amplitude,peak_quarter_hire,peak_excess_hire,n_hire_excess_obs,hire_seasonal_index,sector_2d,sector_label,national_industry_title,sector_title,subsector_title,industry_group_title,naics_industry_title,seasonal_index,peak_quarter,seasonal_index_emp,hire_to_sep_lag_quarters,likely_churn
721211,0.6314782959432694,2,0.39069103500286123,24,1.0,72,Accommodation & food services,RV (Recreational Vehicle) Parks and Campgrounds,Accommodation and Food Services,Accommodation,RV (Recreational Vehicle) Parks and Recreational Camps,RV (Recreational Vehicle) Parks and Recreational Camps,0.9414781479024752,4.0,1.0,2,False
525990,0.7986586736692821,4,0.46791565641802907,23,1.0,52,Finance & insurance,Other Financial Vehicles,Finance and Insurance,"Funds, Trusts, and Other Financial Vehicles",Other Investment Pools and Funds,Other Financial Vehicles,0.1793592589266744,4.0,0.1419487627399949,0,False
111331,0.801056087452668,4,0.2941152938846242,23,1.0,11,"Agriculture, forestry, fishing",Apple Orchards,"Agriculture, Forestry, Fishing and Hunting",Crop Production,Fruit and Tree Nut Farming,Noncitrus Fruit and Tree Nut Farming,,,1.0,,False
111219,0.6610532781755015,2,0.31537575077325863,24,1.0,11,"Agriculture, forestry, fishing",Other Vegetable (except Potato) and Melon Farming,"Agriculture, Forestry, Fishing and Hunting",Crop Production,Vegetable and Melon Farming,Vegetable and Melon Farming,1.0,4.0,0.429864716122855,2,False
111333,0.8040957998712399,2,0.3814326511454986,24,1.0,11,"Agriculture, forestry, fishing",Strawberry Farming,"Agriculture, Forestry, Fishing and Hunting",Crop Production,Fruit and Tree Nut Farming,Noncitrus Fruit and Tree Nut Farming,,,0.6068878433142275,,False
111334,1.015118094700552,3,0.610609746925225,24,1.0,11,"Agriculture, forestry, fishing",Berry (except Strawberry) Farming,"Agriculture, Forestry, Fishing and Hunting",Crop Production,Fruit and Tree Nut Farming,Noncitrus Fruit and Tree Nut Farming,,,1.0,,False
111991,1.9512936836324988,4,1.0930979665770197,23,1.0,11,"Agriculture, forestry, fishing",Sugar Beet Farming,"Agriculture, Forestry, Fishing and Hunting",Crop Production,Other Crop Farming,All Other Crop Farming,,,0.8678321570772506,,False
111339,1.1294454191965595,3,0.7193604423336591,24,1.0,11,"Agriculture, forestry, fishing",Other Noncitrus Fruit Farming,"Agriculture, Forestry, Fishing and Hunting",Crop Production,Fruit and Tree Nut Farming,Noncitrus Fruit and Tree Nut Farming,,,1.0,,False
111910,0.6248357305164318,2,0.23421532997234687,24,1.0,11,"Agriculture, forestry, fishing",Tobacco Farming,"Agriculture, Forestry, Fishing and Hunting",Crop Production,Other Crop Farming,Tobacco Farming,,,1.0,,False
115111,1.3245225565843375,4,0.8432566014000878,23,1.0,11,"Agriculture, forestry, fishing",Cotton Ginning,"Agriculture, Forestry, Fishing and Hunting",Support Activities for Agriculture and Forestry,Support Activities for Crop Production,Support Activities for Crop Production,0.0089634506549001,3.0,0.8229520260509033,3,False
813940,0.8783489629410541,4,0.5182814315314548,23,1.0,81,Other services,Political Organizations,Other Services (except Public Administration),"Religious, Grantmaking, Civic, Professional, and Similar Organizations","Business, Professional, Labor, Political, and Similar Organizations",Political Organizations,0.176166929349769,4.0,0.8255775692426478,0,False
713920,0.6929649833542371,4,0.4272698066431828,23,1.0,71,"Arts, entertainment & recreation",Skiing Facilities,"Arts, Entertainment, and Recreation","Amusement, Gambling, and Recreation Industries",Other Amusement and Recreation Industries,Skiing Facilities,,,1.0,,False
525920,1.6297335466200826,4,1.0699712697062673,23,1.0,52,Finance & insurance,"Trusts, Estates, and Agency Accounts",Finance and Insurance,"Funds, Trusts, and Other Financial Vehicles",Other Investment Pools and Funds,"Trusts, Estates, and Agency Accounts",0.2234081219195356,4.0,0.2902207153982863,0,False
525190,2.3217555429168213,1,1.4841491229340094,23,1.0,52,Finance & insurance,Other Insurance Funds,Finance and Insurance,"Funds, Trusts, and Other Financial Vehicles",Insurance and Employee Benefit Funds,Other Insurance Funds,0.0390733655192519,3.0,0.2750972155047619,2,False
721214,1.7709009813196883,3,1.1013934889531898,24,1.0,72,Accommodation & food services,Recreational and Vacation Camps (except Campgrounds),Accommodation and Food Services,Accommodation,RV (Recreational Vehicle) Parks and Recreational Camps,RV (Recreational Vehicle) Parks and Recreational Camps,,,1.0,,False
512132,0.6769644689392609,2,0.4256461243157493,24,1.0,51,Information,Drive-In Motion Picture Theaters,Information,Motion Picture and Sound Recording Industries,Motion Picture and Video Industries,Motion Picture and Video Exhibition,1.0,3.0,1.0,1,False
115115,0.8280038774159886,2,0.3523838172439948,24,1.0,11,"Agriculture, forestry, fishing",Farm Labor Contractors and Crew Leaders,"Agriculture, Forestry, Fishing and Hunting",Support Activities for Agriculture and Forestry,Support Activities for Crop Production,Support Activities for Crop Production,,,0.4099883814809945,,False
115114,0.6204430603437351,2,0.293753789651741,24,1.0,11,"Agriculture, forestry, fishing",Postharvest Crop Activities (except Cotton Ginning),"Agriculture, Forestry, Fishing and Hunting",Support Activities for Agriculture and Forestry,Support Activities for Crop Production,Support Activities for Crop Production,0.7914877759113961,4.0,0.3086094069318429,2,False
525110,0.7620699403219551,4,0.481780022583467,23,1.0,52,Finance & insurance,Pension Funds,Finance and Insurance,"Funds, Trusts, and Other Financial Vehicles",Insurance and Employee Benefit Funds,Pension Funds,0.2598460277284029,4.0,0.1935953533024553,0,False
115113,0.7244574995192351,2,0.3323914477730219,24,1.0,11,"Agriculture, forestry, fishing","Crop Harvesting, Primarily by Machine","Agriculture, Forestry, Fishing and Hunting",Support Activities for Agriculture and Forestry,Support Activities for Crop Production,Support Activities for Crop Production,1.0,4.0,0.4012138007375845,2,False
525120,0.6565171126729792,4,0.3827261278195765,23,1.0,52,Finance & insurance,Health and Welfare Funds,Finance and Insurance,"Funds, Trusts, and Other Financial Vehicles",Insurance and Employee Benefit Funds,Health and Welfare Funds,0.9534800353367432,4.0,0.0622400498946597,0,True
111211,0.6089318837909207,2,0.21342301858048088,24,0.9831820347229792,11,"Agriculture, forestry, fishing",Potato Farming,"Agriculture, Forestry, Fishing and Hunting",Crop Production,Vegetable and Melon Farming,Vegetable and Melon Farming,,,1.0,,False
711212,0.6039095731709964,2,0.34099053553720166,24,0.9750730069224192,71,"Arts, entertainment & recreation",Racetracks,"Arts, Entertainment, and Recreation","Performing Arts, Spectator Sports, and Related Industries",Spectator Sports,Spectator Sports,0.917535191428246,4.0,0.6341837700822991,2,False
115112,0.5950788093952237,3,0.3992501452076825,24,0.960814846809057,11,"Agriculture, forestry, fishing","Soil Preparation, Planting, and Cultivating","Agriculture, Forestry, Fishing and Hunting",Support Activities for Agriculture and Forestry,Support Activities for Crop Production,Support Activities for Crop Production,0.8429068547322806,3.0,0.3320506395553867,0,False
611710,0.5885890921821328,2,0.2982813177486328,24,0.9503365428407692,61,Educational services,Educational Support Services,Educational Services,Educational Services,Educational Support Services,Educational Support Services,0.8284124098687606,2.0,0.2291020253722218,0,True
111160,0.5765129009168065,2,0.29112043459321896,24,0.9308383122241833,11,"Agriculture, forestry, fishing",Rice Farming,"Agriculture, Forestry, Fishing and Hunting",Crop Production,Oilseed and Grain Farming,Rice Farming,1.0,4.0,0.5268150276195475,2,False
111150,0.5736516681718111,3,0.39076565857482004,24,0.926218562943644,11,"Agriculture, forestry, fishing",Corn Farming,"Agriculture, Forestry, Fishing and Hunting",Crop Production,Oilseed and Grain Farming,Corn Farming,0.7878476538657987,4.0,0.4064488390364963,1,False
459120,0.5472193861835808,4,0.32065528221666306,23,0.8835409737430712,45,Retail trade - specialty,"Hobby, Toy, and Game Retailers",Retail Trade,"Sporting Goods, Hobby, Musical Instrument, Book, and Miscellaneous Retailers","Sporting Goods, Hobby, and Musical Instrument Retailers","Hobby, Toy, and Game Retailers",0.2817634225063298,1.0,0.4523703555059962,1,False
541213,0.5291044679305454,4,0.26337460607797675,23,0.8542926084316976,54,Professional & technical services,Tax Preparation Services,"Professional, Scientific, and Technical Services","Professional, Scientific, and Technical Services","Accounting, Tax Preparation, Bookkeeping, and Payroll Services","Accounting, Tax Preparation, Bookkeeping, and Payroll Services",,,1.0,,False
111130,0.5146483997014285,4,0.2244053538277935,23,0.83095182606518,11,"Agriculture, forestry, fishing",Dry Pea and Bean Farming,"Agriculture, Forestry, Fishing and Hunting",Crop Production,Oilseed and Grain Farming,Dry Pea and Bean Farming,0.6367520988728917,4.0,0.4353157566658662,0,False
713910,0.5050681911059398,2,0.3177287039961088,24,0.8154836115888016,71,"Arts, entertainment & recreation",Golf Courses and Country Clubs,"Arts, Entertainment, and Recreation","Amusement, Gambling, and Recreation Industries",Other Amusement and Recreation Industries,Golf Courses and Country Clubs,0.7479384000033068,4.0,0.7821960970323976,2,False
111336,0.48589854099351554,2,0.23772915859666618,24,0.7845322751517492,11,"Agriculture, forestry, fishing",Fruit and Tree Nut Combination Farming,"Agriculture, Forestry, Fishing and Hunting",Crop Production,Fruit and Tree Nut Farming,Noncitrus Fruit and Tree Nut Farming,1.0,4.0,0.566409449628434,2,False
114119,0.4814085465003081,4,0.3064467525319747,23,0.7772827255071417,11,"Agriculture, forestry, fishing",Other Marine Fishing,"Agriculture, Forestry, Fishing and Hunting","Fishing, Hunting and Trapping",Fishing,Fishing,0.4326971752402674,4.0,0.6540078590863809,0,False
532284,0.48115522286307333,2,0.277105521190924,24,0.7768737089065502,53,Real estate,Recreational Goods Rental,Real Estate and Rental and Leasing,Rental and Leasing Services,Consumer Goods Rental,Other Consumer Goods Rental,1.0,3.0,1.0,1,False
456120,0.46675677423299233,4,0.26862831232577866,23,0.7536259592028445,45,Retail trade - specialty,"Cosmetics, Beauty Supplies, and Perfume Retailers",Retail Trade,Health and Personal Care Retailers,Health and Personal Care Retailers,"Cosmetics, Beauty Supplies, and Perfume Retailers",0.182114032793695,4.0,0.4117429957636951,0,False
487210,0.44687306468586807,2,0.27620343860671165,24,0.7215217016811696,48,Transportation,"Scenic and Sightseeing Transportation, Water",Transportation and Warehousing,Scenic and Sightseeing Transportation,"Scenic and Sightseeing Transportation, Water","Scenic and Sightseeing Transportation, Water",0.8234595546824203,4.0,0.7665667044248576,2,False
713930,0.44046614887080693,2,0.2834209281413152,24,0.711177088933788,71,"Arts, entertainment & recreation",Marinas,"Arts, Entertainment, and Recreation","Amusement, Gambling, and Recreation Industries",Other Amusement and Recreation Industries,Marinas,0.582016611528728,3.0,0.7629195713232215,1,False
111120,0.4311319192115878,2,0.20089265548971075,22,0.6961060322964027,11,"Agriculture, forestry, fishing",Oilseed (except Soybean) Farming,"Agriculture, Forestry, Fishing and Hunting",Crop Production,Oilseed and Grain Farming,Oilseed (except Soybean) Farming,1.0,4.0,0.5273687084555548,2,False
111140,0.42469684881146585,3,0.14986387118012454,24,0.6857159611275397,11,"Agriculture, forestry, fishing",Wheat Farming,"Agriculture, Forestry, Fishing and Hunting",Crop Production,Oilseed and Grain Farming,Wheat Farming,1.0,4.0,0.3335614018906874,1,False
541921,0.42208877397947164,4,0.2088479680956359,23,0.6815049608690769,54,Professional & technical services,"Photography Studios, Portrait","Professional, Scientific, and Technical Services","Professional, Scientific, and Technical Services","Other Professional, Scientific, and Technical Services",Photographic Services,0.6654895471361867,4.0,0.1545116598607184,0,True
312113,0.4197351940674093,2,0.2535837800252782,24,0.6777048683654313,31,Manufacturing - food/textiles,Ice Manufacturing,Manufacturing,Beverage and Tobacco Product Manufacturing,Beverage Manufacturing,Soft Drink and Ice Manufacturing,0.8119993303060713,3.0,0.7539506696420493,1,False
311313,0.40537830558548765,4,0.2449510064765313,23,0.6545242217189285,31,Manufacturing - food/textiles,Beet Sugar Manufacturing,Manufacturing,Food Manufacturing,Sugar and Confectionery Product Manufacturing,Sugar Manufacturing,0.9446939859770034,4.0,0.3551715310079403,0,False
111320,0.40457058778697197,4,0.2387590793172334,23,0.6532200797454738,11,"Agriculture, forestry, fishing",Citrus (except Orange) Groves,"Agriculture, Forestry, Fishing and Hunting",Crop Production,Fruit and Tree Nut Farming,Citrus (except Orange) Groves,0.6222100282007746,2.0,0.2689348934144122,2,True
458320,0.39729364281383256,4,0.2297089158827708,23,0.6414707170405396,45,Retail trade - specialty,Luggage and Leather Goods Retailers,Retail Trade,"Clothing, Clothing Accessories, Shoe, and Jewelry Retailers","Jewelry, Luggage, and Leather Goods Retailers",Luggage and Leather Goods Retailers,0.253911617056254,1.0,0.3560243302652755,1,False
445292,0.3874399910282539,4,0.21625368595163014,23,0.6255610009132045,44,Retail trade - general,Confectionery and Nut Retailers,Retail Trade,Food and Beverage Retailers,Specialty Food Retailers,Other Specialty Food Retailers,0.097958851237268,4.0,0.2920641244149262,0,False
111199,0.3761495611648259,4,0.15095513815167552,23,0.6073314614499143,11,"Agriculture, forestry, fishing",All Other Grain Farming,"Agriculture, Forestry, Fishing and Hunting",Crop Production,Oilseed and Grain Farming,Other Grain Farming,1.0,4.0,0.3257109070028639,0,False
111940,0.36228100040728434,2,0.21413329094924674,24,0.5849392692405132,11,"Agriculture, forestry, fishing",Hay Farming,"Agriculture, Forestry, Fishing and Hunting",Crop Production,Other Crop Farming,Hay Farming,0.7841084030080907,4.0,0.4095916913038954,2,False
459420,0.35244528449642043,4,0.1847109807731183,23,0.5690585123946118,45,Retail trade - specialty,"Gift, Novelty, and Souvenir Retailers",Retail Trade,"Sporting Goods, Hobby, Musical Instrument, Book, and Miscellaneous Retailers","Office Supplies, Stationery, and Gift Retailers","Gift, Novelty, and Souvenir Retailers",0.3830180138713633,4.0,0.1410264860487821,0,True
455110,0.3512385634934188,4,0.18817526921491542,23,0.5671101394441137,45,Retail trade - specialty,Department Stores,Retail Trade,General Merchandise Retailers,Department Stores,Department Stores,0.1280167749233456,1.0,0.268479761833599,1,False
722330,0.34953159462655314,3,0.18728786428516916,24,0.5643540657872611,72,Accommodation & food services,Mobile Food Services,Accommodation and Food Services,Food Services and Drinking Places,Special Food Services,Mobile Food Services,0.9978224907948208,3.0,0.7224599297788913,0,False
492110,0.34748582833164066,4,0.2028458870695848,23,0.5610509694608248,49,Warehousing & couriers,Couriers and Express Delivery Services,Transportation and Warehousing,Couriers and Messengers,Couriers and Express Delivery Services,Couriers and Express Delivery Services,0.1838297119757175,4.0,0.2601005063705051,0,False
721199,0.34298469131787157,2,0.20918316311156024,24,0.553783429091262,72,Accommodation & food services,All Other Traveler Accommodation,Accommodation and Food Services,Accommodation,Traveler Accommodation,Other Traveler Accommodation,0.5393623595528697,3.0,0.6408826635718503,1,False
711130,0.34000161312051824,4,0.14926961310778494,23,0.548966948020255,71,"Arts, entertainment & recreation",Musical Groups and Artists,"Arts, Entertainment, and Recreation","Performing Arts, Spectator Sports, and Related Industries",Performing Arts Companies,Musical Groups and Artists,0.5608304227635884,2.0,0.1065969331084813,2,True
713110,0.33863942231818894,2,0.22914590684484828,24,0.546767553374704,71,"Arts, entertainment & recreation",Amusement and Theme Parks,"Arts, Entertainment, and Recreation","Amusement, Gambling, and Recreation Industries",Amusement Parks and Arcades,Amusement and Theme Parks,0.7022309734438364,3.0,0.6999477432564047,1,False
458110,0.33167653347399584,4,0.16526242262230934,23,0.5355252660128318,45,Retail trade - specialty,Clothing and Clothing Accessories Retailers,Retail Trade,"Clothing, Clothing Accessories, Shoe, and Jewelry Retailers",Clothing and Clothing Accessories Retailers,Clothing and Clothing Accessories Retailers,0.1198643352482329,1.0,0.2827658669969496,1,False
311314,0.32828608508573087,4,0.20286389338660535,23,0.530051044620046,31,Manufacturing - food/textiles,Cane Sugar Manufacturing,Manufacturing,Food Manufacturing,Sugar and Confectionery Product Manufacturing,Sugar Manufacturing,0.2329175566992963,1.0,0.3303628290877085,1,False
711211,0.32787617930677665,2,0.22125366345070038,24,0.5293892103352522,71,"Arts, entertainment & recreation",Sports Teams and Clubs,"Arts, Entertainment, and Recreation","Performing Arts, Spectator Sports, and Related Industries",Spectator Sports,Spectator Sports,0.7400181129901416,3.0,0.6849660772756375,1,False
113210,0.3258964785434306,2,0.17385800632319592,24,0.5261927834828236,11,"Agriculture, forestry, fishing",Forest Nurseries and Gathering of Forest Products,"Agriculture, Forestry, Fishing and Hunting",Forestry and Logging,Forest Nurseries and Gathering of Forest Products,Forest Nurseries and Gathering of Forest Products,0.5575226346400296,4.0,0.0841038036383752,2,True
445240,0.3206998572677238,4,0.18107355585675408,23,0.5178023135213453,44,Retail trade - general,Meat Retailers,Retail Trade,Food and Beverage Retailers,Specialty Food Retailers,Meat Retailers,0.2650182726051364,4.0,0.1977237002788622,0,False
111310,0.3180980955646484,4,0.17523326570199305,23,0.5136015064472124,11,"Agriculture, forestry, fishing",Orange Groves,"Agriculture, Forestry, Fishing and Hunting",Crop Production,Fruit and Tree Nut Farming,Orange Groves,0.6337978681887263,2.0,0.2452732760821735,2,True
444240,0.3106858849840076,2,0.1947460883404671,24,0.5016337437557586,44,Retail trade - general,"Nursery, Garden Center, and Farm Supply Retailers",Retail Trade,Building Material and Garden Equipment and Supplies Dealers,Lawn and Garden Equipment and Supplies Retailers,"Nursery, Garden Center, and Farm Supply Retailers",0.4100283707011268,4.0,0.3049097042306305,2,False
487110,0.3081811749209945,2,0.1862596518249083,24,0.49758963635771364,48,Transportation,"Scenic and Sightseeing Transportation, Land",Transportation and Warehousing,Scenic and Sightseeing Transportation,"Scenic and Sightseeing Transportation, Land","Scenic and Sightseeing Transportation, Land",0.5519519560011634,4.0,0.407423500178514,2,False
111335,0.30336818359156015,4,0.16963676981016645,23,0.4898185756950368,11,"Agriculture, forestry, fishing",Tree Nut Farming,"Agriculture, Forestry, Fishing and Hunting",Crop Production,Fruit and Tree Nut Farming,Noncitrus Fruit and Tree Nut Farming,0.8451241450576206,4.0,0.390573476132153,0,False
111998,0.30270970213210663,2,0.13738925909255095,24,0.4887553908653931,11,"Agriculture, forestry, fishing",All Other Miscellaneous Crop Farming,"Agriculture, Forestry, Fishing and Hunting",Crop Production,Other Crop Farming,All Other Crop Farming,1.0,4.0,0.4979653372075746,2,False
561730,0.30093852551045674,2,0.21092132808273778,24,0.48589564730280205,56,Administrative & waste services,Landscaping Services,Administrative and Support and Waste Management and Remediation Services,Administrative and Support Services,Services to Buildings and Dwellings,Landscaping Services,0.5646913790869933,4.0,0.4036148213063727,2,False
111992,0.2966805716693062,2,0.14112314828664516,24,0.47902075072941736,11,"Agriculture, forestry, fishing",Peanut Farming,"Agriculture, Forestry, Fishing and Hunting",Crop Production,Other Crop Farming,All Other Crop Farming,0.9227702197447024,4.0,0.3554214019274654,2,False
311421,0.2947551422918352,3,0.1708916173201267,24,0.4759119505114486,31,Manufacturing - food/textiles,Fruit and Vegetable Canning,Manufacturing,Food Manufacturing,Fruit and Vegetable Preserving and Specialty Food Manufacturing,"Fruit and Vegetable Canning, Pickling, and Drying",0.7857221906736965,4.0,0.5557138936463122,1,False
713990,0.29031202511274873,2,0.1370283587181307,24,0.46873808902557706,71,"Arts, entertainment & recreation",All Other Amusement and Recreation Industries,"Arts, Entertainment, and Recreation","Amusement, Gambling, and Recreation Industries",Other Amusement and Recreation Industries,All Other Amusement and Recreation Industries,0.9508856283103704,3.0,0.6210093900470337,1,False
111421,0.2897260622596909,2,0.14269807962343597,24,0.46779199281107947,11,"Agriculture, forestry, fishing",Nursery and Tree Production,"Agriculture, Forestry, Fishing and Hunting",Crop Production,"Greenhouse, Nursery, and Floriculture Production",Nursery and Floriculture Production,0.6561864073901703,4.0,0.2741404725948237,2,True
111422,0.2884586096368823,2,0.14581015052378932,24,0.46574556252588883,11,"Agriculture, forestry, fishing",Floriculture Production,"Agriculture, Forestry, Fishing and Hunting",Crop Production,"Greenhouse, Nursery, and Floriculture Production",Nursery and Floriculture Production,0.6902706667045342,2.0,0.3877401426548154,0,False
112930,0.27744871898512957,4,0.18473011650490764,23,0.4479689819571754,11,"Agriculture, forestry, fishing",Fur-Bearing Animal and Rabbit Production,"Agriculture, Forestry, Fishing and Hunting",Animal Production and Aquaculture,Other Animal Production,Fur-Bearing Animal and Rabbit Production,0.1673915954916976,4.0,0.2084804172852658,0,False
711320,0.2771733835568722,3,0.10292419897958736,24,0.44752442509656215,71,"Arts, entertainment & recreation","Promoters of Performing Arts, Sports, and Similar Events without Facilities","Arts, Entertainment, and Recreation","Performing Arts, Spectator Sports, and Related Industries","Promoters of Performing Arts, Sports, and Similar Events","Promoters of Performing Arts, Sports, and Similar Events without Facilities",0.5730656765789169,3.0,0.2830521010461194,0,True
483212,0.2733561618507147,2,0.16989203134265365,24,0.4413611350735729,48,Transportation,Inland Water Passenger Transportation,Transportation and Warehousing,Water Transportation,Inland Water Transportation,Inland Water Transportation,0.2838851292556422,4.0,0.4530978238600097,2,False
711510,0.27201865158390326,4,0.1523112936158655,23,0.4392015896456017,71,"Arts, entertainment & recreation","Independent Artists, Writers, and Performers","Arts, Entertainment, and Recreation","Performing Arts, Spectator Sports, and Related Industries","Independent Artists, Writers, and Performers","Independent Artists, Writers, and Performers",0.5732848388151525,4.0,0.1233680158509914,0,True
711310,0.2691758464386197,3,0.14833873856248583,24,0.43461159358617296,71,"Arts, entertainment & recreation","Promoters of Performing Arts, Sports, and Similar Events with Facilities","Arts, Entertainment, and Recreation","Performing Arts, Spectator Sports, and Related Industries","Promoters of Performing Arts, Sports, and Similar Events","Promoters of Performing Arts, Sports, and Similar Events with Facilities",0.4966886893490805,3.0,0.1327449033701511,0,True
114210,0.26577196280807125,4,0.13927490821996608,23,0.42911567963762376,11,"Agriculture, forestry, fishing",Hunting and Trapping,"Agriculture, Forestry, Fishing and Hunting","Fishing, Hunting and Trapping",Hunting and Trapping,Hunting and Trapping,0.1536850716804438,4.0,0.2256655182164025,0,False
324121,0.26447788694917035,2,0.1729438037471466,24,0.42702626344854316,32,Manufacturing - paper/chemicals,Asphalt Paving Mixture and Block Manufacturing,Manufacturing,Petroleum and Coal Products Manufacturing,Petroleum and Coal Products Manufacturing,"Asphalt Paving, Roofing, and Saturated Materials Manufacturing",0.5838191660052794,4.0,0.3146951117074376,2,False
722320,0.26343139033080604,2,0.12113069578580955,24,0.4253365889513421,72,Accommodation & food services,Caterers,Accommodation and Food Services,Food Services and Drinking Places,Special Food Services,Caterers,0.4677145048564271,4.0,0.187340576997368,2,True
114111,0.2602547365203526,2,0.13130905674522206,24,0.42020756049987,11,"Agriculture, forestry, fishing",Finfish Fishing,"Agriculture, Forestry, Fishing and Hunting","Fishing, Hunting and Trapping",Fishing,Fishing,0.6921825295601838,4.0,0.2583184761969708,2,True
111920,0.2602250514355246,4,0.10117707412476898,23,0.4201596309319183,11,"Agriculture, forestry, fishing",Cotton Farming,"Agriculture, Forestry, Fishing and Hunting",Crop Production,Other Crop Farming,Cotton Farming,0.8511225832998162,4.0,0.2613213974174119,0,True
311411,0.2575180938506806,3,0.161286279310897,24,0.415788974480811,31,Manufacturing - food/textiles,"Frozen Fruit, Juice, and Vegetable Manufacturing",Manufacturing,Food Manufacturing,Fruit and Vegetable Preserving and Specialty Food Manufacturing,Frozen Food Manufacturing,0.4359841908448852,4.0,0.3321473976994835,1,False
711120,0.2561734178853635,4,0.15315445495700897,23,0.4136178593087937,71,"Arts, entertainment & recreation",Dance Companies,"Arts, Entertainment, and Recreation","Performing Arts, Spectator Sports, and Related Industries",Performing Arts Companies,Dance Companies,0.5432712074189581,2.0,0.3415553367410949,2,False
449129,0.25364161912412003,4,0.140189626760173,23,0.4095300144712204,44,Retail trade - general,All Other Home Furnishings Retailers,Retail Trade,"Furniture, Home Furnishings, Electronics, and Appliance Retailers",Furniture and Home Furnishings Retailers,Home Furnishings Retailers,0.1149227793059282,1.0,0.2250677280103938,1,False
611620,0.24448816385070277,3,0.144415866340954,24,0.3947508363397725,61,Educational services,Sports and Recreation Instruction,Educational Services,Educational Services,Other Schools and Instruction,Sports and Recreation Instruction,0.8095173510693453,3.0,0.2746639168456716,0,True
111191,0.24006517652938253,4,0.08857909075631333,23,0.3876094765425859,11,"Agriculture, forestry, fishing",Oilseed and Grain Combination Farming,"Agriculture, Forestry, Fishing and Hunting",Crop Production,Oilseed and Grain Farming,Other Grain Farming,0.9690966568177924,4.0,0.3201079643731597,0,False
111930,0.23270838352575324,4,0.11810958367290757,23,0.3757311911269588,11,"Agriculture, forestry, fishing",Sugarcane Farming,"Agriculture, Forestry, Fishing and Hunting",Crop Production,Other Crop Farming,Sugarcane Farming,0.2095431801651359,4.0,0.17949359947009,0,False
523910,0.23061682157920438,3,0.14440384096660389,24,0.37235415309512676,52,Finance & insurance,Miscellaneous Intermediation,Finance and Insurance,"Securities, Commodity Contracts, and Other Financial Investments and Related Activities",Other Financial Investment Activities,Miscellaneous Intermediation,0.1578525304437918,4.0,0.0609893594741478,1,False
115116,0.23037602441805966,2,0.08402944124046714,24,0.3719653617554848,11,"Agriculture, forestry, fishing",Farm Management Services,"Agriculture, Forestry, Fishing and Hunting",Support Activities for Agriculture and Forestry,Support Activities for Crop Production,Support Activities for Crop Production,0.7448874039427521,4.0,0.2665246651751268,2,True
445230,0.2260824550816486,2,0.11092849426682166,24,0.365032960367473,44,Retail trade - general,Fruit and Vegetable Retailers,Retail Trade,Food and Beverage Retailers,Specialty Food Retailers,Fruit and Vegetable Retailers,0.5244557415665666,4.0,0.2432641358013264,2,True
455219,0.22428391983542084,4,0.1021445446428819,23,0.3621290435420004,45,Retail trade - specialty,All Other General Merchandise Retailers,Retail Trade,General Merchandise Retailers,"Warehouse Clubs, Supercenters, and Other General Merchandise Retailers","Warehouse Clubs, Supercenters, and Other General Merchandise Retailers",0.0857832281681474,4.0,0.1888298577025483,0,False
238990,0.22388551450345953,2,0.14004590752306043,24,0.36148577789053926,23,Construction,All Other Specialty Trade Contractors,Construction,Specialty Trade Contractors,Other Specialty Trade Contractors,All Other Specialty Trade Contractors,0.5179307607535916,4.0,0.2654243680065146,2,True
924120,0.21690705757929343,2,0.13042038823014787,24,0.3502183542910155,92,Public administration,Administration of Conservation Programs,Public Administration,Administration of Environmental Quality Programs,Administration of Environmental Quality Programs,Administration of Conservation Programs,0.2013667544999513,3.0,0.293058640517755,1,False
721191,0.21173427159158065,2,0.11650589449949796,24,0.34186636880961113,72,Accommodation & food services,Bed-and-Breakfast Inns,Accommodation and Food Services,Accommodation,Traveler Accommodation,Other Traveler Accommodation,0.329151534381103,4.0,0.268539989892739,2,True
111110,0.21118523882177595,2,0.07456855366411763,24,0.3409798999448415,11,"Agriculture, forestry, fishing",Soybean Farming,"Agriculture, Forestry, Fishing and Hunting",Crop Production,Oilseed and Grain Farming,Soybean Farming,0.9269705253641316,4.0,0.3808289618254488,2,False
712190,0.21113093186057746,2,0.11673058724701811,24,0.34089221587042856,71,"Arts, entertainment & recreation",Nature Parks and Other Similar Institutions,"Arts, Entertainment, and Recreation","Museums, Historical Sites, and Similar Institutions","Museums, Historical Sites, and Similar Institutions",Nature Parks and Other Similar Institutions,0.339627274527825,3.0,0.3471912623613011,1,False
532289,0.21095075221582002,2,0.11612067342661175,24,0.3406012976339824,53,Real estate,All Other Consumer Goods Rental,Real Estate and Rental and Leasing,Rental and Leasing Services,Consumer Goods Rental,Other Consumer Goods Rental,0.2371208785577806,4.0,0.2057319170513262,2,False
111332,0.2099157136702166,3,0.11529750341178953,24,0.33893012335263617,11,"Agriculture, forestry, fishing",Grape Vineyards,"Agriculture, Forestry, Fishing and Hunting",Crop Production,Fruit and Tree Nut Farming,Noncitrus Fruit and Tree Nut Farming,0.7272246465787258,4.0,0.5028029069143388,1,False
812220,0.20696410689121805,2,0.13254722194505222,24,0.33416445606549783,81,Other services,Cemeteries and Crematories,Other Services (except Public Administration),Personal and Laundry Services,Death Care Services,Cemeteries and Crematories,0.2913302904765863,4.0,0.2195395954575676,2,False
712130,0.20626679781121138,2,0.1413533702007865,24,0.3330385801204846,71,"Arts, entertainment & recreation",Zoos and Botanical Gardens,"Arts, Entertainment, and Recreation","Museums, Historical Sites, and Similar Institutions","Museums, Historical Sites, and Similar Institutions",Zoos and Botanical Gardens,0.2956308195978646,3.0,0.353470905622562,1,False
237310,0.2061005302146746,2,0.11796430328052233,24,0.3327701242911497,23,Construction,"Highway, Street, and Bridge Construction",Construction,Heavy and Civil Engineering Construction,"Highway, Street, and Bridge Construction","Highway, Street, and Bridge Construction",0.4072987334376104,4.0,0.2095345212856599,2,True
541320,0.20463460867626548,2,0.13298649881775335,24,0.33040324589433356,54,Professional & technical services,Landscape Architectural Services,"Professional, Scientific, and Technical Services","Professional, Scientific, and Technical Services","Architectural, Engineering, and Related Services",Landscape Architectural Services,0.3750823020966604,4.0,0.2538030472911557,2,True
712120,0.2041250570386774,2,0.11838572726748701,24,0.32958052330552545,71,"Arts, entertainment & recreation",Historical Sites,"Arts, Entertainment, and Recreation","Museums, Historical Sites, and Similar Institutions","Museums, Historical Sites, and Similar Institutions",Historical Sites,0.2771181991249965,4.0,0.2343252703073642,2,False
114112,0.20063337438881745,4,0.08498109390311727,23,0.3239428489716997,11,"Agriculture, forestry, fishing",Shellfish Fishing,"Agriculture, Forestry, Fishing and Hunting","Fishing, Hunting and Trapping",Fishing,Fishing,0.5024502478811702,4.0,0.1393135464647106,0,True
487990,0.1946938842624311,2,0.11790421532378724,24,0.3143529422134544,48,Transportation,"Scenic and Sightseeing Transportation, Other",Transportation and Warehousing,Scenic and Sightseeing Transportation,"Scenic and Sightseeing Transportation, Other","Scenic and Sightseeing Transportation, Other",0.1915176364910598,3.0,0.2742121511756332,1,False
561790,0.19111853927049,2,0.12146778404256449,24,0.30858018657758723,56,Administrative & waste services,Other Services to Buildings and Dwellings,Administrative and Support and Waste Management and Remediation Services,Administrative and Support Services,Services to Buildings and Dwellings,Other Services to Buildings and Dwellings,0.2867738738444149,3.0,0.3449636891372142,1,False
459210,0.19006235510141017,3,0.10804308122939776,24,0.3068748705512143,45,Retail trade - specialty,Book Retailers and News Dealers,Retail Trade,"Sporting Goods, Hobby, Musical Instrument, Book, and Miscellaneous Retailers",Book Retailers and News Dealers,Book Retailers and News Dealers,0.2612325600482241,1.0,0.1469394633753614,2,False
483114,0.18801706964851345,2,0.12122443915275938,24,0.3035725505927824,48,Transportation,Coastal and Great Lakes Passenger Transportation,Transportation and Warehousing,Water Transportation,"Deep Sea, Coastal, and Great Lakes Water Transportation","Deep Sea, Coastal, and Great Lakes Water Transportation",0.1975673707698348,4.0,0.3443835266279868,2,False
111419,0.18421341795562685,2,0.10527704061463748,24,0.297431170726929,11,"Agriculture, forestry, fishing",Other Food Crops Grown Under Cover,"Agriculture, Forestry, Fishing and Hunting",Crop Production,"Greenhouse, Nursery, and Floriculture Production",Food Crops Grown Under Cover,0.5734759937621591,4.0,0.1921936505580188,2,False
424930,0.1839342733351229,2,0.08338925650143725,24,0.2969804635406663,42,Wholesale trade,"Flower, Nursery Stock, and Florists' Supplies Merchant Wholesalers",Wholesale Trade,"Merchant Wholesalers, Nondurable Goods",Miscellaneous Nondurable Goods Merchant Wholesalers,"Flower, Nursery Stock, and Florists' Supplies Merchant Wholesalers",0.3148903329411295,2.0,0.1423988833546773,0,False
713940,0.17957703220451554,2,0.10585016120921313,24,0.28994525760942275,71,"Arts, entertainment & recreation",Fitness and Recreational Sports Centers,"Arts, Entertainment, and Recreation","Amusement, Gambling, and Recreation Industries",Other Amusement and Recreation Industries,Fitness and Recreational Sports Centers,0.5980600501703006,3.0,0.3786651578301393,1,False
458210,0.17903636424661099,4,0.07239872856894104,23,0.28907229457839734,45,Retail trade - specialty,Shoe Retailers,Retail Trade,"Clothing, Clothing Accessories, Shoe, and Jewelry Retailers",Shoe Retailers,Shoe Retailers,0.1358994127437275,3.0,0.1670047114562194,3,False
711110,0.17835225091098963,2,0.07013434533372155,24,0.28796772449559926,71,"Arts, entertainment & recreation",Theater Companies and Dinner Theaters,"Arts, Entertainment, and Recreation","Performing Arts, Spectator Sports, and Related Industries",Performing Arts Companies,Theater Companies and Dinner Theaters,0.2817361758890346,4.0,0.0807524361355319,2,False
311423,0.17802237918775812,3,0.0995079672496791,24,0.2874351132780272,31,Manufacturing - food/textiles,Dried and Dehydrated Food Manufacturing,Manufacturing,Food Manufacturing,Fruit and Vegetable Preserving and Specialty Food Manufacturing,"Fruit and Vegetable Canning, Pickling, and Drying",0.248174722038896,4.0,0.1823409496611763,1,False
458310,0.17800411611167408,4,0.10043316310150717,23,0.28740562569693223,45,Retail trade - specialty,Jewelry Retailers,Retail Trade,"Clothing, Clothing Accessories, Shoe, and Jewelry Retailers","Jewelry, Luggage, and Leather Goods Retailers",Jewelry Retailers,0.102960044759563,1.0,0.1617646423297047,1,False
441222,0.17521688558099083,2,0.12508826928636735,24,0.28290536046637965,44,Retail trade - general,Boat Dealers,Retail Trade,Motor Vehicle and Parts Dealers,Other Motor Vehicle Dealers,"Motorcycle, Boat, and Other Motor Vehicle Dealers",0.1958190925980412,4.0,0.265211446164194,2,False
541870,0.1740376072884831,4,0.08951803540833052,23,0.2810012965439681,54,Professional & technical services,Advertising Material Distribution Services,"Professional, Scientific, and Technical Services","Professional, Scientific, and Technical Services","Advertising, Public Relations, and Related Services",Advertising Material Distribution Services,0.2273020249412047,4.0,0.0287244264772798,0,False
424590,0.17198787652704278,4,0.09375112609693374,23,0.27769179918587095,42,Wholesale trade,Other Farm Product Raw Material Merchant Wholesalers,Wholesale Trade,"Merchant Wholesalers, Nondurable Goods",Farm Product Raw Material Merchant Wholesalers,Other Farm Product Raw Material Merchant Wholesalers,0.3479191493149993,4.0,0.1424640650016625,0,False
512131,0.17110616716803995,2,0.0826627149837977,24,0.276268190364106,51,Information,Motion Picture Theaters (except Drive-Ins),Information,Motion Picture and Sound Recording Industries,Motion Picture and Video Industries,Motion Picture and Video Exhibition,0.2946321867826622,3.0,0.2311915259902616,1,False
112519,0.16947586652094562,2,0.1025431863052252,24,0.2736359052923479,11,"Agriculture, forestry, fishing",Other Aquaculture,"Agriculture, Forestry, Fishing and Hunting",Animal Production and Aquaculture,Aquaculture,Aquaculture,0.4819855698989793,3.0,0.3696991852083993,1,False
532281,0.16912854020875587,2,0.10005823908612493,24,0.27307511187781086,53,Real estate,Formal Wear and Costume Rental,Real Estate and Rental and Leasing,Rental and Leasing Services,Consumer Goods Rental,Other Consumer Goods Rental,0.7347499570939695,4.0,0.3098821570729432,2,False
311352,0.16790600849695264,4,0.08309839648388259,23,0.27110121094090944,31,Manufacturing - food/textiles,Confectionery Manufacturing from Purchased Chocolate,Manufacturing,Food Manufacturing,Sugar and Confectionery Product Manufacturing,Chocolate and Confectionery Manufacturing,0.1316111959497476,4.0,0.0930948005699249,0,False
459110,0.16604696745127012,4,0.06558400060257105,23,0.2680996013905131,45,Retail trade - specialty,Sporting Goods Retailers,Retail Trade,"Sporting Goods, Hobby, Musical Instrument, Book, and Miscellaneous Retailers","Sporting Goods, Hobby, and Musical Instrument Retailers",Sporting Goods Retailers,0.119081638696778,3.0,0.1773590971788794,3,False
212321,0.15559777540844638,2,0.09899963683126288,24,0.2512283253622044,21,"Mining, quarrying, oil & gas",Construction Sand and Gravel Mining,"Mining, Quarrying, and Oil and Gas Extraction",Mining (except Oil and Gas),Nonmetallic Mineral Mining and Quarrying,"Sand, Gravel, Clay, and Ceramic and Refractory Minerals Mining and Quarrying",0.2928755210376416,4.0,0.175193173933859,2,False
459999,0.15459096478433645,4,0.06933915620919218,23,0.24960272791141794,45,Retail trade - specialty,All Other Miscellaneous Retailers,Retail Trade,"Sporting Goods, Hobby, Musical Instrument, Book, and Miscellaneous Retailers",Other Miscellaneous Retailers,All Other Miscellaneous Retailers,0.1642393073129146,4.0,0.1632141655610759,0,False
541922,0.15417806396496758,4,0.07894701614467126,23,0.24893605783134498,54,Professional & technical services,Commercial Photography,"Professional, Scientific, and Technical Services","Professional, Scientific, and Technical Services","Other Professional, Scientific, and Technical Services",Photographic Services,0.3582095841291897,4.0,0.0549891002188043,0,False
532310,0.152499031430862,2,0.08874819615130615,24,0.24622509020558864,53,Real estate,General Rental Centers,Real Estate and Rental and Leasing,Rental and Leasing Services,General Rental Centers,General Rental Centers,0.1764463660076702,4.0,0.150728122992682,2,False
711190,0.15179297791580992,2,0.07184548075808753,24,0.24508509548691734,71,"Arts, entertainment & recreation",Other Performing Arts Companies,"Arts, Entertainment, and Recreation","Performing Arts, Spectator Sports, and Related Industries",Performing Arts Companies,Other Performing Arts Companies,0.5585041959962538,4.0,0.1757619218547911,2,False
813930,0.15167496558436377,2,0.07538535936745175,24,0.24489455265734617,81,Other services,Labor Unions and Similar Labor Organizations,Other Services (except Public Administration),"Religious, Grantmaking, Civic, Professional, and Similar Organizations","Business, Professional, Labor, Political, and Similar Organizations",Labor Unions and Similar Labor Organizations,0.3631517752442219,4.0,0.0679998336932167,2,False
311710,0.15072113829643918,3,0.07531079075051351,24,0.24335450215468932,31,Manufacturing - food/textiles,Seafood Product Preparation and Packaging,Manufacturing,Food Manufacturing,Seafood Product Preparation and Packaging,Seafood Product Preparation and Packaging,0.3807362984829592,3.0,0.2103830625255174,0,False
449210,0.14949436570925612,4,0.0834286202098962,23,0.24137375389611535,44,Retail trade - general,Electronics and Appliance Retailers,Retail Trade,"Furniture, Home Furnishings, Electronics, and Appliance Retailers",Electronics and Appliance Retailers,Electronics and Appliance Retailers,0.0416616419658899,4.0,0.0924375310963709,0,False
812921,0.14904867214864853,4,0.06808972347415958,23,0.24065413662291055,81,Other services,Photofinishing Laboratories (except One-Hour),Other Services (except Public Administration),Personal and Laundry Services,Other Personal Services,Photofinishing,0.2159627892037814,4.0,0.0834379944614369,0,False
212311,0.14807720252451234,2,0.09766454525504047,24,0.2390856007863838,21,"Mining, quarrying, oil & gas",Dimension Stone Mining and Quarrying,"Mining, Quarrying, and Oil and Gas Extraction",Mining (except Oil and Gas),Nonmetallic Mineral Mining and Quarrying,Stone Mining and Quarrying,0.2772543551224704,4.0,0.1754032284474945,2,False
561320,0.14794717891879872,4,0.04206885837231891,23,0.23887566454124637,56,Administrative & waste services,Temporary Help Services,Administrative and Support and Waste Management and Remediation Services,Administrative and Support Services,Employment Services,Temporary Help Services,0.3030514073519036,4.0,0.0948092784343635,0,False
238320,0.1461708020942123,2,0.08077648955215275,24,0.23600752472574066,23,Construction,Painting and Wall Covering Contractors,Construction,Specialty Trade Contractors,Building Finishing Contractors,Painting and Wall Covering Contractors,0.2879529750338332,4.0,0.1877645347702644,2,False
484210,0.1456178108804232,2,0.08555275917827615,24,0.23511466455331492,48,Transportation,Used Household and Office Goods Moving,Transportation and Warehousing,Truck Transportation,Specialized Freight Trucking,Used Household and Office Goods Moving,0.2521187825254968,3.0,0.2038044255157197,1,False
112512,0.14542183269308753,2,0.09144719320746465,24,0.234798237974062,11,"Agriculture, forestry, fishing",Shellfish Farming,"Agriculture, Forestry, Fishing and Hunting",Animal Production and Aquaculture,Aquaculture,Aquaculture,0.2741586738701111,3.0,0.2235600674311455,1,False
238910,0.14491805032572383,2,0.08190763793542837,24,0.23398483045478638,23,Construction,Site Preparation Contractors,Construction,Specialty Trade Contractors,Other Specialty Trade Contractors,Site Preparation Contractors,0.2836416615629584,4.0,0.159663966367261,2,False
711219,0.1446675616354604,2,0.06882802245739651,24,0.23358039116243878,71,"Arts, entertainment & recreation",Other Spectator Sports,"Arts, Entertainment, and Recreation","Performing Arts, Spectator Sports, and Related Industries",Spectator Sports,Spectator Sports,0.2727459303127688,4.0,0.1026605012029473,2,False
238110,0.1444057007004238,2,0.08096336379406215,24,0.23315759023219196,23,Construction,Poured Concrete Foundation and Structure Contractors,Construction,Specialty Trade Contractors,"Foundation, Structure, and Building Exterior Contractors",Poured Concrete Foundation and Structure Contractors,0.3160962352848517,4.0,0.1570935661278269,2,False
491110,0.1439634942335366,4,0.09159310700117836,23,0.23244360322403082,49,Warehousing & couriers,Postal Service,Transportation and Warehousing,Postal Service,Postal Service,Postal Service,0.0987066623470295,4.0,0.1312408672891944,0,False
811411,0.14386311901443782,2,0.10077247991216931,24,0.23228153729387302,81,Other services,Home and Garden Equipment Repair and Maintenance,Other Services (except Public Administration),Repair and Maintenance,Personal and Household Goods Repair and Maintenance,Home and Garden Equipment and Appliance Repair and Maintenance,0.2367085186008985,4.0,0.2084167532213643,2,False
336110,0.14255013256320406,4,0.09051464127950389,23,0.230161588043308,33,Manufacturing - metals/machinery,Automobile and Light Duty Motor Vehicle Manufacturing,Manufacturing,Transportation Equipment Manufacturing,Motor Vehicle Manufacturing,Automobile and Light Duty Motor Vehicle Manufacturing,0.2356461205267904,4.0,0.0433817281605658,0,False
813990,0.14170554960493337,2,0.0835006853228311,24,0.22879792354567094,81,Other services,"Other Similar Organizations (except Business, Professional, Labor, and Political Organizations)",Other Services (except Public Administration),"Religious, Grantmaking, Civic, Professional, and Similar Organizations","Business, Professional, Labor, Political, and Similar Organizations","Other Similar Organizations (except Business, Professional, Labor, and Political Organizations)",0.4067752401918816,3.0,0.2703658996845319,1,False
115310,0.14034826856672708,3,0.09568500015553298,24,0.22660645621023287,11,"Agriculture, forestry, fishing",Support Activities for Forestry,"Agriculture, Forestry, Fishing and Hunting",Support Activities for Agriculture and Forestry,Support Activities for Forestry,Support Activities for Forestry,0.4445176713807703,4.0,0.2625918123202072,1,False
459130,0.13607159963327914,4,0.06876622344486706,23,0.2197013422299184,45,Retail trade - specialty,"Sewing, Needlework, and Piece Goods Retailers",Retail Trade,"Sporting Goods, Hobby, Musical Instrument, Book, and Miscellaneous Retailers","Sporting Goods, Hobby, and Musical Instrument Retailers","Sewing, Needlework, and Piece Goods Retailers",0.0654510101769294,4.0,0.0650261154598903,0,False
611610,0.13603813264088704,3,0.09342715207436707,24,0.21964730639019317,61,Educational services,Fine Arts Schools,Educational Services,Educational Services,Other Schools and Instruction,Fine Arts Schools,0.2969475027221018,2.0,0.1473602388635812,3,False
493130,0.13246769555710747,3,0.06607420266660381,24,0.21388247506780164,49,Warehousing & couriers,Farm Product Warehousing and Storage,Transportation and Warehousing,Warehousing and Storage,Warehousing and Storage,Farm Product Warehousing and Storage,0.3971441166583375,4.0,0.2216296632326071,1,False
238140,0.13205776877827544,2,0.07400698733369858,24,0.2132206068765839,23,Construction,Masonry Contractors,Construction,Specialty Trade Contractors,"Foundation, Structure, and Building Exterior Contractors",Masonry Contractors,0.343734701972541,4.0,0.1720233923643734,2,False
921110,0.1319946028467504,2,0.07442675047818274,24,0.2131186190997322,92,Public administration,Executive Offices,Public Administration,"Executive, Legislative, and Other General Government Support","Executive, Legislative, and Other General Government Support",Executive Offices,0.146998179513824,3.0,0.1611472127696412,1,False
483111,0.13028776696273386,4,0.05717788561843455,23,0.21036276015712216,48,Transportation,Deep Sea Freight Transportation,Transportation and Warehousing,Water Transportation,"Deep Sea, Coastal, and Great Lakes Water Transportation","Deep Sea, Coastal, and Great Lakes Water Transportation",0.1293925890532215,4.0,0.0125027177661456,0,False
455211,0.129877077282615,4,0.05466597236131336,23,0.20969966018471597,45,Retail trade - specialty,Warehouse Clubs and Supercenters,Retail Trade,General Merchandise Retailers,"Warehouse Clubs, Supercenters, and Other General Merchandise Retailers","Warehouse Clubs, Supercenters, and Other General Merchandise Retailers",0.0467570462670739,4.0,0.1173388491382349,0,False
722515,0.1281552503032675,2,0.062351568304499005,24,0.20691959660444031,72,Accommodation & food services,Snack and Nonalcoholic Beverage Bars,Accommodation and Food Services,Food Services and Drinking Places,Restaurants and Other Eating Places,Restaurants and Other Eating Places,0.2903961177332131,3.0,0.2126549322947695,1,False
928110,0.1277007265482973,4,0.0696332012492162,23,0.20618572209049724,92,Public administration,National Security,Public Administration,National Security and International Affairs,National Security and International Affairs,National Security,0.2658439592164723,4.0,0.0449424498085296,0,False
492210,0.12589284222477476,4,0.06529107974519284,23,0.20326671023537982,49,Warehousing & couriers,Local Messengers and Local Delivery,Transportation and Warehousing,Couriers and Messengers,Local Messengers and Local Delivery,Local Messengers and Local Delivery,0.0694053295853209,4.0,0.1617149841456095,0,False
926140,0.12497813099103464,3,0.07848564681793381,24,0.20178981655332492,92,Public administration,Regulation of Agricultural Marketing and Commodities,Public Administration,Administration of Economic Programs,Administration of Economic Programs,Regulation of Agricultural Marketing and Commodities,0.2353933063257712,3.0,0.0584092130636647,0,False
445250,0.12355316810489565,2,0.08195767415674994,24,0.19948907003784128,44,Retail trade - general,Fish and Seafood Retailers,Retail Trade,Food and Beverage Retailers,Specialty Food Retailers,Fish and Seafood Retailers,0.2088852312271314,3.0,0.1947130776653253,1,False
493110,0.1228159730674297,4,0.05882961757217372,23,0.1982987941856208,49,Warehousing & couriers,General Warehousing and Storage,Transportation and Warehousing,Warehousing and Storage,Warehousing and Storage,General Warehousing and Storage,0.0669871092287192,4.0,0.1327564369933037,0,False
624110,0.12054179951628842,3,0.08630396828585,24,0.19462691127253626,62,Health care & social assistance,Child and Youth Services,Health Care and Social Assistance,Social Assistance,Individual and Family Services,Child and Youth Services,0.3150838696379027,3.0,0.0461140319259902,0,False
112910,0.12023704531037618,2,0.04853170011148428,24,0.19413485482380208,11,"Agriculture, forestry, fishing",Apiculture,"Agriculture, Forestry, Fishing and Hunting",Animal Production and Aquaculture,Other Animal Production,Apiculture,0.388645155557193,4.0,0.2247121675506854,2,False
611630,0.11968917592223054,3,0.057504884047070826,24,0.1932502643562344,61,Educational services,Language Schools,Educational Services,Educational Services,Other Schools and Instruction,Language Schools,0.3724589656987598,2.0,0.1750016982197882,3,False
112511,0.11920666663023988,2,0.0822911437351579,24,0.19247120436594656,11,"Agriculture, forestry, fishing",Finfish Farming and Fish Hatcheries,"Agriculture, Forestry, Fishing and Hunting",Animal Production and Aquaculture,Aquaculture,Aquaculture,0.2115792068482198,4.0,0.162545584860368,2,False
312130,0.11896565799457438,3,0.05533451195174699,24,0.19208207157932972,31,Manufacturing - food/textiles,Wineries,Manufacturing,Beverage and Tobacco Product Manufacturing,Beverage Manufacturing,Wineries,0.3980381104249769,4.0,0.2419260262366914,1,False
561422,0.11775610015742943,4,0.05670802164428492,23,0.19012911827355794,56,Administrative & waste services,Telemarketing Bureaus and Other Contact Centers,Administrative and Support and Waste Management and Remediation Services,Administrative and Support Services,Business Support Services,Telephone Call Centers,0.0610014251599592,4.0,0.0547717715243987,0,False
424510,0.11756791691705236,2,0.05102344078545534,24,0.18982527742353897,42,Wholesale trade,Grain and Field Bean Merchant Wholesalers,Wholesale Trade,"Merchant Wholesalers, Nondurable Goods",Farm Product Raw Material Merchant Wholesalers,Grain and Field Bean Merchant Wholesalers,0.2409554018626166,4.0,0.0796122176140689,2,False
813410,0.11478529547001856,2,0.05244792284540886,24,0.18533245402410298,81,Other services,Civic and Social Organizations,Other Services (except Public Administration),"Religious, Grantmaking, Civic, Professional, and Similar Organizations",Civic and Social Organizations,Civic and Social Organizations,0.5004109337409876,3.0,0.2205969819445903,1,False
525910,0.1143115043696272,3,0.07925153886285487,24,0.1845674704347786,52,Finance & insurance,Open-End Investment Funds,Finance and Insurance,"Funds, Trusts, and Other Financial Vehicles",Other Investment Pools and Funds,Open-End Investment Funds,0.1812974445233469,3.0,0.1229143002665502,0,False
238160,0.11415702283514702,2,0.056681850504164945,24,0.18431804439314683,23,Construction,Roofing Contractors,Construction,Specialty Trade Contractors,"Foundation, Structure, and Building Exterior Contractors",Roofing Contractors,0.2280670353428,4.0,0.1226947700470244,2,False
112410,0.11403712758411315,2,0.048115727593729535,24,0.18412446139970717,11,"Agriculture, forestry, fishing",Sheep Farming,"Agriculture, Forestry, Fishing and Hunting",Animal Production and Aquaculture,Sheep and Goat Farming,Sheep Farming,0.2917853939927362,4.0,0.0627214461138096,2,False
424480,0.11366402407555105,2,0.05211355396376081,24,0.1835220480978668,42,Wholesale trade,Fresh Fruit and Vegetable Merchant Wholesalers,Wholesale Trade,"Merchant Wholesalers, Nondurable Goods",Grocery and Related Product Merchant Wholesalers,Fresh Fruit and Vegetable Merchant Wholesalers,0.1583358539074269,4.0,0.0518455003701703,2,False
812922,0.11356142865434599,4,0.04435363453539804,23,0.18335639742714532,81,Other services,One-Hour Photofinishing,Other Services (except Public Administration),Personal and Laundry Services,Other Personal Services,Photofinishing,0.1419588765269714,4.0,0.0924150226376767,0,False
721310,0.11259597003907587,3,0.07980848946018494,24,0.1817975669716062,72,Accommodation & food services,"Rooming and Boarding Houses, Dormitories, and Workers' Camps",Accommodation and Food Services,Accommodation,"Rooming and Boarding Houses, Dormitories, and Workers' Camps","Rooming and Boarding Houses, Dormitories, and Workers' Camps",0.4150786050178207,2.0,0.2295278394198206,3,False
813312,0.1125227461198818,2,0.0583200695429463,24,0.1816793395577033,81,Other services,"Environment, Conservation and Wildlife Organizations",Other Services (except Public Administration),"Religious, Grantmaking, Civic, Professional, and Similar Organizations",Social Advocacy Organizations,Social Advocacy Organizations,0.2657425003173243,3.0,0.1758371375089149,1,False
238170,0.11201590405665571,2,0.05903768282296031,24,0.1808609918503973,23,Construction,Siding Contractors,Construction,Specialty Trade Contractors,"Foundation, Structure, and Building Exterior Contractors",Siding Contractors,0.2503892142247788,4.0,0.1280966052878931,2,False
311911,0.11148513622089246,3,0.06290371539757396,24,0.18000401356658255,31,Manufacturing - food/textiles,Roasted Nuts and Peanut Butter Manufacturing,Manufacturing,Food Manufacturing,Other Food Manufacturing,Snack Food Manufacturing,0.1603977236698278,4.0,0.1304649556934633,1,False
445298,0.11032771155913765,4,0.04439146494639573,23,0.1781352345384616,44,Retail trade - general,All Other Specialty Food Retailers,Retail Trade,Food and Beverage Retailers,Specialty Food Retailers,Other Specialty Food Retailers,0.1074825402435208,3.0,0.1015458361802774,3,False
561520,0.1087581687068769,2,0.06229130833453247,24,0.17560104906362045,56,Administrative & waste services,Tour Operators,Administrative and Support and Waste Management and Remediation Services,Administrative and Support Services,Travel Arrangement and Reservation Services,Tour Operators,0.2342258311253998,4.0,0.126380901830401,2,False
812113,0.10730071433936657,1,0.039567906403294995,23,0.17324784176949112,81,Other services,Nail Salons,Other Services (except Public Administration),Personal and Laundry Services,Personal Care Services,"Hair, Nail, and Skin Care Services",0.1708003990593396,4.0,0.1630406335494086,3,False
561431,0.10710093033185364,4,0.059954919562851476,23,0.17292527030913526,56,Administrative & waste services,Private Mail Centers,Administrative and Support and Waste Management and Remediation Services,Administrative and Support Services,Business Support Services,Business Service Centers,0.0607465894759174,4.0,0.0851217403095248,0,False
721110,0.10690911563525957,2,0.05636259184536812,24,0.17261556610623977,72,Accommodation & food services,Hotels (except Casino Hotels) and Motels,Accommodation and Food Services,Accommodation,Traveler Accommodation,Hotels (except Casino Hotels) and Motels,0.131498956112215,3.0,0.0798204264444449,1,False
237110,0.10666023087876965,2,0.06056425686415551,24,0.1722137165269832,23,Construction,Water and Sewer Line and Related Structures Construction,Construction,Heavy and Civil Engineering Construction,Utility System Construction,Water and Sewer Line and Related Structures Construction,0.2159200421404164,4.0,0.1247611652901694,2,False
541214,0.1064603351788537,4,0.04989041339264312,23,0.1718909647279606,54,Professional & technical services,Payroll Services,"Professional, Scientific, and Technical Services","Professional, Scientific, and Technical Services","Accounting, Tax Preparation, Bookkeeping, and Payroll Services","Accounting, Tax Preparation, Bookkeeping, and Payroll Services",0.3649076415269712,4.0,0.0694893136896437,0,False
336330,0.10575659752576777,4,0.06969035194102192,23,0.17075470920235936,33,Manufacturing - metals/machinery,Motor Vehicle Steering and Suspension Components (except Spring) Manufacturing,Manufacturing,Transportation Equipment Manufacturing,Motor Vehicle Parts Manufacturing,Motor Vehicle Steering and Suspension Components (except Spring) Manufacturing,0.1443764310525465,4.0,0.0539417513095247,0,False
237990,0.10523315763537255,2,0.057779522867790756,24,0.16990956262653867,23,Construction,Other Heavy and Civil Engineering Construction,Construction,Heavy and Civil Engineering Construction,Other Heavy and Civil Engineering Construction,Other Heavy and Civil Engineering Construction,0.287754629781,4.0,0.1311499135801098,2,False
512199,0.10484166541412245,4,0.049985267112023314,23,0.16927745889061563,51,Information,Other Motion Picture and Video Industries,Information,Motion Picture and Sound Recording Industries,Motion Picture and Video Industries,Postproduction Services and Other Motion Picture and Video Industries,0.1523303476892354,4.0,0.0504236547266453,0,False
713120,0.10256681730868647,2,0.06113611812017775,24,0.1656044868414854,71,"Arts, entertainment & recreation",Amusement Arcades,"Arts, Entertainment, and Recreation","Amusement, Gambling, and Recreation Industries",Amusement Parks and Arcades,Amusement Arcades,0.4019394421649891,3.0,0.2603378175847812,1,False
327320,0.10213530405949245,2,0.06572492945868376,24,0.16490776511341415,32,Manufacturing - paper/chemicals,Ready-Mix Concrete Manufacturing,Manufacturing,Nonmetallic Mineral Product Manufacturing,Cement and Concrete Product Manufacturing,Ready-Mix Concrete Manufacturing,0.1453631296059304,4.0,0.0995721447958394,2,False
212319,0.10194672488730286,2,0.061822939107938644,24,0.16460328499149068,21,"Mining, quarrying, oil & gas",Other Crushed and Broken Stone Mining and Quarrying,"Mining, Quarrying, and Oil and Gas Extraction",Mining (except Oil and Gas),Nonmetallic Mineral Mining and Quarrying,Stone Mining and Quarrying,0.1910587874623975,4.0,0.11591924286521,2,False
611513,0.09942688826792695,4,0.05153063697110603,23,0.16053475424026117,61,Educational services,Apprenticeship Training,Educational Services,Educational Services,Technical and Trade Schools,Technical and Trade Schools,0.2957170990866637,2.0,0.179365728328638,2,False
459310,0.09869333877819683,2,0.035916663358725766,24,0.15935036449309778,45,Retail trade - specialty,Florists,Retail Trade,"Sporting Goods, Hobby, Musical Instrument, Book, and Miscellaneous Retailers",Florists,Florists,0.217642366100562,2.0,0.0924881214879144,0,False
523991,0.09850421035702656,3,0.04906902222578232,24,0.15904499755321524,52,Finance & insurance,"Trust, Fiduciary, and Custody Activities",Finance and Insurance,"Securities, Commodity Contracts, and Other Financial Investments and Related Activities",Other Financial Investment Activities,All Other Financial Investment Activities,0.1571624675435679,4.0,0.0246068369432651,1,False
333112,0.09767374880855853,1,0.05531921819435248,23,0.1577041334981113,33,Manufacturing - metals/machinery,Lawn and Garden Tractor and Home Lawn and Garden Equipment Manufacturing,Manufacturing,Machinery Manufacturing,"Agriculture, Construction, and Mining Machinery Manufacturing",Agricultural Implement Manufacturing,0.1718904234542955,2.0,0.1398458516033127,1,False
561591,0.09731953942797858,2,0.055231755037327246,24,0.15713222667439808,56,Administrative & waste services,Convention and Visitors Bureaus,Administrative and Support and Waste Management and Remediation Services,Administrative and Support Services,Travel Arrangement and Reservation Services,Other Travel Arrangement and Reservation Services,0.1297548899174501,4.0,0.0496144671612704,2,False
561311,0.09695484848264924,4,0.025228123378259727,23,0.15654339630565184,56,Administrative & waste services,Employment Placement Agencies,Administrative and Support and Waste Management and Remediation Services,Administrative and Support Services,Employment Services,Employment Placement Agencies and Executive Search Services,0.2370209717469832,4.0,0.1010219922840983,0,False
444230,0.09643320484945032,2,0.06412279156283875,24,0.15570114996851492,44,Retail trade - general,Outdoor Power Equipment Retailers,Retail Trade,Building Material and Garden Equipment and Supplies Dealers,Lawn and Garden Equipment and Supplies Retailers,Outdoor Power Equipment Retailers,0.0926671252150344,3.0,0.124526412083765,1,False
325315,0.09605573506334465,2,0.053449318271282444,24,0.15509168687054178,32,Manufacturing - paper/chemicals,Compost Manufacturing,Manufacturing,Chemical Manufacturing,"Pesticide, Fertilizer, and Other Agricultural Chemical Manufacturing",Fertilizer and Compost Manufacturing,0.0989067627204206,2.0,0.0515762629432729,0,False
531190,0.09583231993846425,2,0.05110729046287817,24,0.15473096058421185,53,Real estate,Lessors of Other Real Estate Property,Real Estate and Rental and Leasing,Real Estate,Lessors of Real Estate,Lessors of Other Real Estate Property,0.145933432933069,4.0,0.0860083196921429,2,False
112111,0.09456707459739928,2,0.05018494968052092,24,0.1526880941783543,11,"Agriculture, forestry, fishing",Beef Cattle Ranching and Farming,"Agriculture, Forestry, Fishing and Hunting",Animal Production and Aquaculture,Cattle Ranching and Farming,"Beef Cattle Ranching and Farming, including Feedlots",0.2470090321105344,4.0,0.1055510898533449,2,False
112330,0.0940444546681714,4,0.053905635300674784,23,0.15184427151266272,11,"Agriculture, forestry, fishing",Turkey Production,"Agriculture, Forestry, Fishing and Hunting",Animal Production and Aquaculture,Poultry and Egg Production,Turkey Production,0.2367127851564958,4.0,0.0225336093508664,0,False
311520,0.09376352536005578,2,0.06189030453043325,24,0.1513906827679793,31,Manufacturing - food/textiles,Ice Cream and Frozen Dessert Manufacturing,Manufacturing,Food Manufacturing,Dairy Product Manufacturing,Ice Cream and Frozen Dessert Manufacturing,0.1410270984432255,3.0,0.1037370423422894,1,False
339999,0.09303739891721091,4,0.049555350759937375,23,0.1502182782798157,33,Manufacturing - metals/machinery,All Other Miscellaneous Manufacturing,Manufacturing,Miscellaneous Manufacturing,Other Miscellaneous Manufacturing,All Other Miscellaneous Manufacturing,0.2152736679943827,4.0,0.0497429777292374,0,False
713950,0.09293433125896852,3,0.043179372713616195,24,0.1500518651346967,71,"Arts, entertainment & recreation",Bowling Centers,"Arts, Entertainment, and Recreation","Amusement, Gambling, and Recreation Industries",Other Amusement and Recreation Industries,Bowling Centers,0.2018205628975433,2.0,0.1549447781880353,3,False
457210,0.09272683631016046,4,0.05874524763862752,23,0.149716843580736,45,Retail trade - specialty,Fuel Dealers,Retail Trade,Gasoline Stations and Fuel Dealers,Fuel Dealers,Fuel Dealers,0.0604526690890111,2.0,0.0835685346001183,2,False
561920,0.0925738537856513,4,0.036558101298481784,23,0.1494698378421178,56,Administrative & waste services,Convention and Trade Show Organizers,Administrative and Support and Waste Management and Remediation Services,Administrative and Support Services,Other Support Services,Convention and Trade Show Organizers,0.2929295528344415,2.0,0.104275993754802,2,False
562910,0.09209484646332239,2,0.042746972861111905,24,0.14869643213558353,56,Administrative & waste services,Remediation Services,Administrative and Support and Waste Management and Remediation Services,Waste Management and Remediation Services,Remediation and Other Waste Management Services,Remediation Services,0.174157053612784,3.0,0.1072235406614271,1,False
212312,0.09184587151451122,2,0.0603034097767674,24,0.14829443693171396,21,"Mining, quarrying, oil & gas",Crushed and Broken Limestone Mining and Quarrying,"Mining, Quarrying, and Oil and Gas Extraction",Mining (except Oil and Gas),Nonmetallic Mineral Mining and Quarrying,Stone Mining and Quarrying,0.1417339223566662,4.0,0.10476977871188,2,False
722310,0.0913572431964097,3,0.05528156588974139,24,0.14750549715568595,72,Accommodation & food services,Food Service Contractors,Accommodation and Food Services,Food Services and Drinking Places,Special Food Services,Food Service Contractors,0.1670578442344013,4.0,0.1136311910924949,1,False
611699,0.09094702991397455,3,0.05365576685027081,24,0.1468431663754612,61,Educational services,All Other Miscellaneous Schools and Instruction,Educational Services,Educational Services,Other Schools and Instruction,All Other Schools and Instruction,0.2838914342348882,3.0,0.1002450569600571,0,False
712110,0.09090554885045726,2,0.049884843388934036,24,0.14677619100840122,71,"Arts, entertainment & recreation",Museums,"Arts, Entertainment, and Recreation","Museums, Historical Sites, and Similar Institutions","Museums, Historical Sites, and Similar Institutions",Museums,0.1609913445194178,3.0,0.1147601764001955,1,False
922160,0.09080125144484838,4,0.04302494539301172,23,0.146607792311942,92,Public administration,Fire Protection,Public Administration,"Justice, Public Order, and Safety Activities","Justice, Public Order, and Safety Activities",Fire Protection,0.1512780629796822,4.0,0.0680659109316838,0,False
444110,0.0903625095553561,2,0.054837954466159355,24,0.14589939921394265,44,Retail trade - general,Home Centers,Retail Trade,Building Material and Garden Equipment and Supplies Dealers,Building Material and Supplies Dealers,Home Centers,0.1133383765628479,3.0,0.1066212330539365,1,False
921140,0.09031070903834126,2,0.050011649321092914,24,0.14581576204684066,92,Public administration,"Executive and Legislative Offices, Combined",Public Administration,"Executive, Legislative, and Other General Government Support","Executive, Legislative, and Other General Government Support","Executive and Legislative Offices, Combined",0.1551070527742203,3.0,0.1276217062358257,1,False
488991,0.09012952217895044,2,0.03414324005804092,24,0.14552321756062994,48,Transportation,Packing and Crating,Transportation and Warehousing,Support Activities for Transportation,Other Support Activities for Transportation,Other Support Activities for Transportation,0.0993527637985527,4.0,0.0512816661374836,2,False
811490,0.08712977509126198,2,0.05717720927800244,24,0.14067982288244862,81,Other services,Other Personal and Household Goods Repair and Maintenance,Other Services (except Public Administration),Repair and Maintenance,Personal and Household Goods Repair and Maintenance,Other Personal and Household Goods Repair and Maintenance,0.1593391232755293,4.0,0.1114022026993763,2,False
484220,0.08712448044431823,2,0.047556848860110135,24,0.1406712741401445,48,Transportation,"Specialized Freight (except Used Goods) Trucking, Local",Transportation and Warehousing,Truck Transportation,Specialized Freight Trucking,"Specialized Freight (except Used Goods) Trucking, Local",0.2037647121974931,4.0,0.1064708768275182,2,False
423920,0.0870707364966479,3,0.06225328799216795,24,0.14058449910794285,42,Wholesale trade,Toy and Hobby Goods and Supplies Merchant Wholesalers,Wholesale Trade,"Merchant Wholesalers, Durable Goods",Miscellaneous Durable Goods Merchant Wholesalers,Toy and Hobby Goods and Supplies Merchant Wholesalers,0.3723928868881289,3.0,0.1117409241436753,0,False
444140,0.08689000490164388,2,0.047817551592323,24,0.14029268969207098,44,Retail trade - general,Hardware Retailers,Retail Trade,Building Material and Garden Equipment and Supplies Dealers,Building Material and Supplies Dealers,Hardware Retailers,0.0885408112570866,3.0,0.0686587095415507,1,False
325314,0.08660009564490145,2,0.041830571684374145,24,0.139824601913263,32,Manufacturing - paper/chemicals,Fertilizer (Mixing Only) Manufacturing,Manufacturing,Chemical Manufacturing,"Pesticide, Fertilizer, and Other Agricultural Chemical Manufacturing",Fertilizer and Compost Manufacturing,0.1453872529372683,2.0,0.078090841142723,0,False
624230,0.0865177746241447,4,0.04677002017072364,23,0.13969168630998696,62,Health care & social assistance,Emergency and Other Relief Services,Health Care and Social Assistance,Social Assistance,"Community Food and Housing, and Emergency and Other Relief Services",Emergency and Other Relief Services,0.1110264058979473,4.0,0.0269709598210179,0,False
561740,0.08567136091613659,2,0.04021445569764311,24,0.1383250658819744,56,Administrative & waste services,Carpet and Upholstery Cleaning Services,Administrative and Support and Waste Management and Remediation Services,Administrative and Support Services,Services to Buildings and Dwellings,Carpet and Upholstery Cleaning Services,0.1205879481036376,4.0,0.0924420980228277,2,False
112420,0.08388465294592977,2,0.05298269209808187,24,0.1354402453883133,11,"Agriculture, forestry, fishing",Goat Farming,"Agriculture, Forestry, Fishing and Hunting",Animal Production and Aquaculture,Sheep and Goat Farming,Goat Farming,0.1408153341865879,4.0,0.0895969169797437,2,False
112390,0.08346945315283401,2,0.048356359080472415,24,0.13476986338293845,11,"Agriculture, forestry, fishing",Other Poultry Production,"Agriculture, Forestry, Fishing and Hunting",Animal Production and Aquaculture,Poultry and Egg Production,Other Poultry Production,0.1340893017805198,3.0,0.1012844894830691,1,False
311225,0.08261926495051855,2,0.04005746736197189,24,0.13339714865260419,31,Manufacturing - food/textiles,Fats and Oils Refining and Blending,Manufacturing,Food Manufacturing,Grain and Oilseed Milling,Starch and Vegetable Fats and Oils Manufacturing,0.1163214020870444,2.0,0.0381989473361119,0,False
921150,0.08229996624326942,3,0.051402522056446374,24,0.13288160863731835,92,Public administration,American Indian and Alaska Native Tribal Governments,Public Administration,"Executive, Legislative, and Other General Government Support","Executive, Legislative, and Other General Government Support",American Indian and Alaska Native Tribal Governments,0.2275958535880342,3.0,0.0814004294992317,0,False
485410,0.08207588946764932,3,0.04645737853008904,24,0.13251981404903565,48,Transportation,School and Employee Bus Transportation,Transportation and Warehousing,Transit and Ground Passenger Transportation,School and Employee Bus Transportation,School and Employee Bus Transportation,0.130546448279288,2.0,0.1145850968231995,3,False
722513,0.08159971067605509,2,0.03383292048110222,24,0.13175097529108307,72,Accommodation & food services,Limited-Service Restaurants,Accommodation and Food Services,Food Services and Drinking Places,Restaurants and Other Eating Places,Restaurants and Other Eating Places,0.1766433523769779,3.0,0.0570186381259577,1,False
561710,0.08100949608419587,2,0.05434642473518545,24,0.13079801421482157,56,Administrative & waste services,Exterminating and Pest Control Services,Administrative and Support and Waste Management and Remediation Services,Administrative and Support Services,Services to Buildings and Dwellings,Exterminating and Pest Control Services,0.0985506428992804,4.0,0.1136349843703177,2,False
811191,0.07978113752126134,3,0.04574460861479355,24,0.12881470523819713,81,Other services,Automotive Oil Change and Lubrication Shops,Other Services (except Public Administration),Repair and Maintenance,Automotive Repair and Maintenance,Other Automotive Repair and Maintenance,0.1282968956318818,3.0,0.0257285388858989,0,False
611691,0.07944296687826344,3,0.044571670369033665,24,0.1282686945763865,61,Educational services,Exam Preparation and Tutoring,Educational Services,Educational Services,Other Schools and Instruction,All Other Schools and Instruction,0.3684263314747972,2.0,0.1892521379017697,3,False
562991,0.07792637342316333,2,0.046810436985103863,24,0.12582000125169135,56,Administrative & waste services,Septic Tank and Related Services,Administrative and Support and Waste Management and Remediation Services,Waste Management and Remediation Services,Remediation and Other Waste Management Services,All Other Waste Management Services,0.1259339453093454,4.0,0.1071449242488753,2,False
921120,0.07775762708252953,3,0.04615660825749241,24,0.12554754323963338,92,Public administration,Legislative Bodies,Public Administration,"Executive, Legislative, and Other General Government Support","Executive, Legislative, and Other General Government Support",Legislative Bodies,0.2364221939713295,3.0,0.0748770607527506,0,False
112990,0.07744712483134182,2,0.03871288321263278,24,0.12504620599119062,11,"Agriculture, forestry, fishing",All Other Animal Production,"Agriculture, Forestry, Fishing and Hunting",Animal Production and Aquaculture,Other Animal Production,All Other Animal Production,0.1172146210127806,4.0,0.078567633509499,2,False
541199,0.07711533879869056,3,0.048656239530988736,24,0.12451050392769557,54,Professional & technical services,All Other Legal Services,"Professional, Scientific, and Technical Services","Professional, Scientific, and Technical Services",Legal Services,Other Legal Services,0.0691461605809338,4.0,0.0337631833630727,1,False
711410,0.07584537382779097,4,0.03874711643950442,23,0.12246001720273918,71,"Arts, entertainment & recreation","Agents and Managers for Artists, Athletes, Entertainers, and Other Public Figures","Arts, Entertainment, and Recreation","Performing Arts, Spectator Sports, and Related Industries","Agents and Managers for Artists, Athletes, Entertainers, and Other Public Figures","Agents and Managers for Artists, Athletes, Entertainers, and Other Public Figures",0.190790981729236,4.0,0.0586185979630314,0,False
321215,0.0754139573416372,2,0.03957058865256018,24,0.12176345170837044,32,Manufacturing - paper/chemicals,Engineered Wood Member Manufacturing,Manufacturing,Wood Product Manufacturing,"Veneer, Plywood, and Engineered Wood Product Manufacturing","Veneer, Plywood, and Engineered Wood Product Manufacturing",0.0951988530001702,3.0,0.0744970697155923,1,False
611692,0.07469444353887826,2,0.04727737788881841,24,0.12060172399556983,61,Educational services,Automobile Driving Schools,Educational Services,Educational Services,Other Schools and Instruction,All Other Schools and Instruction,0.120188542327364,3.0,0.1246289686638995,1,False
213115,0.07416697785435718,2,0.04398086303139409,24,0.11975007736848658,21,"Mining, quarrying, oil & gas",Support Activities for Nonmetallic Minerals (except Fuels) Mining,"Mining, Quarrying, and Oil and Gas Extraction",Support Activities for Mining,Support Activities for Mining,Support Activities for Mining,0.1129088822616197,4.0,0.1207831778505809,2,False
311340,0.07364400033629416,3,0.023669004067818685,24,0.11890567733950055,31,Manufacturing - food/textiles,Nonchocolate Confectionery Manufacturing,Manufacturing,Food Manufacturing,Sugar and Confectionery Product Manufacturing,Nonchocolate Confectionery Manufacturing,0.1607239749373178,4.0,0.0796511812393293,1,False
561499,0.0732860500832238,4,0.03794250918598991,23,0.11832773049928523,56,Administrative & waste services,All Other Business Support Services,Administrative and Support and Waste Management and Remediation Services,Administrative and Support Services,Business Support Services,Other Business Support Services,0.172284980542825,4.0,0.0346470806467129,0,False
311422,0.07325069094738763,3,0.05170236512060866,24,0.11827063960284372,31,Manufacturing - food/textiles,Specialty Canning,Manufacturing,Food Manufacturing,Fruit and Vegetable Preserving and Specialty Food Manufacturing,"Fruit and Vegetable Canning, Pickling, and Drying",0.0841247678586517,4.0,0.0998074968915412,1,False
441210,0.07274697766572442,2,0.042020968004064484,24,0.1174573436294099,44,Retail trade - general,Recreational Vehicle Dealers,Retail Trade,Motor Vehicle and Parts Dealers,Other Motor Vehicle Dealers,Recreational Vehicle Dealers,0.0971088309719117,4.0,0.0977429074797892,2,False
238120,0.0726745895224169,3,0.02408301584616814,24,0.11734046566009773,23,Construction,Structural Steel and Precast Concrete Contractors,Construction,Specialty Trade Contractors,"Foundation, Structure, and Building Exterior Contractors",Structural Steel and Precast Concrete Contractors,0.1964533078172881,4.0,0.0850610720801045,1,False
236118,0.07248909553620662,2,0.03737920588525326,24,0.1170409668825732,23,Construction,Residential Remodelers,Construction,Construction of Buildings,Residential Building Construction,Residential Building Construction,0.1877412227523662,4.0,0.1033365606982507,2,False
445320,0.07202752060891987,2,0.02542502269781061,24,0.11629570753868455,44,Retail trade - general,"Beer, Wine, and Liquor Retailers",Retail Trade,Food and Beverage Retailers,"Beer, Wine, and Liquor Retailers","Beer, Wine, and Liquor Retailers",0.0532975150707468,3.0,0.0745287258937946,1,False
459920,0.0713781184471337,2,0.028796260875870557,24,0.11524718215222661,45,Retail trade - specialty,Art Dealers,Retail Trade,"Sporting Goods, Hobby, Musical Instrument, Book, and Miscellaneous Retailers",Other Miscellaneous Retailers,Art Dealers,0.1243009996050966,4.0,0.0578744228669843,2,False
424910,0.07132180104395733,2,0.04696138273155461,24,0.11515625201616518,42,Wholesale trade,Farm Supplies Merchant Wholesalers,Wholesale Trade,"Merchant Wholesalers, Nondurable Goods",Miscellaneous Nondurable Goods Merchant Wholesalers,Farm Supplies Merchant Wholesalers,0.1658750107951342,3.0,0.1108811854992323,1,False
321992,0.0711139324779809,2,0.041155349376516055,24,0.11482062721954699,32,Manufacturing - paper/chemicals,Prefabricated Wood Building Manufacturing,Manufacturing,Wood Product Manufacturing,Other Wood Product Manufacturing,All Other Wood Product Manufacturing,0.0793582452291844,3.0,0.0745992505734942,1,False
611310,0.07103306209047144,3,0.05085490442599922,24,0.11469005381017748,61,Educational services,"Colleges, Universities, and Professional Schools",Educational Services,Educational Services,"Colleges, Universities, and Professional Schools","Colleges, Universities, and Professional Schools",0.200663907205576,2.0,0.0934553502168654,3,False
457110,0.07102540011712907,2,0.029847521768559915,24,0.11467768278027862,45,Retail trade - specialty,Gasoline Stations with Convenience Stores,Retail Trade,Gasoline Stations and Fuel Dealers,Gasoline Stations,Gasoline Stations with Convenience Stores,0.114470566438687,3.0,0.0347140896802759,1,False
541490,0.07061238672041256,4,0.03935387312504623,23,0.11401083093270643,54,Professional & technical services,Other Specialized Design Services,"Professional, Scientific, and Technical Services","Professional, Scientific, and Technical Services",Specialized Design Services,Other Specialized Design Services,0.1231515126616772,4.0,0.1138131315533112,0,False
488320,0.07033603541133862,4,0.044382647970053805,23,0.1135646338299005,48,Transportation,Marine Cargo Handling,Transportation and Warehousing,Support Activities for Transportation,Support Activities for Water Transportation,Marine Cargo Handling,0.1570966411103332,4.0,0.0506947385579891,0,False
237210,0.07033563991432115,2,0.038237738688771256,24,0.11356399526001655,23,Construction,Land Subdivision,Construction,Heavy and Civil Engineering Construction,Land Subdivision,Land Subdivision,0.1282372319346998,4.0,0.0786599150942444,2,False
512290,0.0701839936348306,4,0.04456982604019043,23,0.11331914702395525,51,Information,Other Sound Recording Industries,Information,Motion Picture and Sound Recording Industries,Sound Recording Industries,Other Sound Recording Industries,0.2312450921025741,4.0,0.049070981821848,0,False
624410,0.06976911093096713,3,0.04691216675304718,24,0.11264927699117518,62,Health care & social assistance,Child Care Services,Health Care and Social Assistance,Social Assistance,Child Care Services,Child Care Services,0.1629891093685066,3.0,0.0178995595272847,0,False
213114,0.06973028536776127,3,0.03575182692455898,24,0.11258658919760069,21,"Mining, quarrying, oil & gas",Support Activities for Metal Mining,"Mining, Quarrying, and Oil and Gas Extraction",Support Activities for Mining,Support Activities for Mining,Support Activities for Mining,0.1721811211025806,4.0,0.1328533615767307,1,False
312230,0.06969321382506496,3,0.03541645743424965,24,0.11252673344731288,31,Manufacturing - food/textiles,Tobacco Manufacturing,Manufacturing,Beverage and Tobacco Product Manufacturing,Tobacco Manufacturing,Tobacco Manufacturing,0.1368318247026184,1.0,0.086855528159654,2,False
812910,0.06950480918692946,2,0.03178985969929359,24,0.11222253512824948,81,Other services,Pet Care (except Veterinary) Services,Other Services (except Public Administration),Personal and Laundry Services,Other Personal Services,Pet Care (except Veterinary) Services,0.1417419560490774,3.0,0.1382563420459885,1,False
813211,0.06943852248366576,3,0.03663262142546401,24,0.11211550855019588,81,Other services,Grantmaking Foundations,Other Services (except Public Administration),"Religious, Grantmaking, Civic, Professional, and Similar Organizations",Grantmaking and Giving Services,Grantmaking and Giving Services,0.1900784525484943,3.0,0.035051693975107,0,False
812199,0.06940313479086857,1,0.03247287926704131,23,0.11205837154565623,81,Other services,Other Personal Care Services,Other Services (except Public Administration),Personal and Laundry Services,Personal Care Services,Other Personal Care Services,0.1224316614652079,3.0,0.0547515369909875,2,False
312120,0.0690806222492843,2,0.04022854863696598,24,0.11153764247020617,31,Manufacturing - food/textiles,Breweries,Manufacturing,Beverage and Tobacco Product Manufacturing,Beverage Manufacturing,Breweries,0.0574572725015049,3.0,0.1229505358894823,1,False
113110,0.0690250543157274,4,0.03782663274287303,23,0.11144792242854946,11,"Agriculture, forestry, fishing",Timber Tract Operations,"Agriculture, Forestry, Fishing and Hunting",Forestry and Logging,Timber Tract Operations,Timber Tract Operations,0.1580987287854004,4.0,0.0393623796648106,0,False
441227,0.06871321788198259,2,0.04767733541561912,24,0.1109444310076022,44,Retail trade - general,"Motorcycle, ATV, and All Other Motor Vehicle Dealers",Retail Trade,Motor Vehicle and Parts Dealers,Other Motor Vehicle Dealers,"Motorcycle, Boat, and Other Motor Vehicle Dealers",0.0927574999479504,3.0,0.0908110605303799,1,False
926130,0.06850613760778551,2,0.04199698966619262,24,0.11061007898768731,92,Public administration,"Regulation and Administration of Communications, Electric, Gas, and Other Utilities",Public Administration,Administration of Economic Programs,Administration of Economic Programs,"Regulation and Administration of Communications, Electric, Gas, and Other Utilities",0.0856691654987383,3.0,0.0978714145784191,1,False
459991,0.06724654641121046,2,0.02786483051901451,24,0.1085763417692351,45,Retail trade - specialty,"Tobacco, Electronic Cigarette, and Other Smoking Supplies Retailers",Retail Trade,"Sporting Goods, Hobby, Musical Instrument, Book, and Miscellaneous Retailers",Other Miscellaneous Retailers,All Other Miscellaneous Retailers,0.0789907106900962,4.0,0.0967015587531706,2,False
541211,0.06722628696398793,1,0.036065186931735604,23,0.10854363084528314,54,Professional & technical services,Offices of Certified Public Accountants,"Professional, Scientific, and Technical Services","Professional, Scientific, and Technical Services","Accounting, Tax Preparation, Bookkeeping, and Payroll Services","Accounting, Tax Preparation, Bookkeeping, and Payroll Services",0.1746976775784183,2.0,0.1236279734183463,1,False
236115,0.06644855519386186,2,0.03320733051128131,24,0.1072879043435587,23,Construction,New Single-Family Housing Construction (except For-Sale Builders),Construction,Construction of Buildings,Residential Building Construction,Residential Building Construction,0.1831105965084868,4.0,0.082111051044547,2,False
314910,0.0659895236185893,2,0.037984696770515844,24,0.1065467514984015,31,Manufacturing - food/textiles,Textile Bag and Canvas Mills,Manufacturing,Textile Product Mills,Other Textile Product Mills,Textile Bag and Canvas Mills,0.0677471606633425,3.0,0.0641090291809602,1,False
541910,0.06571433164913586,4,0.026989365055090985,23,0.10610242626651799,54,Professional & technical services,Marketing Research and Public Opinion Polling,"Professional, Scientific, and Technical Services","Professional, Scientific, and Technical Services","Other Professional, Scientific, and Technical Services",Marketing Research and Public Opinion Polling,0.1488621912197057,4.0,0.0384488658625992,0,False
561421,0.06558226392883301,4,0.03142762431843761,23,0.10588918959189979,56,Administrative & waste services,Telephone Answering Services,Administrative and Support and Waste Management and Remediation Services,Administrative and Support Services,Business Support Services,Telephone Call Centers,0.0544170518484832,4.0,0.0239773759329551,0,False
562119,0.06524389937314214,2,0.030243717892972154,24,0.10534286583845921,56,Administrative & waste services,Other Waste Collection,Administrative and Support and Waste Management and Remediation Services,Waste Management and Remediation Services,Waste Collection,Waste Collection,0.1575759808338715,4.0,0.0977903576290589,2,False
813110,0.06465577192239119,3,0.042124092359403,24,0.10439327466233961,81,Other services,Religious Organizations,Other Services (except Public Administration),"Religious, Grantmaking, Civic, Professional, and Similar Organizations",Religious Organizations,Religious Organizations,0.1509868220548061,3.0,0.03060139327777,0,False
327331,0.06462293116716926,2,0.042950819912693707,24,0.10434024994578193,32,Manufacturing - paper/chemicals,Concrete Block and Brick Manufacturing,Manufacturing,Nonmetallic Mineral Product Manufacturing,Cement and Concrete Product Manufacturing,"Concrete Pipe, Brick, and Block Manufacturing",0.0795667158137058,4.0,0.0748392181204272,2,False
236220,0.06438494696005269,2,0.03120196942502761,24,0.10395600040455551,23,Construction,Commercial and Institutional Building Construction,Construction,Construction of Buildings,Nonresidential Building Construction,Commercial and Institutional Building Construction,0.1072460016548707,4.0,0.0695055763751858,2,False
541890,0.06421113261280406,4,0.029675547970497627,23,0.10367535958389744,54,Professional & technical services,Other Services Related to Advertising,"Professional, Scientific, and Technical Services","Professional, Scientific, and Technical Services","Advertising, Public Relations, and Related Services",Other Services Related to Advertising,0.0679340073434141,4.0,0.0151200027716893,0,False
541219,0.06362100466977529,1,0.03851140975153047,23,0.1027225384109251,54,Professional & technical services,Other Accounting Services,"Professional, Scientific, and Technical Services","Professional, Scientific, and Technical Services","Accounting, Tax Preparation, Bookkeeping, and Payroll Services","Accounting, Tax Preparation, Bookkeeping, and Payroll Services",0.145431391351702,2.0,0.0948599509169538,1,False
722511,0.063257683482226,2,0.030233203204300323,24,0.1021359196544743,72,Accommodation & food services,Full-Service Restaurants,Accommodation and Food Services,Food Services and Drinking Places,Restaurants and Other Eating Places,Restaurants and Other Eating Places,0.1301376021209829,3.0,0.0738152164906379,1,False
923130,0.06325305980642945,3,0.04084167270955417,24,0.10212845426286227,92,Public administration,"Administration of Human Resource Programs (except Education, Public Health, and Veterans' Affairs Programs)",Public Administration,Administration of Human Resource Programs,Administration of Human Resource Programs,"Administration of Human Resource Programs (except Education, Public Health, and Veterans' Affairs Programs)",0.1138539633768582,3.0,0.0024552227453377,0,False
921190,0.06321805538858652,2,0.031483161547844564,24,0.10207193609445096,92,Public administration,Other General Government Support,Public Administration,"Executive, Legislative, and Other General Government Support","Executive, Legislative, and Other General Government Support",Other General Government Support,0.1211065062054202,3.0,0.0933588966128643,1,False
812990,0.06320847085447422,2,0.029892487005994145,24,0.10205646089599077,81,Other services,All Other Personal Services,Other Services (except Public Administration),Personal and Laundry Services,Other Personal Services,All Other Personal Services,0.1720957768839969,4.0,0.1082880622119619,2,False
928120,0.0622152267520818,3,0.02337019893896784,7,0.10045276796487455,92,Public administration,International Affairs,Public Administration,National Security and International Affairs,National Security and International Affairs,International Affairs,0.3218028640322887,3.0,0.4474641021682949,0,False
311811,0.062063214224230945,4,0.016635812287889396,23,0.10020732838384072,31,Manufacturing - food/textiles,Retail Bakeries,Manufacturing,Food Manufacturing,Bakeries and Tortilla Manufacturing,Bread and Bakery Product Manufacturing,0.080781230727684,3.0,0.0673133346414893,3,False
459510,0.06171321477169711,3,0.02743241459953304,24,0.09964221891420373,45,Retail trade - specialty,Used Merchandise Retailers,Retail Trade,"Sporting Goods, Hobby, Musical Instrument, Book, and Miscellaneous Retailers",Used Merchandise Retailers,Used Merchandise Retailers,0.0876860966478051,3.0,0.0438058564924147,0,False
512240,0.06116567095280498,4,0.028708807309489055,23,0.09875815411108169,51,Information,Sound Recording Studios,Information,Motion Picture and Sound Recording Industries,Sound Recording Industries,Sound Recording Studios,0.2362549303443525,4.0,0.0664436209003892,0,False
336370,0.061154666795258605,4,0.03480259684781843,23,0.0987403867871907,33,Manufacturing - metals/machinery,Motor Vehicle Metal Stamping,Manufacturing,Transportation Equipment Manufacturing,Motor Vehicle Parts Manufacturing,Motor Vehicle Metal Stamping,0.0768015995583744,4.0,0.0580094162968131,0,False
483113,0.06111679873480727,2,0.029991330046253623,24,0.09867924497853098,48,Transportation,Coastal and Great Lakes Freight Transportation,Transportation and Warehousing,Water Transportation,"Deep Sea, Coastal, and Great Lakes Water Transportation","Deep Sea, Coastal, and Great Lakes Water Transportation",0.0648928585973086,4.0,0.0466774092219486,2,False
611430,0.061032423143256326,3,0.040156303854229976,24,0.09854301206317505,61,Educational services,Professional and Management Development Training,Educational Services,Educational Services,Business Schools and Computer and Management Training,Professional and Management Development Training,0.1643584421510984,3.0,0.0287687435681642,0,False
482112,0.060916313918261654,4,0.050160780589010634,14,0.09835554199120299,48,Transportation,Short Line Railroads,Transportation and Warehousing,Rail Transportation,Rail Transportation,Rail Transportation,0.1764767649432644,4.0,0.3698266809223485,0,False
812930,0.06084891052775168,2,0.022437035344241515,24,0.09824671240879344,81,Other services,Parking Lots and Garages,Other Services (except Public Administration),Personal and Laundry Services,Other Personal Services,Parking Lots and Garages,0.0422835293334529,4.0,0.0503278276947724,2,False
336214,0.06083257250171759,2,0.02102716492530121,24,0.09822033301545383,33,Manufacturing - metals/machinery,Travel Trailer and Camper Manufacturing,Manufacturing,Transportation Equipment Manufacturing,Motor Vehicle Body and Trailer Manufacturing,Motor Vehicle Body and Trailer Manufacturing,0.0893240624292138,3.0,0.0619283032523779,1,False
532282,0.06033828149455622,3,0.03993859032864337,24,0.09742225025594924,53,Real estate,Video Tape and Disc Rental,Real Estate and Rental and Leasing,Rental and Leasing Services,Consumer Goods Rental,Other Consumer Goods Rental,0.168208320473395,3.0,0.2334980753552644,0,False
237120,0.06025090063634779,2,0.027488799265274626,24,0.09728116503401216,23,Construction,Oil and Gas Pipeline and Related Structures Construction,Construction,Heavy and Civil Engineering Construction,Utility System Construction,Oil and Gas Pipeline and Related Structures Construction,0.3183447338315132,4.0,0.1594324201205224,2,False
424520,0.060154115848624755,4,0.03112479470161673,23,0.09712489621798077,42,Wholesale trade,Livestock Merchant Wholesalers,Wholesale Trade,"Merchant Wholesalers, Nondurable Goods",Farm Product Raw Material Merchant Wholesalers,Livestock Merchant Wholesalers,0.0847171749378183,4.0,0.0397085518242164,0,False
321991,0.0599952778868557,3,0.03162061486532106,24,0.09686843628444743,32,Manufacturing - paper/chemicals,Manufactured Home (Mobile Home) Manufacturing,Manufacturing,Wood Product Manufacturing,Other Wood Product Manufacturing,All Other Wood Product Manufacturing,0.0829597090283154,3.0,0.0495363323298162,0,False
423320,0.05963287407832463,2,0.03907596553993972,24,0.09628329872908618,42,Wholesale trade,"Brick, Stone, and Related Construction Material Merchant Wholesalers",Wholesale Trade,"Merchant Wholesalers, Durable Goods",Lumber and Other Construction Materials Merchant Wholesalers,"Brick, Stone, and Related Construction Material Merchant Wholesalers",0.0927893422603375,4.0,0.0683698117642696,2,False
459910,0.059264519025041054,3,0.018844090532397526,24,0.0956885522879355,45,Retail trade - specialty,Pet and Pet Supplies Retailers,Retail Trade,"Sporting Goods, Hobby, Musical Instrument, Book, and Miscellaneous Retailers",Other Miscellaneous Retailers,Pet and Pet Supplies Retailers,0.0715175504682085,3.0,0.0746465704019238,0,False
327332,0.05868947962363121,2,0.03753967188974367,24,0.09476009308950381,32,Manufacturing - paper/chemicals,Concrete Pipe Manufacturing,Manufacturing,Nonmetallic Mineral Product Manufacturing,Cement and Concrete Product Manufacturing,"Concrete Pipe, Brick, and Block Manufacturing",0.11471332709958,4.0,0.0910430450647295,2,False
541410,0.05830112661767947,4,0.03283928965185156,23,0.0941330579337728,54,Professional & technical services,Interior Design Services,"Professional, Scientific, and Technical Services","Professional, Scientific, and Technical Services",Specialized Design Services,Interior Design Services,0.1679295221866057,4.0,0.0453035361003116,0,False
445131,0.058168150266023476,2,0.025904966120375822,24,0.09391835418205388,44,Retail trade - general,Convenience Retailers,Retail Trade,Food and Beverage Retailers,Grocery and Convenience Retailers,Convenience Retailers and Vending Machine Operators,0.1092131204273485,3.0,0.0571506626996817,1,False
445291,0.05799062048019036,4,0.017367896053803344,23,0.09363171441050389,44,Retail trade - general,Baked Goods Retailers,Retail Trade,Food and Beverage Retailers,Specialty Food Retailers,Other Specialty Food Retailers,0.0804052411352864,3.0,0.0858079474325142,3,False
311212,0.057840272798334535,3,0.03675472806224919,24,0.0933889628914955,31,Manufacturing - food/textiles,Rice Milling,Manufacturing,Food Manufacturing,Grain and Oilseed Milling,Flour Milling and Malt Manufacturing,0.1424739571884251,4.0,0.1314986958583051,1,False
336213,0.05779533008411737,1,0.031489538125342664,23,0.0933163983397185,33,Manufacturing - metals/machinery,Motor Home Manufacturing,Manufacturing,Transportation Equipment Manufacturing,Motor Vehicle Body and Trailer Manufacturing,Motor Vehicle Body and Trailer Manufacturing,0.0624229245811851,3.0,0.0644106624992571,2,False
336350,0.05712085679089561,4,0.035506549451052104,23,0.09222739307911736,33,Manufacturing - metals/machinery,Motor Vehicle Transmission and Power Train Parts Manufacturing,Manufacturing,Transportation Equipment Manufacturing,Motor Vehicle Parts Manufacturing,Motor Vehicle Transmission and Power Train Parts Manufacturing,0.0801359288348985,4.0,0.0339602909880363,0,False
922120,0.0570180700282074,4,0.025176399460652196,23,0.0920614334682439,92,Public administration,Police Protection,Public Administration,"Justice, Public Order, and Safety Activities","Justice, Public Order, and Safety Activities",Police Protection,0.0851022047420463,4.0,0.0430550376103105,0,False
424460,0.05683434228208868,2,0.028037264940472078,24,0.09176478646375548,42,Wholesale trade,Fish and Seafood Merchant Wholesalers,Wholesale Trade,"Merchant Wholesalers, Nondurable Goods",Grocery and Related Product Merchant Wholesalers,Fish and Seafood Merchant Wholesalers,0.0818645913952839,3.0,0.0794674234442553,1,False
238130,0.0567828373859411,2,0.02933873978577112,24,0.0916816266064044,23,Construction,Framing Contractors,Construction,Specialty Trade Contractors,"Foundation, Structure, and Building Exterior Contractors",Framing Contractors,0.1667334217194568,4.0,0.1155397289363977,2,False
813219,0.056750962447409535,3,0.037340614509237154,24,0.09163016129845068,81,Other services,Other Grantmaking and Giving Services,Other Services (except Public Administration),"Religious, Grantmaking, Civic, Professional, and Similar Organizations",Grantmaking and Giving Services,Grantmaking and Giving Services,0.1228252842227165,3.0,0.0066757885751856,0,False
813920,0.05581025109163133,2,0.02979251258281408,24,0.09011128779308733,81,Other services,Professional Organizations,Other Services (except Public Administration),"Religious, Grantmaking, Civic, Professional, and Similar Organizations","Business, Professional, Labor, Political, and Similar Organizations",Professional Organizations,0.1270219131253888,2.0,0.0190591286987319,0,False
813319,0.05569579082338248,3,0.031405971613082,24,0.08992648012834288,81,Other services,Other Social Advocacy Organizations,Other Services (except Public Administration),"Religious, Grantmaking, Civic, Professional, and Similar Organizations",Social Advocacy Organizations,Social Advocacy Organizations,0.1467305522758116,3.0,0.0302530421600585,0,False
923110,0.055679709047375764,3,0.030818393427355945,24,0.08990051447655632,92,Public administration,Administration of Education Programs,Public Administration,Administration of Human Resource Programs,Administration of Human Resource Programs,Administration of Education Programs,0.1483724717710723,2.0,0.076625327458807,3,False
459140,0.05544769954785542,3,0.03468943642747042,24,0.08952591170425052,45,Retail trade - specialty,Musical Instrument and Supplies Retailers,Retail Trade,"Sporting Goods, Hobby, Musical Instrument, Book, and Miscellaneous Retailers","Sporting Goods, Hobby, and Musical Instrument Retailers",Musical Instrument and Supplies Retailers,0.0651952198785533,3.0,0.0309749368503659,0,False
424810,0.05537506119090905,2,0.030379306004918432,24,0.08940862973974431,42,Wholesale trade,Beer and Ale Merchant Wholesalers,Wholesale Trade,"Merchant Wholesalers, Nondurable Goods","Beer, Wine, and Distilled Alcoholic Beverage Merchant Wholesalers",Beer and Ale Merchant Wholesalers,0.0619823213520684,3.0,0.058940936456664,1,False
722410,0.055356948243270344,2,0.026835166421649157,24,0.08937938455618884,72,Accommodation & food services,Drinking Places (Alcoholic Beverages),Accommodation and Food Services,Food Services and Drinking Places,Drinking Places (Alcoholic Beverages),Drinking Places (Alcoholic Beverages),0.1374998586042045,3.0,0.0661452664194725,1,False
611110,0.055198792545202824,4,0.02856253168823861,23,0.08912402620631722,61,Educational services,Elementary and Secondary Schools,Educational Services,Educational Services,Elementary and Secondary Schools,Elementary and Secondary Schools,0.1978608022346012,2.0,0.1259748757669203,2,False
531210,0.055169694150071086,4,0.02511721779736389,23,0.08907704390814179,53,Real estate,Offices of Real Estate Agents and Brokers,Real Estate and Rental and Leasing,Real Estate,Offices of Real Estate Agents and Brokers,Offices of Real Estate Agents and Brokers,0.195016188167599,4.0,0.0567807947704653,0,False
812331,0.05507166582064221,3,0.027132271863109642,24,0.08891876726841591,81,Other services,Linen Supply,Other Services (except Public Administration),Personal and Laundry Services,Drycleaning and Laundry Services,Linen and Uniform Supply,0.0788150767654035,3.0,0.0215544433650781,0,False
459410,0.05431820918824701,3,0.035591647386900474,24,0.0877022354285949,45,Retail trade - specialty,Office Supplies and Stationery Retailers,Retail Trade,"Sporting Goods, Hobby, Musical Instrument, Book, and Miscellaneous Retailers","Office Supplies, Stationery, and Gift Retailers",Office Supplies and Stationery Retailers,0.0756694471017074,3.0,0.0746828996972001,0,False
326191,0.05365823108306786,2,0.02573648130241533,24,0.08663663411325066,32,Manufacturing - paper/chemicals,Plastics Plumbing Fixture Manufacturing,Manufacturing,Plastics and Rubber Products Manufacturing,Plastics Product Manufacturing,Other Plastics Product Manufacturing,0.0766743254596046,3.0,0.0558508764036951,1,False
485510,0.05350918474948416,2,0.027625446813048803,24,0.08639598375247708,48,Transportation,Charter Bus Industry,Transportation and Warehousing,Transit and Ground Passenger Transportation,Charter Bus Industry,Charter Bus Industry,0.1184934845749959,4.0,0.0683020939950162,2,False
337127,0.05324372159428947,2,0.03159376564799677,24,0.08596736667392399,33,Manufacturing - metals/machinery,Institutional Furniture Manufacturing,Manufacturing,Furniture and Related Product Manufacturing,Household and Institutional Furniture and Kitchen Cabinet Manufacturing,Household and Institutional Furniture Manufacturing,0.1113213677314938,3.0,0.0740767667280959,1,False
561312,0.05313713229771988,4,0.019247637233603624,23,0.08579526748800427,56,Administrative & waste services,Executive Search Services,Administrative and Support and Waste Management and Remediation Services,Administrative and Support Services,Employment Services,Employment Placement Agencies and Executive Search Services,0.168647166775011,4.0,0.0505172046188879,0,False
445110,0.05302349165826599,2,0.01582048206990801,24,0.08561178319674015,44,Retail trade - general,Supermarkets and Other Grocery Retailers (except Convenience Retailers),Retail Trade,Food and Beverage Retailers,Grocery and Convenience Retailers,Supermarkets and Other Grocery Retailers (except Convenience Retailers),0.0712941205972958,3.0,0.0348202741465965,1,False
562212,0.05283144114902662,4,0.02316125871197928,23,0.08530169825050932,56,Administrative & waste services,Solid Waste Landfill,Administrative and Support and Waste Management and Remediation Services,Waste Management and Remediation Services,Waste Treatment and Disposal,Waste Treatment and Disposal,0.0989542763929642,4.0,0.0327462973751216,0,False
532411,0.05263466229467181,2,0.026939953754752194,24,0.08498397891347845,53,Real estate,"Commercial Air, Rail, and Water Transportation Equipment Rental and Leasing",Real Estate and Rental and Leasing,Rental and Leasing Services,Commercial and Industrial Machinery and Equipment Rental and Leasing,"Construction, Transportation, Mining, and Forestry Machinery and Equipment Rental and Leasing",0.0733220711680801,4.0,0.0515364946461867,2,False
238190,0.05261940495761306,2,0.032003039055158396,24,0.08495934440165014,23,Construction,"Other Foundation, Structure, and Building Exterior Contractors",Construction,Specialty Trade Contractors,"Foundation, Structure, and Building Exterior Contractors","Other Foundation, Structure, and Building Exterior Contractors",0.1893772449067592,4.0,0.089609004947946,2,False
488119,0.052454107082841844,4,0.02026873882481606,23,0.08469245428605758,48,Transportation,Other Airport Operations,Transportation and Warehousing,Support Activities for Transportation,Support Activities for Air Transportation,Airport Operations,0.0391759266813695,3.0,0.0488290108541233,3,False
238220,0.052198720322990694,2,0.03025949978301509,24,0.08428010656560553,23,Construction,"Plumbing, Heating, and Air-Conditioning Contractors",Construction,Specialty Trade Contractors,Building Equipment Contractors,"Plumbing, Heating, and Air-Conditioning Contractors",0.0675876600683238,4.0,0.0617794484624459,2,False
532490,0.05215621314877032,2,0.025093203356222494,24,0.0842114744391678,53,Real estate,Other Commercial and Industrial Machinery and Equipment Rental and Leasing,Real Estate and Rental and Leasing,Rental and Leasing Services,Commercial and Industrial Machinery and Equipment Rental and Leasing,Other Commercial and Industrial Machinery and Equipment Rental and Leasing,0.1272619189205863,4.0,0.0529444167188403,2,False
561599,0.052098123038324576,3,0.02964108338296224,24,0.0841176820881584,56,Administrative & waste services,All Other Travel Arrangement and Reservation Services,Administrative and Support and Waste Management and Remediation Services,Administrative and Support Services,Travel Arrangement and Reservation Services,Other Travel Arrangement and Reservation Services,0.1475045158349381,3.0,0.0479454560775328,0,False
924110,0.05192785049353531,4,0.0222803900388334,23,0.0838427598653292,92,Public administration,Administration of Air and Water Resource and Solid Waste Management Programs,Public Administration,Administration of Environmental Quality Programs,Administration of Environmental Quality Programs,Administration of Air and Water Resource and Solid Waste Management Programs,0.09789245506793,4.0,0.0475319167988792,0,False
611210,0.05182529355614682,3,0.026908207694389008,24,0.08367717133061683,61,Educational services,Junior Colleges,Educational Services,Educational Services,Junior Colleges,Junior Colleges,0.2870855754158674,2.0,0.1655061563543169,3,False
811122,0.05165405472356133,2,0.01984176127570628,24,0.0834006889385357,81,Other services,Automotive Glass Replacement Shops,Other Services (except Public Administration),Repair and Maintenance,Automotive Repair and Maintenance,"Automotive Body, Paint, Interior, and Glass Repair",0.0552591011964381,3.0,0.0641329071729066,1,False
311821,0.05143790014437105,4,0.01737378690851988,23,0.08305168553661176,31,Manufacturing - food/textiles,Cookie and Cracker Manufacturing,Manufacturing,Food Manufacturing,Bakeries and Tortilla Manufacturing,"Cookie, Cracker, and Pasta Manufacturing",0.0555628518680799,4.0,0.0189386977098985,0,False
561612,0.05135519161502049,3,0.020116374450640406,24,0.08291814426156865,56,Administrative & waste services,Security Guards and Patrol Services,Administrative and Support and Waste Management and Remediation Services,Administrative and Support Services,Investigation and Security Services,"Investigation, Guard, and Armored Car Services",0.0609203866679882,4.0,0.0460685672610022,1,False
561491,0.051223789470156475,1,0.02843163683742758,23,0.08270598222572637,56,Administrative & waste services,Repossession Services,Administrative and Support and Waste Management and Remediation Services,Administrative and Support Services,Business Support Services,Other Business Support Services,0.0439121728930894,2.0,0.0589856557736152,1,False
488330,0.05091449059231337,2,0.024797616131074996,24,0.0822065879451015,48,Transportation,Navigational Services to Shipping,Transportation and Warehousing,Support Activities for Transportation,Support Activities for Water Transportation,Navigational Services to Shipping,0.0751824129096991,4.0,0.0483044301997404,2,False
311813,0.05083416876273858,3,0.02158453137282905,24,0.08207690023792745,31,Manufacturing - food/textiles,"Frozen Cakes, Pies, and Other Pastries Manufacturing",Manufacturing,Food Manufacturing,Bakeries and Tortilla Manufacturing,Bread and Bakery Product Manufacturing,0.0406474060146607,4.0,0.0359150226100178,1,False
334310,0.050782673135647494,4,0.02580237696425174,23,0.08199375534640435,33,Manufacturing - metals/machinery,Audio and Video Equipment Manufacturing,Manufacturing,Computer and Electronic Product Manufacturing,Audio and Video Equipment Manufacturing,Audio and Video Equipment Manufacturing,0.062754590780645,4.0,0.0048141839859125,0,False
423330,0.05066725557492079,2,0.029260771859513073,24,0.0818074020362581,42,Wholesale trade,"Roofing, Siding, and Insulation Material Merchant Wholesalers",Wholesale Trade,"Merchant Wholesalers, Durable Goods",Lumber and Other Construction Materials Merchant Wholesalers,"Roofing, Siding, and Insulation Material Merchant Wholesalers",0.0573168224829885,4.0,0.0556170302601235,2,False
236210,0.05035199081031,2,0.025620195635535758,24,0.08129837522883125,23,Construction,Industrial Building Construction,Construction,Construction of Buildings,Nonresidential Building Construction,Industrial Building Construction,0.1937957350013906,4.0,0.0869138297426287,2,False
457120,0.050071506809707234,3,0.02180603605956859,24,0.08084550547810794,45,Retail trade - specialty,Other Gasoline Stations,Retail Trade,Gasoline Stations and Fuel Dealers,Gasoline Stations,Other Gasoline Stations,0.0935545124577761,3.0,0.0337766384602623,0,False
925110,0.05002946847321649,4,0.02494591809092133,23,0.08077763033754208,92,Public administration,Administration of Housing Programs,Public Administration,"Administration of Housing Programs, Urban Planning, and Community Development","Administration of Housing Programs, Urban Planning, and Community Development",Administration of Housing Programs,0.0752669635176831,4.0,0.0233704977852394,0,False
481219,0.04948832429202549,2,0.026280607192627887,24,0.07990389839591731,48,Transportation,Other Nonscheduled Air Transportation,Transportation and Warehousing,Air Transportation,Nonscheduled Air Transportation,Nonscheduled Air Transportation,0.0727180179900094,4.0,0.0970444037055774,2,False
814110,0.04934817924160785,3,0.030745281480394987,24,0.0796776200559359,81,Other services,Private Households,Other Services (except Public Administration),Private Households,Private Households,Private Households,0.2133091867576242,4.0,0.1172157671229875,1,False
337910,0.048867709753471385,3,0.023182643152560134,24,0.07890185353501168,33,Manufacturing - metals/machinery,Mattress Manufacturing,Manufacturing,Furniture and Related Product Manufacturing,Other Furniture Related Product Manufacturing,Mattress Manufacturing,0.0273496235595512,3.0,0.0634842492038571,0,False
423910,0.04884170509052197,2,0.03088719118720125,24,0.07885986637994316,42,Wholesale trade,Sporting and Recreational Goods and Supplies Merchant Wholesalers,Wholesale Trade,"Merchant Wholesalers, Durable Goods",Miscellaneous Durable Goods Merchant Wholesalers,Sporting and Recreational Goods and Supplies Merchant Wholesalers,0.0790194404099347,3.0,0.0713477897004741,1,False
532210,0.04858164978469798,4,0.017207517654389163,23,0.0784399808204471,53,Real estate,Consumer Electronics and Appliances Rental,Real Estate and Rental and Leasing,Rental and Leasing Services,Consumer Goods Rental,Consumer Electronics and Appliances Rental,0.0790537818959003,4.0,0.0140867324497631,0,False
624310,0.04806194272779665,3,0.026872393012650587,24,0.07760086128135663,62,Health care & social assistance,Vocational Rehabilitation Services,Health Care and Social Assistance,Social Assistance,Vocational Rehabilitation Services,Vocational Rehabilitation Services,0.1122016395721005,3.0,0.0216447651130051,0,False
212220,0.04802347370257695,2,0.02577823661788969,24,0.07753874915437478,21,"Mining, quarrying, oil & gas",Gold Ore and Silver Ore Mining,"Mining, Quarrying, and Oil and Gas Extraction",Mining (except Oil and Gas),Metal Ore Mining,Gold Ore and Silver Ore Mining,0.0635266275235944,3.0,0.0570566053113825,1,False
323113,0.047976092499448314,2,0.023300826239248285,24,0.07746224741593792,32,Manufacturing - paper/chemicals,Commercial Screen Printing,Manufacturing,Printing and Related Support Activities,Printing and Related Support Activities,Printing,0.0679622085356668,3.0,0.0441215940819892,1,False
221114,0.04791209874914688,2,0.013798087720942086,24,0.07735892304205357,22,Utilities,Solar Electric Power Generation,Utilities,Utilities,"Electric Power Generation, Transmission and Distribution",Electric Power Generation,0.0728601453608448,2.0,0.1827598002236947,0,False
221320,0.04707591502799994,2,0.02854485877812407,24,0.07600881996116159,22,Utilities,Sewage Treatment Facilities,Utilities,Utilities,"Water, Sewage and Other Systems",Sewage Treatment Facilities,0.0834685968412353,3.0,0.0687403084042945,1,False
326212,0.046926929159871816,3,0.0242527144687622,24,0.07576826722797365,32,Manufacturing - paper/chemicals,Tire Retreading,Manufacturing,Plastics and Rubber Products Manufacturing,Rubber Product Manufacturing,Tire Manufacturing,0.0489156151527383,3.0,0.0362963750462069,0,False
493120,0.046756377616347364,4,0.01294412556719956,23,0.07549289453350477,49,Warehousing & couriers,Refrigerated Warehousing and Storage,Transportation and Warehousing,Warehousing and Storage,Warehousing and Storage,Refrigerated Warehousing and Storage,0.0740453818270138,4.0,0.0464827937341526,0,False
811192,0.04615400087052336,3,0.014176536279457383,24,0.07452029643116531,81,Other services,Car Washes,Other Services (except Public Administration),Repair and Maintenance,Automotive Repair and Maintenance,Other Automotive Repair and Maintenance,0.1168728994443097,3.0,0.0524392614367162,0,False
324199,0.04577258857359655,3,0.024544622954848928,24,0.07390446775123757,32,Manufacturing - paper/chemicals,All Other Petroleum and Coal Products Manufacturing,Manufacturing,Petroleum and Coal Products Manufacturing,Petroleum and Coal Products Manufacturing,Other Petroleum and Coal Products Manufacturing,0.1317295677188629,3.0,0.0583756178844513,0,False
221310,0.04576768209477317,2,0.027599986411962346,24,0.07389654574557274,22,Utilities,Water Supply and Irrigation Systems,Utilities,Utilities,"Water, Sewage and Other Systems",Water Supply and Irrigation Systems,0.0630060999493074,3.0,0.0664623840488514,1,False
541370,0.04570135416747639,2,0.027282890704428756,24,0.07378945260715367,54,Professional & technical services,Surveying and Mapping (except Geophysical) Services,"Professional, Scientific, and Technical Services","Professional, Scientific, and Technical Services","Architectural, Engineering, and Related Services",Surveying and Mapping (except Geophysical) Services,0.0639560453291694,4.0,0.0604907848087579,2,False
441340,0.045683454994471656,3,0.021597561582560886,24,0.07376055258433815,44,Retail trade - general,Tire Dealers,Retail Trade,Motor Vehicle and Parts Dealers,"Automotive Parts, Accessories, and Tire Retailers",Tire Dealers,0.05918809952745,3.0,0.0275652171003674,0,False
925120,0.04474176800263009,2,0.019466957138011543,24,0.07224010381600128,92,Public administration,Administration of Urban Planning and Community and Rural Development,Public Administration,"Administration of Housing Programs, Urban Planning, and Community Development","Administration of Housing Programs, Urban Planning, and Community Development",Administration of Urban Planning and Community and Rural Development,0.1096147731445158,3.0,0.0588754948141649,1,False
312112,0.04452393270048912,2,0.022561156606036623,24,0.07188838671710325,31,Manufacturing - food/textiles,Bottled Water Manufacturing,Manufacturing,Beverage and Tobacco Product Manufacturing,Beverage Manufacturing,Soft Drink and Ice Manufacturing,0.0764937015465338,3.0,0.0510414325717976,1,False
311941,0.044243696589535884,3,0.023925226571687195,24,0.0714359172092585,31,Manufacturing - food/textiles,"Mayonnaise, Dressing, and Other Prepared Sauce Manufacturing",Manufacturing,Food Manufacturing,Other Food Manufacturing,Seasoning and Dressing Manufacturing,0.0947109248413475,4.0,0.0555452190860675,1,False
331511,0.04422823820458411,4,0.019460824328486483,23,0.07141095808529901,33,Manufacturing - metals/machinery,Iron Foundries,Manufacturing,Primary Metal Manufacturing,Foundries,Ferrous Metal Foundries,0.0583306929114281,4.0,0.0452554171612359,0,False
238350,0.04402979449122597,3,0.019515121238669674,24,0.07109055066523948,23,Construction,Finish Carpentry Contractors,Construction,Specialty Trade Contractors,Building Finishing Contractors,Finish Carpentry Contractors,0.1132494147209952,4.0,0.0660243488340685,1,False
611420,0.04394551855331914,2,0.018752190930412083,24,0.07095447865075803,61,Educational services,Computer Training,Educational Services,Educational Services,Business Schools and Computer and Management Training,Computer Training,0.1296794405005311,3.0,0.0682747582657059,1,False
541420,0.043703974199405644,4,0.024307102140768703,23,0.07056448089291675,54,Professional & technical services,Industrial Design Services,"Professional, Scientific, and Technical Services","Professional, Scientific, and Technical Services",Specialized Design Services,Industrial Design Services,0.0769448905362296,4.0,0.044668886796357,0,False
311991,0.04357431280336174,2,0.013810684944491164,24,0.07035512947187796,31,Manufacturing - food/textiles,Perishable Prepared Food Manufacturing,Manufacturing,Food Manufacturing,Other Food Manufacturing,All Other Food Manufacturing,0.0592269710328206,3.0,0.0271967691671662,1,False
713290,0.043549507582248445,2,0.018521255228020214,24,0.07031507893680973,71,"Arts, entertainment & recreation",Other Gambling Industries,"Arts, Entertainment, and Recreation","Amusement, Gambling, and Recreation Industries",Gambling Industries,Other Gambling Industries,0.0468871659882568,4.0,0.0416114533105439,2,False
485310,0.04348094508475643,3,0.021952432404197923,24,0.07020437785909603,48,Transportation,Taxi and Ridesharing Services,Transportation and Warehousing,Transit and Ground Passenger Transportation,Taxi and Limousine Service,Taxi and Ridesharing Services,0.0613882044620301,4.0,0.0605722698932525,1,False
321911,0.04339531184746412,2,0.021966893902225674,24,0.0700661143476556,32,Manufacturing - paper/chemicals,Wood Window and Door Manufacturing,Manufacturing,Wood Product Manufacturing,Other Wood Product Manufacturing,Millwork,0.0456806742167181,3.0,0.0336654546908908,1,False
327390,0.0431524452540757,2,0.025208107969701587,24,0.06967398170062238,32,Manufacturing - paper/chemicals,Other Concrete Product Manufacturing,Manufacturing,Nonmetallic Mineral Product Manufacturing,Cement and Concrete Product Manufacturing,Other Concrete Product Manufacturing,0.0618394547875712,3.0,0.0487554241394615,1,False
541940,0.043114690408307135,3,0.024473769243695098,24,0.0696130226885038,54,Professional & technical services,Veterinary Services,"Professional, Scientific, and Technical Services","Professional, Scientific, and Technical Services","Other Professional, Scientific, and Technical Services",Veterinary Services,0.0896359299430275,3.0,0.0549534523840249,0,False
485320,0.04299328424066558,2,0.02206537550285177,24,0.06941700016758301,48,Transportation,Limousine Service,Transportation and Warehousing,Transit and Ground Passenger Transportation,Taxi and Limousine Service,Limousine Service,0.1466303923878658,4.0,0.035982338013619,2,False
541611,0.04248531285006982,4,0.022678720124866047,23,0.06859682904716508,54,Professional & technical services,Administrative Management and General Management Consulting Services,"Professional, Scientific, and Technical Services","Professional, Scientific, and Technical Services","Management, Scientific, and Technical Consulting Services",Management Consulting Services,0.1391363863687517,4.0,0.0653974368680962,0,False
531120,0.042401535706441874,2,0.01990739473727252,24,0.0684615623864302,53,Real estate,Lessors of Nonresidential Buildings (except Miniwarehouses),Real Estate and Rental and Leasing,Real Estate,Lessors of Real Estate,Lessors of Nonresidential Buildings (except Miniwarehouses),0.0736620950605896,4.0,0.0369452220116959,2,False
311919,0.04236103037441411,2,0.022888370102403997,24,0.06839616243641894,31,Manufacturing - food/textiles,Other Snack Food Manufacturing,Manufacturing,Food Manufacturing,Other Food Manufacturing,Snack Food Manufacturing,0.0357987070105557,3.0,0.0539079920251877,1,False
541850,0.042215516090704175,2,0.02182419220807892,24,0.06816121492693968,54,Professional & technical services,Indoor and Outdoor Display Advertising,"Professional, Scientific, and Technical Services","Professional, Scientific, and Technical Services","Advertising, Public Relations, and Related Services",Indoor and Outdoor Display Advertising,0.0843719266991347,4.0,0.038429538180757,2,False
493190,0.042199948776951796,4,0.0156650128417872,23,0.0681360799264287,49,Warehousing & couriers,Other Warehousing and Storage,Transportation and Warehousing,Warehousing and Storage,Warehousing and Storage,Other Warehousing and Storage,0.0521997056046316,4.0,0.0435549222389345,0,False
532111,0.04218126002646223,2,0.021725635111505645,24,0.06810590505100854,53,Real estate,Passenger Car Rental,Real Estate and Rental and Leasing,Rental and Leasing Services,Automotive Equipment Rental and Leasing,Passenger Car Rental and Leasing,0.058046985238861,3.0,0.0316334316144766,1,False
327110,0.04212750964398507,4,0.017906624139640722,23,0.06801911962916128,32,Manufacturing - paper/chemicals,"Pottery, Ceramics, and Plumbing Fixture Manufacturing",Manufacturing,Nonmetallic Mineral Product Manufacturing,Clay Product and Refractory Manufacturing,"Pottery, Ceramics, and Plumbing Fixture Manufacturing",0.0331602191234352,4.0,0.0260722105443298,0,False
237130,0.0416184589581851,2,0.02089800138485567,24,0.06719720587761631,23,Construction,Power and Communication Line and Related Structures Construction,Construction,Heavy and Civil Engineering Construction,Utility System Construction,Power and Communication Line and Related Structures Construction,0.2433966278095246,4.0,0.1107424229689451,2,False
327999,0.04140054777578633,2,0.027247735355061118,24,0.06684536626237739,32,Manufacturing - paper/chemicals,All Other Miscellaneous Nonmetallic Mineral Product Manufacturing,Manufacturing,Nonmetallic Mineral Product Manufacturing,Other Nonmetallic Mineral Product Manufacturing,All Other Nonmetallic Mineral Product Manufacturing,0.0508629565867414,3.0,0.0459962816808568,1,False
459930,0.0413003316941217,2,0.025570541290265286,24,0.06668355727568155,45,Retail trade - specialty,Manufactured (Mobile) Home Dealers,Retail Trade,"Sporting Goods, Hobby, Musical Instrument, Book, and Miscellaneous Retailers",Other Miscellaneous Retailers,Manufactured (Mobile) Home Dealers,0.103947447427977,4.0,0.0941879676688781,2,False
722514,0.04123756169768425,3,0.0212345220116906,24,0.06658220877602224,72,Accommodation & food services,"Cafeterias, Grill Buffets, and Buffets",Accommodation and Food Services,Food Services and Drinking Places,Restaurants and Other Eating Places,Restaurants and Other Eating Places,0.0694090288836128,3.0,0.0767847185559673,0,False
311512,0.04118594681927811,2,0.015000823450141684,24,0.0664988713412054,31,Manufacturing - food/textiles,Creamery Butter Manufacturing,Manufacturing,Food Manufacturing,Dairy Product Manufacturing,Dairy Product (except Frozen) Manufacturing,0.0635150579978044,3.0,0.0887578350101958,1,False
112920,0.04116834529461649,2,0.02563138961832187,24,0.06647045190170536,11,"Agriculture, forestry, fishing",Horses and Other Equine Production,"Agriculture, Forestry, Fishing and Hunting",Animal Production and Aquaculture,Other Animal Production,Horses and Other Equine Production,0.1387574984153077,4.0,0.0918633894092834,2,False
811198,0.041165615073134265,3,0.019263703008641133,24,0.06646604368334204,81,Other services,All Other Automotive Repair and Maintenance,Other Services (except Public Administration),Repair and Maintenance,Automotive Repair and Maintenance,Other Automotive Repair and Maintenance,0.0603998217277032,3.0,0.0543619107506174,0,False
332321,0.041096894141937096,2,0.020381228741750957,24,0.06635508679840794,33,Manufacturing - metals/machinery,Metal Window and Door Manufacturing,Manufacturing,Fabricated Metal Product Manufacturing,Architectural and Structural Metals Manufacturing,Ornamental and Architectural Metal Products Manufacturing,0.0486469902427403,3.0,0.0264060441282615,1,False
541613,0.041014700530822505,4,0.019505319444456593,23,0.06622237691086882,54,Professional & technical services,Marketing Consulting Services,"Professional, Scientific, and Technical Services","Professional, Scientific, and Technical Services","Management, Scientific, and Technical Consulting Services",Management Consulting Services,0.1413688785248096,4.0,0.0611829829878394,0,False
484110,0.04098639459859223,2,0.017274039385290298,24,0.06617667412409466,48,Transportation,"General Freight Trucking, Local",Transportation and Warehousing,Truck Transportation,General Freight Trucking,"General Freight Trucking, Local",0.0928007854110544,4.0,0.0567041573465865,2,False
238390,0.040885203920215746,2,0.022473378204948158,24,0.0660132915525633,23,Construction,Other Building Finishing Contractors,Construction,Specialty Trade Contractors,Building Finishing Contractors,Other Building Finishing Contractors,0.0891771144801348,4.0,0.0772745882957451,2,False
813311,0.040765477625771276,3,0.023891194843002592,24,0.06581998135660357,81,Other services,Human Rights Organizations,Other Services (except Public Administration),"Religious, Grantmaking, Civic, Professional, and Similar Organizations",Social Advocacy Organizations,Social Advocacy Organizations,0.118233953910015,3.0,0.0411079602649179,0,False
445132,0.04057958666322397,3,0.025677475989269182,24,0.06551984162068422,44,Retail trade - general,Vending Machine Operators,Retail Trade,Food and Beverage Retailers,Grocery and Convenience Retailers,Convenience Retailers and Vending Machine Operators,0.0461307650261438,3.0,0.0380461271576349,0,False
541690,0.040467545673016345,4,0.021023366825395736,23,0.06533894012470913,54,Professional & technical services,Other Scientific and Technical Consulting Services,"Professional, Scientific, and Technical Services","Professional, Scientific, and Technical Services","Management, Scientific, and Technical Consulting Services",Other Scientific and Technical Consulting Services,0.1721628758041914,4.0,0.1228198293477985,0,False
336991,0.04019960840916176,1,0.01880264117399385,23,0.06490632834781437,33,Manufacturing - metals/machinery,"Motorcycle, Bicycle, and Parts Manufacturing",Manufacturing,Transportation Equipment Manufacturing,Other Transportation Equipment Manufacturing,Other Transportation Equipment Manufacturing,0.0410533796350258,3.0,0.0867908956569862,2,False
321114,0.04012293658666399,2,0.020639495720143893,24,0.0647825339457542,32,Manufacturing - paper/chemicals,Wood Preservation,Manufacturing,Wood Product Manufacturing,Sawmills and Wood Preservation,Sawmills and Wood Preservation,0.0568517532842941,3.0,0.0552836162192582,1,False
236117,0.040111881814165556,2,0.021418563010718372,24,0.06476468489891049,23,Construction,New Housing For-Sale Builders,Construction,Construction of Buildings,Residential Building Construction,Residential Building Construction,0.0968065489282518,4.0,0.0486692739462322,2,False
424990,0.040101183594755674,4,0.017475530236359414,23,0.06474741154304375,42,Wholesale trade,Other Miscellaneous Nondurable Goods Merchant Wholesalers,Wholesale Trade,"Merchant Wholesalers, Nondurable Goods",Miscellaneous Nondurable Goods Merchant Wholesalers,Other Miscellaneous Nondurable Goods Merchant Wholesalers,0.1009604436004394,4.0,0.0338546409346304,0,False
811412,0.040037809902684234,4,0.015349051872699583,23,0.06464508831580394,81,Other services,Appliance Repair and Maintenance,Other Services (except Public Administration),Repair and Maintenance,Personal and Household Goods Repair and Maintenance,Home and Garden Equipment and Appliance Repair and Maintenance,0.0424105190360186,4.0,0.0298799374628262,0,False
424940,0.040019422526221274,2,0.020068344111922803,24,0.06461540003919158,42,Wholesale trade,Tobacco Product and Electronic Cigarette Merchant Wholesalers,Wholesale Trade,"Merchant Wholesalers, Nondurable Goods",Miscellaneous Nondurable Goods Merchant Wholesalers,Tobacco Product and Electronic Cigarette Merchant Wholesalers,0.0562511375803117,3.0,0.0309993146827372,1,False
212322,0.03999113562334923,2,0.0280220952980982,24,0.06456972797723844,21,"Mining, quarrying, oil & gas",Industrial Sand Mining,"Mining, Quarrying, and Oil and Gas Extraction",Mining (except Oil and Gas),Nonmetallic Mineral Mining and Quarrying,"Sand, Gravel, Clay, and Ceramic and Refractory Minerals Mining and Quarrying",0.0718632264030851,4.0,0.054473050369085,2,False
562998,0.03993069496727475,2,0.024150337780332043,24,0.06447214043288232,56,Administrative & waste services,All Other Miscellaneous Waste Management Services,Administrative and Support and Waste Management and Remediation Services,Waste Management and Remediation Services,Remediation and Other Waste Management Services,All Other Waste Management Services,0.0644517823922478,4.0,0.0669666728073929,2,False
424920,0.03980728464405783,2,0.012752199089063901,24,0.06427288200034491,42,Wholesale trade,"Book, Periodical, and Newspaper Merchant Wholesalers",Wholesale Trade,"Merchant Wholesalers, Nondurable Goods",Miscellaneous Nondurable Goods Merchant Wholesalers,"Book, Periodical, and Newspaper Merchant Wholesalers",0.0545688831669127,3.0,0.0422342462328083,1,False
449122,0.0397362636761054,4,0.017642839098165563,23,0.06415821147374223,44,Retail trade - general,Window Treatment Retailers,Retail Trade,"Furniture, Home Furnishings, Electronics, and Appliance Retailers",Furniture and Home Furnishings Retailers,Home Furnishings Retailers,0.0534325780105342,4.0,0.0326160103015968,0,False
512191,0.039654189452386926,4,0.018834399536567188,23,0.0640256943492135,51,Information,Teleproduction and Other Postproduction Services,Information,Motion Picture and Sound Recording Industries,Motion Picture and Video Industries,Postproduction Services and Other Motion Picture and Video Industries,0.1640719995865649,4.0,0.0364889582223902,0,False
315210,0.03953055789079918,1,0.01754831741541593,23,0.06382607870497904,31,Manufacturing - food/textiles,Cut and Sew Apparel Contractors,Manufacturing,Apparel Manufacturing,Cut and Sew Apparel Manufacturing,Cut and Sew Apparel Contractors,0.0974233045350256,4.0,0.1791626995997552,3,False
531110,0.03950597876885634,2,0.01679899256222061,24,0.06378639322985985,53,Real estate,Lessors of Residential Buildings and Dwellings,Real Estate and Rental and Leasing,Real Estate,Lessors of Real Estate,Lessors of Residential Buildings and Dwellings,0.0855483494830625,3.0,0.04570125150543,1,False
541612,0.039483060834206066,4,0.017583625271509265,23,0.06374938990942142,54,Professional & technical services,Human Resources Consulting Services,"Professional, Scientific, and Technical Services","Professional, Scientific, and Technical Services","Management, Scientific, and Technical Consulting Services",Management Consulting Services,0.1626399371302101,4.0,0.046727089727827,0,False
311613,0.039415045765655785,2,0.02177516877750549,24,0.06363957271103006,31,Manufacturing - food/textiles,Rendering and Meat Byproduct Processing,Manufacturing,Food Manufacturing,Animal Slaughtering and Processing,Animal Slaughtering and Processing,0.0930170319050592,4.0,0.0337302361602764,2,False
327991,0.03937338764428078,2,0.024150258197922547,24,0.06357231146617418,32,Manufacturing - paper/chemicals,Cut Stone and Stone Product Manufacturing,Manufacturing,Nonmetallic Mineral Product Manufacturing,Other Nonmetallic Mineral Product Manufacturing,All Other Nonmetallic Mineral Product Manufacturing,0.0462572128956157,4.0,0.0418067920746021,2,False
238330,0.03925502521534152,3,0.021039701980769154,24,0.06338120336883696,23,Construction,Flooring Contractors,Construction,Specialty Trade Contractors,Building Finishing Contractors,Flooring Contractors,0.0800000662968006,3.0,0.0639744120565738,0,False
423820,0.03913489470116645,2,0.029115182711960827,24,0.06318724051929182,42,Wholesale trade,Farm and Garden Machinery and Equipment Merchant Wholesalers,Wholesale Trade,"Merchant Wholesalers, Durable Goods","Machinery, Equipment, and Supplies Merchant Wholesalers",Farm and Garden Machinery and Equipment Merchant Wholesalers,0.0503705333273067,3.0,0.0495271325921064,1,False
113310,0.03872953008672769,2,0.018309623218729466,24,0.06253273840331225,11,"Agriculture, forestry, fishing",Logging,"Agriculture, Forestry, Fishing and Hunting",Forestry and Logging,Logging,Logging,0.0972375808649414,4.0,0.09807086044316,2,False
327211,0.03869573101210551,2,0.018391236455336312,24,0.062478166383282824,32,Manufacturing - paper/chemicals,Flat Glass Manufacturing,Manufacturing,Nonmetallic Mineral Product Manufacturing,Glass and Glass Product Manufacturing,Glass and Glass Product Manufacturing,0.031922590617063,4.0,0.0107243523785434,2,False
312140,0.03855148995863973,2,0.018295134651199457,24,0.06224527463264202,31,Manufacturing - food/textiles,Distilleries,Manufacturing,Beverage and Tobacco Product Manufacturing,Beverage Manufacturing,Distilleries,0.042379226713819,3.0,0.104387808226063,1,False
424430,0.038472801427637274,2,0.021306659914385812,24,0.062118224050992855,42,Wholesale trade,Dairy Product (except Dried or Canned) Merchant Wholesalers,Wholesale Trade,"Merchant Wholesalers, Nondurable Goods",Grocery and Related Product Merchant Wholesalers,Dairy Product (except Dried or Canned) Merchant Wholesalers,0.0554389760397757,3.0,0.03826339441209,1,False
115210,0.03835347129933912,2,0.024362102429109272,24,0.06192555350529318,11,"Agriculture, forestry, fishing",Support Activities for Animal Production,"Agriculture, Forestry, Fishing and Hunting",Support Activities for Agriculture and Forestry,Support Activities for Animal Production,Support Activities for Animal Production,0.124781785031859,4.0,0.0658544618362387,2,False
561910,0.0382419866184896,3,0.021192852287599612,24,0.06174555022696966,56,Administrative & waste services,Packaging and Labeling Services,Administrative and Support and Waste Management and Remediation Services,Administrative and Support Services,Other Support Services,Packaging and Labeling Services,0.0583534124700598,3.0,0.0195822826878024,0,False
524291,0.03817920083179436,3,0.018228687818933265,24,0.06164417623234418,52,Finance & insurance,Claims Adjusting,Finance and Insurance,Insurance Carriers and Related Activities,"Agencies, Brokerages, and Other Insurance Related Activities",Other Insurance Related Activities,0.138317986835572,4.0,0.0611768958474791,1,False
238210,0.03813998358552444,3,0.0176747534313567,24,0.06158085602689878,23,Construction,Electrical Contractors and Other Wiring Installation Contractors,Construction,Specialty Trade Contractors,Building Equipment Contractors,Electrical Contractors and Other Wiring Installation Contractors,0.0568360172335257,4.0,0.0493638168574825,1,False
311830,0.03806284527036145,2,0.019757760030231514,24,0.06145630842531009,31,Manufacturing - food/textiles,Tortilla Manufacturing,Manufacturing,Food Manufacturing,Bakeries and Tortilla Manufacturing,Tortilla Manufacturing,0.0679681879112559,2.0,0.0230467887867858,0,False
561611,0.038029253917817266,3,0.012713964367765026,24,0.06140207179355764,56,Administrative & waste services,Investigation and Personal Background Check Services,Administrative and Support and Waste Management and Remediation Services,Administrative and Support Services,Investigation and Security Services,"Investigation, Guard, and Armored Car Services",0.1006708669885869,4.0,0.048174817571267,1,False
485999,0.03795470859460075,2,0.012357355336646733,24,0.061281710839385196,48,Transportation,All Other Transit and Ground Passenger Transportation,Transportation and Warehousing,Transit and Ground Passenger Transportation,Other Transit and Ground Passenger Transportation,Other Transit and Ground Passenger Transportation,0.0604643532618021,4.0,0.0290148478417338,2,False
541618,0.037893455652894245,4,0.019056104171205453,23,0.06118281177782703,54,Professional & technical services,Other Management Consulting Services,"Professional, Scientific, and Technical Services","Professional, Scientific, and Technical Services","Management, Scientific, and Technical Consulting Services",Management Consulting Services,0.1433114323877867,4.0,0.057584391418998,0,False
312111,0.03782334398911602,2,0.01961288941026952,24,0.06106960941466262,31,Manufacturing - food/textiles,Soft Drink Manufacturing,Manufacturing,Beverage and Tobacco Product Manufacturing,Beverage Manufacturing,Soft Drink and Ice Manufacturing,0.0473787644990079,3.0,0.0314398916925446,1,False
311812,0.03754015218312594,2,0.010410136414169581,24,0.06061236763862548,31,Manufacturing - food/textiles,Commercial Bakeries,Manufacturing,Food Manufacturing,Bakeries and Tortilla Manufacturing,Bread and Bakery Product Manufacturing,0.0476073866200717,4.0,0.0187028478949078,2,False
444180,0.03745798710405478,2,0.021843466661988862,24,0.06047970381895251,44,Retail trade - general,Other Building Material Dealers,Retail Trade,Building Material and Garden Equipment and Supplies Dealers,Building Material and Supplies Dealers,Other Building Material Dealers,0.0455727564473456,3.0,0.0403781385211107,1,False
531312,0.03723843603329171,2,0.018387986572036275,24,0.060125216438303944,53,Real estate,Nonresidential Property Managers,Real Estate and Rental and Leasing,Real Estate,Activities Related to Real Estate,Real Estate Property Managers,0.0540384847861951,4.0,0.0554403248921161,2,False
336310,0.03714580211238863,4,0.021280033118807305,23,0.05997564961603335,33,Manufacturing - metals/machinery,Motor Vehicle Gasoline Engine and Engine Parts Manufacturing,Manufacturing,Transportation Equipment Manufacturing,Motor Vehicle Parts Manufacturing,Motor Vehicle Gasoline Engine and Engine Parts Manufacturing,0.046332530351729,4.0,0.0421114165982845,0,False
519290,0.03710698970576769,2,0.01714057353216686,24,0.05991298306509417,51,Information,Web Search Portals and All Other Information Services,Information,"Web Search Portals, Libraries, Archives, and Other Information Services","Web Search Portals, Libraries, Archives, and Other Information Services",Web Search Portals and All Other Information Services,0.0545103429106721,4.0,0.0733741455150911,2,False
236116,0.03677484439534348,2,0.018935695272555675,24,0.059376700911343956,23,Construction,New Multifamily Housing Construction (except For-Sale Builders),Construction,Construction of Buildings,Residential Building Construction,Residential Building Construction,0.1114255883101301,4.0,0.0572633789747804,2,False
512230,0.03661438584670718,4,0.0189457746769623,23,0.05911762437661762,51,Information,Music Publishers,Information,Motion Picture and Sound Recording Industries,Sound Recording Industries,Music Publishers,0.1143061729547587,4.0,0.0287522719465505,0,False
311351,0.03653856595580639,4,0.015188198622581577,23,0.05899520550417455,31,Manufacturing - food/textiles,Chocolate and Confectionery Manufacturing from Cacao Beans,Manufacturing,Food Manufacturing,Sugar and Confectionery Product Manufacturing,Chocolate and Confectionery Manufacturing,0.023152649073872,3.0,0.0417295496840438,3,False
444120,0.036435888546861306,2,0.01770094048788024,24,0.05882942245596522,44,Retail trade - general,Paint and Wallpaper Retailers,Retail Trade,Building Material and Garden Equipment and Supplies Dealers,Building Material and Supplies Dealers,Paint and Wallpaper Retailers,0.0745356333564755,3.0,0.0291322588988572,1,False
541820,0.03632469893019061,2,0.014668536736168759,24,0.05864989558856292,54,Professional & technical services,Public Relations Agencies,"Professional, Scientific, and Technical Services","Professional, Scientific, and Technical Services","Advertising, Public Relations, and Related Services",Public Relations Agencies,0.1672600075378417,4.0,0.0514479091880797,2,False
541350,0.036216010994258314,2,0.01745985538364985,24,0.058474407937408095,54,Professional & technical services,Building Inspection Services,"Professional, Scientific, and Technical Services","Professional, Scientific, and Technical Services","Architectural, Engineering, and Related Services",Building Inspection Services,0.1722585413388007,4.0,0.0712558107715241,2,False
561720,0.03616324024949537,2,0.015126077578625725,24,0.058389204239603865,56,Administrative & waste services,Janitorial Services,Administrative and Support and Waste Management and Remediation Services,Administrative and Support Services,Services to Buildings and Dwellings,Janitorial Services,0.0660487846791694,3.0,0.0274981703129632,1,False
624190,0.036151805713556105,3,0.022645917804479086,24,0.05837074202632495,62,Health care & social assistance,Other Individual and Family Services,Health Care and Social Assistance,Social Assistance,Individual and Family Services,Other Individual and Family Services,0.0964906893732407,3.0,0.0263429875083065,0,False
423390,0.03581852872935279,2,0.021431923076076092,24,0.05783263267094776,42,Wholesale trade,Other Construction Material Merchant Wholesalers,Wholesale Trade,"Merchant Wholesalers, Durable Goods",Lumber and Other Construction Materials Merchant Wholesalers,Other Construction Material Merchant Wholesalers,0.050063934606761,3.0,0.0515228884623748,1,False
322299,0.035712793557742345,2,0.01887842835394416,24,0.057661912556049924,32,Manufacturing - paper/chemicals,All Other Converted Paper Product Manufacturing,Manufacturing,Paper Manufacturing,Converted Paper Product Manufacturing,Other Converted Paper Product Manufacturing,0.0526778532355751,4.0,0.0413470990953138,2,False
321912,0.03564071295014698,2,0.01718513326705834,24,0.0575455311342093,32,Manufacturing - paper/chemicals,"Cut Stock, Resawing Lumber, and Planing",Manufacturing,Wood Product Manufacturing,Other Wood Product Manufacturing,Millwork,0.055289846597034,3.0,0.0480481083906763,1,False
561439,0.03538855333810046,4,0.0168003077347461,23,0.05713839396986272,56,Administrative & waste services,Other Business Service Centers (including Copy Shops),Administrative and Support and Waste Management and Remediation Services,Administrative and Support Services,Business Support Services,Business Service Centers,0.0452226366006166,4.0,0.0276630915726824,0,False
311213,0.03520316538813759,2,0.020811179433367025,24,0.056839066398570365,31,Manufacturing - food/textiles,Malt Manufacturing,Manufacturing,Food Manufacturing,Grain and Oilseed Milling,Flour Milling and Malt Manufacturing,0.0678200066955584,3.0,0.0810320027708048,1,False
531311,0.035146600224461325,2,0.017789888988681293,24,0.0567477362281555,53,Real estate,Residential Property Managers,Real Estate and Rental and Leasing,Real Estate,Activities Related to Real Estate,Real Estate Property Managers,0.0856395697527634,3.0,0.0650936081831108,1,False
624210,0.03482119628242453,3,0.012768184344333508,24,0.056222338694613856,62,Health care & social assistance,Community Food Services,Health Care and Social Assistance,Social Assistance,"Community Food and Housing, and Emergency and Other Relief Services",Community Food Services,0.1003313810083744,3.0,0.0636410688768731,0,False
486990,0.034713706670974925,2,0.017315455354237487,24,0.05604878585937935,48,Transportation,All Other Pipeline Transportation,Transportation and Warehousing,Pipeline Transportation,Other Pipeline Transportation,All Other Pipeline Transportation,0.0951946960036033,4.0,0.0729055622823049,2,False
541620,0.03466629923568267,2,0.01817450335827016,24,0.05597224176646462,54,Professional & technical services,Environmental Consulting Services,"Professional, Scientific, and Technical Services","Professional, Scientific, and Technical Services","Management, Scientific, and Technical Consulting Services",Environmental Consulting Services,0.0852586596450356,4.0,0.050527625325924,2,False
112112,0.03464992975907786,4,0.013083769139111192,23,0.05594581159300174,11,"Agriculture, forestry, fishing",Cattle Feedlots,"Agriculture, Forestry, Fishing and Hunting",Animal Production and Aquaculture,Cattle Ranching and Farming,"Beef Cattle Ranching and Farming, including Feedlots",0.0853101013142064,4.0,0.0183318133490353,0,False
562219,0.03447819112676044,2,0.01768337201914371,24,0.05566852222376852,56,Administrative & waste services,Other Nonhazardous Waste Treatment and Disposal,Administrative and Support and Waste Management and Remediation Services,Waste Management and Remediation Services,Waste Treatment and Disposal,Waste Treatment and Disposal,0.0459581551781831,3.0,0.0250913385115994,1,False
339910,0.0344337226756277,4,0.016658716902749036,23,0.05559672341764675,33,Manufacturing - metals/machinery,Jewelry and Silverware Manufacturing,Manufacturing,Miscellaneous Manufacturing,Other Miscellaneous Manufacturing,Jewelry and Silverware Manufacturing,0.0251889490733198,4.0,0.0340026849055567,0,False
212390,0.034221735173305914,2,0.021517689219808206,24,0.055254448182244335,21,"Mining, quarrying, oil & gas",Other Nonmetallic Mineral Mining and Quarrying,"Mining, Quarrying, and Oil and Gas Extraction",Mining (except Oil and Gas),Nonmetallic Mineral Mining and Quarrying,Other Nonmetallic Mineral Mining and Quarrying,0.0301164843148306,3.0,0.0404043229292251,1,False
456110,0.0341483754574904,4,0.01488611680768804,23,0.05513600151097928,45,Retail trade - specialty,Pharmacies and Drug Retailers,Retail Trade,Health and Personal Care Retailers,Health and Personal Care Retailers,Pharmacies and Drug Retailers,0.0482077960645353,3.0,0.0192841277464749,3,False
333992,0.03394877489944628,2,0.022653556083345752,24,0.0548137262483211,33,Manufacturing - metals/machinery,Welding and Soldering Equipment Manufacturing,Manufacturing,Machinery Manufacturing,Other General Purpose Machinery Manufacturing,All Other General Purpose Machinery Manufacturing,0.048111773563726,3.0,0.0422377604868988,1,False
112120,0.03393901471410551,2,0.01718644939627414,24,0.054797967443209965,11,"Agriculture, forestry, fishing",Dairy Cattle and Milk Production,"Agriculture, Forestry, Fishing and Hunting",Animal Production and Aquaculture,Cattle Ranching and Farming,Dairy Cattle and Milk Production,0.1327662383046613,4.0,0.0530752930131757,2,False
311224,0.03389984887786967,4,0.01225858583862585,23,0.05473473024445753,31,Manufacturing - food/textiles,Soybean and Other Oilseed Processing,Manufacturing,Food Manufacturing,Grain and Oilseed Milling,Starch and Vegetable Fats and Oils Manufacturing,0.0525895271121073,4.0,0.0370681722332495,0,False
441330,0.033598048238139305,2,0.016687973052982145,24,0.054247442626664345,44,Retail trade - general,Automotive Parts and Accessories Retailers,Retail Trade,Motor Vehicle and Parts Dealers,"Automotive Parts, Accessories, and Tire Retailers",Automotive Parts and Accessories Retailers,0.0580519697359793,3.0,0.0189839081522855,1,False
238290,0.033548151190478805,2,0.012463393378986809,24,0.054166878803104786,23,Construction,Other Building Equipment Contractors,Construction,Specialty Trade Contractors,Building Equipment Contractors,Other Building Equipment Contractors,0.0577486273964107,4.0,0.0262589814428549,2,False
311612,0.033519959695730184,4,0.011315135049518522,23,0.0541213607872041,31,Manufacturing - food/textiles,Meat Processed from Carcasses,Manufacturing,Food Manufacturing,Animal Slaughtering and Processing,Animal Slaughtering and Processing,0.0251245090193134,3.0,0.0261608691649596,3,False
561330,0.033481140416487365,2,0.012637893433970177,24,0.054058683139722695,56,Administrative & waste services,Professional Employer Organizations,Administrative and Support and Waste Management and Remediation Services,Administrative and Support Services,Employment Services,Professional Employer Organizations,0.2351027276240302,4.0,0.0793532380233652,2,False
339930,0.033412289867646515,4,0.01681115149588005,23,0.05394751697401017,33,Manufacturing - metals/machinery,"Doll, Toy, and Game Manufacturing",Manufacturing,Miscellaneous Manufacturing,Other Miscellaneous Manufacturing,"Doll, Toy, and Game Manufacturing",0.032338479498876,4.0,0.030766991756304,0,False
311611,0.033265044866369706,4,0.013825929972987651,23,0.05370977504619903,31,Manufacturing - food/textiles,Animal (except Poultry) Slaughtering,Manufacturing,Food Manufacturing,Animal Slaughtering and Processing,Animal Slaughtering and Processing,0.0296692064377093,4.0,0.0241770458728164,0,False
562111,0.033203908945047655,2,0.016200961559866906,24,0.053611064925871824,56,Administrative & waste services,Solid Waste Collection,Administrative and Support and Waste Management and Remediation Services,Waste Management and Remediation Services,Waste Collection,Waste Collection,0.0496857758920713,3.0,0.0453709583454927,1,False
441110,0.033176088782397764,3,0.01746358213354372,24,0.05356614646315287,44,Retail trade - general,New Car Dealers,Retail Trade,Motor Vehicle and Parts Dealers,Automobile Dealers,New Car Dealers,0.0380062700938266,3.0,0.0287391247079923,0,False
926110,0.03306492825372916,2,0.01652677975602476,24,0.05338666656126814,92,Public administration,Administration of General Economic Programs,Public Administration,Administration of Economic Programs,Administration of Economic Programs,Administration of General Economic Programs,0.0634770186835274,3.0,0.028331417558064,1,False
456130,0.0330345941518544,4,0.010871038084888028,23,0.05333768908973708,45,Retail trade - specialty,Optical Goods Retailers,Retail Trade,Health and Personal Care Retailers,Health and Personal Care Retailers,Optical Goods Retailers,0.043855945509736,3.0,0.0093642978607441,3,False
512110,0.03303095714238577,4,0.021046623500501502,23,0.05333181677057486,51,Information,Motion Picture and Video Production,Information,Motion Picture and Sound Recording Industries,Motion Picture and Video Industries,Motion Picture and Video Production,0.2201056370813594,4.0,0.069028747579407,0,False
531320,0.03301658301140996,4,0.016653361943160954,23,0.053308608284180305,53,Real estate,Offices of Real Estate Appraisers,Real Estate and Rental and Leasing,Real Estate,Activities Related to Real Estate,Offices of Real Estate Appraisers,0.1523540589847581,4.0,0.060089255942363,0,False
922150,0.03298104960941326,4,0.016967258269340993,23,0.05325123601741994,92,Public administration,Parole Offices and Probation Offices,Public Administration,"Justice, Public Order, and Safety Activities","Justice, Public Order, and Safety Activities",Parole Offices and Probation Offices,0.0500230016827076,4.0,0.0240310136723726,0,False
812320,0.03296268463547476,2,0.016048157587524207,24,0.05322158391194621,81,Other services,Drycleaning and Laundry Services (except Coin-Operated),Other Services (except Public Administration),Personal and Laundry Services,Drycleaning and Laundry Services,Drycleaning and Laundry Services (except Coin-Operated),0.0597292061662027,3.0,0.0532869352710072,1,False
221113,0.032910616681872465,1,0.02088764116211256,23,0.053137514941459935,22,Utilities,Nuclear Electric Power Generation,Utilities,Utilities,"Electric Power Generation, Transmission and Distribution",Electric Power Generation,0.0759733027118356,1.0,0.0215107866521906,0,False
561990,0.032834082692239114,2,0.01237296787035357,24,0.05301394308448189,56,Administrative & waste services,All Other Support Services,Administrative and Support and Waste Management and Remediation Services,Administrative and Support Services,Other Support Services,All Other Support Services,0.048725359115318,3.0,0.0529253738628382,1,False
611410,0.03282068445508497,3,0.02199149392433625,24,0.052992310277237664,61,Educational services,Business and Secretarial Schools,Educational Services,Educational Services,Business Schools and Computer and Management Training,Business and Secretarial Schools,0.0892892728725388,4.0,0.0547433242436098,1,False
424340,0.03266292023484994,4,0.014007220008400495,23,0.052737584007869875,42,Wholesale trade,Footwear Merchant Wholesalers,Wholesale Trade,"Merchant Wholesalers, Nondurable Goods","Apparel, Piece Goods, and Notions Merchant Wholesalers",Footwear Merchant Wholesalers,0.0340338180549778,3.0,0.0304609662339272,3,False
482111,0.032652971818987256,1,0.014017133671045038,23,0.05272152128556791,48,Transportation,Line-Haul Railroads,Transportation and Warehousing,Rail Transportation,Rail Transportation,Rail Transportation,0.089610901245545,1.0,0.18768096635458,0,False
541720,0.032604503357363604,3,0.016134192004771616,24,0.052643264058466636,54,Professional & technical services,Research and Development in the Social Sciences and Humanities,"Professional, Scientific, and Technical Services","Professional, Scientific, and Technical Services",Scientific Research and Development Services,Research and Development in the Social Sciences and Humanities,0.1204539116220829,3.0,0.0429415470413453,0,False
336411,0.0324163962301546,3,0.0167163895147481,24,0.0523395461008457,33,Manufacturing - metals/machinery,Aircraft Manufacturing,Manufacturing,Transportation Equipment Manufacturing,Aerospace Product and Parts Manufacturing,Aerospace Product and Parts Manufacturing,0.0783892285541273,3.0,0.0100755087483895,0,False
621340,0.03239228532239968,3,0.02289756346235329,24,0.052300616604827335,62,Health care & social assistance,"Offices of Physical, Occupational and Speech Therapists, and Audiologists",Health Care and Social Assistance,Ambulatory Health Care Services,Offices of Other Health Practitioners,"Offices of Physical, Occupational and Speech Therapists, and Audiologists",0.067284634383513,3.0,0.0572647128866593,0,False
523210,0.03215999280182004,2,0.0227861613142135,24,0.05192555686643328,52,Finance & insurance,Securities and Commodity Exchanges,Finance and Insurance,"Securities, Commodity Contracts, and Other Financial Investments and Related Activities",Securities and Commodity Exchanges,Securities and Commodity Exchanges,0.0883480791555069,3.0,0.0646490491694149,1,False
623312,0.03187399156550495,3,0.015061623492639148,24,0.05146377898135524,62,Health care & social assistance,Assisted Living Facilities for the Elderly,Health Care and Social Assistance,Nursing and Residential Care Facilities,Continuing Care Retirement Communities and Assisted Living Facilities for the Elderly,Continuing Care Retirement Communities and Assisted Living Facilities for the Elderly,0.0595545684603791,3.0,0.0369176036701445,0,False
813212,0.031835012555367255,3,0.020674706386897498,24,0.0514008434322096,81,Other services,Voluntary Health Organizations,Other Services (except Public Administration),"Religious, Grantmaking, Civic, Professional, and Similar Organizations",Grantmaking and Giving Services,Grantmaking and Giving Services,0.0882236563262634,3.0,0.0147892622104022,0,False
512250,0.0317292688005482,4,0.009776106899271622,23,0.051230109458854485,51,Information,Record Production and Distribution,Information,Motion Picture and Sound Recording Industries,Sound Recording Industries,Record Production and Distribution,0.1388358087337353,4.0,0.0538906423816038,0,False
488111,0.03172124126802288,3,0.0220475187701648,24,0.05121714819672953,48,Transportation,Air Traffic Control,Transportation and Warehousing,Support Activities for Transportation,Support Activities for Air Transportation,Airport Operations,0.02694886876921,2.0,0.0124076729971021,3,False
811310,0.031710703310886296,2,0.018898827451786043,24,0.05120013360049117,81,Other services,Commercial and Industrial Machinery and Equipment (except Automotive and Electronic) Repair and Maintenance,Other Services (except Public Administration),Repair and Maintenance,Commercial and Industrial Machinery and Equipment (except Automotive and Electronic) Repair and Maintenance,Commercial and Industrial Machinery and Equipment (except Automotive and Electronic) Repair and Maintenance,0.1200434273408451,2.0,0.0330562988143813,0,False
541380,0.03152369833553417,2,0.014023197804764952,24,0.050898195178371776,54,Professional & technical services,Testing Laboratories and Services,"Professional, Scientific, and Technical Services","Professional, Scientific, and Technical Services","Architectural, Engineering, and Related Services",Testing Laboratories and Services,0.0671335335193453,4.0,0.0380396987127207,2,False
238150,0.031180370083256796,3,0.015843252616080293,24,0.050343857035408224,23,Construction,Glass and Glazing Contractors,Construction,Specialty Trade Contractors,"Foundation, Structure, and Building Exterior Contractors",Glass and Glazing Contractors,0.0445967545712165,3.0,0.0414178500611328,0,False
314999,0.031172383315433386,2,0.011646458446280539,24,0.05033096159201217,31,Manufacturing - food/textiles,All Other Miscellaneous Textile Product Mills,Manufacturing,Textile Product Mills,Other Textile Product Mills,All Other Textile Product Mills,0.051437488852436,4.0,0.0406581619326766,2,False
212115,0.031168918674607506,4,0.018461498458253085,23,0.050325367579434656,21,"Mining, quarrying, oil & gas",Underground Coal Mining,"Mining, Quarrying, and Oil and Gas Extraction",Mining (except Oil and Gas),Coal Mining,Coal Mining,0.0428519422536811,4.0,0.0315548109300831,0,False
336999,0.031101268773815874,2,0.019390877848463616,24,0.05021613998127532,33,Manufacturing - metals/machinery,All Other Transportation Equipment Manufacturing,Manufacturing,Transportation Equipment Manufacturing,Other Transportation Equipment Manufacturing,Other Transportation Equipment Manufacturing,0.0398583613686854,4.0,0.0482809859729551,2,False
484122,0.030986520650430574,3,0.010401768885843694,24,0.050030867545336755,48,Transportation,"General Freight Trucking, Long-Distance, Less Than Truckload",Transportation and Warehousing,Truck Transportation,General Freight Trucking,"General Freight Trucking, Long-Distance",0.0359063240769335,4.0,0.0324125460488688,1,False
481212,0.030897382834250642,4,0.012974701543839496,23,0.049886945537283976,48,Transportation,Nonscheduled Chartered Freight Air Transportation,Transportation and Warehousing,Air Transportation,Nonscheduled Air Transportation,Nonscheduled Air Transportation,0.0665769244211311,4.0,0.0281037664249344,0,False
321920,0.03080323373400977,2,0.014169875494163986,24,0.049734932304923915,32,Manufacturing - paper/chemicals,Wood Container and Pallet Manufacturing,Manufacturing,Wood Product Manufacturing,Other Wood Product Manufacturing,Wood Container and Pallet Manufacturing,0.060414461950102,3.0,0.028888819096391,1,False
485111,0.030652839206552547,3,0.022630772041953105,24,0.04949210514896018,48,Transportation,Mixed Mode Transit Systems,Transportation and Warehousing,Transit and Ground Passenger Transportation,Urban Transit Systems,Urban Transit Systems,0.1040712199411316,1.0,0.0458824650529789,2,False
337920,0.030546711820494413,3,0.01589029593859236,24,0.04932075176421888,33,Manufacturing - metals/machinery,Blind and Shade Manufacturing,Manufacturing,Furniture and Related Product Manufacturing,Other Furniture Related Product Manufacturing,Blind and Shade Manufacturing,0.0295866405129409,3.0,0.0741598258967694,0,False
238310,0.03048537516119476,3,0.015711669150377968,24,0.049221717532150246,23,Construction,Drywall and Insulation Contractors,Construction,Specialty Trade Contractors,Building Finishing Contractors,Drywall and Insulation Contractors,0.1184932798398361,4.0,0.0780561471047529,1,False
336212,0.030394111720155575,3,0.01069892820287782,24,0.04907436348805237,33,Manufacturing - metals/machinery,Truck Trailer Manufacturing,Manufacturing,Transportation Equipment Manufacturing,Motor Vehicle Body and Trailer Manufacturing,Motor Vehicle Body and Trailer Manufacturing,0.0541246870346257,3.0,0.0255506294939227,0,False
336340,0.030274436156873925,4,0.013482577019808177,23,0.04888113520267937,33,Manufacturing - metals/machinery,Motor Vehicle Brake System Manufacturing,Manufacturing,Transportation Equipment Manufacturing,Motor Vehicle Parts Manufacturing,Motor Vehicle Brake System Manufacturing,0.0591752288486561,4.0,0.0778033242719132,0,False
311513,0.030166661433379635,2,0.011412964265553239,24,0.04870712202524949,31,Manufacturing - food/textiles,Cheese Manufacturing,Manufacturing,Food Manufacturing,Dairy Product Manufacturing,Dairy Product (except Frozen) Manufacturing,0.0426916164274196,3.0,0.0336260107188057,1,False
424470,0.03008353010782637,4,0.011142387570942961,23,0.0485728981030304,42,Wholesale trade,Meat and Meat Product Merchant Wholesalers,Wholesale Trade,"Merchant Wholesalers, Nondurable Goods",Grocery and Related Product Merchant Wholesalers,Meat and Meat Product Merchant Wholesalers,0.0308978837475794,4.0,0.0204848001402191,0,False
922130,0.030030363481490876,4,0.013510533133775617,23,0.048487055214439204,92,Public administration,Legal Counsel and Prosecution,Public Administration,"Justice, Public Order, and Safety Activities","Justice, Public Order, and Safety Activities",Legal Counsel and Prosecution,0.0494109540288583,4.0,0.0156657390431994,0,False
488410,0.029950203608879615,3,0.019584992364577083,24,0.04835762900314209,48,Transportation,Motor Vehicle Towing,Transportation and Warehousing,Support Activities for Transportation,Support Activities for Road Transportation,Motor Vehicle Towing,0.0340574529854581,4.0,0.029691197644968,1,False
321999,0.02989125058291519,2,0.017485421702274396,24,0.0482624433878645,32,Manufacturing - paper/chemicals,All Other Miscellaneous Wood Product Manufacturing,Manufacturing,Wood Product Manufacturing,Other Wood Product Manufacturing,All Other Wood Product Manufacturing,0.0463665568916547,3.0,0.044097957810205,1,False
488490,0.029731094835355517,2,0.012125722169596224,24,0.04800385575606238,48,Transportation,Other Support Activities for Road Transportation,Transportation and Warehousing,Support Activities for Transportation,Support Activities for Road Transportation,Other Support Activities for Road Transportation,0.0517547075304379,3.0,0.0505467828407592,1,False
811114,0.029616927718984283,3,0.0115681844121868,24,0.04781952141463567,81,Other services,Specialized Automotive Repair,Other Services (except Public Administration),Repair and Maintenance,Automotive Repair and Maintenance,Automotive Mechanical and Electrical Repair and Maintenance,0.0412631779172279,3.0,0.0641547139025731,0,False
623990,0.029595955254682227,3,0.0131031846688705,24,0.0477856592525868,62,Health care & social assistance,Other Residential Care Facilities,Health Care and Social Assistance,Nursing and Residential Care Facilities,Other Residential Care Facilities,Other Residential Care Facilities,0.0709229600440072,3.0,0.0187869265830684,0,False
532120,0.02958276752263151,2,0.016332995148138584,24,0.04776436632709523,53,Real estate,"Truck, Utility Trailer, and RV (Recreational Vehicle) Rental and Leasing",Real Estate and Rental and Leasing,Rental and Leasing Services,Automotive Equipment Rental and Leasing,"Truck, Utility Trailer, and RV (Recreational Vehicle) Rental and Leasing",0.0448727344481985,3.0,0.0387631482968853,1,False
621320,0.029385717268203257,3,0.01697633888084784,24,0.04744620878723159,62,Health care & social assistance,Offices of Optometrists,Health Care and Social Assistance,Ambulatory Health Care Services,Offices of Other Health Practitioners,Offices of Optometrists,0.0491623932783074,3.0,0.0269060552455317,0,False
541614,0.02930391414267789,4,0.012780839865033557,23,0.04731412937811932,54,Professional & technical services,"Process, Physical Distribution, and Logistics Consulting Services","Professional, Scientific, and Technical Services","Professional, Scientific, and Technical Services","Management, Scientific, and Technical Consulting Services",Management Consulting Services,0.0786415814644555,4.0,0.0604209114554456,0,False
321219,0.029297394617317167,2,0.016523241133009323,24,0.047303602945885745,32,Manufacturing - paper/chemicals,Reconstituted Wood Product Manufacturing,Manufacturing,Wood Product Manufacturing,"Veneer, Plywood, and Engineered Wood Product Manufacturing","Veneer, Plywood, and Engineered Wood Product Manufacturing",0.0286173805337085,3.0,0.0416972778180024,1,False
212230,0.02919807695225322,2,0.015162027000626604,24,0.04714324454354097,21,"Mining, quarrying, oil & gas","Copper, Nickel, Lead, and Zinc Mining","Mining, Quarrying, and Oil and Gas Extraction",Mining (except Oil and Gas),Metal Ore Mining,"Copper, Nickel, Lead, and Zinc Mining",0.0136042302991649,1.0,0.0187783775044571,3,False
541990,0.02904964471448132,4,0.012173692807481842,23,0.04690358570248549,54,Professional & technical services,"All Other Professional, Scientific, and Technical Services","Professional, Scientific, and Technical Services","Professional, Scientific, and Technical Services","Other Professional, Scientific, and Technical Services","All Other Professional, Scientific, and Technical Services",0.1351866978551594,4.0,0.1047374767280314,0,False
336419,0.028915011106693242,1,0.01741474885564003,23,0.04668620614334152,33,Manufacturing - metals/machinery,Other Guided Missile and Space Vehicle Parts and Auxiliary Equipment Manufacturing,Manufacturing,Transportation Equipment Manufacturing,Aerospace Product and Parts Manufacturing,Aerospace Product and Parts Manufacturing,0.0312219498158995,3.0,0.0315854597158797,2,False
483211,0.02887925140364668,2,0.014181647795100392,24,0.046628468490677435,48,Transportation,Inland Water Freight Transportation,Transportation and Warehousing,Water Transportation,Inland Water Transportation,Inland Water Transportation,0.0499063902219042,4.0,0.0292080927226462,2,False
541330,0.02885993565342673,2,0.015231749617800055,24,0.04659728126085917,54,Professional & technical services,Engineering Services,"Professional, Scientific, and Technical Services","Professional, Scientific, and Technical Services","Architectural, Engineering, and Related Services",Engineering Services,0.0516226652733558,4.0,0.0401021519123781,2,False
337214,0.028792381415854593,2,0.013619376812602876,24,0.046488208120630675,33,Manufacturing - metals/machinery,Office Furniture (except Wood) Manufacturing,Manufacturing,Furniture and Related Product Manufacturing,Office Furniture (including Fixtures) Manufacturing,Office Furniture (including Fixtures) Manufacturing,0.0256604187173686,2.0,0.0853987909201068,0,False
485210,0.028524079887054063,3,0.011147020006414814,24,0.046055008201186215,48,Transportation,Interurban and Rural Bus Transportation,Transportation and Warehousing,Transit and Ground Passenger Transportation,Interurban and Rural Bus Transportation,Interurban and Rural Bus Transportation,0.0283807550617622,4.0,0.0245743054062948,1,False
541110,0.02848832697746203,2,0.01575614396138641,24,0.04599728151724067,54,Professional & technical services,Offices of Lawyers,"Professional, Scientific, and Technical Services","Professional, Scientific, and Technical Services",Legal Services,Offices of Lawyers,0.0597633851646254,3.0,0.0416233428933755,1,False
812332,0.028460611317018512,3,0.01184153495487649,24,0.0459525317838897,81,Other services,Industrial Launderers,Other Services (except Public Administration),Personal and Laundry Services,Drycleaning and Laundry Services,Linen and Uniform Supply,0.0378354636485702,3.0,0.0106321669970289,0,False
321113,0.02844997976963149,3,0.012296946745120071,24,0.045935366076738426,32,Manufacturing - paper/chemicals,Sawmills,Manufacturing,Wood Product Manufacturing,Sawmills and Wood Preservation,Sawmills and Wood Preservation,0.0409649620425248,3.0,0.0372670765394069,0,False
112210,0.028423311537737653,2,0.011074940560190372,24,0.0458923075225819,11,"Agriculture, forestry, fishing",Hog and Pig Farming,"Agriculture, Forestry, Fishing and Hunting",Animal Production and Aquaculture,Hog and Pig Farming,Hog and Pig Farming,0.0747177503283179,4.0,0.0388900078163438,2,False
541310,0.028389362863292397,2,0.017063787142580392,24,0.045837493958527015,54,Professional & technical services,Architectural Services,"Professional, Scientific, and Technical Services","Professional, Scientific, and Technical Services","Architectural, Engineering, and Related Services",Architectural Services,0.050785586619699,3.0,0.0442210745872261,1,False
327410,0.02835408911586395,2,0.017053183823259963,24,0.04578054093029486,32,Manufacturing - paper/chemicals,Lime Manufacturing,Manufacturing,Nonmetallic Mineral Product Manufacturing,Lime and Gypsum Product Manufacturing,Lime Manufacturing,0.0249301480628538,3.0,0.0273677991893374,1,False
316110,0.028270282235695166,4,0.015630352503989326,23,0.045645226256911094,31,Manufacturing - food/textiles,Leather and Hide Tanning and Finishing,Manufacturing,Leather and Allied Product Manufacturing,Leather and Hide Tanning and Finishing,Leather and Hide Tanning and Finishing,0.0159165391807242,4.0,0.0588595947355292,0,False
813910,0.028177315570189543,3,0.0124652581897937,24,0.045495122184869084,81,Other services,Business Associations,Other Services (except Public Administration),"Religious, Grantmaking, Civic, Professional, and Similar Organizations","Business, Professional, Labor, Political, and Similar Organizations",Business Associations,0.0688254312448489,3.0,0.0397874524513,0,False
441120,0.028123656034579114,1,0.011601071718184171,23,0.04540848344446464,44,Retail trade - general,Used Car Dealers,Retail Trade,Motor Vehicle and Parts Dealers,Automobile Dealers,Used Car Dealers,0.0682862025937985,4.0,0.0383964714316677,3,False
423130,0.028093636804353825,3,0.016838322008938224,24,0.04536001436501691,42,Wholesale trade,Tire and Tube Merchant Wholesalers,Wholesale Trade,"Merchant Wholesalers, Durable Goods",Motor Vehicle and Motor Vehicle Parts and Supplies Merchant Wholesalers,Tire and Tube Merchant Wholesalers,0.0435914660966658,3.0,0.034656093693513,0,False
624229,0.02804451372187141,3,0.018569240303307432,24,0.045280700186415765,62,Health care & social assistance,Other Community Housing Services,Health Care and Social Assistance,Social Assistance,"Community Food and Housing, and Emergency and Other Relief Services",Community Housing Services,0.0832468920644081,3.0,0.0479097455492379,0,False
623311,0.027979509765987128,3,0.012318070776720572,24,0.045175744733576814,62,Health care & social assistance,Continuing Care Retirement Communities,Health Care and Social Assistance,Nursing and Residential Care Facilities,Continuing Care Retirement Communities and Assisted Living Facilities for the Elderly,Continuing Care Retirement Communities and Assisted Living Facilities for the Elderly,0.048339602627665,3.0,0.032079900718562,0,False
721120,0.027929097663305473,2,0.014539306221721287,24,0.04509434930165978,72,Accommodation & food services,Casino Hotels,Accommodation and Food Services,Accommodation,Traveler Accommodation,Casino Hotels,0.0366632606159546,3.0,0.0220959891427,1,False
531390,0.02789425463286405,4,0.01309709426808979,23,0.045038091709509995,53,Real estate,Other Activities Related to Real Estate,Real Estate and Rental and Leasing,Real Estate,Activities Related to Real Estate,Other Activities Related to Real Estate,0.1293382135163941,4.0,0.0649051821830259,0,False
331314,0.02785566405721688,3,0.013282289210935572,24,0.04497578332708516,33,Manufacturing - metals/machinery,Secondary Smelting and Alloying of Aluminum,Manufacturing,Primary Metal Manufacturing,Alumina and Aluminum Production and Processing,Alumina and Aluminum Production and Processing,0.039173753263083,3.0,0.0122368981992844,0,False
424490,0.0278367647560688,2,0.011764891950693267,24,0.044945268496359055,42,Wholesale trade,Other Grocery and Related Products Merchant Wholesalers,Wholesale Trade,"Merchant Wholesalers, Nondurable Goods",Grocery and Related Product Merchant Wholesalers,Other Grocery and Related Products Merchant Wholesalers,0.0388406868505673,3.0,0.0224456488590879,1,False
713210,0.02775608656819647,2,0.010099958928270454,24,0.0448150054127178,71,"Arts, entertainment & recreation",Casinos (except Casino Hotels),"Arts, Entertainment, and Recreation","Amusement, Gambling, and Recreation Industries",Gambling Industries,Casinos (except Casino Hotels),0.0430913762503607,2.0,0.0184536756038686,0,False
321918,0.02768025280182016,2,0.015155642724813604,24,0.04469256413691795,32,Manufacturing - paper/chemicals,Other Millwork (including Flooring),Manufacturing,Wood Product Manufacturing,Other Wood Product Manufacturing,Millwork,0.0482380470621906,3.0,0.0397635548900942,1,False
562920,0.027673622784674078,3,0.012991369803782777,24,0.04468185930453612,56,Administrative & waste services,Materials Recovery Facilities,Administrative and Support and Waste Management and Remediation Services,Waste Management and Remediation Services,Remediation and Other Waste Management Services,Materials Recovery Facilities,0.0480309370859342,3.0,0.0431888369220567,0,False
311211,0.027643588838110647,2,0.010432052517375478,24,0.04463336646407396,31,Manufacturing - food/textiles,Flour Milling,Manufacturing,Food Manufacturing,Grain and Oilseed Milling,Flour Milling and Malt Manufacturing,0.0445189139822632,3.0,0.0345597175501412,1,False
336120,0.027603941524766973,2,0.014534961387367198,24,0.044569351871896826,33,Manufacturing - metals/machinery,Heavy Duty Truck Manufacturing,Manufacturing,Transportation Equipment Manufacturing,Motor Vehicle Manufacturing,Heavy Duty Truck Manufacturing,0.0340696048893045,4.0,0.0300985912735537,2,False
424410,0.027534194817346314,3,0.012645526471093911,24,0.04445673876763603,42,Wholesale trade,General Line Grocery Merchant Wholesalers,Wholesale Trade,"Merchant Wholesalers, Nondurable Goods",Grocery and Related Product Merchant Wholesalers,General Line Grocery Merchant Wholesalers,0.038469588175482,3.0,0.0198270488826551,0,False
212313,0.027512971167757787,2,0.017456539168729465,24,0.04442247104156987,21,"Mining, quarrying, oil & gas",Crushed and Broken Granite Mining and Quarrying,"Mining, Quarrying, and Oil and Gas Extraction",Mining (except Oil and Gas),Nonmetallic Mineral Mining and Quarrying,Stone Mining and Quarrying,0.033688278347493,3.0,0.0393633786265834,1,False
325311,0.027497434435532327,1,0.012883163568213894,23,0.04439738541802315,32,Manufacturing - paper/chemicals,Nitrogenous Fertilizer Manufacturing,Manufacturing,Chemical Manufacturing,"Pesticide, Fertilizer, and Other Agricultural Chemical Manufacturing",Fertilizer and Compost Manufacturing,0.0196137407543736,3.0,0.0240969495011359,2,False
238340,0.027450749781284294,2,0.013758101495558154,24,0.04432200832811258,23,Construction,Tile and Terrazzo Contractors,Construction,Specialty Trade Contractors,Building Finishing Contractors,Tile and Terrazzo Contractors,0.1010202760414353,4.0,0.0679186053165868,2,False
337110,0.02744987062284584,2,0.01311387198266595,24,0.04432058883800971,33,Manufacturing - metals/machinery,Wood Kitchen Cabinet and Countertop Manufacturing,Manufacturing,Furniture and Related Product Manufacturing,Household and Institutional Furniture and Kitchen Cabinet Manufacturing,Wood Kitchen Cabinet and Countertop Manufacturing,0.0513186611939948,3.0,0.0330304160804121,1,False
611519,0.02739405527401427,3,0.009602001165765787,24,0.04423046931940057,61,Educational services,Other Technical and Trade Schools,Educational Services,Educational Services,Technical and Trade Schools,Technical and Trade Schools,0.1084042976710806,2.0,0.028388480289233,3,False
311615,0.02737918993999,3,0.009964358845383926,24,0.044206467736067755,31,Manufacturing - food/textiles,Poultry Processing,Manufacturing,Food Manufacturing,Animal Slaughtering and Processing,Animal Slaughtering and Processing,0.0309444662322989,3.0,0.030787553511267,0,False
332323,0.027368504187645727,2,0.012852929014271125,24,0.04418921450953774,33,Manufacturing - metals/machinery,Ornamental and Architectural Metal Work Manufacturing,Manufacturing,Fabricated Metal Product Manufacturing,Architectural and Structural Metals Manufacturing,Ornamental and Architectural Metal Products Manufacturing,0.0469103789192695,3.0,0.0255237613427571,1,False
424350,0.027348278244248115,4,0.009090110026477416,23,0.04415655768089534,42,Wholesale trade,Clothing and Clothing Accessories Merchant Wholesalers,Wholesale Trade,"Merchant Wholesalers, Nondurable Goods","Apparel, Piece Goods, and Notions Merchant Wholesalers",Clothing and Clothing Accessories Merchant Wholesalers,0.0500015913375464,4.0,0.013405117225622,0,False
424440,0.027269927886837093,3,0.012105953607697334,24,0.04403005311466854,42,Wholesale trade,Poultry and Poultry Product Merchant Wholesalers,Wholesale Trade,"Merchant Wholesalers, Nondurable Goods",Grocery and Related Product Merchant Wholesalers,Poultry and Poultry Product Merchant Wholesalers,0.0309394204192788,3.0,0.0082131297844783,0,False
332311,0.027228307100333485,2,0.014316166033768738,24,0.04396285215073373,33,Manufacturing - metals/machinery,Prefabricated Metal Building and Component Manufacturing,Manufacturing,Fabricated Metal Product Manufacturing,Architectural and Structural Metals Manufacturing,Plate Work and Fabricated Structural Product Manufacturing,0.0383892923335263,3.0,0.0211645145238625,1,False
423990,0.027190225240502873,4,0.010933687264271628,23,0.04390136514138023,42,Wholesale trade,Other Miscellaneous Durable Goods Merchant Wholesalers,Wholesale Trade,"Merchant Wholesalers, Durable Goods",Miscellaneous Durable Goods Merchant Wholesalers,Other Miscellaneous Durable Goods Merchant Wholesalers,0.0671819208218622,4.0,0.0438501309227502,0,False
621999,0.027030580445765263,4,0.014249593235939205,23,0.04364360249452078,62,Health care & social assistance,All Other Miscellaneous Ambulatory Health Care Services,Health Care and Social Assistance,Ambulatory Health Care Services,Other Ambulatory Health Care Services,All Other Ambulatory Health Care Services,0.0957543046735737,4.0,0.0764513872191791,0,False
481112,0.026949520734344645,4,0.010785857053583849,23,0.04351272340257305,48,Transportation,Scheduled Freight Air Transportation,Transportation and Warehousing,Air Transportation,Scheduled Air Transportation,Scheduled Air Transportation,0.0399844642890987,4.0,0.0225823292706982,0,False
311942,0.026793321870859456,3,0.014693676732011579,24,0.043260524559794906,31,Manufacturing - food/textiles,Spice and Extract Manufacturing,Manufacturing,Food Manufacturing,Other Food Manufacturing,Seasoning and Dressing Manufacturing,0.0437102312602623,4.0,0.0456769434585876,1,False
333414,0.026667344507408895,3,0.010396238502473227,24,0.043057121381502986,33,Manufacturing - metals/machinery,Heating Equipment (except Warm Air Furnaces) Manufacturing,Manufacturing,Machinery Manufacturing,"Ventilation, Heating, Air-Conditioning, and Commercial Refrigeration Equipment Manufacturing","Ventilation, Heating, Air-Conditioning, and Commercial Refrigeration Equipment Manufacturing",0.0192884517802193,4.0,0.0163240433209866,1,False
333415,0.02656767087355649,2,0.015369007083754417,24,0.042896188231592754,33,Manufacturing - metals/machinery,Air-Conditioning and Warm Air Heating Equipment and Commercial and Industrial Refrigeration Equipment Manufacturing,Manufacturing,Machinery Manufacturing,"Ventilation, Heating, Air-Conditioning, and Commercial Refrigeration Equipment Manufacturing","Ventilation, Heating, Air-Conditioning, and Commercial Refrigeration Equipment Manufacturing",0.0516633222103646,3.0,0.0416766000355323,1,False
212210,0.026461150245238325,2,0.009720730031327614,24,0.042724199917501156,21,"Mining, quarrying, oil & gas",Iron Ore Mining,"Mining, Quarrying, and Oil and Gas Extraction",Mining (except Oil and Gas),Metal Ore Mining,Iron Ore Mining,0.1167303370980941,3.0,0.0381810480592574,1,False
311920,0.026365836458848844,3,0.008795353542537269,24,0.04257030618170897,31,Manufacturing - food/textiles,Coffee and Tea Manufacturing,Manufacturing,Food Manufacturing,Other Food Manufacturing,Coffee and Tea Manufacturing,0.0339017791306794,3.0,0.0291460241719437,0,False
926120,0.026179276895685943,4,0.012163706409960888,23,0.042269086922560255,92,Public administration,Regulation and Administration of Transportation Programs,Public Administration,Administration of Economic Programs,Administration of Economic Programs,Regulation and Administration of Transportation Programs,0.0284368425832794,3.0,0.0208106012915914,3,False
812310,0.026148069334433817,3,0.012145607870177093,24,0.04221869916263612,81,Other services,Coin-Operated Laundries and Drycleaners,Other Services (except Public Administration),Personal and Laundry Services,Drycleaning and Laundry Services,Coin-Operated Laundries and Drycleaners,0.0698059919308105,4.0,0.0483703188828174,1,False
325312,0.02599553989612695,2,0.012188430557796079,24,0.04197242497745781,32,Manufacturing - paper/chemicals,Phosphatic Fertilizer Manufacturing,Manufacturing,Chemical Manufacturing,"Pesticide, Fertilizer, and Other Agricultural Chemical Manufacturing",Fertilizer and Compost Manufacturing,0.0611947150357371,3.0,0.0583897873390211,1,False
623110,0.025914747480767206,3,0.011381916803957705,24,0.04184197746199999,62,Health care & social assistance,Nursing Care Facilities (Skilled Nursing Facilities),Health Care and Social Assistance,Nursing and Residential Care Facilities,Nursing Care Facilities (Skilled Nursing Facilities),Nursing Care Facilities (Skilled Nursing Facilities),0.0422454868046539,3.0,0.0051991316286086,0,False
623220,0.025752752189795124,3,0.012209392026255298,24,0.04158041970154586,62,Health care & social assistance,Residential Mental Health and Substance Abuse Facilities,Health Care and Social Assistance,Nursing and Residential Care Facilities,"Residential Intellectual and Developmental Disability, Mental Health, and Substance Abuse Facilities",Residential Mental Health and Substance Abuse Facilities,0.0579222114400517,3.0,0.0229946776679192,0,False
611511,0.025733160092597414,3,0.017840475436484496,24,0.041548786281618136,61,Educational services,Cosmetology and Barber Schools,Educational Services,Educational Services,Technical and Trade Schools,Technical and Trade Schools,0.0246016023571187,3.0,0.0261832545275999,0,False
456191,0.025714925571932893,3,0.013143474038701669,24,0.041519344806132355,45,Retail trade - specialty,Food (Health) Supplement Retailers,Retail Trade,Health and Personal Care Retailers,Health and Personal Care Retailers,Other Health and Personal Care Retailers,0.0804990540266101,3.0,0.0096518710946948,0,False
321211,0.025693654493124364,3,0.012270328968137853,24,0.04148500050079967,32,Manufacturing - paper/chemicals,Hardwood Veneer and Plywood Manufacturing,Manufacturing,Wood Product Manufacturing,"Veneer, Plywood, and Engineered Wood Product Manufacturing","Veneer, Plywood, and Engineered Wood Product Manufacturing",0.0464331217213841,3.0,0.0512709349623675,0,False
324122,0.025655041651289047,2,0.008997304410789915,24,0.041422656167364964,32,Manufacturing - paper/chemicals,Asphalt Shingle and Coating Materials Manufacturing,Manufacturing,Petroleum and Coal Products Manufacturing,Petroleum and Coal Products Manufacturing,"Asphalt Paving, Roofing, and Saturated Materials Manufacturing",0.0170640727109969,3.0,0.0266607301087204,1,False
331318,0.025590719724213513,3,0.01120717426798065,24,0.041318801918929615,33,Manufacturing - metals/machinery,"Other Aluminum Rolling, Drawing, and Extruding",Manufacturing,Primary Metal Manufacturing,Alumina and Aluminum Production and Processing,Alumina and Aluminum Production and Processing,0.0329412133565046,3.0,0.039614941996958,0,False
488210,0.02557375704780316,3,0.014874893163991506,24,0.041291413964461454,48,Transportation,Support Activities for Rail Transportation,Transportation and Warehousing,Support Activities for Transportation,Support Activities for Rail Transportation,Support Activities for Rail Transportation,0.0287169433795002,3.0,0.0243831098358864,0,False
541715,0.02554762851648524,2,0.012909544897214244,24,0.04124922681140002,54,Professional & technical services,"Research and Development in the Physical, Engineering, and Life Sciences (except Nanotechnology and Biotechnology)","Professional, Scientific, and Technical Services","Professional, Scientific, and Technical Services",Scientific Research and Development Services,"Research and Development in the Physical, Engineering, and Life Sciences",0.0593198196261471,3.0,0.04116843156718,1,False
424820,0.025449422282051236,2,0.009412950041015366,24,0.041090662926073135,42,Wholesale trade,Wine and Distilled Alcoholic Beverage Merchant Wholesalers,Wholesale Trade,"Merchant Wholesalers, Nondurable Goods","Beer, Wine, and Distilled Alcoholic Beverage Merchant Wholesalers",Wine and Distilled Alcoholic Beverage Merchant Wholesalers,0.0190370488718065,3.0,0.0471333793120604,1,False
337126,0.02540247245636539,2,0.016585523588998553,24,0.041014857690091194,33,Manufacturing - metals/machinery,Household Furniture (except Wood and Upholstered) Manufacturing,Manufacturing,Furniture and Related Product Manufacturing,Household and Institutional Furniture and Kitchen Cabinet Manufacturing,Household and Institutional Furniture Manufacturing,0.0454698178641977,3.0,0.0845727465643131,1,False
551114,0.02535427084982575,4,0.009186903903416772,23,0.04093703132747814,55,Management of companies,"Corporate, Subsidiary, and Regional Managing Offices",Management of Companies and Enterprises,Management of Companies and Enterprises,Management of Companies and Enterprises,Management of Companies and Enterprises,0.0298351437123626,3.0,0.0132792437005584,3,False
481111,0.025218870057974824,2,0.011141533321502495,24,0.04071841307217128,48,Transportation,Scheduled Passenger Air Transportation,Transportation and Warehousing,Air Transportation,Scheduled Air Transportation,Scheduled Air Transportation,0.0253875555917177,2.0,0.0141981077072096,0,False
812111,0.025150441920960543,3,0.014111339816705417,24,0.040607928933020655,81,Other services,Barber Shops,Other Services (except Public Administration),Personal and Laundry Services,Personal Care Services,"Hair, Nail, and Skin Care Services",0.0328032994070121,4.0,0.0704290582890844,1,False
423940,0.025137373932931646,4,0.013854170172777711,23,0.04058682934634768,42,Wholesale trade,"Jewelry, Watch, Precious Stone, and Precious Metal Merchant Wholesalers",Wholesale Trade,"Merchant Wholesalers, Durable Goods",Miscellaneous Durable Goods Merchant Wholesalers,"Jewelry, Watch, Precious Stone, and Precious Metal Merchant Wholesalers",0.0446256263864483,4.0,0.0166487750563641,0,False
311824,0.025057505433583198,4,0.009995259570032871,23,0.040457873586615054,31,Manufacturing - food/textiles,"Dry Pasta, Dough, and Flour Mixes Manufacturing from Purchased Flour",Manufacturing,Food Manufacturing,Bakeries and Tortilla Manufacturing,"Cookie, Cracker, and Pasta Manufacturing",0.0275056140889518,3.0,0.0149469080741435,3,False
423490,0.0250336883636473,2,0.014940268598035692,24,0.040419418521436115,42,Wholesale trade,Other Professional Equipment and Supplies Merchant Wholesalers,Wholesale Trade,"Merchant Wholesalers, Durable Goods",Professional and Commercial Equipment and Supplies Merchant Wholesalers,Other Professional Equipment and Supplies Merchant Wholesalers,0.061756602426499,3.0,0.0475737219500059,1,False
111411,0.025033638813236822,4,0.013574435261198326,23,0.0404193385172933,11,"Agriculture, forestry, fishing",Mushroom Production,"Agriculture, Forestry, Fishing and Hunting",Crop Production,"Greenhouse, Nursery, and Floriculture Production",Food Crops Grown Under Cover,0.0346143657788051,4.0,0.0268750602359367,0,False
531130,0.02498706838797876,2,0.010854407751102585,24,0.04034414586162533,53,Real estate,Lessors of Miniwarehouses and Self-Storage Units,Real Estate and Rental and Leasing,Real Estate,Lessors of Real Estate,Lessors of Miniwarehouses and Self-Storage Units,0.0768300596683,4.0,0.039064273275386,2,False
811121,0.024930919097110184,3,0.012280229516234151,24,0.04025348715986588,81,Other services,"Automotive Body, Paint, and Interior Repair and Maintenance",Other Services (except Public Administration),Repair and Maintenance,Automotive Repair and Maintenance,"Automotive Body, Paint, Interior, and Glass Repair",0.0341916731679776,3.0,0.0234101290837089,0,False
481211,0.02490522981104924,2,0.015095525704023236,24,0.04021200921264009,48,Transportation,Nonscheduled Chartered Passenger Air Transportation,Transportation and Warehousing,Air Transportation,Nonscheduled Air Transportation,Nonscheduled Air Transportation,0.0673615985814573,4.0,0.0257565135697239,2,False
327215,0.0248538776568301,2,0.008613452039420851,24,0.04012909597256099,32,Manufacturing - paper/chemicals,Glass Product Manufacturing Made of Purchased Glass,Manufacturing,Nonmetallic Mineral Product Manufacturing,Glass and Glass Product Manufacturing,Glass and Glass Product Manufacturing,0.0396092590573295,3.0,0.0239647579474888,1,False
423930,0.024848283206427194,2,0.01166495989219033,24,0.04012006316728883,42,Wholesale trade,Recyclable Material Merchant Wholesalers,Wholesale Trade,"Merchant Wholesalers, Durable Goods",Miscellaneous Durable Goods Merchant Wholesalers,Recyclable Material Merchant Wholesalers,0.0392855390978154,3.0,0.0300745378088306,1,False
488390,0.024785006846449673,2,0.015423501008531765,24,0.04001789709254619,48,Transportation,Other Support Activities for Water Transportation,Transportation and Warehousing,Support Activities for Transportation,Support Activities for Water Transportation,Other Support Activities for Water Transportation,0.0343637470557365,3.0,0.036760791765432,1,False
811111,0.02476837383300999,3,0.011293368588569089,24,0.03999104141224351,81,Other services,General Automotive Repair,Other Services (except Public Administration),Repair and Maintenance,Automotive Repair and Maintenance,Automotive Mechanical and Electrical Repair and Maintenance,0.0420124850403529,4.0,0.0312114590814063,1,False
533110,0.024704276633587118,3,0.013983805546720898,24,0.03988755000930317,53,Real estate,Lessors of Nonfinancial Intangible Assets (except Copyrighted Works),Real Estate and Rental and Leasing,Lessors of Nonfinancial Intangible Assets (except Copyrighted Works),Lessors of Nonfinancial Intangible Assets (except Copyrighted Works),Lessors of Nonfinancial Intangible Assets (except Copyrighted Works),0.0793667151342263,4.0,0.0376610497968323,1,False
332439,0.02467626508663103,3,0.009956224484254254,24,0.039842322537290094,33,Manufacturing - metals/machinery,Other Metal Container Manufacturing,Manufacturing,Fabricated Metal Product Manufacturing,"Boiler, Tank, and Shipping Container Manufacturing","Metal Can, Box, and Other Metal Container (Light Gauge) Manufacturing",0.0396250879982917,3.0,0.0289620698208218,0,False
112320,0.024667728686591707,2,0.013993115679389748,24,0.03982853965716297,11,"Agriculture, forestry, fishing",Broilers and Other Meat Type Chicken Production,"Agriculture, Forestry, Fishing and Hunting",Animal Production and Aquaculture,Poultry and Egg Production,Broilers and Other Meat Type Chicken Production,0.050234301401522,3.0,0.050558815350266,1,False
327310,0.024632451483812365,2,0.016735041100498848,24,0.03977158104991777,32,Manufacturing - paper/chemicals,Cement Manufacturing,Manufacturing,Nonmetallic Mineral Product Manufacturing,Cement and Concrete Product Manufacturing,Cement Manufacturing,0.0406177671002577,3.0,0.039196673336654,1,False
332114,0.024598607811298412,2,0.008596207667366325,24,0.03971693702208724,33,Manufacturing - metals/machinery,Custom Roll Forming,Manufacturing,Fabricated Metal Product Manufacturing,Forging and Stamping,Forging and Stamping,0.028306385412932,3.0,0.043930781059941,1,False
523999,0.02456697041145752,4,0.012586749638283058,23,0.039665855244343455,52,Finance & insurance,Miscellaneous Financial Investment Activities,Finance and Insurance,"Securities, Commodity Contracts, and Other Financial Investments and Related Activities",Other Financial Investment Activities,All Other Financial Investment Activities,0.0964631526307021,4.0,0.0574427655677075,0,False
336320,0.024433571104730604,4,0.010462500248749064,23,0.039450468588939754,33,Manufacturing - metals/machinery,Motor Vehicle Electrical and Electronic Equipment Manufacturing,Manufacturing,Transportation Equipment Manufacturing,Motor Vehicle Parts Manufacturing,Motor Vehicle Electrical and Electronic Equipment Manufacturing,0.0262256176016741,3.0,0.0486380809700703,3,False
424710,0.024378613163072285,2,0.0110450945640928,24,0.03936173344081871,42,Wholesale trade,Petroleum Bulk Stations and Terminals,Wholesale Trade,"Merchant Wholesalers, Nondurable Goods",Petroleum and Petroleum Products Merchant Wholesalers,Petroleum Bulk Stations and Terminals,0.0298541716448449,3.0,0.0161534016737162,1,False
923120,0.024335188552299034,4,0.009404196366991335,23,0.03929162002039588,92,Public administration,Administration of Public Health Programs,Public Administration,Administration of Human Resource Programs,Administration of Human Resource Programs,Administration of Public Health Programs,0.0393027706319581,3.0,0.008037438433522,3,False
313110,0.024314284288878676,3,0.012137571439606467,24,0.039257867975559496,31,Manufacturing - food/textiles,"Fiber, Yarn, and Thread Mills",Manufacturing,Textile Mills,"Fiber, Yarn, and Thread Mills","Fiber, Yarn, and Thread Mills",0.0160316137707088,3.0,0.0852668536611114,0,False
621391,0.02429078096097939,3,0.013558032032208983,24,0.03921991947858982,62,Health care & social assistance,Offices of Podiatrists,Health Care and Social Assistance,Ambulatory Health Care Services,Offices of Other Health Practitioners,Offices of All Other Health Practitioners,0.060527031960697,4.0,0.0332739589689022,1,False
532412,0.024227705371841067,2,0.012377942706394737,24,0.039118077568646964,53,Real estate,"Construction, Mining, and Forestry Machinery and Equipment Rental and Leasing",Real Estate and Rental and Leasing,Rental and Leasing Services,Commercial and Industrial Machinery and Equipment Rental and Leasing,"Construction, Transportation, Mining, and Forestry Machinery and Equipment Rental and Leasing",0.050401735996312,4.0,0.0428893256728441,2,False
327213,0.02416735691817837,2,0.011503572446901367,24,0.03902063889439806,32,Manufacturing - paper/chemicals,Glass Container Manufacturing,Manufacturing,Nonmetallic Mineral Product Manufacturing,Glass and Glass Product Manufacturing,Glass and Glass Product Manufacturing,0.0435207487672858,3.0,0.0307315497950339,1,False
326122,0.024163588719390415,2,0.011419288569266972,24,0.03901455475682832,32,Manufacturing - paper/chemicals,Plastics Pipe and Pipe Fitting Manufacturing,Manufacturing,Plastics and Rubber Products Manufacturing,Plastics Product Manufacturing,"Plastics Pipe, Pipe Fitting, and Unlaminated Profile Shape Manufacturing",0.0400445439246942,3.0,0.0192404064202143,1,False
621420,0.024133652355351913,3,0.012763353757097777,24,0.038966219473209496,62,Health care & social assistance,Outpatient Mental Health and Substance Abuse Centers,Health Care and Social Assistance,Ambulatory Health Care Services,Outpatient Care Centers,Outpatient Mental Health and Substance Abuse Centers,0.05457096817663,3.0,0.0322543092662568,0,False
334111,0.02411247230669744,2,0.010666701426054288,24,0.03893202214525551,33,Manufacturing - metals/machinery,Electronic Computer Manufacturing,Manufacturing,Computer and Electronic Product Manufacturing,Computer and Peripheral Equipment Manufacturing,Computer and Peripheral Equipment Manufacturing,0.0581435228680171,4.0,0.0372539352228183,2,False
923140,0.023721331515716836,3,0.008771896808801874,24,0.03830048582900062,92,Public administration,Administration of Veterans' Affairs,Public Administration,Administration of Human Resource Programs,Administration of Human Resource Programs,Administration of Veterans' Affairs,0.0400597433977977,3.0,0.055784296548748,0,False
522310,0.023551757744064067,2,0.010433356328975199,24,0.03802669184598353,52,Finance & insurance,Mortgage and Nonmortgage Loan Brokers,Finance and Insurance,Credit Intermediation and Related Activities,Activities Related to Credit Intermediation,Mortgage and Nonmortgage Loan Brokers,0.1037891209206297,4.0,0.0348787494795933,2,False
812112,0.023535577445586306,3,0.014696433629797,24,0.0380005671197157,81,Other services,Beauty Salons,Other Services (except Public Administration),Personal and Laundry Services,Personal Care Services,"Hair, Nail, and Skin Care Services",0.0218536754215667,3.0,0.0206622402773117,0,False
112340,0.023397723706187038,3,0.007194352088756985,24,0.037777988332819264,11,"Agriculture, forestry, fishing",Poultry Hatcheries,"Agriculture, Forestry, Fishing and Hunting",Animal Production and Aquaculture,Poultry and Egg Production,Poultry Hatcheries,0.060779463867903,3.0,0.0133989172735294,0,False
213111,0.023255556399222724,2,0.007153791371089481,24,0.03754844485537467,21,"Mining, quarrying, oil & gas",Drilling Oil and Gas Wells,"Mining, Quarrying, and Oil and Gas Extraction",Support Activities for Mining,Support Activities for Mining,Support Activities for Mining,0.0913859013372875,4.0,0.0378219890468105,2,False
513191,0.02324967378172802,3,0.008802990286567296,24,0.037538946775224985,51,Information,Greeting Card Publishers,Information,Publishing Industries,"Newspaper, Periodical, Book, and Directory Publishers",Other Publishers,0.0862651275788252,4.0,0.1467129643681408,1,False
524292,0.023235740061083907,4,0.01517928401923846,23,0.0375164493757969,52,Finance & insurance,Pharmacy Benefit Management and Other Third Party Administration of Insurance and Pension Funds,Finance and Insurance,Insurance Carriers and Related Activities,"Agencies, Brokerages, and Other Insurance Related Activities",Other Insurance Related Activities,0.0432332714784093,4.0,0.0269781266678991,0,False
486110,0.02323480748041795,1,0.013776202312960364,23,0.03751494363011154,48,Transportation,Pipeline Transportation of Crude Oil,Transportation and Warehousing,Pipeline Transportation,Pipeline Transportation of Crude Oil,Pipeline Transportation of Crude Oil,0.027795039579359,1.0,0.0199206709238783,0,False
316990,0.023210176954987657,2,0.007607744256418271,24,0.03747517515886958,31,Manufacturing - food/textiles,Other Leather and Allied Product Manufacturing,Manufacturing,Leather and Allied Product Manufacturing,Other Leather and Allied Product Manufacturing,Other Leather and Allied Product Manufacturing,0.0267711388866639,3.0,0.0220336793975385,1,False
488999,0.02320859089183941,3,0.01031811517420114,24,0.03747261429970815,48,Transportation,All Other Support Activities for Transportation,Transportation and Warehousing,Support Activities for Transportation,Other Support Activities for Transportation,Other Support Activities for Transportation,0.0356615643505513,4.0,0.063878825557686,1,False
611512,0.023207865597547877,2,0.01054501721132182,24,0.03747144323881233,61,Educational services,Flight Training,Educational Services,Educational Services,Technical and Trade Schools,Technical and Trade Schools,0.0485116849882487,2.0,0.0345653078939059,0,False
624221,0.023161600963532564,3,0.01086108548433834,24,0.03739674431399383,62,Health care & social assistance,Temporary Shelters,Health Care and Social Assistance,Social Assistance,"Community Food and Housing, and Emergency and Other Relief Services",Community Housing Services,0.063065298031671,3.0,0.0393419770128455,0,False
332322,0.02311548799289339,3,0.011892971322403157,24,0.03732229026501565,33,Manufacturing - metals/machinery,Sheet Metal Work Manufacturing,Manufacturing,Fabricated Metal Product Manufacturing,Architectural and Structural Metals Manufacturing,Ornamental and Architectural Metal Products Manufacturing,0.0424291432761836,3.0,0.0249775246831098,0,False
621112,0.023052250020621057,4,0.010101092403251586,23,0.03722018617110058,62,Health care & social assistance,"Offices of Physicians, Mental Health Specialists",Health Care and Social Assistance,Ambulatory Health Care Services,Offices of Physicians,Offices of Physicians,0.0886829205659177,4.0,0.0496234432291185,0,False
541430,0.02301861899601282,4,0.010394138688163345,23,0.03716588548479344,54,Professional & technical services,Graphic Design Services,"Professional, Scientific, and Technical Services","Professional, Scientific, and Technical Services",Specialized Design Services,Graphic Design Services,0.1081464347489554,4.0,0.0409144809570449,0,False
334210,0.02288618335882075,4,0.01230184904206983,23,0.03695205477119421,33,Manufacturing - metals/machinery,Telephone Apparatus Manufacturing,Manufacturing,Computer and Electronic Product Manufacturing,Communications Equipment Manufacturing,Telephone Apparatus Manufacturing,0.0827997017319353,4.0,0.1273500794193756,0,False
922140,0.02284080644853649,4,0.010626197435943037,23,0.03687878916600866,92,Public administration,Correctional Institutions,Public Administration,"Justice, Public Order, and Safety Activities","Justice, Public Order, and Safety Activities",Correctional Institutions,0.0374929309957573,4.0,0.0123032348260704,0,False
424720,0.022822724737874195,2,0.00998543258638863,24,0.03684959441770685,42,Wholesale trade,Petroleum and Petroleum Products Merchant Wholesalers (except Bulk Stations and Terminals),Wholesale Trade,"Merchant Wholesalers, Nondurable Goods",Petroleum and Petroleum Products Merchant Wholesalers,Petroleum and Petroleum Products Merchant Wholesalers (except Bulk Stations and Terminals),0.0309427581775744,4.0,0.0157932577865829,2,False
926150,0.022732459986296277,3,0.009377503205719138,24,0.03670385285862203,92,Public administration,"Regulation, Licensing, and Inspection of Miscellaneous Commercial Sectors",Public Administration,Administration of Economic Programs,Administration of Economic Programs,"Regulation, Licensing, and Inspection of Miscellaneous Commercial Sectors",0.0647703970386654,3.0,0.0236707244118374,0,False
424450,0.022717234081316685,3,0.007938504151129455,24,0.03667926909706049,42,Wholesale trade,Confectionery Merchant Wholesalers,Wholesale Trade,"Merchant Wholesalers, Nondurable Goods",Grocery and Related Product Merchant Wholesalers,Confectionery Merchant Wholesalers,0.0545927584393721,4.0,0.0402639713682942,1,False
621498,0.022573058703365484,3,0.011732284016482913,24,0.036446483386171874,62,Health care & social assistance,All Other Outpatient Care Centers,Health Care and Social Assistance,Ambulatory Health Care Services,Outpatient Care Centers,Other Outpatient Care Centers,0.0428552840231013,3.0,0.0462986699887895,0,False
516110,0.022563198171334727,3,0.010675172803515466,24,0.03643056256119372,51,Information,Radio Broadcasting Stations,Information,Broadcasting and Content Providers,Radio and Television Broadcasting Stations,Radio Broadcasting Stations,0.0314160164144496,4.0,0.0450988517882637,1,False
513130,0.022531793548784734,2,0.012721584280391407,24,0.03637985662589898,51,Information,Book Publishers,Information,Publishing Industries,"Newspaper, Periodical, Book, and Directory Publishers",Book Publishers,0.0486854949513877,3.0,0.0554387138573008,1,False
424420,0.02248513350728284,3,0.006297645351333387,24,0.03630451927575319,42,Wholesale trade,Packaged Frozen Food Merchant Wholesalers,Wholesale Trade,"Merchant Wholesalers, Nondurable Goods",Grocery and Related Product Merchant Wholesalers,Packaged Frozen Food Merchant Wholesalers,0.0559707728848019,4.0,0.0161430290480013,1,False
326199,0.02245192363733718,2,0.010762949582940926,24,0.03625089858618971,32,Manufacturing - paper/chemicals,All Other Plastics Product Manufacturing,Manufacturing,Plastics and Rubber Products Manufacturing,Plastics Product Manufacturing,Other Plastics Product Manufacturing,0.0442411512562501,3.0,0.0226020781631808,1,False
326112,0.02244567140896446,2,0.010970874067361613,24,0.036240803731942994,32,Manufacturing - paper/chemicals,Plastics Packaging Film and Sheet (including Laminated) Manufacturing,Manufacturing,Plastics and Rubber Products Manufacturing,Plastics Product Manufacturing,Plastics Packaging Materials and Unlaminated Film and Sheet Manufacturing,0.0412915633443558,3.0,0.0291015358566782,1,False
332812,0.022363688672806303,3,0.011710839230188168,24,0.03610843432332157,33,Manufacturing - metals/machinery,"Metal Coating, Engraving (except Jewelry and Silverware), and Allied Services to Manufacturers",Manufacturing,Fabricated Metal Product Manufacturing,"Coating, Engraving, Heat Treating, and Allied Activities","Coating, Engraving, Heat Treating, and Allied Activities",0.0430559753137296,3.0,0.022591001708525,0,False
339994,0.02236073654873226,3,0.011615440555951628,24,0.036103667820809336,33,Manufacturing - metals/machinery,"Broom, Brush, and Mop Manufacturing",Manufacturing,Miscellaneous Manufacturing,Other Miscellaneous Manufacturing,All Other Miscellaneous Manufacturing,0.0443848514572936,3.0,0.0356864426776366,0,False
621330,0.022316665639865008,4,0.010381450005515807,23,0.03603251088683103,62,Health care & social assistance,Offices of Mental Health Practitioners (except Physicians),Health Care and Social Assistance,Ambulatory Health Care Services,Offices of Other Health Practitioners,Offices of Mental Health Practitioners (except Physicians),0.091478044577806,4.0,0.066704989769879,0,False
311221,0.02230794547267405,2,0.013227636695930689,24,0.03601843129607523,31,Manufacturing - food/textiles,Wet Corn Milling and Starch Manufacturing,Manufacturing,Food Manufacturing,Grain and Oilseed Milling,Starch and Vegetable Fats and Oils Manufacturing,0.0532629963726539,3.0,0.0389302500513939,1,False
315120,0.02226429744579332,3,0.010951927140224693,24,0.03594795714777957,31,Manufacturing - food/textiles,Apparel Knitting Mills,Manufacturing,Apparel Manufacturing,Apparel Knitting Mills,Apparel Knitting Mills,0.026309989936093,3.0,0.1362272139038292,0,False
335932,0.022248136776375875,2,0.009982405857176933,24,0.03592186411461236,33,Manufacturing - metals/machinery,Noncurrent-Carrying Wiring Device Manufacturing,Manufacturing,"Electrical Equipment, Appliance, and Component Manufacturing",Other Electrical Equipment and Component Manufacturing,Wiring Device Manufacturing,0.0367389667606542,3.0,0.0177372232956935,1,False
337212,0.022179082718971607,3,0.012257691034596598,24,0.035810369363767754,33,Manufacturing - metals/machinery,Custom Architectural Woodwork and Millwork Manufacturing,Manufacturing,Furniture and Related Product Manufacturing,Office Furniture (including Fixtures) Manufacturing,Office Furniture (including Fixtures) Manufacturing,0.0381956442761284,3.0,0.0313077512809493,0,False
333413,0.022041797874923965,3,0.010302548024572191,24,0.03558870911588076,33,Manufacturing - metals/machinery,Industrial and Commercial Fan and Blower and Air Purification Equipment Manufacturing,Manufacturing,Machinery Manufacturing,"Ventilation, Heating, Air-Conditioning, and Commercial Refrigeration Equipment Manufacturing","Ventilation, Heating, Air-Conditioning, and Commercial Refrigeration Equipment Manufacturing",0.0512846924703087,3.0,0.0200755146111323,0,False
423310,0.021954776055750143,2,0.011245963530903352,24,0.03544820359873167,42,Wholesale trade,"Lumber, Plywood, Millwork, and Wood Panel Merchant Wholesalers",Wholesale Trade,"Merchant Wholesalers, Durable Goods",Lumber and Other Construction Materials Merchant Wholesalers,"Lumber, Plywood, Millwork, and Wood Panel Merchant Wholesalers",0.0357403098484009,3.0,0.0291520674906879,1,False
221115,0.021895160255343396,2,0.012744420092203885,24,0.03535194786716996,22,Utilities,Wind Electric Power Generation,Utilities,Utilities,"Electric Power Generation, Transmission and Distribution",Electric Power Generation,0.0598939379956355,4.0,0.0950116081752554,2,False
337215,0.0218784826149091,2,0.010921614969250959,24,0.03532502013207669,33,Manufacturing - metals/machinery,"Showcase, Partition, Shelving, and Locker Manufacturing",Manufacturing,Furniture and Related Product Manufacturing,Office Furniture (including Fixtures) Manufacturing,Office Furniture (including Fixtures) Manufacturing,0.0426539668864193,3.0,0.0612073475748963,1,False
449110,0.02174767593546159,3,0.009075401081435902,24,0.035113819535297436,44,Retail trade - general,Furniture Retailers,Retail Trade,"Furniture, Home Furnishings, Electronics, and Appliance Retailers",Furniture and Home Furnishings Retailers,Furniture Retailers,0.036232984036843,3.0,0.0125687468108661,0,False
541519,0.021731329160224824,4,0.011927421493466909,23,0.03508742601548634,54,Professional & technical services,Other Computer Related Services,"Professional, Scientific, and Technical Services","Professional, Scientific, and Technical Services",Computer Systems Design and Related Services,Computer Systems Design and Related Services,0.0749384286672251,4.0,0.0310085406814686,0,False
423740,0.02163657227149071,2,0.011062056221704407,24,0.034934431447211096,42,Wholesale trade,Refrigeration Equipment and Supplies Merchant Wholesalers,Wholesale Trade,"Merchant Wholesalers, Durable Goods","Hardware, and Plumbing and Heating Equipment and Supplies Merchant Wholesalers",Refrigeration Equipment and Supplies Merchant Wholesalers,0.041841428043896,3.0,0.0271120643935417,1,False
623210,0.021535045988581573,3,0.008511769870534393,24,0.034770507008262286,62,Health care & social assistance,Residential Intellectual and Developmental Disability Facilities,Health Care and Social Assistance,Nursing and Residential Care Facilities,"Residential Intellectual and Developmental Disability, Mental Health, and Substance Abuse Facilities",Residential Intellectual and Developmental Disability Facilities,0.0458415796039233,3.0,0.0093709747428561,0,False
333131,0.02152143359909733,2,0.01113996014743883,24,0.03474852843044954,33,Manufacturing - metals/machinery,Mining Machinery and Equipment Manufacturing,Manufacturing,Machinery Manufacturing,"Agriculture, Construction, and Mining Machinery Manufacturing",Mining and Oil and Gas Field Machinery Manufacturing,0.023640253227808,3.0,0.0223343777414718,1,False
519210,0.021474445624132716,2,0.007246219151967576,24,0.03467266159860356,51,Information,Libraries and Archives,Information,"Web Search Portals, Libraries, Archives, and Other Information Services","Web Search Portals, Libraries, Archives, and Other Information Services",Libraries and Archives,0.0842455396228685,3.0,0.039148179768836,1,False
316210,0.02135046036924402,3,0.008322677457844273,24,0.03447247488080809,31,Manufacturing - food/textiles,Footwear Manufacturing,Manufacturing,Leather and Allied Product Manufacturing,Footwear Manufacturing,Footwear Manufacturing,0.0304915805984593,3.0,0.0216673035817179,0,False
624120,0.021335138667518197,3,0.012718546775317885,24,0.03444773644572331,62,Health care & social assistance,Services for the Elderly and Persons with Disabilities,Health Care and Social Assistance,Social Assistance,Individual and Family Services,Services for the Elderly and Persons with Disabilities,0.045511551988483,3.0,0.0793630672280797,0,False
213113,0.021321103382358545,3,0.006831118068412543,24,0.03442507506012584,21,"Mining, quarrying, oil & gas",Support Activities for Coal Mining,"Mining, Quarrying, and Oil and Gas Extraction",Support Activities for Mining,Support Activities for Mining,Support Activities for Mining,0.0493730988436804,4.0,0.0434828245706267,1,False
213112,0.02130204349819246,3,0.011717743390556506,24,0.034394300951896634,21,"Mining, quarrying, oil & gas",Support Activities for Oil and Gas Operations,"Mining, Quarrying, and Oil and Gas Extraction",Support Activities for Mining,Support Activities for Mining,Support Activities for Mining,0.0364127199651828,2.0,0.0278799468306232,3,False
334517,0.02113856607235023,2,0.012364456278306504,24,0.034130350134983875,33,Manufacturing - metals/machinery,Irradiation Apparatus Manufacturing,Manufacturing,Computer and Electronic Product Manufacturing,"Navigational, Measuring, Electromedical, and Control Instruments Manufacturing","Navigational, Measuring, Electromedical, and Control Instruments Manufacturing",0.0316736932934832,3.0,0.0390615023663444,1,False
541513,0.021123149135667586,4,0.011859070658396172,23,0.03410545793344161,54,Professional & technical services,Computer Facilities Management Services,"Professional, Scientific, and Technical Services","Professional, Scientific, and Technical Services",Computer Systems Design and Related Services,Computer Systems Design and Related Services,0.0578426386483989,1.0,0.0057846386740902,1,False
532420,0.021093192434275723,2,0.008722046515298482,24,0.034057089813111494,53,Real estate,Office Machinery and Equipment Rental and Leasing,Real Estate and Rental and Leasing,Rental and Leasing Services,Commercial and Industrial Machinery and Equipment Rental and Leasing,Office Machinery and Equipment Rental and Leasing,0.0826403187686316,4.0,0.021679437423712,2,False
561210,0.02102123555071127,2,0.007717460031634936,24,0.033940908156216164,56,Administrative & waste services,Facilities Support Services,Administrative and Support and Waste Management and Remediation Services,Administrative and Support Services,Facilities Support Services,Facilities Support Services,0.0834100468104039,4.0,0.0216376751242874,2,False
337211,0.02101690749473994,2,0.007163150904540769,24,0.033933920072672576,33,Manufacturing - metals/machinery,Wood Office Furniture Manufacturing,Manufacturing,Furniture and Related Product Manufacturing,Office Furniture (including Fixtures) Manufacturing,Office Furniture (including Fixtures) Manufacturing,0.0335089732505265,3.0,0.0687465148897908,1,False
327910,0.02101356701021794,2,0.010989833116289713,24,0.033928526522988736,32,Manufacturing - paper/chemicals,Abrasive Product Manufacturing,Manufacturing,Nonmetallic Mineral Product Manufacturing,Other Nonmetallic Mineral Product Manufacturing,Abrasive Product Manufacturing,0.0347222099573375,3.0,0.0362072746593003,1,False
337121,0.02101319114010565,3,0.01088923768079286,24,0.03392791964272572,33,Manufacturing - metals/machinery,Upholstered Household Furniture Manufacturing,Manufacturing,Furniture and Related Product Manufacturing,Household and Institutional Furniture and Kitchen Cabinet Manufacturing,Household and Institutional Furniture Manufacturing,0.0409577080323567,3.0,0.0584343359484138,0,False
327420,0.020982675030693718,2,0.01337401556391582,24,0.03387864830164128,32,Manufacturing - paper/chemicals,Gypsum Product Manufacturing,Manufacturing,Nonmetallic Mineral Product Manufacturing,Lime and Gypsum Product Manufacturing,Gypsum Product Manufacturing,0.0337538570471543,3.0,0.0348079067922377,1,False
488310,0.020862860877189783,4,0.011367227252437329,23,0.03368519624835537,48,Transportation,Port and Harbor Operations,Transportation and Warehousing,Support Activities for Transportation,Support Activities for Water Transportation,Port and Harbor Operations,0.0670321030093046,4.0,0.0411618427988541,0,False
332992,0.020859825731076555,2,0.011574595291091117,24,0.033680295698374794,33,Manufacturing - metals/machinery,Small Arms Ammunition Manufacturing,Manufacturing,Fabricated Metal Product Manufacturing,Other Fabricated Metal Product Manufacturing,All Other Fabricated Metal Product Manufacturing,0.0449724571612831,4.0,0.0203358362731574,2,False
622210,0.02062490392934259,3,0.00934957173260272,24,0.03330099071997282,62,Health care & social assistance,Psychiatric and Substance Abuse Hospitals,Health Care and Social Assistance,Hospitals,Psychiatric and Substance Abuse Hospitals,Psychiatric and Substance Abuse Hospitals,0.033727683099139,3.0,0.0105932728376283,0,False
541340,0.02051602386788797,2,0.01036803226974437,24,0.03312519286275556,54,Professional & technical services,Drafting Services,"Professional, Scientific, and Technical Services","Professional, Scientific, and Technical Services","Architectural, Engineering, and Related Services",Drafting Services,0.1122443766170823,4.0,0.0499675461414003,2,False
326211,0.0205080408100991,2,0.011704503461069805,24,0.033112303409585014,32,Manufacturing - paper/chemicals,Tire Manufacturing (except Retreading),Manufacturing,Plastics and Rubber Products Manufacturing,Rubber Product Manufacturing,Tire Manufacturing,0.0248346524061588,4.0,0.0167379337358642,2,False
621991,0.02041850803439934,3,0.008809026127722204,24,0.03296774369949253,62,Health care & social assistance,Blood and Organ Banks,Health Care and Social Assistance,Ambulatory Health Care Services,Other Ambulatory Health Care Services,All Other Ambulatory Health Care Services,0.031263083096265,3.0,0.0409257690160685,0,False
621210,0.02036466497606702,3,0.01378044947586439,24,0.03288080864311592,62,Health care & social assistance,Offices of Dentists,Health Care and Social Assistance,Ambulatory Health Care Services,Offices of Dentists,Offices of Dentists,0.0431463030247906,4.0,0.0303837013806742,1,False
456199,0.02023660256217205,4,0.009064744733623118,23,0.03267403894027011,45,Retail trade - specialty,All Other Health and Personal Care Retailers,Retail Trade,Health and Personal Care Retailers,Health and Personal Care Retailers,Other Health and Personal Care Retailers,0.0533541958745502,4.0,0.0335201812709539,0,False
334610,0.02017666789023726,4,0.007335417557611962,23,0.03257726835841709,33,Manufacturing - metals/machinery,Manufacturing and Reproducing Magnetic and Optical Media,Manufacturing,Computer and Electronic Product Manufacturing,Manufacturing and Reproducing Magnetic and Optical Media,Manufacturing and Reproducing Magnetic and Optical Media,0.0248085584546861,4.0,0.0673513158289261,0,False
561492,0.020039783477023565,4,0.011592197711849278,23,0.032356254646559106,56,Administrative & waste services,Court Reporting and Stenotype Services,Administrative and Support and Waste Management and Remediation Services,Administrative and Support Services,Business Support Services,Other Business Support Services,0.0889153056932234,4.0,0.0341927075620657,0,False
333922,0.019952136612687223,2,0.00834828201255605,24,0.03221473993085918,33,Manufacturing - metals/machinery,Conveyor and Conveying Equipment Manufacturing,Manufacturing,Machinery Manufacturing,Other General Purpose Machinery Manufacturing,Material Handling Equipment Manufacturing,0.0489450769668009,3.0,0.0210701380210258,1,False
336415,0.019825163966710364,2,0.013778914280581775,24,0.03200972976839485,33,Manufacturing - metals/machinery,Guided Missile and Space Vehicle Propulsion Unit and Propulsion Unit Parts Manufacturing,Manufacturing,Transportation Equipment Manufacturing,Aerospace Product and Parts Manufacturing,Aerospace Product and Parts Manufacturing,0.0335007935690408,2.0,0.0345782746027769,0,False
339920,0.01979836471537222,2,0.01270401844127217,24,0.031966459670111184,33,Manufacturing - metals/machinery,Sporting and Athletic Goods Manufacturing,Manufacturing,Miscellaneous Manufacturing,Other Miscellaneous Manufacturing,Sporting and Athletic Goods Manufacturing,0.0506184893706636,3.0,0.0455007825591919,1,False
561621,0.019744486522453964,2,0.007034661654682165,24,0.03187946788539663,56,Administrative & waste services,Security Systems Services (except Locksmiths),Administrative and Support and Waste Management and Remediation Services,Administrative and Support Services,Investigation and Security Services,Security Systems Services,0.0560303287812466,4.0,0.0219012065701004,2,False
315990,0.019709959777079972,2,0.0070087898468104695,24,0.031823720967436235,31,Manufacturing - food/textiles,Apparel Accessories and Other Apparel Manufacturing,Manufacturing,Apparel Manufacturing,Apparel Accessories and Other Apparel Manufacturing,Apparel Accessories and Other Apparel Manufacturing,0.0395595310034307,4.0,0.064464083119785,2,False
551111,0.01969995561903528,1,0.01116500033415621,23,0.03180756824375089,55,Management of companies,Offices of Bank Holding Companies,Management of Companies and Enterprises,Management of Companies and Enterprises,Management of Companies and Enterprises,Management of Companies and Enterprises,0.0609631925599017,4.0,0.0349413914874803,3,False
325620,0.01965846011759005,3,0.011011315998895285,24,0.031740569565197906,32,Manufacturing - paper/chemicals,Toilet Preparation Manufacturing,Manufacturing,Chemical Manufacturing,"Soap, Cleaning Compound, and Toilet Preparation Manufacturing",Toilet Preparation Manufacturing,0.0359652798542577,3.0,0.021680099781791,0,False
622310,0.0196383165061439,3,0.0094431096949465,24,0.031708045669807505,62,Health care & social assistance,Specialty (except Psychiatric and Substance Abuse) Hospitals,Health Care and Social Assistance,Hospitals,Specialty (except Psychiatric and Substance Abuse) Hospitals,Specialty (except Psychiatric and Substance Abuse) Hospitals,0.0356956014639939,3.0,0.0402636395389198,0,False
112310,0.019608446621233507,3,0.007281563063590118,24,0.03165981772345608,11,"Agriculture, forestry, fishing",Chicken Egg Production,"Agriculture, Forestry, Fishing and Hunting",Animal Production and Aquaculture,Poultry and Egg Production,Chicken Egg Production,0.0480167825695252,3.0,0.0092701464570037,0,False
541860,0.019582358040219343,4,0.009401339330928689,23,0.03161769507419544,54,Professional & technical services,Direct Mail Advertising,"Professional, Scientific, and Technical Services","Professional, Scientific, and Technical Services","Advertising, Public Relations, and Related Services",Direct Mail Advertising,0.0431143436812305,4.0,0.0659941431117142,0,False
321212,0.019579483820366287,3,0.009635113687689234,24,0.03161305435591711,32,Manufacturing - paper/chemicals,Softwood Veneer and Plywood Manufacturing,Manufacturing,Wood Product Manufacturing,"Veneer, Plywood, and Engineered Wood Product Manufacturing","Veneer, Plywood, and Engineered Wood Product Manufacturing",0.0327384124334627,3.0,0.0320321834280656,0,False
311412,0.01957240019915811,3,0.009497205077470941,24,0.031601617133958385,31,Manufacturing - food/textiles,Frozen Specialty Food Manufacturing,Manufacturing,Food Manufacturing,Fruit and Vegetable Preserving and Specialty Food Manufacturing,Frozen Food Manufacturing,0.0262018699808358,3.0,0.017170216086499,0,False
311119,0.01956832148360305,2,0.0074244915981206755,24,0.03159503163570279,31,Manufacturing - food/textiles,Other Animal Food Manufacturing,Manufacturing,Food Manufacturing,Animal Food Manufacturing,Animal Food Manufacturing,0.039682445420204,3.0,0.0096505426163112,1,False
332312,0.019549884242392165,3,0.011272614795560923,24,0.031565262847418056,33,Manufacturing - metals/machinery,Fabricated Structural Metal Manufacturing,Manufacturing,Fabricated Metal Product Manufacturing,Architectural and Structural Metals Manufacturing,Plate Work and Fabricated Structural Product Manufacturing,0.0296357471093953,3.0,0.0147779438314617,0,False
621410,0.019424547316212758,3,0.012717069150820227,24,0.031362893719791125,62,Health care & social assistance,Family Planning Centers,Health Care and Social Assistance,Ambulatory Health Care Services,Outpatient Care Centers,Family Planning Centers,0.0464137373041702,3.0,0.0441240305945242,0,False
331524,0.019411613575030157,3,0.010711984039068168,24,0.03134201088821179,33,Manufacturing - metals/machinery,Aluminum Foundries (except Die-Casting),Manufacturing,Primary Metal Manufacturing,Foundries,Nonferrous Metal Foundries,0.0295416279856176,3.0,0.0532725950085781,0,False
334118,0.01939604293297216,2,0.009377072356132507,24,0.0313168705138152,33,Manufacturing - metals/machinery,Computer Terminal and Other Computer Peripheral Equipment Manufacturing,Manufacturing,Computer and Electronic Product Manufacturing,Computer and Peripheral Equipment Manufacturing,Computer and Peripheral Equipment Manufacturing,0.0475427722298571,4.0,0.0645346354169824,2,False
334112,0.019354873055254032,2,0.009642549427276347,24,0.03125039758766095,33,Manufacturing - metals/machinery,Computer Storage Device Manufacturing,Manufacturing,Computer and Electronic Product Manufacturing,Computer and Peripheral Equipment Manufacturing,Computer and Peripheral Equipment Manufacturing,0.0276624958102138,3.0,0.098849064749762,1,False
323120,0.019333167923836235,3,0.009012322456551175,24,0.031215352460546852,32,Manufacturing - paper/chemicals,Support Activities for Printing,Manufacturing,Printing and Related Support Activities,Printing and Related Support Activities,Support Activities for Printing,0.0355192364011309,3.0,0.0865185812618921,0,False
326150,0.019278790578177142,3,0.009561761437240643,24,0.031127554743312687,32,Manufacturing - paper/chemicals,Urethane and Other Foam Product (except Polystyrene) Manufacturing,Manufacturing,Plastics and Rubber Products Manufacturing,Plastics Product Manufacturing,Urethane and Other Foam Product (except Polystyrene) Manufacturing,0.0494131192602476,3.0,0.0182709163342676,0,False
326130,0.019138988439186072,2,0.00934729936222878,24,0.030901830068467022,32,Manufacturing - paper/chemicals,"Laminated Plastics Plate, Sheet (except Packaging), and Shape Manufacturing",Manufacturing,Plastics and Rubber Products Manufacturing,Plastics Product Manufacturing,"Laminated Plastics Plate, Sheet (except Packaging), and Shape Manufacturing",0.0409242489404771,3.0,0.0275019100164454,1,False
541360,0.019135623412025158,3,0.010187568636905724,24,0.030896396892213598,54,Professional & technical services,Geophysical Surveying and Mapping Services,"Professional, Scientific, and Technical Services","Professional, Scientific, and Technical Services","Architectural, Engineering, and Related Services",Geophysical Surveying and Mapping Services,0.0939550609757262,4.0,0.0681558244361562,1,False
322120,0.019019179280914494,2,0.012290268291139791,24,0.03070838608048832,32,Manufacturing - paper/chemicals,Paper Mills,Manufacturing,Paper Manufacturing,"Pulp, Paper, and Paperboard Mills",Paper Mills,0.0375942739397862,3.0,0.0419089087656505,1,False
449121,0.01898408816233274,3,0.00915041030257196,24,0.030651727924976533,44,Retail trade - general,Floor Covering Retailers,Retail Trade,"Furniture, Home Furnishings, Electronics, and Appliance Retailers",Furniture and Home Furnishings Retailers,Home Furnishings Retailers,0.0486830485715576,4.0,0.0404819164311312,1,False
326160,0.018968075941175694,3,0.00967135366147604,24,0.030625874576520523,32,Manufacturing - paper/chemicals,Plastics Bottle Manufacturing,Manufacturing,Plastics and Rubber Products Manufacturing,Plastics Product Manufacturing,Plastics Bottle Manufacturing,0.0392377802348966,3.0,0.0227998162519824,0,False
332420,0.018964153735019463,2,0.011260978726156357,24,0.03061954177849839,33,Manufacturing - metals/machinery,Metal Tank (Heavy Gauge) Manufacturing,Manufacturing,Fabricated Metal Product Manufacturing,"Boiler, Tank, and Shipping Container Manufacturing",Metal Tank (Heavy Gauge) Manufacturing,0.0508120035433404,2.0,0.0068713902712277,0,False
322219,0.01884332601599461,3,0.010268769748222438,24,0.03042445322129848,32,Manufacturing - paper/chemicals,Other Paperboard Container Manufacturing,Manufacturing,Paper Manufacturing,Converted Paper Product Manufacturing,Paperboard Container Manufacturing,0.0432790302590879,3.0,0.0263357507569302,0,False
513199,0.01882728341528083,2,0.010967262167783527,24,0.030398550821979488,51,Information,All Other Publishers,Information,Publishing Industries,"Newspaper, Periodical, Book, and Directory Publishers",Other Publishers,0.0690961492413273,4.0,0.0232126597851149,2,False
221118,0.01880192236896555,1,0.010424793087406913,23,0.030357602850978643,22,Utilities,Other Electric Power Generation,Utilities,Utilities,"Electric Power Generation, Transmission and Distribution",Electric Power Generation,0.069550021617242,4.0,0.0920456761798331,3,False
485991,0.018796521916463464,3,0.011574841752484534,24,0.030348883274913134,48,Transportation,Special Needs Transportation,Transportation and Warehousing,Transit and Ground Passenger Transportation,Other Transit and Ground Passenger Transportation,Other Transit and Ground Passenger Transportation,0.0424530001399165,3.0,0.0183457353106293,0,False
621610,0.018760278365290844,3,0.006688424822625376,24,0.030290364400575923,62,Health care & social assistance,Home Health Care Services,Health Care and Social Assistance,Ambulatory Health Care Services,Home Health Care Services,Home Health Care Services,0.037710174369087,4.0,0.0596688681060905,1,False
327992,0.018757732196659847,2,0.012881797439705703,24,0.03028625335413213,32,Manufacturing - paper/chemicals,Ground or Treated Mineral and Earth Manufacturing,Manufacturing,Nonmetallic Mineral Product Manufacturing,Other Nonmetallic Mineral Product Manufacturing,All Other Nonmetallic Mineral Product Manufacturing,0.0254391637036129,3.0,0.0228286901204774,1,False
423730,0.018748871449695486,2,0.010949520069081958,24,0.03027194678313218,42,Wholesale trade,Warm Air Heating and Air-Conditioning Equipment and Supplies Merchant Wholesalers,Wholesale Trade,"Merchant Wholesalers, Durable Goods","Hardware, and Plumbing and Heating Equipment and Supplies Merchant Wholesalers",Warm Air Heating and Air-Conditioning Equipment and Supplies Merchant Wholesalers,0.0316908512778242,3.0,0.0274163764337852,1,False
522291,0.01874384353624941,4,0.00906705601602478,23,0.030263828709002856,52,Finance & insurance,Consumer Lending,Finance and Insurance,Credit Intermediation and Related Activities,Nondepository Credit Intermediation,Other Nondepository Credit Intermediation,0.0417127877892499,4.0,0.0098292323441924,0,False
326111,0.018725115405987328,3,0.010250821769775032,24,0.0302335902509622,32,Manufacturing - paper/chemicals,Plastics Bag and Pouch Manufacturing,Manufacturing,Plastics and Rubber Products Manufacturing,Plastics Product Manufacturing,Plastics Packaging Materials and Unlaminated Film and Sheet Manufacturing,0.0445548188332148,3.0,0.0131777269255601,0,False
332999,0.01870335570828364,2,0.01014251501361526,24,0.03019845702106778,33,Manufacturing - metals/machinery,All Other Miscellaneous Fabricated Metal Product Manufacturing,Manufacturing,Fabricated Metal Product Manufacturing,Other Fabricated Metal Product Manufacturing,All Other Fabricated Metal Product Manufacturing,0.0360980999556771,3.0,0.0212852797179652,1,False
541512,0.018639466474694957,4,0.00924582628867728,23,0.030095301399973417,54,Professional & technical services,Computer Systems Design Services,"Professional, Scientific, and Technical Services","Professional, Scientific, and Technical Services",Computer Systems Design and Related Services,Computer Systems Design and Related Services,0.068816003711512,4.0,0.032166022267459,0,False
332215,0.01855745596109365,2,0.00959898392623855,24,0.02996288714186422,33,Manufacturing - metals/machinery,"Metal Kitchen Cookware, Utensil, Cutlery, and Flatware (except Precious) Manufacturing",Manufacturing,Fabricated Metal Product Manufacturing,Cutlery and Handtool Manufacturing,Cutlery and Handtool Manufacturing,0.0161466621295092,3.0,0.0455859824150399,1,False
424130,0.018533259482932246,2,0.0097008148610694,24,0.029923819483781092,42,Wholesale trade,Industrial and Personal Service Paper Merchant Wholesalers,Wholesale Trade,"Merchant Wholesalers, Nondurable Goods",Paper and Paper Product Merchant Wholesalers,Industrial and Personal Service Paper Merchant Wholesalers,0.0293821660045444,3.0,0.0191776006825262,1,False
221111,0.018513420819882453,2,0.011824962539608935,24,0.029891787958379514,22,Utilities,Hydroelectric Power Generation,Utilities,Utilities,"Electric Power Generation, Transmission and Distribution",Electric Power Generation,0.020410199616156,3.0,0.0279176194309823,1,False
562112,0.01846212952691184,2,0.008461286670225282,24,0.02980897298493376,56,Administrative & waste services,Hazardous Waste Collection,Administrative and Support and Waste Management and Remediation Services,Waste Management and Remediation Services,Waste Collection,Waste Collection,0.0494540126107517,3.0,0.0239979387206871,1,False
922110,0.01844773093081114,2,0.005056750327127674,24,0.02978572499712384,92,Public administration,Courts,Public Administration,"Justice, Public Order, and Safety Activities","Justice, Public Order, and Safety Activities",Courts,0.0504048521552629,3.0,0.0145853103938973,1,False
311511,0.01838638789547231,2,0.008007090243984327,24,0.02968668047029591,31,Manufacturing - food/textiles,Fluid Milk Manufacturing,Manufacturing,Food Manufacturing,Dairy Product Manufacturing,Dairy Product (except Frozen) Manufacturing,0.033371408155802,3.0,0.013205607784509,1,False
488190,0.018378454321704804,4,0.007750354475778216,23,0.02967387091407625,48,Transportation,Other Support Activities for Air Transportation,Transportation and Warehousing,Support Activities for Transportation,Support Activities for Air Transportation,Other Support Activities for Air Transportation,0.0456929025426016,4.0,0.0099512394404024,0,False
423410,0.01835195836969266,4,0.008375289053237433,23,0.029631090523190746,42,Wholesale trade,Photographic Equipment and Supplies Merchant Wholesalers,Wholesale Trade,"Merchant Wholesalers, Durable Goods",Professional and Commercial Equipment and Supplies Merchant Wholesalers,Photographic Equipment and Supplies Merchant Wholesalers,0.036779527319499,4.0,0.0210390662850383,0,False
561613,0.018217582577837066,3,0.008090269976817513,24,0.029414127233911815,56,Administrative & waste services,Armored Car Services,Administrative and Support and Waste Management and Remediation Services,Administrative and Support Services,Investigation and Security Services,"Investigation, Guard, and Armored Car Services",0.037335596298635,4.0,0.0204225795516593,1,False
339950,0.01820439233018134,2,0.008275394815229431,24,0.02939283024672185,33,Manufacturing - metals/machinery,Sign Manufacturing,Manufacturing,Miscellaneous Manufacturing,Other Miscellaneous Manufacturing,Sign Manufacturing,0.0343408403855058,3.0,0.0256410429407776,1,False
315250,0.018050038831009526,3,0.008010529599754644,24,0.0291436109310283,31,Manufacturing - food/textiles,Cut and Sew Apparel Manufacturing (except Contractors),Manufacturing,Apparel Manufacturing,Cut and Sew Apparel Manufacturing,Cut and Sew Apparel Manufacturing (except Contractors),0.0327116774900867,4.0,0.1093995018320447,1,False
524127,0.018037689424003696,2,0.011043855073144789,24,0.02912367156600109,52,Finance & insurance,Direct Title Insurance Carriers,Finance and Insurance,Insurance Carriers and Related Activities,Insurance Carriers,"Direct Insurance (except Life, Health, and Medical) Carriers",0.0294722025273742,4.0,0.033839503013476,2,False
314110,0.018014646692442245,3,0.008027108832803937,24,0.02908646674834378,31,Manufacturing - food/textiles,Carpet and Rug Mills,Manufacturing,Textile Product Mills,Textile Furnishings Mills,Carpet and Rug Mills,0.0242999263525603,3.0,0.0477772706312732,0,False
621910,0.01800789217641163,2,0.0051606158430363815,24,0.029075560899937215,62,Health care & social assistance,Ambulance Services,Health Care and Social Assistance,Ambulatory Health Care Services,Other Ambulatory Health Care Services,Ambulance Services,0.046721339971219,4.0,0.0306647781839694,2,False
484121,0.017966884703535146,3,0.006559591163718684,24,0.02900935019280434,48,Transportation,"General Freight Trucking, Long-Distance, Truckload",Transportation and Warehousing,Truck Transportation,General Freight Trucking,"General Freight Trucking, Long-Distance",0.0656325975738041,4.0,0.0307964670150994,1,False
621111,0.017951425251331934,3,0.010101706240983915,24,0.028984389345659615,62,Health care & social assistance,Offices of Physicians (except Mental Health Specialists),Health Care and Social Assistance,Ambulatory Health Care Services,Offices of Physicians,Offices of Physicians,0.0436334170296826,4.0,0.0267406243679091,1,False
336390,0.0179332773262938,4,0.006291390710946386,23,0.028955087687559673,33,Manufacturing - metals/machinery,Other Motor Vehicle Parts Manufacturing,Manufacturing,Transportation Equipment Manufacturing,Motor Vehicle Parts Manufacturing,Other Motor Vehicle Parts Manufacturing,0.0257847776073971,3.0,0.0290962336645651,3,False
523150,0.017917149490258147,2,0.010857090765205366,24,0.028929047667203875,52,Finance & insurance,Investment Banking and Securities Intermediation,Finance and Insurance,"Securities, Commodity Contracts, and Other Financial Investments and Related Activities",Securities and Commodity Contracts Intermediation and Brokerage,Investment Banking and Securities Intermediation,0.0486783163569176,3.0,0.0321420845037173,1,False
336360,0.017906976321393972,3,0.006182618613381142,24,0.028912622058478655,33,Manufacturing - metals/machinery,Motor Vehicle Seating and Interior Trim Manufacturing,Manufacturing,Transportation Equipment Manufacturing,Motor Vehicle Parts Manufacturing,Motor Vehicle Seating and Interior Trim Manufacturing,0.0293835611768772,3.0,0.0453176397546314,0,False
334417,0.017807739771273173,2,0.010307545436602422,24,0.028752394624403033,33,Manufacturing - metals/machinery,Electronic Connector Manufacturing,Manufacturing,Computer and Electronic Product Manufacturing,Semiconductor and Other Electronic Component Manufacturing,Semiconductor and Other Electronic Component Manufacturing,0.0148556074702697,3.0,0.0471382163724923,1,False
325194,0.017747829462503206,2,0.011755984821780441,24,0.02865566337934055,32,Manufacturing - paper/chemicals,"Cyclic Crude, Intermediate, and Gum and Wood Chemical Manufacturing",Manufacturing,Chemical Manufacturing,Basic Chemical Manufacturing,Other Basic Organic Chemical Manufacturing,0.0285115533778764,3.0,0.030394014840168,1,False
313230,0.017722775297143188,3,0.01104970323820372,24,0.028615210898640088,31,Manufacturing - food/textiles,Nonwoven Fabric Mills,Manufacturing,Textile Mills,Fabric Mills,Nonwoven Fabric Mills,0.0333841763917906,3.0,0.0305373804973805,0,False
335220,0.017640979385530112,2,0.00931744550826896,24,0.028483143137117885,33,Manufacturing - metals/machinery,Major Household Appliance Manufacturing,Manufacturing,"Electrical Equipment, Appliance, and Component Manufacturing",Household Appliance Manufacturing,Major Household Appliance Manufacturing,0.032810068566595,2.0,0.0330940382253911,0,False
339995,0.01762493344420542,3,0.010885730679496478,24,0.028457235344045134,33,Manufacturing - metals/machinery,Burial Casket Manufacturing,Manufacturing,Miscellaneous Manufacturing,Other Miscellaneous Manufacturing,All Other Miscellaneous Manufacturing,0.0514714876214545,2.0,0.0505407381134291,3,False
332813,0.01757823488332402,3,0.00934037208804484,24,0.02838183580047028,33,Manufacturing - metals/machinery,"Electroplating, Plating, Polishing, Anodizing, and Coloring",Manufacturing,Fabricated Metal Product Manufacturing,"Coating, Engraving, Heat Treating, and Allied Activities","Coating, Engraving, Heat Treating, and Allied Activities",0.0386129251300626,3.0,0.0530874276695282,0,False
423430,0.017553755451447432,4,0.008655210162115729,23,0.02834231128503277,42,Wholesale trade,Computer and Computer Peripheral Equipment and Software Merchant Wholesalers,Wholesale Trade,"Merchant Wholesalers, Durable Goods",Professional and Commercial Equipment and Supplies Merchant Wholesalers,Computer and Computer Peripheral Equipment and Software Merchant Wholesalers,0.0533785787972752,4.0,0.0184309698854307,0,False
621399,0.017490640704473294,4,0.007705515864605289,23,0.028240406150808653,62,Health care & social assistance,Offices of All Other Miscellaneous Health Practitioners,Health Care and Social Assistance,Ambulatory Health Care Services,Offices of Other Health Practitioners,Offices of All Other Health Practitioners,0.1023914470322766,4.0,0.0962842260789166,0,False
524113,0.017458205444367957,4,0.010737027290002732,23,0.02818803614707588,52,Finance & insurance,Direct Life Insurance Carriers,Finance and Insurance,Insurance Carriers and Related Activities,Insurance Carriers,"Direct Life, Health, and Medical Insurance Carriers",0.0508059125065079,4.0,0.0251611516499516,0,False
335311,0.017412472518693427,3,0.009595629760796592,24,0.028114195719081542,33,Manufacturing - metals/machinery,"Power, Distribution, and Specialty Transformer Manufacturing",Manufacturing,"Electrical Equipment, Appliance, and Component Manufacturing",Electrical Equipment Manufacturing,Electrical Equipment Manufacturing,0.0233145521414743,3.0,0.0147690127547977,0,False
212323,0.017376331248419218,2,0.01018612618468095,24,0.028055841987586233,21,"Mining, quarrying, oil & gas","Kaolin, Clay, and Ceramic and Refractory Minerals Mining","Mining, Quarrying, and Oil and Gas Extraction",Mining (except Oil and Gas),Nonmetallic Mineral Mining and Quarrying,"Sand, Gravel, Clay, and Ceramic and Refractory Minerals Mining and Quarrying",0.0194399257533124,4.0,0.042208776326712,2,False
311514,0.017373750514455513,2,0.008445725538333752,24,0.02805167513192133,31,Manufacturing - food/textiles,"Dry, Condensed, and Evaporated Dairy Product Manufacturing",Manufacturing,Food Manufacturing,Dairy Product Manufacturing,Dairy Product (except Frozen) Manufacturing,0.0232105983999186,3.0,0.0379384705010719,1,False
423810,0.017369042404851594,2,0.009890062545229903,24,0.028044073413398624,42,Wholesale trade,Construction and Mining (except Oil Well) Machinery and Equipment Merchant Wholesalers,Wholesale Trade,"Merchant Wholesalers, Durable Goods","Machinery, Equipment, and Supplies Merchant Wholesalers",Construction and Mining (except Oil Well) Machinery and Equipment Merchant Wholesalers,0.0210045134952715,4.0,0.0181206069152394,2,False
541713,0.017353143838470468,3,0.009046788641691823,24,0.028018403572058634,54,Professional & technical services,Research and Development in Nanotechnology,"Professional, Scientific, and Technical Services","Professional, Scientific, and Technical Services",Scientific Research and Development Services,"Research and Development in the Physical, Engineering, and Life Sciences",0.0623639371716183,3.0,0.0528741804851242,0,False
423140,0.017238853484162285,3,0.006368261283054315,24,0.02783387025053443,42,Wholesale trade,Motor Vehicle Parts (Used) Merchant Wholesalers,Wholesale Trade,"Merchant Wholesalers, Durable Goods",Motor Vehicle and Motor Vehicle Parts and Supplies Merchant Wholesalers,Motor Vehicle Parts (Used) Merchant Wholesalers,0.0353474863956394,3.0,0.0358449722752664,0,False
311999,0.017214405008777654,3,0.00935831294543755,24,0.027794395717480106,31,Manufacturing - food/textiles,All Other Miscellaneous Food Manufacturing,Manufacturing,Food Manufacturing,Other Food Manufacturing,All Other Food Manufacturing,0.0388615149345655,3.0,0.0188763934829823,0,False
523940,0.017214378251399386,4,0.01021479929821571,23,0.027794352514990125,52,Finance & insurance,Portfolio Management and Investment Advice,Finance and Insurance,"Securities, Commodity Contracts, and Other Financial Investments and Related Activities",Other Financial Investment Activities,Portfolio Management and Investment Advice,0.085946546318502,4.0,0.0504238221018075,0,False
325510,0.017170893540686048,2,0.009408723287489117,24,0.027724142057143315,32,Manufacturing - paper/chemicals,Paint and Coating Manufacturing,Manufacturing,Chemical Manufacturing,"Paint, Coating, and Adhesive Manufacturing",Paint and Coating Manufacturing,0.0320238930117584,3.0,0.0317861119286768,1,False
331513,0.017143105281958677,3,0.009211265506986907,24,0.027679275106529892,33,Manufacturing - metals/machinery,Steel Foundries (except Investment),Manufacturing,Primary Metal Manufacturing,Foundries,Ferrous Metal Foundries,0.0251235254186759,3.0,0.0594893852823784,0,False
335132,0.017098092171255217,2,0.006798645925380517,24,0.027606596892515017,33,Manufacturing - metals/machinery,"Commercial, Industrial, and Institutional Electric Lighting Fixture Manufacturing",Manufacturing,"Electrical Equipment, Appliance, and Component Manufacturing",Electric Lighting Equipment Manufacturing,Electric Lighting Equipment Manufacturing,0.0294474943773142,4.0,0.0467298473844139,2,False
326140,0.01698455575768717,2,0.006753693943312691,24,0.027423280884471476,32,Manufacturing - paper/chemicals,Polystyrene Foam Product Manufacturing,Manufacturing,Plastics and Rubber Products Manufacturing,Plastics Product Manufacturing,Polystyrene Foam Product Manufacturing,0.0336559229571348,3.0,0.0159055644771049,1,False
335210,0.016968684954655783,2,0.008046743886637718,24,0.027397655869864024,33,Manufacturing - metals/machinery,Small Electrical Appliance Manufacturing,Manufacturing,"Electrical Equipment, Appliance, and Component Manufacturing",Household Appliance Manufacturing,Small Electrical Appliance Manufacturing,0.0431906766894394,3.0,0.0436869707594861,1,False
424210,0.016759377275399202,4,0.010416168892056939,23,0.027059707479489895,42,Wholesale trade,Drugs and Druggists' Sundries Merchant Wholesalers,Wholesale Trade,"Merchant Wholesalers, Nondurable Goods",Drugs and Druggists' Sundries Merchant Wholesalers,Drugs and Druggists' Sundries Merchant Wholesalers,0.0688473143331485,4.0,0.0226285674883211,0,False
327212,0.01675171190532511,3,0.008175883748342267,24,0.027047330965224565,32,Manufacturing - paper/chemicals,Other Pressed and Blown Glass and Glassware Manufacturing,Manufacturing,Nonmetallic Mineral Product Manufacturing,Glass and Glass Product Manufacturing,Glass and Glass Product Manufacturing,0.0161478670561255,4.0,0.0510468899431012,1,False
521110,0.01672590986160018,2,0.008659980219377654,24,0.0270056709593606,52,Finance & insurance,Monetary Authorities-Central Bank,Finance and Insurance,Monetary Authorities-Central Bank,Monetary Authorities-Central Bank,Monetary Authorities-Central Bank,0.0474621858857996,3.0,0.0455765160124242,1,False
811420,0.016626154887323316,2,0.00914723428158457,24,0.02684460647711887,81,Other services,Reupholstery and Furniture Repair,Other Services (except Public Administration),Repair and Maintenance,Personal and Household Goods Repair and Maintenance,Reupholstery and Furniture Repair,0.0760829023906278,4.0,0.0643730273430618,2,False
335921,0.016621741585585232,4,0.006493644185577231,23,0.02683748075567416,33,Manufacturing - metals/machinery,Fiber Optic Cable Manufacturing,Manufacturing,"Electrical Equipment, Appliance, and Component Manufacturing",Other Electrical Equipment and Component Manufacturing,Communication and Energy Wire and Cable Manufacturing,0.050078016325214,4.0,0.0175389475356301,0,False
313310,0.01654174550031305,2,0.008716427343218014,24,0.026708318995580183,31,Manufacturing - food/textiles,Textile and Fabric Finishing Mills,Manufacturing,Textile Mills,Textile and Fabric Finishing and Fabric Coating Mills,Textile and Fabric Finishing Mills,0.0362617273284337,3.0,0.1093859198864149,1,False
486210,0.016489893597107914,1,0.008292568556583465,23,0.026624598860283424,48,Transportation,Pipeline Transportation of Natural Gas,Transportation and Warehousing,Pipeline Transportation,Pipeline Transportation of Natural Gas,Pipeline Transportation of Natural Gas,0.0264077443491144,1.0,0.0179901351757283,0,False
339992,0.01644732021374808,3,0.010351904016435992,24,0.026555859832502225,33,Manufacturing - metals/machinery,Musical Instrument Manufacturing,Manufacturing,Miscellaneous Manufacturing,Other Miscellaneous Manufacturing,All Other Miscellaneous Manufacturing,0.026907949398965,3.0,0.0286604144060459,0,False
325411,0.0164346809119456,2,0.007954017706846457,24,0.026535452403043485,32,Manufacturing - paper/chemicals,Medicinal and Botanical Manufacturing,Manufacturing,Chemical Manufacturing,Pharmaceutical and Medicine Manufacturing,Pharmaceutical and Medicine Manufacturing,0.0399056038208458,4.0,0.0198430975786657,2,False
524128,0.016233558229809073,2,0.009958703084527688,24,0.026210719517288025,52,Finance & insurance,"Other Direct Insurance (except Life, Health, and Medical) Carriers",Finance and Insurance,Insurance Carriers and Related Activities,Insurance Carriers,"Direct Insurance (except Life, Health, and Medical) Carriers",0.032125451200483,4.0,0.046678075080739,2,False
561622,0.016108246486049832,3,0.008490126783596263,24,0.026008391049222136,56,Administrative & waste services,Locksmiths,Administrative and Support and Waste Management and Remediation Services,Administrative and Support Services,Investigation and Security Services,Security Systems Services,0.0426997674608599,4.0,0.0262984997187792,1,False
332996,0.016071652163549405,3,0.007495671875164921,24,0.02594930581914469,33,Manufacturing - metals/machinery,Fabricated Pipe and Pipe Fitting Manufacturing,Manufacturing,Fabricated Metal Product Manufacturing,Other Fabricated Metal Product Manufacturing,All Other Fabricated Metal Product Manufacturing,0.0304974126928666,2.0,0.0180060249104078,3,False
541191,0.016068296803688514,2,0.008977799497753795,24,0.025943888251723647,54,Professional & technical services,Title Abstract and Settlement Offices,"Professional, Scientific, and Technical Services","Professional, Scientific, and Technical Services",Legal Services,Other Legal Services,0.0668187211327426,4.0,0.0353287997230605,2,False
327120,0.01606067743924842,2,0.007934311416394257,24,0.025931586018201454,32,Manufacturing - paper/chemicals,Clay Building Material and Refractories Manufacturing,Manufacturing,Nonmetallic Mineral Product Manufacturing,Clay Product and Refractory Manufacturing,Clay Building Material and Refractories Manufacturing,0.030446520543877,3.0,0.0470550721005486,1,False
336211,0.01602834457304785,2,0.007050574636111214,24,0.025879381339770753,33,Manufacturing - metals/machinery,Motor Vehicle Body Manufacturing,Manufacturing,Transportation Equipment Manufacturing,Motor Vehicle Body and Trailer Manufacturing,Motor Vehicle Body and Trailer Manufacturing,0.0349467613609507,3.0,0.0221534129798452,1,False
336510,0.015986859711919432,4,0.005482020181099097,23,0.025812399841084046,33,Manufacturing - metals/machinery,Railroad Rolling Stock Manufacturing,Manufacturing,Transportation Equipment Manufacturing,Railroad Rolling Stock Manufacturing,Railroad Rolling Stock Manufacturing,0.007221064106229,1.0,0.0090343533029012,1,False
562213,0.01597167418337084,2,0.00974379066037861,24,0.02578788127134879,56,Administrative & waste services,Solid Waste Combustors and Incinerators,Administrative and Support and Waste Management and Remediation Services,Waste Management and Remediation Services,Waste Treatment and Disposal,Waste Treatment and Disposal,0.0295900622462788,4.0,0.0238100433356622,2,False
423120,0.015906977164235114,2,0.007418253409966898,24,0.02568342139889413,42,Wholesale trade,Motor Vehicle Supplies and New Parts Merchant Wholesalers,Wholesale Trade,"Merchant Wholesalers, Durable Goods",Motor Vehicle and Motor Vehicle Parts and Supplies Merchant Wholesalers,Motor Vehicle Supplies and New Parts Merchant Wholesalers,0.0306417474842798,4.0,0.0299836615705359,2,False
483112,0.01585519782832726,4,0.0097387704496135,23,0.025599818430828872,48,Transportation,Deep Sea Passenger Transportation,Transportation and Warehousing,Water Transportation,"Deep Sea, Coastal, and Great Lakes Water Transportation","Deep Sea, Coastal, and Great Lakes Water Transportation",0.0804665609670276,4.0,0.0403680230954888,0,False
335910,0.015740004536217978,3,0.006266958531455156,24,0.02541382722501885,33,Manufacturing - metals/machinery,Battery Manufacturing,Manufacturing,"Electrical Equipment, Appliance, and Component Manufacturing",Other Electrical Equipment and Component Manufacturing,Battery Manufacturing,0.0170856187348304,3.0,0.0160975650547097,0,False
512120,0.01563247844594797,4,0.008297720918623857,23,0.02524021549104407,51,Information,Motion Picture and Video Distribution,Information,Motion Picture and Sound Recording Industries,Motion Picture and Video Industries,Motion Picture and Video Distribution,0.0498479958961376,4.0,0.0422938840791007,0,False
333912,0.015624508833081412,2,0.010938499523878977,24,0.025227347746058674,33,Manufacturing - metals/machinery,Air and Gas Compressor Manufacturing,Manufacturing,Machinery Manufacturing,Other General Purpose Machinery Manufacturing,Pump and Compressor Manufacturing,0.0163686161744111,3.0,0.0265732038665235,1,False
541830,0.015616370835326802,2,0.008925774298720036,24,0.025214208126662925,54,Professional & technical services,Media Buying Agencies,"Professional, Scientific, and Technical Services","Professional, Scientific, and Technical Services","Advertising, Public Relations, and Related Services",Media Buying Agencies,0.0482578168400696,4.0,0.0342619628216998,2,False
622110,0.015578441431282758,3,0.010995851805313527,24,0.025152967272576432,62,Health care & social assistance,General Medical and Surgical Hospitals,Health Care and Social Assistance,Hospitals,General Medical and Surgical Hospitals,General Medical and Surgical Hospitals,0.0217852052591573,3.0,0.0185644728807374,0,False
332112,0.015566744423253613,3,0.006978514926346134,24,0.025134081271596043,33,Manufacturing - metals/machinery,Nonferrous Forging,Manufacturing,Fabricated Metal Product Manufacturing,Forging and Stamping,Forging and Stamping,0.0537408349217124,3.0,0.0306036370952226,0,False
332993,0.015559786580926771,2,0.0078423802651769,24,0.025122847132346183,33,Manufacturing - metals/machinery,Ammunition (except Small Arms) Manufacturing,Manufacturing,Fabricated Metal Product Manufacturing,Other Fabricated Metal Product Manufacturing,All Other Fabricated Metal Product Manufacturing,0.0132343809081342,3.0,0.1493040200481354,1,False
333611,0.01549507489887256,4,0.0074197590317422865,23,0.025018363585128527,33,Manufacturing - metals/machinery,Turbine and Turbine Generator Set Units Manufacturing,Manufacturing,Machinery Manufacturing,"Engine, Turbine, and Power Transmission Equipment Manufacturing","Engine, Turbine, and Power Transmission Equipment Manufacturing",0.0619841381405639,4.0,0.0138142232843212,0,False
221121,0.015481177479305002,1,0.007217084504897947,23,0.02499592479745532,22,Utilities,Electric Bulk Power Transmission and Control,Utilities,Utilities,"Electric Power Generation, Transmission and Distribution","Electric Power Transmission, Control, and Distribution",0.0333821762460465,3.0,0.0221110864619834,2,False
513120,0.015322484032061764,3,0.006773999963715536,24,0.024739698197221355,51,Information,Periodical Publishers,Information,Publishing Industries,"Newspaper, Periodical, Book, and Directory Publishers",Periodical Publishers,0.0273237845383009,3.0,0.0708998829233505,0,False
325320,0.015266280244334143,1,0.007144778519936627,23,0.024648951504778242,32,Manufacturing - paper/chemicals,Pesticide and Other Agricultural Chemical Manufacturing,Manufacturing,Chemical Manufacturing,"Pesticide, Fertilizer, and Other Agricultural Chemical Manufacturing",Pesticide and Other Agricultural Chemical Manufacturing,0.0217240989304,3.0,0.0374386357473213,2,False
335313,0.015233806124740651,2,0.007213102265356322,24,0.024596518758476637,33,Manufacturing - metals/machinery,Switchgear and Switchboard Apparatus Manufacturing,Manufacturing,"Electrical Equipment, Appliance, and Component Manufacturing",Electrical Equipment Manufacturing,Electrical Equipment Manufacturing,0.0211944350348048,3.0,0.0180277011461924,1,False
488510,0.015219940774533602,3,0.005493046447742375,24,0.024574131750025305,48,Transportation,Freight Transportation Arrangement,Transportation and Warehousing,Support Activities for Transportation,Freight Transportation Arrangement,Freight Transportation Arrangement,0.0289067521955903,4.0,0.025872383447012,1,False
517112,0.015151365139429588,4,0.01004368561946762,23,0.02446340946031,51,Information,Wireless Telecommunications Carriers (except Satellite),Information,Telecommunications,Wired and Wireless Telecommunications (except Satellite),Wired and Wireless Telecommunications Carriers (except Satellite),0.039916918249686,4.0,0.0180148387415592,0,False
336612,0.015118737825918792,2,0.006221269345032078,24,0.024410729366954757,33,Manufacturing - metals/machinery,Boat Building,Manufacturing,Transportation Equipment Manufacturing,Ship and Boat Building,Ship and Boat Building,0.0403044036566323,3.0,0.0345686606014769,1,False
332919,0.015076760203540226,2,0.008358102159586243,24,0.024342952255455762,33,Manufacturing - metals/machinery,Other Metal Valve and Pipe Fitting Manufacturing,Manufacturing,Fabricated Metal Product Manufacturing,Other Fabricated Metal Product Manufacturing,Metal Valve Manufacturing,0.0283915214859858,3.0,0.018204943355198,1,False
325998,0.01506056348644165,2,0.006567557402174718,24,0.02431680101966618,32,Manufacturing - paper/chemicals,All Other Miscellaneous Chemical Product and Preparation Manufacturing,Manufacturing,Chemical Manufacturing,Other Chemical Product and Preparation Manufacturing,All Other Chemical Product and Preparation Manufacturing,0.0302113093079247,3.0,0.0197863584802142,1,False
811430,0.01490510304614209,4,0.009145050134661405,23,0.024065794435709522,81,Other services,Footwear and Leather Goods Repair,Other Services (except Public Administration),Repair and Maintenance,Personal and Household Goods Repair and Maintenance,Footwear and Leather Goods Repair,0.0331629958996462,4.0,0.0398700722616083,0,False
621492,0.014894829274605937,3,0.00952799966598689,24,0.024049206393808496,62,Health care & social assistance,Kidney Dialysis Centers,Health Care and Social Assistance,Ambulatory Health Care Services,Outpatient Care Centers,Other Outpatient Care Centers,0.0173228163980226,4.0,0.0476178941706185,1,False
333924,0.014869719759668948,2,0.009139708124147883,24,0.02400866454562514,33,Manufacturing - metals/machinery,"Industrial Truck, Tractor, Trailer, and Stacker Machinery Manufacturing",Manufacturing,Machinery Manufacturing,Other General Purpose Machinery Manufacturing,Material Handling Equipment Manufacturing,0.0321798677780947,3.0,0.0132377284175127,1,False
325130,0.014698370341031053,3,0.00814853523972669,24,0.02373200360119207,32,Manufacturing - paper/chemicals,Synthetic Dye and Pigment Manufacturing,Manufacturing,Chemical Manufacturing,Basic Chemical Manufacturing,Synthetic Dye and Pigment Manufacturing,0.0138122587634879,4.0,0.0478473619542474,1,False
561440,0.014649042154156185,4,0.005672265207079392,23,0.02365235826083167,56,Administrative & waste services,Collection Agencies,Administrative and Support and Waste Management and Remediation Services,Administrative and Support Services,Business Support Services,Collection Agencies,0.0480411727087271,3.0,0.0372662944319079,3,False
313210,0.014643543775237855,2,0.0071041872719518695,24,0.02364348057267557,31,Manufacturing - food/textiles,Broadwoven Fabric Mills,Manufacturing,Textile Mills,Fabric Mills,Broadwoven Fabric Mills,0.0298822400997399,2.0,0.12091646574601,0,False
336414,0.014600930478097263,3,0.007897091996952951,24,0.023574677100063637,33,Manufacturing - metals/machinery,Guided Missile and Space Vehicle Manufacturing,Manufacturing,Transportation Equipment Manufacturing,Aerospace Product and Parts Manufacturing,Aerospace Product and Parts Manufacturing,0.0524907174777346,3.0,0.1054486394577923,0,False
313240,0.01459845146318381,3,0.008322164821115212,24,0.023570674480080028,31,Manufacturing - food/textiles,Knit Fabric Mills,Manufacturing,Textile Mills,Fabric Mills,Knit Fabric Mills,0.0303913475286731,3.0,0.1285521139226241,0,False
541810,0.014537046857649633,2,0.009616532045904415,24,0.023471530541952487,54,Professional & technical services,Advertising Agencies,"Professional, Scientific, and Technical Services","Professional, Scientific, and Technical Services","Advertising, Public Relations, and Related Services",Advertising Agencies,0.0512969774306607,4.0,0.0393540597476235,2,False
339940,0.014454194952437976,2,0.007512298541658487,24,0.023337757772099232,33,Manufacturing - metals/machinery,Office Supplies (except Paper) Manufacturing,Manufacturing,Miscellaneous Manufacturing,Other Miscellaneous Manufacturing,Office Supplies (except Paper) Manufacturing,0.0330383480356754,3.0,0.0431810636574657,1,False
322212,0.014443495566135068,3,0.006676430294913076,24,0.02332048253216584,32,Manufacturing - paper/chemicals,Folding Paperboard Box Manufacturing,Manufacturing,Paper Manufacturing,Converted Paper Product Manufacturing,Paperboard Container Manufacturing,0.0286505222967423,3.0,0.0475292961595933,0,False
334220,0.01443204464015754,2,0.0074553512578299855,24,0.023301993855514586,33,Manufacturing - metals/machinery,Radio and Television Broadcasting and Wireless Communications Equipment Manufacturing,Manufacturing,Computer and Electronic Product Manufacturing,Communications Equipment Manufacturing,Radio and Television Broadcasting and Wireless Communications Equipment Manufacturing,0.0259337936994019,3.0,0.0519321796203053,1,False
485119,0.014392381886651017,3,0.008963468183237662,24,0.023237954333634916,48,Transportation,Other Urban Transit Systems,Transportation and Warehousing,Transit and Ground Passenger Transportation,Urban Transit Systems,Urban Transit Systems,0.0391328485370702,3.0,0.4946595532849738,0,False
334413,0.01429632431923363,2,0.006610598513453118,24,0.023082859688243685,33,Manufacturing - metals/machinery,Semiconductor and Related Device Manufacturing,Manufacturing,Computer and Electronic Product Manufacturing,Semiconductor and Other Electronic Component Manufacturing,Semiconductor and Other Electronic Component Manufacturing,0.0216916618327725,3.0,0.024371037937083,1,False
325520,0.014293534877618558,2,0.00619336647644781,24,0.023078355852994045,32,Manufacturing - paper/chemicals,Adhesive Manufacturing,Manufacturing,Chemical Manufacturing,"Paint, Coating, and Adhesive Manufacturing",Adhesive Manufacturing,0.0171866453898098,3.0,0.0244157911161962,1,False
485112,0.01428868285647027,2,0.005344131265974498,24,0.02307052177474642,48,Transportation,Commuter Rail Systems,Transportation and Warehousing,Transit and Ground Passenger Transportation,Urban Transit Systems,Urban Transit Systems,0.0238505700195265,3.0,0.0246205696478622,1,False
325612,0.0142228066662035,2,0.007549241967313318,24,0.022964158011392354,32,Manufacturing - paper/chemicals,Polish and Other Sanitation Good Manufacturing,Manufacturing,Chemical Manufacturing,"Soap, Cleaning Compound, and Toilet Preparation Manufacturing",Soap and Cleaning Compound Manufacturing,0.0368361813163983,3.0,0.0292121484829052,1,False
333612,0.014190369549595128,2,0.008815965264640959,24,0.022911785010147907,33,Manufacturing - metals/machinery,"Speed Changer, Industrial High-Speed Drive, and Gear Manufacturing",Manufacturing,Machinery Manufacturing,"Engine, Turbine, and Power Transmission Equipment Manufacturing","Engine, Turbine, and Power Transmission Equipment Manufacturing",0.0185067538179985,3.0,0.03327738457763,1,False
333120,0.014178498969660443,2,0.009091567841962184,24,0.02289261875979349,33,Manufacturing - metals/machinery,Construction Machinery Manufacturing,Manufacturing,Machinery Manufacturing,"Agriculture, Construction, and Mining Machinery Manufacturing",Construction Machinery Manufacturing,0.014812786716121,3.0,0.0143841855898623,1,False
221122,0.014165940252209519,2,0.008900316364205664,24,0.02287234144191018,22,Utilities,Electric Power Distribution,Utilities,Utilities,"Electric Power Generation, Transmission and Distribution","Electric Power Transmission, Control, and Distribution",0.0321560482224191,3.0,0.0306272861616587,1,False
621493,0.014150544115940859,3,0.00586086083563966,24,0.02284748282473734,62,Health care & social assistance,Freestanding Ambulatory Surgical and Emergency Centers,Health Care and Social Assistance,Ambulatory Health Care Services,Outpatient Care Centers,Other Outpatient Care Centers,0.0311973667199996,4.0,0.0613253143995799,1,False
311230,0.01414674431944022,2,0.009448461670194263,24,0.022841347669468787,31,Manufacturing - food/textiles,Breakfast Cereal Manufacturing,Manufacturing,Food Manufacturing,Grain and Oilseed Milling,Breakfast Cereal Manufacturing,0.0263700767644685,3.0,0.0313280999281438,1,False
561110,0.014117755043037736,2,0.0046068810960980516,24,0.022794541554503837,56,Administrative & waste services,Office Administrative Services,Administrative and Support and Waste Management and Remediation Services,Administrative and Support Services,Office Administrative Services,Office Administrative Services,0.0783249218069297,4.0,0.0521383902360111,2,False
331529,0.01405769516966276,3,0.008315837321262183,24,0.022697568822279014,33,Manufacturing - metals/machinery,Other Nonferrous Metal Foundries (except Die-Casting),Manufacturing,Primary Metal Manufacturing,Foundries,Nonferrous Metal Foundries,0.0305838564090673,3.0,0.0347704022055259,0,False
339116,0.013961390152207213,2,0.005287504910325802,24,0.02254207464380619,33,Manufacturing - metals/machinery,Dental Laboratories,Manufacturing,Miscellaneous Manufacturing,Medical Equipment and Supplies Manufacturing,Medical Equipment and Supplies Manufacturing,0.0274139668932599,4.0,0.0333695538241541,2,False
326291,0.01395675632805303,3,0.007258822326127362,24,0.022534592866645674,32,Manufacturing - paper/chemicals,Rubber Product Manufacturing for Mechanical Use,Manufacturing,Plastics and Rubber Products Manufacturing,Rubber Product Manufacturing,Other Rubber Product Manufacturing,0.0246180493274249,3.0,0.0563954523709241,0,False
332313,0.013937143672590607,3,0.006630250993650316,24,0.022502926253322984,33,Manufacturing - metals/machinery,Plate Work Manufacturing,Manufacturing,Fabricated Metal Product Manufacturing,Architectural and Structural Metals Manufacturing,Plate Work and Fabricated Structural Product Manufacturing,0.0288688133625871,3.0,0.0266993863799001,0,False
331221,0.013923815695287008,2,0.006230153503883299,24,0.022481406887704423,33,Manufacturing - metals/machinery,Rolled Steel Shape Manufacturing,Manufacturing,Primary Metal Manufacturing,Steel Product Manufacturing from Purchased Steel,Rolling and Drawing of Purchased Steel,0.0155745332990779,3.0,0.0251216926165251,1,False
518210,0.013819845669243342,2,0.007402672635278007,24,0.022313536778621895,51,Information,"Computing Infrastructure Providers, Data Processing, Web Hosting, and Related Services",Information,"Computing Infrastructure Providers, Data Processing, Web Hosting, and Related Services","Computing Infrastructure Providers, Data Processing, Web Hosting, and Related Services","Computing Infrastructure Providers, Data Processing, Web Hosting, and Related Services",0.0403347376881267,4.0,0.0158504206159997,2,False
332618,0.013781861709711903,2,0.008189851482565689,24,0.022252207839190342,33,Manufacturing - metals/machinery,Other Fabricated Wire Product Manufacturing,Manufacturing,Fabricated Metal Product Manufacturing,Spring and Wire Product Manufacturing,Spring and Wire Product Manufacturing,0.0396893891430336,3.0,0.0565550849536545,1,False
331491,0.01376380816602415,2,0.00800001168980829,24,0.022223058569314072,33,Manufacturing - metals/machinery,"Nonferrous Metal (except Copper and Aluminum) Rolling, Drawing, and Extruding",Manufacturing,Primary Metal Manufacturing,Nonferrous Metal (except Aluminum) Production and Processing,"Nonferrous Metal (except Copper and Aluminum) Rolling, Drawing, Extruding, and Alloying",0.0230300572584892,3.0,0.010185693630291,1,False
513110,0.013751103540708418,2,0.004278465910428164,24,0.022202545668444845,51,Information,Newspaper Publishers,Information,Publishing Industries,"Newspaper, Periodical, Book, and Directory Publishers",Newspaper Publishers,0.0321956926244545,3.0,0.100907847122154,1,False
513210,0.013697825127750125,2,0.007675353856262047,24,0.022116522289059557,51,Information,Software Publishers,Information,Publishing Industries,Software Publishers,Software Publishers,0.0367253603535486,4.0,0.0336394789822188,2,False
424120,0.01369008296753646,3,0.006364148908350781,24,0.0221040217893573,42,Wholesale trade,Stationery and Office Supplies Merchant Wholesalers,Wholesale Trade,"Merchant Wholesalers, Nondurable Goods",Paper and Paper Product Merchant Wholesalers,Stationery and Office Supplies Merchant Wholesalers,0.0414928005454252,3.0,0.0646505083811165,0,False
522210,0.013680071440987018,4,0.008163733834189753,23,0.022087857168476745,52,Finance & insurance,Credit Card Issuing,Finance and Insurance,Credit Intermediation and Related Activities,Nondepository Credit Intermediation,Credit Card Issuing,0.0540116933194444,4.0,0.0200643158332422,0,False
423710,0.013647272182661156,2,0.007616262647482735,24,0.022034899452849394,42,Wholesale trade,Hardware Merchant Wholesalers,Wholesale Trade,"Merchant Wholesalers, Durable Goods","Hardware, and Plumbing and Heating Equipment and Supplies Merchant Wholesalers",Hardware Merchant Wholesalers,0.0352613222094862,3.0,0.0202530383442966,1,False
424950,0.01364562369000748,2,0.0076050192649477445,24,0.022032237794945432,42,Wholesale trade,"Paint, Varnish, and Supplies Merchant Wholesalers",Wholesale Trade,"Merchant Wholesalers, Nondurable Goods",Miscellaneous Nondurable Goods Merchant Wholesalers,"Paint, Varnish, and Supplies Merchant Wholesalers",0.0313867475232878,4.0,0.0321211736016832,2,False
212114,0.013624580093593444,2,0.008180760075618486,24,0.021998260782916702,21,"Mining, quarrying, oil & gas",Surface Coal Mining,"Mining, Quarrying, and Oil and Gas Extraction",Mining (except Oil and Gas),Coal Mining,Coal Mining,0.01589278388802,4.0,0.0219242578299614,2,False
334510,0.013623033144390987,3,0.007642121443216737,24,0.02199576307717166,33,Manufacturing - metals/machinery,Electromedical and Electrotherapeutic Apparatus Manufacturing,Manufacturing,Computer and Electronic Product Manufacturing,"Navigational, Measuring, Electromedical, and Control Instruments Manufacturing","Navigational, Measuring, Electromedical, and Control Instruments Manufacturing",0.0353559910000462,4.0,0.0145443295329117,1,False
221330,0.01353732532531305,3,0.005796051742695052,24,0.021857379145904812,22,Utilities,Steam and Air-Conditioning Supply,Utilities,Utilities,"Water, Sewage and Other Systems",Steam and Air-Conditioning Supply,0.0488017892597588,4.0,0.0359787467404786,1,False
522292,0.013513509452727786,2,0.006098294091660375,24,0.02181892601396941,52,Finance & insurance,Real Estate Credit,Finance and Insurance,Credit Intermediation and Related Activities,Nondepository Credit Intermediation,Other Nondepository Credit Intermediation,0.0524941287155879,4.0,0.0254948024187473,2,False
423720,0.013472447471220655,3,0.007085786194967743,24,0.021752627297146433,42,Wholesale trade,Plumbing and Heating Equipment and Supplies (Hydronics) Merchant Wholesalers,Wholesale Trade,"Merchant Wholesalers, Durable Goods","Hardware, and Plumbing and Heating Equipment and Supplies Merchant Wholesalers",Plumbing and Heating Equipment and Supplies (Hydronics) Merchant Wholesalers,0.0218366351330192,3.0,0.0195888591069882,0,False
325193,0.013463312688262265,2,0.005526682903483207,24,0.02173787826735369,32,Manufacturing - paper/chemicals,Ethyl Alcohol Manufacturing,Manufacturing,Chemical Manufacturing,Basic Chemical Manufacturing,Other Basic Organic Chemical Manufacturing,0.0330634097502324,3.0,0.0630834088087797,1,False
332913,0.013459873401587271,2,0.006017624986979139,24,0.021732325191613815,33,Manufacturing - metals/machinery,Plumbing Fixture Fitting and Trim Manufacturing,Manufacturing,Fabricated Metal Product Manufacturing,Other Fabricated Metal Product Manufacturing,Metal Valve Manufacturing,0.022426976464109,3.0,0.016041199986799,1,False
326299,0.013449677447516906,2,0.006966075663836106,24,0.021715862793871662,32,Manufacturing - paper/chemicals,All Other Rubber Product Manufacturing,Manufacturing,Plastics and Rubber Products Manufacturing,Rubber Product Manufacturing,Other Rubber Product Manufacturing,0.0316538421773505,3.0,0.0325738718636784,1,False
541714,0.01341213748927253,2,0.006618768918545371,24,0.02165525073936674,54,Professional & technical services,Research and Development in Biotechnology (except Nanobiotechnology),"Professional, Scientific, and Technical Services","Professional, Scientific, and Technical Services",Scientific Research and Development Services,"Research and Development in the Physical, Engineering, and Life Sciences",0.0410132390954869,3.0,0.0542409528036369,1,False
325413,0.013338683724748338,2,0.0053602815996469065,24,0.02153665221696164,32,Manufacturing - paper/chemicals,In-Vitro Diagnostic Substance Manufacturing,Manufacturing,Chemical Manufacturing,Pharmaceutical and Medicine Manufacturing,Pharmaceutical and Medicine Manufacturing,0.0291048364334466,3.0,0.0381892187726696,1,False
335314,0.013336870601576442,2,0.007765411215301644,24,0.021533724746456644,33,Manufacturing - metals/machinery,Relay and Industrial Control Manufacturing,Manufacturing,"Electrical Equipment, Appliance, and Component Manufacturing",Electrical Equipment Manufacturing,Electrical Equipment Manufacturing,0.0188788585421546,3.0,0.0203517123191854,1,False
333995,0.013300109162615434,2,0.008002982744980167,24,0.02147436968997312,33,Manufacturing - metals/machinery,Fluid Power Cylinder and Actuator Manufacturing,Manufacturing,Machinery Manufacturing,Other General Purpose Machinery Manufacturing,All Other General Purpose Machinery Manufacturing,0.0211676587550298,3.0,0.0299051565412864,1,False
921130,0.013276820108490843,2,0.007519957164008758,24,0.021436767159656527,92,Public administration,Public Finance Activities,Public Administration,"Executive, Legislative, and Other General Government Support","Executive, Legislative, and Other General Government Support",Public Finance Activities,0.0464964230228272,3.0,0.0189377500708935,1,False
522130,0.013240561558470311,3,0.0057112008164382985,24,0.021378224068164323,52,Finance & insurance,Credit Unions,Finance and Insurance,Credit Intermediation and Related Activities,Depository Credit Intermediation,Credit Unions,0.028071159716206,3.0,0.0317567368963551,0,False
333618,0.01322773504340655,2,0.008293047493758593,24,0.021357514363984795,33,Manufacturing - metals/machinery,Other Engine Equipment Manufacturing,Manufacturing,Machinery Manufacturing,"Engine, Turbine, and Power Transmission Equipment Manufacturing","Engine, Turbine, and Power Transmission Equipment Manufacturing",0.0416513825292213,3.0,0.0213351344336369,1,False
334512,0.013220459628168615,2,0.005815843610193619,24,0.021345767471191865,33,Manufacturing - metals/machinery,"Automatic Environmental Control Manufacturing for Residential, Commercial, and Appliance Use",Manufacturing,Computer and Electronic Product Manufacturing,"Navigational, Measuring, Electromedical, and Control Instruments Manufacturing","Navigational, Measuring, Electromedical, and Control Instruments Manufacturing",0.0270283565731516,3.0,0.070531261439275,1,False
323111,0.013181703575517043,4,0.004896754196904315,23,0.021283191909428564,32,Manufacturing - paper/chemicals,Commercial Printing (except Screen and Books),Manufacturing,Printing and Related Support Activities,Printing and Related Support Activities,Printing,0.0199391286067231,4.0,0.0605701830735153,0,False
322291,0.013175704023810377,2,0.006783471306889042,24,0.021273505027182123,32,Manufacturing - paper/chemicals,Sanitary Paper Product Manufacturing,Manufacturing,Paper Manufacturing,Converted Paper Product Manufacturing,Other Converted Paper Product Manufacturing,0.0232571986808946,3.0,0.0151309905455734,1,False
541930,0.013122043678948415,4,0.004656848689591671,23,0.021186864980159335,54,Professional & technical services,Translation and Interpretation Services,"Professional, Scientific, and Technical Services","Professional, Scientific, and Technical Services","Other Professional, Scientific, and Technical Services",Translation and Interpretation Services,0.0923842936284394,4.0,0.0533524134603196,0,False
423210,0.01308272042575028,3,0.007296437861704677,24,0.02112337361582055,42,Wholesale trade,Furniture Merchant Wholesalers,Wholesale Trade,"Merchant Wholesalers, Durable Goods",Furniture and Home Furnishing Merchant Wholesalers,Furniture Merchant Wholesalers,0.0363978999010447,3.0,0.0277363483603254,0,False
334519,0.013067873958847287,2,0.0066982473974893,24,0.021099402495360808,33,Manufacturing - metals/machinery,Other Measuring and Controlling Device Manufacturing,Manufacturing,Computer and Electronic Product Manufacturing,"Navigational, Measuring, Electromedical, and Control Instruments Manufacturing","Navigational, Measuring, Electromedical, and Control Instruments Manufacturing",0.0269815013207101,4.0,0.0207398702006575,2,False
331315,0.013047670803336471,2,0.006718278814475472,24,0.021066782460063445,33,Manufacturing - metals/machinery,"Aluminum Sheet, Plate, and Foil Manufacturing",Manufacturing,Primary Metal Manufacturing,Alumina and Aluminum Production and Processing,Alumina and Aluminum Production and Processing,0.0160984452376184,4.0,0.0293790647110471,2,False
332410,0.013034733401717742,3,0.006419572994506607,24,0.021045893718340248,33,Manufacturing - metals/machinery,Power Boiler and Heat Exchanger Manufacturing,Manufacturing,Fabricated Metal Product Manufacturing,"Boiler, Tank, and Shipping Container Manufacturing",Power Boiler and Heat Exchanger Manufacturing,0.0218217312115803,2.0,0.0175300402401167,3,False
532112,0.013001357947984467,3,0.005524989583551747,24,0.020992005677026006,53,Real estate,Passenger Car Leasing,Real Estate and Rental and Leasing,Rental and Leasing Services,Automotive Equipment Rental and Leasing,Passenger Car Rental and Leasing,0.0494445208552397,4.0,0.0281117123213746,1,False
333242,0.012968887140820992,3,0.00797010646001252,24,0.02093957827897725,33,Manufacturing - metals/machinery,Semiconductor Machinery Manufacturing,Manufacturing,Machinery Manufacturing,Industrial Machinery Manufacturing,Industrial Machinery Manufacturing,0.0230210000945147,4.0,0.0167315616528387,1,False
325992,0.012938085784599734,2,0.005173648814213067,24,0.020889846378106314,32,Manufacturing - paper/chemicals,"Photographic Film, Paper, Plate, Chemical, and Copy Toner Manufacturing",Manufacturing,Chemical Manufacturing,Other Chemical Product and Preparation Manufacturing,All Other Chemical Product and Preparation Manufacturing,0.0312036915164884,3.0,0.1151471513231908,1,False
325920,0.012930453049421604,4,0.004589958338010639,23,0.020877522556176975,32,Manufacturing - paper/chemicals,Explosives Manufacturing,Manufacturing,Chemical Manufacturing,Other Chemical Product and Preparation Manufacturing,Explosives Manufacturing,0.0175478756290168,2.0,0.0271023129430191,2,False
812191,0.012895898087358755,2,0.008812862647214372,24,0.020821730079522243,81,Other services,Diet and Weight Reducing Centers,Other Services (except Public Administration),Personal and Laundry Services,Personal Care Services,Other Personal Care Services,0.0783589129652543,2.0,0.0887706893400588,0,False
551112,0.01288438320052389,4,0.004773354921517392,23,0.02080313813160612,55,Management of companies,Offices of Other Holding Companies,Management of Companies and Enterprises,Management of Companies and Enterprises,Management of Companies and Enterprises,Management of Companies and Enterprises,0.0931443870400695,4.0,0.0351033363207814,0,False
561410,0.012853592406161074,3,0.006898171230517958,24,0.020753423283922493,56,Administrative & waste services,Document Preparation Services,Administrative and Support and Waste Management and Remediation Services,Administrative and Support Services,Business Support Services,Document Preparation Services,0.0794441119839997,4.0,0.0270147128881456,1,False
524130,0.012770840084300353,2,0.006636292539821273,24,0.02061981130144826,52,Finance & insurance,Reinsurance Carriers,Finance and Insurance,Insurance Carriers and Related Activities,Insurance Carriers,Reinsurance Carriers,0.0376606638988539,4.0,0.0122230842979467,2,False
523160,0.012768423236712335,2,0.007667309580936439,24,0.0206159090568911,52,Finance & insurance,Commodity Contracts Intermediation,Finance and Insurance,"Securities, Commodity Contracts, and Other Financial Investments and Related Activities",Securities and Commodity Contracts Intermediation and Brokerage,Commodity Contracts Intermediation,0.0624576083714797,4.0,0.0328844135916487,2,False
334515,0.01268553468547046,2,0.005967917522391605,24,0.020482077118320435,33,Manufacturing - metals/machinery,Instrument Manufacturing for Measuring and Testing Electricity and Electrical Signals,Manufacturing,Computer and Electronic Product Manufacturing,"Navigational, Measuring, Electromedical, and Control Instruments Manufacturing","Navigational, Measuring, Electromedical, and Control Instruments Manufacturing",0.0123329499128426,3.0,0.0357340521928097,1,False
485113,0.01264928102077972,2,0.004957348861736812,24,0.02042354191468665,48,Transportation,Bus and Other Motor Vehicle Transit Systems,Transportation and Warehousing,Transit and Ground Passenger Transportation,Urban Transit Systems,Urban Transit Systems,0.0294333321344764,2.0,0.0068270414444098,0,False
532283,0.012623568719693641,2,0.0035953166646205026,24,0.02038202680737803,53,Real estate,Home Health Equipment Rental,Real Estate and Rental and Leasing,Rental and Leasing Services,Consumer Goods Rental,Other Consumer Goods Rental,0.0239078719324592,3.0,0.0105954618682121,1,False
335131,0.012576434923904211,2,0.006634188658012268,24,0.02030592453308099,33,Manufacturing - metals/machinery,Residential Electric Lighting Fixture Manufacturing,Manufacturing,"Electrical Equipment, Appliance, and Component Manufacturing",Electric Lighting Equipment Manufacturing,Electric Lighting Equipment Manufacturing,0.0314981787488504,2.0,0.0590512522267171,0,False
331110,0.012540983584156696,3,0.005965236656109422,24,0.02024868476411106,33,Manufacturing - metals/machinery,Iron and Steel Mills and Ferroalloy Manufacturing,Manufacturing,Primary Metal Manufacturing,Iron and Steel Mills and Ferroalloy Manufacturing,Iron and Steel Mills and Ferroalloy Manufacturing,0.0315715040530199,3.0,0.0240464677242137,0,False
332613,0.012482560349170583,2,0.006379641320037388,24,0.020154354549882257,33,Manufacturing - metals/machinery,Spring Manufacturing,Manufacturing,Fabricated Metal Product Manufacturing,Spring and Wire Product Manufacturing,Spring and Wire Product Manufacturing,0.0237855734546872,3.0,0.0369830358129709,1,False
332431,0.012465877829653976,2,0.00751162888012593,24,0.020127418937017756,33,Manufacturing - metals/machinery,Metal Can Manufacturing,Manufacturing,Fabricated Metal Product Manufacturing,"Boiler, Tank, and Shipping Container Manufacturing","Metal Can, Box, and Other Metal Container (Light Gauge) Manufacturing",0.0397701820591914,3.0,0.0229221662276949,1,False
326113,0.012457944092168223,3,0.006107769798532261,24,0.020114609116458453,32,Manufacturing - paper/chemicals,Unlaminated Plastics Film and Sheet (except Packaging) Manufacturing,Manufacturing,Plastics and Rubber Products Manufacturing,Plastics Product Manufacturing,Plastics Packaging Materials and Unlaminated Film and Sheet Manufacturing,0.0278548412384382,3.0,0.0211255534246101,0,False
211120,0.01241199002549382,2,0.008480426853779177,24,0.02004041163398232,21,"Mining, quarrying, oil & gas",Crude Petroleum Extraction,"Mining, Quarrying, and Oil and Gas Extraction",Oil and Gas Extraction,Oil and Gas Extraction,Crude Petroleum Extraction,0.0182953603657914,4.0,0.0198712640967812,2,False
333613,0.012402307322841529,2,0.006438424189748893,24,0.020024777932498287,33,Manufacturing - metals/machinery,Mechanical Power Transmission Equipment Manufacturing,Manufacturing,Machinery Manufacturing,"Engine, Turbine, and Power Transmission Equipment Manufacturing","Engine, Turbine, and Power Transmission Equipment Manufacturing",0.010697643327842,3.0,0.0251073211912647,1,False
335139,0.012361869297800598,4,0.004604429974134656,23,0.019959486656415965,33,Manufacturing - metals/machinery,Electric Lamp Bulb and Other Lighting Equipment Manufacturing,Manufacturing,"Electrical Equipment, Appliance, and Component Manufacturing",Electric Lighting Equipment Manufacturing,Electric Lighting Equipment Manufacturing,0.0258385977572155,4.0,0.0488189527928307,0,False
331410,0.012237815359748402,2,0.006105157895520979,24,0.019759189042715324,33,Manufacturing - metals/machinery,Nonferrous Metal (except Aluminum) Smelting and Refining,Manufacturing,Primary Metal Manufacturing,Nonferrous Metal (except Aluminum) Production and Processing,Nonferrous Metal (except Aluminum) Smelting and Refining,0.0179174852598664,3.0,0.0266414376021092,1,False
221112,0.01222548869327755,1,0.006096376381230987,23,0.019739286394578864,22,Utilities,Fossil Fuel Electric Power Generation,Utilities,Utilities,"Electric Power Generation, Transmission and Distribution",Electric Power Generation,0.0290340354708357,1.0,0.0278419918954497,0,False
221117,0.012180122250056736,2,0.005105536531657083,24,0.019666037689524525,22,Utilities,Biomass Electric Power Generation,Utilities,Utilities,"Electric Power Generation, Transmission and Distribution",Electric Power Generation,0.0240011643639637,3.0,0.077542357426729,1,False
331210,0.01205426467299731,3,0.005713656909133592,24,0.01946282791846074,33,Manufacturing - metals/machinery,Iron and Steel Pipe and Tube Manufacturing from Purchased Steel,Manufacturing,Primary Metal Manufacturing,Steel Product Manufacturing from Purchased Steel,Iron and Steel Pipe and Tube Manufacturing from Purchased Steel,0.0201137388747942,3.0,0.0199711299546778,0,False
333923,0.01197290205405023,2,0.008264423276340032,24,0.019331459751714776,33,Manufacturing - metals/machinery,"Overhead Traveling Crane, Hoist, and Monorail System Manufacturing",Manufacturing,Machinery Manufacturing,Other General Purpose Machinery Manufacturing,Material Handling Equipment Manufacturing,0.0401354296452135,4.0,0.0360560492929457,2,False
334514,0.011972900152888783,2,0.006982400232657644,24,0.019331456682097584,33,Manufacturing - metals/machinery,Totalizing Fluid Meter and Counting Device Manufacturing,Manufacturing,Computer and Electronic Product Manufacturing,"Navigational, Measuring, Electromedical, and Control Instruments Manufacturing","Navigational, Measuring, Electromedical, and Control Instruments Manufacturing",0.0260886796564945,3.0,0.0259254109297977,1,False
423440,0.011949334860285368,3,0.0056206490330952125,24,0.01929340813685402,42,Wholesale trade,Other Commercial Equipment Merchant Wholesalers,Wholesale Trade,"Merchant Wholesalers, Durable Goods",Professional and Commercial Equipment and Supplies Merchant Wholesalers,Other Commercial Equipment Merchant Wholesalers,0.0321357455692668,4.0,0.0164694131636917,1,False
332994,0.011866105850728852,2,0.00668821225623788,24,0.019159026493944596,33,Manufacturing - metals/machinery,"Small Arms, Ordnance, and Ordnance Accessories Manufacturing",Manufacturing,Fabricated Metal Product Manufacturing,Other Fabricated Metal Product Manufacturing,All Other Fabricated Metal Product Manufacturing,0.0210268297954262,3.0,0.0541873420899949,1,False
425120,0.011816072100812688,4,0.006285568895001142,23,0.019078241950784947,42,Wholesale trade,Wholesale Trade Agents and Brokers,Wholesale Trade,Wholesale Trade Agents and Brokers,Wholesale Trade Agents and Brokers,Wholesale Trade Agents and Brokers,0.0880917715280899,4.0,0.0375915987808958,0,False
333921,0.011813895224731185,3,0.007393509976953666,24,0.01907472716446463,33,Manufacturing - metals/machinery,Elevator and Moving Stairway Manufacturing,Manufacturing,Machinery Manufacturing,Other General Purpose Machinery Manufacturing,Material Handling Equipment Manufacturing,0.0485377740514707,3.0,0.0306070151520255,0,False
333519,0.011791979369094714,2,0.0057896774816495545,24,0.019039341801814186,33,Manufacturing - metals/machinery,Rolling Mill and Other Metalworking Machinery Manufacturing,Manufacturing,Machinery Manufacturing,Metalworking Machinery Manufacturing,Metalworking Machinery Manufacturing,0.0181402743173232,2.0,0.055052351335608,0,False
423520,0.011788285681989273,1,0.007419714735229165,23,0.01903337797088231,42,Wholesale trade,Coal and Other Mineral and Ore Merchant Wholesalers,Wholesale Trade,"Merchant Wholesalers, Durable Goods",Metal and Mineral (except Petroleum) Merchant Wholesalers,Coal and Other Mineral and Ore Merchant Wholesalers,0.0438577557729442,4.0,0.0307776669508076,3,False
333514,0.011718117067183124,2,0.005429898998576858,24,0.01892008365453068,33,Manufacturing - metals/machinery,"Special Die and Tool, Die Set, Jig, and Fixture Manufacturing",Manufacturing,Machinery Manufacturing,Metalworking Machinery Manufacturing,Metalworking Machinery Manufacturing,0.0152803906595582,3.0,0.0496377841800422,1,False
335991,0.011654938163494069,2,0.005005708971945337,24,0.018818074932809844,33,Manufacturing - metals/machinery,Carbon and Graphite Product Manufacturing,Manufacturing,"Electrical Equipment, Appliance, and Component Manufacturing",Other Electrical Equipment and Component Manufacturing,All Other Electrical Equipment and Component Manufacturing,0.0161592978852562,2.0,0.0143482717028308,0,False
313320,0.011626198908748282,2,0.005856558579977929,24,0.018771672503064375,31,Manufacturing - food/textiles,Fabric Coating Mills,Manufacturing,Textile Mills,Textile and Fabric Finishing and Fabric Coating Mills,Fabric Coating Mills,0.0312358694201827,3.0,0.0330159400241582,1,False
332510,0.011612037460725257,2,0.0049512304163467314,24,0.018748807414780244,33,Manufacturing - metals/machinery,Hardware Manufacturing,Manufacturing,Fabricated Metal Product Manufacturing,Hardware Manufacturing,Hardware Manufacturing,0.0329312846220928,3.0,0.0389457691345013,1,False
621512,0.01159336717700922,3,0.006432767942281679,24,0.018718662355831268,62,Health care & social assistance,Diagnostic Imaging Centers,Health Care and Social Assistance,Ambulatory Health Care Services,Medical and Diagnostic Laboratories,Medical and Diagnostic Laboratories,0.0382374616712052,4.0,0.0303957410608996,1,False
333991,0.011562674941433865,2,0.005690744568027012,24,0.01866910664126544,33,Manufacturing - metals/machinery,Power-Driven Handtool Manufacturing,Manufacturing,Machinery Manufacturing,Other General Purpose Machinery Manufacturing,All Other General Purpose Machinery Manufacturing,0.0210474388907304,3.0,0.0808024621769286,1,False
484230,0.011501947606366603,2,0.004777477271695303,24,0.01857105622471797,48,Transportation,"Specialized Freight (except Used Goods) Trucking, Long-Distance",Transportation and Warehousing,Truck Transportation,Specialized Freight Trucking,"Specialized Freight (except Used Goods) Trucking, Long-Distance",0.0652070096524429,4.0,0.0303238573267656,2,False
522390,0.011479071607690359,3,0.007085412312751865,24,0.01853412061414555,52,Finance & insurance,Other Activities Related to Credit Intermediation,Finance and Insurance,Credit Intermediation and Related Activities,Activities Related to Credit Intermediation,Other Activities Related to Credit Intermediation,0.0397835248010285,4.0,0.0247384756470654,1,False
423220,0.011450405362998692,3,0.006607408194237391,24,0.01848783606650722,42,Wholesale trade,Home Furnishing Merchant Wholesalers,Wholesale Trade,"Merchant Wholesalers, Durable Goods",Furniture and Home Furnishing Merchant Wholesalers,Home Furnishing Merchant Wholesalers,0.0204320522434093,4.0,0.0202061216482619,1,False
337122,0.011449023520478224,3,0.004287929861767166,24,0.01848560494217771,33,Manufacturing - metals/machinery,Nonupholstered Wood Household Furniture Manufacturing,Manufacturing,Furniture and Related Product Manufacturing,Household and Institutional Furniture and Kitchen Cabinet Manufacturing,Household and Institutional Furniture Manufacturing,0.0386492983013325,3.0,0.105986769693849,0,False
211130,0.011401963351614568,2,0.006922181717638684,24,0.018409621545989407,21,"Mining, quarrying, oil & gas",Natural Gas Extraction,"Mining, Quarrying, and Oil and Gas Extraction",Oil and Gas Extraction,Oil and Gas Extraction,Natural Gas Extraction,0.0229854359754671,3.0,0.0252707534197257,1,False
339993,0.011389144620073632,1,0.004541282551196075,23,0.018388924409093694,33,Manufacturing - metals/machinery,"Fastener, Button, Needle, and Pin Manufacturing",Manufacturing,Miscellaneous Manufacturing,Other Miscellaneous Manufacturing,All Other Miscellaneous Manufacturing,0.0296608105257924,3.0,0.0743536610721472,2,False
332111,0.011325628462268514,3,0.006048418583881616,24,0.018286371156536363,33,Manufacturing - metals/machinery,Iron and Steel Forging,Manufacturing,Fabricated Metal Product Manufacturing,Forging and Stamping,Forging and Stamping,0.0103465214938322,3.0,0.0232828224813891,0,False
562211,0.011323855296081889,3,0.004925344125261439,24,0.018283508200620153,56,Administrative & waste services,Hazardous Waste Treatment and Disposal,Administrative and Support and Waste Management and Remediation Services,Waste Management and Remediation Services,Waste Treatment and Disposal,Waste Treatment and Disposal,0.0196174869164505,4.0,0.0168092299811049,1,False
325991,0.01118733353666649,2,0.005711677551271241,24,0.018063080029951262,32,Manufacturing - paper/chemicals,Custom Compounding of Purchased Resins,Manufacturing,Chemical Manufacturing,Other Chemical Product and Preparation Manufacturing,All Other Chemical Product and Preparation Manufacturing,0.0375680988145735,3.0,0.0396274005124483,1,False
313220,0.0111616863895031,3,0.00625749211132966,24,0.018021670120232036,31,Manufacturing - food/textiles,Narrow Fabric Mills and Schiffli Machine Embroidery,Manufacturing,Textile Mills,Fabric Mills,Narrow Fabric Mills and Schiffli Machine Embroidery,0.0223123292106141,3.0,0.0824406251603712,0,False
423510,0.011125791229381,2,0.005876311206457048,24,0.017963713758436944,42,Wholesale trade,Metal Service Centers and Other Metal Merchant Wholesalers,Wholesale Trade,"Merchant Wholesalers, Durable Goods",Metal and Mineral (except Petroleum) Merchant Wholesalers,Metal Service Centers and Other Metal Merchant Wholesalers,0.0233495077641431,3.0,0.0193595467225428,1,False
522180,0.011115594563343696,2,0.0049062043493427595,24,0.017947250211152253,52,Finance & insurance,Savings Institutions and Other Depository Credit Intermediation,Finance and Insurance,Credit Intermediation and Related Activities,Depository Credit Intermediation,Savings Institutions and Other Depository Credit Intermediation,0.0259568682764784,3.0,0.0193008003898361,1,False
339115,0.011077657318045187,2,0.0041207945183613865,24,0.01788599669656838,33,Manufacturing - metals/machinery,Ophthalmic Goods Manufacturing,Manufacturing,Miscellaneous Manufacturing,Medical Equipment and Supplies Manufacturing,Medical Equipment and Supplies Manufacturing,0.0259893340688632,3.0,0.0295152494226422,1,False
334418,0.011044888257592936,4,0.0038773354506897477,23,0.017833087738458268,33,Manufacturing - metals/machinery,Printed Circuit Assembly (Electronic Assembly) Manufacturing,Manufacturing,Computer and Electronic Product Manufacturing,Semiconductor and Other Electronic Component Manufacturing,Semiconductor and Other Electronic Component Manufacturing,0.0173788532360484,3.0,0.0552863371047006,3,False
621310,0.011042293218662675,3,0.007328437486873323,24,0.017828897785979913,62,Health care & social assistance,Offices of Chiropractors,Health Care and Social Assistance,Ambulatory Health Care Services,Offices of Other Health Practitioners,Offices of Chiropractors,0.071919455889426,4.0,0.025164746330747,1,False
326121,0.011025804273624911,3,0.0056423286542055945,24,0.017802274718664506,32,Manufacturing - paper/chemicals,Unlaminated Plastics Profile Shape Manufacturing,Manufacturing,Plastics and Rubber Products Manufacturing,Plastics Product Manufacturing,"Plastics Pipe, Pipe Fitting, and Unlaminated Profile Shape Manufacturing",0.031960782953307,3.0,0.0270082946053125,0,False
524114,0.011001646367749238,4,0.006747816222997037,23,0.017763269339432883,52,Finance & insurance,Direct Health and Medical Insurance Carriers,Finance and Insurance,Insurance Carriers and Related Activities,Insurance Carriers,"Direct Life, Health, and Medical Insurance Carriers",0.0184885461908868,4.0,0.0214564363792114,0,False
424110,0.010960798048253506,4,0.005611269964594816,23,0.017697315601509354,42,Wholesale trade,Printing and Writing Paper Merchant Wholesalers,Wholesale Trade,"Merchant Wholesalers, Nondurable Goods",Paper and Paper Product Merchant Wholesalers,Printing and Writing Paper Merchant Wholesalers,0.0192274075885,4.0,0.0654910331171944,0,False
423860,0.010947514956680083,2,0.007637122531082149,24,0.01767586870843608,42,Wholesale trade,Transportation Equipment and Supplies (except Motor Vehicle) Merchant Wholesalers,Wholesale Trade,"Merchant Wholesalers, Durable Goods","Machinery, Equipment, and Supplies Merchant Wholesalers",Transportation Equipment and Supplies (except Motor Vehicle) Merchant Wholesalers,0.0479662112785491,4.0,0.0203554221443567,2,False
314994,0.010939977174696905,3,0.0059600105263391545,24,0.017663698198031236,31,Manufacturing - food/textiles,"Rope, Cordage, Twine, Tire Cord, and Tire Fabric Mills",Manufacturing,Textile Product Mills,Other Textile Product Mills,All Other Textile Product Mills,0.0167868545728604,3.0,0.06557375457074,0,False
331523,0.01091872242950295,3,0.00598798665705648,24,0.017629380264969144,33,Manufacturing - metals/machinery,Nonferrous Metal Die-Casting Foundries,Manufacturing,Primary Metal Manufacturing,Foundries,Nonferrous Metal Foundries,0.0279349909812665,3.0,0.0673005811580607,0,False
516210,0.01091294455023279,2,0.0054132544012818916,24,0.017620051295262625,51,Information,"Media Streaming Distribution Services, Social Networks, and Other Media Networks and Content Providers",Information,Broadcasting and Content Providers,"Media Streaming Distribution Services, Social Networks, and Other Media Networks and Content Providers","Media Streaming Distribution Services, Social Networks, and Other Media Networks and Content Providers",0.0364796944304603,4.0,0.0335108786760319,2,False
486910,0.01090755638576867,1,0.004127648634763881,23,0.017611351559475633,48,Transportation,Pipeline Transportation of Refined Petroleum Products,Transportation and Warehousing,Pipeline Transportation,Other Pipeline Transportation,Pipeline Transportation of Refined Petroleum Products,0.0454986729691504,1.0,0.035906253881375,0,False
541511,0.010902434463162133,2,0.005167426663147126,24,0.01760308169806086,54,Professional & technical services,Custom Computer Programming Services,"Professional, Scientific, and Technical Services","Professional, Scientific, and Technical Services",Computer Systems Design and Related Services,Computer Systems Design and Related Services,0.0593971646045185,4.0,0.0334615932468062,2,False
331420,0.010898149950713469,2,0.004132847596186417,24,0.017596163919932954,33,Manufacturing - metals/machinery,"Copper Rolling, Drawing, Extruding, and Alloying",Manufacturing,Primary Metal Manufacturing,Nonferrous Metal (except Aluminum) Production and Processing,"Copper Rolling, Drawing, Extruding, and Alloying",0.0282063354496977,4.0,0.0423221817258086,2,False
516120,0.010796912388011847,4,0.005580191514135932,23,0.01743270564892287,51,Information,Television Broadcasting Stations,Information,Broadcasting and Content Providers,Radio and Television Broadcasting Stations,Television Broadcasting Stations,0.016905061092596,4.0,0.0107981632940471,0,False
325613,0.010701851752791262,2,0.006193329874457025,24,0.017279220651263718,32,Manufacturing - paper/chemicals,Surface Active Agent Manufacturing,Manufacturing,Chemical Manufacturing,"Soap, Cleaning Compound, and Toilet Preparation Manufacturing",Soap and Cleaning Compound Manufacturing,0.0110767560457445,3.0,0.0192704313747896,1,False
332216,0.010653606330148887,2,0.00596295394598327,24,0.017201323543126926,33,Manufacturing - metals/machinery,Saw Blade and Handtool Manufacturing,Manufacturing,Fabricated Metal Product Manufacturing,Cutlery and Handtool Manufacturing,Cutlery and Handtool Manufacturing,0.0272240135540763,3.0,0.0375986639953883,1,False
322211,0.010645231306190899,3,0.004953151104402847,24,0.017187801220983758,32,Manufacturing - paper/chemicals,Corrugated and Solid Fiber Box Manufacturing,Manufacturing,Paper Manufacturing,Converted Paper Product Manufacturing,Paperboard Container Manufacturing,0.0316148250899104,3.0,0.023250552708376,0,False
333310,0.01054197693669142,2,0.005786153362631057,24,0.01702108661168044,33,Manufacturing - metals/machinery,Commercial and Service Industry Machinery Manufacturing,Manufacturing,Machinery Manufacturing,Commercial and Service Industry Machinery Manufacturing,Commercial and Service Industry Machinery Manufacturing,0.0201093820130492,3.0,0.0291733497865894,1,False
335999,0.010487351238846986,2,0.005864867839355751,24,0.016932887904756937,33,Manufacturing - metals/machinery,All Other Miscellaneous Electrical Equipment and Component Manufacturing,Manufacturing,"Electrical Equipment, Appliance, and Component Manufacturing",Other Electrical Equipment and Component Manufacturing,All Other Electrical Equipment and Component Manufacturing,0.0275205257479945,3.0,0.0191277957758879,1,False
322220,0.010484984565143074,3,0.004207518669986965,24,0.01692906667100374,32,Manufacturing - paper/chemicals,Paper Bag and Coated and Treated Paper Manufacturing,Manufacturing,Paper Manufacturing,Converted Paper Product Manufacturing,Paper Bag and Coated and Treated Paper Manufacturing,0.0257046960512762,3.0,0.0165902741594359,0,False
333511,0.010475595804002239,2,0.004682938264760214,24,0.01691390756778105,33,Manufacturing - metals/machinery,Industrial Mold Manufacturing,Manufacturing,Machinery Manufacturing,Metalworking Machinery Manufacturing,Metalworking Machinery Manufacturing,0.0211688410440109,3.0,0.0467332522512851,1,False
331222,0.01041725109260816,3,0.005214342533337485,24,0.01681970413782327,33,Manufacturing - metals/machinery,Steel Wire Drawing,Manufacturing,Primary Metal Manufacturing,Steel Product Manufacturing from Purchased Steel,Rolling and Drawing of Purchased Steel,0.0341113607718946,3.0,0.0478883493977362,0,False
561450,0.010408904194058613,3,0.0045865861630285795,24,0.016806227226992983,56,Administrative & waste services,Credit Bureaus,Administrative and Support and Waste Management and Remediation Services,Administrative and Support Services,Business Support Services,Credit Bureaus,0.0251882151762963,3.0,0.0222771009803565,0,False
522220,0.0103451559605909,4,0.006403726383157562,23,0.01670329926483638,52,Finance & insurance,Sales Financing,Finance and Insurance,Credit Intermediation and Related Activities,Nondepository Credit Intermediation,Sales Financing,0.0497430373625875,4.0,0.03580035899618,0,False
334513,0.01033845759829598,2,0.006542375145535825,24,0.016692484082308192,33,Manufacturing - metals/machinery,"Instruments and Related Products Manufacturing for Measuring, Displaying, and Controlling Industrial Process Variables",Manufacturing,Computer and Electronic Product Manufacturing,"Navigational, Measuring, Electromedical, and Control Instruments Manufacturing","Navigational, Measuring, Electromedical, and Control Instruments Manufacturing",0.0209533552187227,3.0,0.024003034929138,1,False
423850,0.010318133016019118,3,0.005939537828631043,24,0.016659667991231707,42,Wholesale trade,Service Establishment Equipment and Supplies Merchant Wholesalers,Wholesale Trade,"Merchant Wholesalers, Durable Goods","Machinery, Equipment, and Supplies Merchant Wholesalers",Service Establishment Equipment and Supplies Merchant Wholesalers,0.0323459500062209,4.0,0.0240440942123274,1,False
332710,0.010282874186237578,2,0.005069360257989086,24,0.016602739049047317,33,Manufacturing - metals/machinery,Machine Shops,Manufacturing,Fabricated Metal Product Manufacturing,"Machine Shops; Turned Product; and Screw, Nut, and Bolt Manufacturing",Machine Shops,0.0279481919582941,3.0,0.0205152660305428,1,False
322130,0.01026623718314794,2,0.007203126825668482,24,0.016575876927051782,32,Manufacturing - paper/chemicals,Paperboard Mills,Manufacturing,Paper Manufacturing,"Pulp, Paper, and Paperboard Mills",Paperboard Mills,0.0256368751120896,3.0,0.0233956731707419,1,False
332912,0.010231839319518161,2,0.007133486111995179,24,0.016520338101685787,33,Manufacturing - metals/machinery,Fluid Power Valve and Hose Fitting Manufacturing,Manufacturing,Fabricated Metal Product Manufacturing,Other Fabricated Metal Product Manufacturing,Metal Valve Manufacturing,0.0236982600739082,3.0,0.0294755364740058,1,False
423690,0.010224175342949466,4,0.0036573381959382357,23,0.016507963837375683,42,Wholesale trade,Other Electronic Parts and Equipment Merchant Wholesalers,Wholesale Trade,"Merchant Wholesalers, Durable Goods",Household Appliances and Electrical and Electronic Goods Merchant Wholesalers,Other Electronic Parts and Equipment Merchant Wholesalers,0.0425639084745438,4.0,0.0346848218043181,0,False
334419,0.010154412651198602,2,0.00433308337354327,24,0.016395324924799184,33,Manufacturing - metals/machinery,Other Electronic Component Manufacturing,Manufacturing,Computer and Electronic Product Manufacturing,Semiconductor and Other Electronic Component Manufacturing,Semiconductor and Other Electronic Component Manufacturing,0.0260651360865601,3.0,0.0487921075047741,1,False
325220,0.010103215740404545,3,0.004394392157081254,24,0.016312662340911045,32,Manufacturing - paper/chemicals,Artificial and Synthetic Fibers and Filaments Manufacturing,Manufacturing,Chemical Manufacturing,"Resin, Synthetic Rubber, and Artificial and Synthetic Fibers and Filaments Manufacturing",Artificial and Synthetic Fibers and Filaments Manufacturing,0.0091695233591516,3.0,0.044384996429272,0,False
322230,0.010064736826712592,3,0.0029186496847428112,24,0.016250534247991912,32,Manufacturing - paper/chemicals,Stationery Product Manufacturing,Manufacturing,Paper Manufacturing,Converted Paper Product Manufacturing,Stationery Product Manufacturing,0.0320918139794777,3.0,0.0695727396113686,0,False
331492,0.010043172469097545,2,0.003243231745511501,24,0.01621571641440195,33,Manufacturing - metals/machinery,"Secondary Smelting, Refining, and Alloying of Nonferrous Metal (except Copper and Aluminum)",Manufacturing,Primary Metal Manufacturing,Nonferrous Metal (except Aluminum) Production and Processing,"Nonferrous Metal (except Copper and Aluminum) Rolling, Drawing, Extruding, and Alloying",0.0295250158820863,2.0,0.0182446128521576,0,False
331512,0.010006577866113465,2,0.004728568107017858,24,0.01615663073145531,33,Manufacturing - metals/machinery,Steel Investment Foundries,Manufacturing,Primary Metal Manufacturing,Foundries,Ferrous Metal Foundries,0.0378863630272161,3.0,0.0211052873876329,1,False
325611,0.00999930517060103,2,0.004449493723762981,24,0.016144888229933926,32,Manufacturing - paper/chemicals,Soap and Other Detergent Manufacturing,Manufacturing,Chemical Manufacturing,"Soap, Cleaning Compound, and Toilet Preparation Manufacturing",Soap and Cleaning Compound Manufacturing,0.0232098365615037,3.0,0.012043802306036,1,False
333996,0.009980977855482565,2,0.0064228390455257425,24,0.01611529692842906,33,Manufacturing - metals/machinery,Fluid Power Pump and Motor Manufacturing,Manufacturing,Machinery Manufacturing,Other General Purpose Machinery Manufacturing,All Other General Purpose Machinery Manufacturing,0.0221992227320447,3.0,0.0261046087797545,1,False
333111,0.009978094731657597,2,0.006856268964376824,24,0.016110641833788682,33,Manufacturing - metals/machinery,Farm Machinery and Equipment Manufacturing,Manufacturing,Machinery Manufacturing,"Agriculture, Construction, and Mining Machinery Manufacturing",Agricultural Implement Manufacturing,0.0380943107424768,3.0,0.0188116021158405,1,False
339991,0.009956313658260033,3,0.004805670009429661,24,0.016075474090677336,33,Manufacturing - metals/machinery,"Gasket, Packing, and Sealing Device Manufacturing",Manufacturing,Miscellaneous Manufacturing,Other Miscellaneous Manufacturing,All Other Miscellaneous Manufacturing,0.0242255541241727,3.0,0.0361282333234015,0,False
333132,0.009952261813167485,2,0.006306376395624878,24,0.01606893197749766,33,Manufacturing - metals/machinery,Oil and Gas Field Machinery and Equipment Manufacturing,Manufacturing,Machinery Manufacturing,"Agriculture, Construction, and Mining Machinery Manufacturing",Mining and Oil and Gas Field Machinery Manufacturing,0.0290522472430685,2.0,0.0103454833681091,0,False
221210,0.009901527941900204,2,0.005423290172723721,24,0.01598701701769722,22,Utilities,Natural Gas Distribution,Utilities,Utilities,Natural Gas Distribution,Natural Gas Distribution,0.0232706448235235,1.0,0.0154265499403157,3,False
621511,0.009896180471970072,3,0.006135772826335948,24,0.015978382987345916,62,Health care & social assistance,Medical Laboratories,Health Care and Social Assistance,Ambulatory Health Care Services,Medical and Diagnostic Laboratories,Medical and Diagnostic Laboratories,0.0186357162491335,4.0,0.0271664204610501,1,False
333914,0.009858402364238197,2,0.005178084355506462,24,0.015917386416437897,33,Manufacturing - metals/machinery,"Measuring, Dispensing, and Other Pumping Equipment Manufacturing",Manufacturing,Machinery Manufacturing,Other General Purpose Machinery Manufacturing,Pump and Compressor Manufacturing,0.01188455569734,2.0,0.0229815863687243,0,False
212290,0.009721849553162147,2,0.004187989538884033,24,0.015696908109726352,21,"Mining, quarrying, oil & gas",Other Metal Ore Mining,"Mining, Quarrying, and Oil and Gas Extraction",Mining (except Oil and Gas),Metal Ore Mining,Other Metal Ore Mining,0.0284610128031777,3.0,0.0588503219353652,1,False
522299,0.009576147828318815,4,0.003946609859697098,23,0.01546165795760375,52,Finance & insurance,"International, Secondary Market, and All Other Nondepository Credit Intermediation",Finance and Insurance,Credit Intermediation and Related Activities,Nondepository Credit Intermediation,Other Nondepository Credit Intermediation,0.0248636426984978,4.0,0.0088537857021812,0,False
326220,0.009500306148997318,2,0.004311225319694724,24,0.015339203905554606,32,Manufacturing - paper/chemicals,Rubber and Plastics Hoses and Belting Manufacturing,Manufacturing,Plastics and Rubber Products Manufacturing,Rubber Product Manufacturing,Rubber and Plastics Hoses and Belting Manufacturing,0.0235434625368586,3.0,0.0194268646182909,1,False
424310,0.009468922455908697,3,0.004232538481600674,24,0.015288531762989338,42,Wholesale trade,"Piece Goods, Notions, and Other Dry Goods Merchant Wholesalers",Wholesale Trade,"Merchant Wholesalers, Nondurable Goods","Apparel, Piece Goods, and Notions Merchant Wholesalers","Piece Goods, Notions, and Other Dry Goods Merchant Wholesalers",0.0475880600964029,4.0,0.0446345213091655,1,False
424690,0.009461642155726813,2,0.005470202147542337,24,0.015276776982960974,42,Wholesale trade,Other Chemical and Allied Products Merchant Wholesalers,Wholesale Trade,"Merchant Wholesalers, Nondurable Goods",Chemical and Allied Products Merchant Wholesalers,Other Chemical and Allied Products Merchant Wholesalers,0.0331523756939287,4.0,0.0192613001081773,2,False
335931,0.009447825773929882,2,0.00425195294637111,24,0.015254469038954086,33,Manufacturing - metals/machinery,Current-Carrying Wiring Device Manufacturing,Manufacturing,"Electrical Equipment, Appliance, and Component Manufacturing",Other Electrical Equipment and Component Manufacturing,Wiring Device Manufacturing,0.0249156485598762,3.0,0.0363831904595329,1,False
339114,0.009378593162999311,2,0.005311799383417273,24,0.015142685995405534,33,Manufacturing - metals/machinery,Dental Equipment and Supplies Manufacturing,Manufacturing,Miscellaneous Manufacturing,Medical Equipment and Supplies Manufacturing,Medical Equipment and Supplies Manufacturing,0.0189158787913599,3.0,0.0089304584032702,1,False
325212,0.009354086926330527,3,0.004594477763306316,24,0.015103118200923466,32,Manufacturing - paper/chemicals,Synthetic Rubber Manufacturing,Manufacturing,Chemical Manufacturing,"Resin, Synthetic Rubber, and Artificial and Synthetic Fibers and Filaments Manufacturing",Resin and Synthetic Rubber Manufacturing,0.0105596129606396,3.0,0.0246891168256717,0,False
332119,0.00933379937058512,2,0.00473556907920751,24,0.01507036189292207,33,Manufacturing - metals/machinery,"Metal Crown, Closure, and Other Metal Stamping (except Automotive)",Manufacturing,Fabricated Metal Product Manufacturing,Forging and Stamping,Forging and Stamping,0.0278434239532172,3.0,0.0363577814372754,1,False
621491,0.0092890271619879,4,0.0052721336818528685,23,0.014998072639691292,62,Health care & social assistance,HMO Medical Centers,Health Care and Social Assistance,Ambulatory Health Care Services,Outpatient Care Centers,Other Outpatient Care Centers,0.0075470236723518,2.0,0.0420353822079601,2,False
221116,0.009201525106753988,1,0.0051749247247126155,23,0.014856791732914437,22,Utilities,Geothermal Electric Power Generation,Utilities,Utilities,"Electric Power Generation, Transmission and Distribution",Electric Power Generation,0.0464778769095367,4.0,0.024850330749614,3,False
336412,0.009194592032740274,2,0.006282387973568031,24,0.014845597584607975,33,Manufacturing - metals/machinery,Aircraft Engine and Engine Parts Manufacturing,Manufacturing,Transportation Equipment Manufacturing,Aerospace Product and Parts Manufacturing,Aerospace Product and Parts Manufacturing,0.0233072199372102,3.0,0.0263165870108354,1,False
335312,0.009181707247123815,2,0.004231266411938055,24,0.014824793796735194,33,Manufacturing - metals/machinery,Motor and Generator Manufacturing,Manufacturing,"Electrical Equipment, Appliance, and Component Manufacturing",Electrical Equipment Manufacturing,Electrical Equipment Manufacturing,0.0270748103895127,3.0,0.0311486533853467,1,False
325199,0.009174813372333734,2,0.005272862874906439,24,0.01481366293953481,32,Manufacturing - paper/chemicals,All Other Basic Organic Chemical Manufacturing,Manufacturing,Chemical Manufacturing,Basic Chemical Manufacturing,Other Basic Organic Chemical Manufacturing,0.0136618599407027,3.0,0.0127273348186467,1,False
339113,0.009020263965946266,2,0.003780432032001097,24,0.01456412731185296,33,Manufacturing - metals/machinery,Surgical Appliance and Supplies Manufacturing,Manufacturing,Miscellaneous Manufacturing,Medical Equipment and Supplies Manufacturing,Medical Equipment and Supplies Manufacturing,0.0257910933888964,3.0,0.0202281766115318,1,False
325412,0.008991118487625963,2,0.005084043608997447,24,0.014517068993113702,32,Manufacturing - paper/chemicals,Pharmaceutical Preparation Manufacturing,Manufacturing,Chemical Manufacturing,Pharmaceutical and Medicine Manufacturing,Pharmaceutical and Medicine Manufacturing,0.0127144110040836,3.0,0.0155356941319376,1,False
333994,0.008973691601125097,2,0.003670930887648064,24,0.014488931524564442,33,Manufacturing - metals/machinery,Industrial Process Furnace and Oven Manufacturing,Manufacturing,Machinery Manufacturing,Other General Purpose Machinery Manufacturing,All Other General Purpose Machinery Manufacturing,0.0198238363095923,3.0,0.0369836514746414,1,False
332722,0.008928632741022822,3,0.004731252006924717,24,0.014416179443524023,33,Manufacturing - metals/machinery,"Bolt, Nut, Screw, Rivet, and Washer Manufacturing",Manufacturing,Fabricated Metal Product Manufacturing,"Machine Shops; Turned Product; and Screw, Nut, and Bolt Manufacturing","Turned Product and Screw, Nut, and Bolt Manufacturing",0.0223628619523971,3.0,0.0317928350086227,0,False
812210,0.008926850416114653,4,0.00446252540556352,23,0.014413301699926755,81,Other services,Funeral Homes and Funeral Services,Other Services (except Public Administration),Personal and Laundry Services,Death Care Services,Funeral Homes and Funeral Services,0.0673483663988813,4.0,0.0327173411372439,0,False
334290,0.008902699658274067,2,0.004651134703884378,24,0.014374307861919807,33,Manufacturing - metals/machinery,Other Communications Equipment Manufacturing,Manufacturing,Computer and Electronic Product Manufacturing,Communications Equipment Manufacturing,Other Communications Equipment Manufacturing,0.0256488524621172,4.0,0.0324301634545202,2,False
324191,0.00865334808736425,3,0.0035746630414950713,24,0.013971704563629284,32,Manufacturing - paper/chemicals,Petroleum Lubricating Oil and Grease Manufacturing,Manufacturing,Petroleum and Coal Products Manufacturing,Petroleum and Coal Products Manufacturing,Other Petroleum and Coal Products Manufacturing,0.0235190560724194,3.0,0.0221739498943667,0,False
423620,0.008544992816404633,2,0.003191726229315692,24,0.013796754033675404,42,Wholesale trade,"Household Appliances, Electric Housewares, and Consumer Electronics Merchant Wholesalers",Wholesale Trade,"Merchant Wholesalers, Durable Goods",Household Appliances and Electrical and Electronic Goods Merchant Wholesalers,"Household Appliances, Electric Housewares, and Consumer Electronics Merchant Wholesalers",0.0357712015147436,4.0,0.0155795341549899,2,False
333241,0.008538962138940447,2,0.004464824585442278,24,0.013787016895749429,33,Manufacturing - metals/machinery,Food Product Machinery Manufacturing,Manufacturing,Machinery Manufacturing,Industrial Machinery Manufacturing,Industrial Machinery Manufacturing,0.0269826753390591,3.0,0.0145574785012761,1,False
334416,0.008476615427029724,2,0.004228419860028928,24,0.013686351831714584,33,Manufacturing - metals/machinery,"Capacitor, Resistor, Coil, Transformer, and Other Inductor Manufacturing",Manufacturing,Computer and Electronic Product Manufacturing,Semiconductor and Other Electronic Component Manufacturing,Semiconductor and Other Electronic Component Manufacturing,0.0239882384809726,3.0,0.0748063730939842,1,False
522110,0.008411449460875218,2,0.0034946959984684784,24,0.013581134796929665,52,Finance & insurance,Commercial Banking,Finance and Insurance,Credit Intermediation and Related Activities,Depository Credit Intermediation,Commercial Banking,0.0214469401960871,3.0,0.0120386850890696,1,False
324110,0.008392427496419566,2,0.004203786478056388,24,0.01355042191390323,32,Manufacturing - paper/chemicals,Petroleum Refineries,Manufacturing,Petroleum and Coal Products Manufacturing,Petroleum and Coal Products Manufacturing,Petroleum Refineries,0.016438036943571,1.0,0.0166321357084079,3,False
311111,0.008328758613445997,3,0.004230853670158772,24,0.013447622071134634,31,Manufacturing - food/textiles,Dog and Cat Food Manufacturing,Manufacturing,Food Manufacturing,Animal Food Manufacturing,Animal Food Manufacturing,0.0210877671512453,4.0,0.0208619770407584,1,False
334412,0.008324467066522168,2,0.0034557689328360425,24,0.01344069293513602,33,Manufacturing - metals/machinery,Bare Printed Circuit Board Manufacturing,Manufacturing,Computer and Electronic Product Manufacturing,Semiconductor and Other Electronic Component Manufacturing,Semiconductor and Other Electronic Component Manufacturing,0.0242879639330876,3.0,0.0735732548028045,1,False
325110,0.008216887254544997,2,0.004122979965626936,24,0.01326699446203858,32,Manufacturing - paper/chemicals,Petrochemical Manufacturing,Manufacturing,Chemical Manufacturing,Basic Chemical Manufacturing,Petrochemical Manufacturing,0.0122193812705922,3.0,0.0186879262193774,1,False
333515,0.00807116958187639,2,0.004787183151203992,24,0.013031718560541182,33,Manufacturing - metals/machinery,Cutting Tool and Machine Tool Accessory Manufacturing,Manufacturing,Machinery Manufacturing,Metalworking Machinery Manufacturing,Metalworking Machinery Manufacturing,0.010097871395849,3.0,0.0420118864407832,1,False
922190,0.00806569677354987,3,0.0044879916603666305,24,0.013022882158688453,92,Public administration,"Other Justice, Public Order, and Safety Activities",Public Administration,"Justice, Public Order, and Safety Activities","Justice, Public Order, and Safety Activities","Other Justice, Public Order, and Safety Activities",0.0341012749178342,3.0,0.0224253780910904,0,False
334511,0.00801785838461388,1,0.002824165715474482,23,0.012945642247585184,33,Manufacturing - metals/machinery,"Search, Detection, Navigation, Guidance, Aeronautical, and Nautical System and Instrument Manufacturing",Manufacturing,Computer and Electronic Product Manufacturing,"Navigational, Measuring, Electromedical, and Control Instruments Manufacturing","Navigational, Measuring, Electromedical, and Control Instruments Manufacturing",0.0442524907486971,3.0,0.0202742664636238,2,False
336611,0.007982385529915495,3,0.0036283957961469313,24,0.012888367740553842,33,Manufacturing - metals/machinery,Ship Building and Repairing,Manufacturing,Transportation Equipment Manufacturing,Ship and Boat Building,Ship and Boat Building,0.0286195540229986,3.0,0.0162627241537436,0,False
423840,0.007940580691053982,3,0.0036167069520381084,24,0.012820869605496029,42,Wholesale trade,Industrial Supplies Merchant Wholesalers,Wholesale Trade,"Merchant Wholesalers, Durable Goods","Machinery, Equipment, and Supplies Merchant Wholesalers",Industrial Supplies Merchant Wholesalers,0.0228576207348002,4.0,0.0133070612671048,1,False
332911,0.007904431638424678,2,0.0027659530201662257,24,0.012762503308602317,33,Manufacturing - metals/machinery,Industrial Valve Manufacturing,Manufacturing,Fabricated Metal Product Manufacturing,Other Fabricated Metal Product Manufacturing,Metal Valve Manufacturing,0.0217326742962101,3.0,0.024767710589802,1,False
333993,0.007748257874395915,2,0.005039481558347826,24,0.012510344991431875,33,Manufacturing - metals/machinery,Packaging Machinery Manufacturing,Manufacturing,Machinery Manufacturing,Other General Purpose Machinery Manufacturing,All Other General Purpose Machinery Manufacturing,0.0203314195593753,3.0,0.0221152618295286,1,False
333243,0.0077417122759661314,2,0.0054630688246239045,24,0.012499776461594664,33,Manufacturing - metals/machinery,"Sawmill, Woodworking, and Paper Machinery Manufacturing",Manufacturing,Machinery Manufacturing,Industrial Machinery Manufacturing,Industrial Machinery Manufacturing,0.0152820781260447,3.0,0.0387334304011926,1,False
517410,0.0077099258337238775,1,0.004776631725901291,23,0.012448454039839074,51,Information,Satellite Telecommunications,Information,Telecommunications,Satellite Telecommunications,Satellite Telecommunications,0.023671610351987,1.0,0.0286570099011614,0,False
524298,0.007676067571027434,4,0.0028540380723007658,23,0.012393786454685158,52,Finance & insurance,All Other Insurance Related Activities,Finance and Insurance,Insurance Carriers and Related Activities,"Agencies, Brokerages, and Other Insurance Related Activities",Other Insurance Related Activities,0.0595996963192974,4.0,0.0283637278133614,0,False
325211,0.007611984893542476,2,0.004225282388747513,24,0.012290318498880449,32,Manufacturing - paper/chemicals,Plastics Material and Resin Manufacturing,Manufacturing,Chemical Manufacturing,"Resin, Synthetic Rubber, and Artificial and Synthetic Fibers and Filaments Manufacturing",Resin and Synthetic Rubber Manufacturing,0.0046638842678663,1.0,0.0191094336261746,3,False
331313,0.00754270407027504,4,0.00415533402748954,23,0.012178457611644088,33,Manufacturing - metals/machinery,Alumina Refining and Primary Aluminum Production,Manufacturing,Primary Metal Manufacturing,Alumina and Aluminum Production and Processing,Alumina and Aluminum Production and Processing,0.0358819497939813,4.0,0.1015917644693624,0,False
332721,0.007532609995871695,2,0.004305434837487135,24,0.012162159708915227,33,Manufacturing - metals/machinery,Precision Turned Product Manufacturing,Manufacturing,Fabricated Metal Product Manufacturing,"Machine Shops; Turned Product; and Screw, Nut, and Bolt Manufacturing","Turned Product and Screw, Nut, and Bolt Manufacturing",0.0230403645492893,3.0,0.0438539370876419,1,False
325414,0.007426724556145018,3,0.0026972038104088555,24,0.011991196970965122,32,Manufacturing - paper/chemicals,Biological Product (except Diagnostic) Manufacturing,Manufacturing,Chemical Manufacturing,Pharmaceutical and Medicine Manufacturing,Pharmaceutical and Medicine Manufacturing,0.0207293009611376,3.0,0.0544374795227478,0,False
339112,0.00741168449875243,2,0.004214220670351884,24,0.011966913279105307,33,Manufacturing - metals/machinery,Surgical and Medical Instrument Manufacturing,Manufacturing,Miscellaneous Manufacturing,Medical Equipment and Supplies Manufacturing,Medical Equipment and Supplies Manufacturing,0.0157711355775717,3.0,0.019016014570569,1,False
333998,0.007408642091581383,2,0.0042151086679225,24,0.011962001005413439,33,Manufacturing - metals/machinery,All Other Miscellaneous General Purpose Machinery Manufacturing,Manufacturing,Machinery Manufacturing,Other General Purpose Machinery Manufacturing,All Other General Purpose Machinery Manufacturing,0.0183542330757852,3.0,0.0156842027386574,1,False
541840,0.0073959933532251575,3,0.004547706894278347,24,0.01194157833968549,54,Professional & technical services,Media Representatives,"Professional, Scientific, and Technical Services","Professional, Scientific, and Technical Services","Advertising, Public Relations, and Related Services",Media Representatives,0.0610145471578577,4.0,0.0479854255703843,1,False
811210,0.007365541401886324,3,0.0036862519200877818,24,0.01189241058829069,81,Other services,Electronic and Precision Equipment Repair and Maintenance,Other Services (except Public Administration),Repair and Maintenance,Electronic and Precision Equipment Repair and Maintenance,Electronic and Precision Equipment Repair and Maintenance,0.0478416231851907,4.0,0.0274239319065289,1,False
323117,0.00736003801520362,3,0.004540182896314074,24,0.011883524814593174,32,Manufacturing - paper/chemicals,Books Printing,Manufacturing,Printing and Related Support Activities,Printing and Related Support Activities,Printing,0.0309704609789633,3.0,0.1069616823032323,0,False
325180,0.007169042973758007,2,0.0044608134772641484,24,0.011575144027728393,32,Manufacturing - paper/chemicals,Other Basic Inorganic Chemical Manufacturing,Manufacturing,Chemical Manufacturing,Basic Chemical Manufacturing,Other Basic Inorganic Chemical Manufacturing,0.0202279259482254,3.0,0.0165085698659273,1,False
336992,0.007110994341649498,4,0.00420271935040397,23,0.0114814186476842,33,Manufacturing - metals/machinery,"Military Armored Vehicle, Tank, and Tank Component Manufacturing",Manufacturing,Transportation Equipment Manufacturing,Other Transportation Equipment Manufacturing,Other Transportation Equipment Manufacturing,0.0320856067333516,1.0,0.0267601885215178,1,False
513140,0.006948309994840482,3,0.004394416784406549,24,0.011218748336979653,51,Information,Directory and Mailing List Publishers,Information,Publishing Industries,"Newspaper, Periodical, Book, and Directory Publishers",Directory and Mailing List Publishers,0.0289330258805084,4.0,0.0828166882197019,1,False
333517,0.006889772396265335,2,0.004731728992002128,24,0.011124233471184465,33,Manufacturing - metals/machinery,Machine Tool Manufacturing,Manufacturing,Machinery Manufacturing,Metalworking Machinery Manufacturing,Metalworking Machinery Manufacturing,0.0186331197961722,3.0,0.0412632428796332,1,False
336413,0.006816759240277245,3,0.003242608483183758,24,0.011006346355766864,33,Manufacturing - metals/machinery,Other Aircraft Parts and Auxiliary Equipment Manufacturing,Manufacturing,Transportation Equipment Manufacturing,Aerospace Product and Parts Manufacturing,Aerospace Product and Parts Manufacturing,0.0197860628194238,3.0,0.0073193935148454,0,False
333248,0.006728365052864614,3,0.003741238457616729,24,0.010863625011473001,33,Manufacturing - metals/machinery,All Other Industrial Machinery Manufacturing,Manufacturing,Machinery Manufacturing,Industrial Machinery Manufacturing,Industrial Machinery Manufacturing,0.022600681772549,3.0,0.0406947125438245,0,False
423460,0.006583760127774307,2,0.0025716718757101756,24,0.010630145753339643,42,Wholesale trade,Ophthalmic Goods Merchant Wholesalers,Wholesale Trade,"Merchant Wholesalers, Durable Goods",Professional and Commercial Equipment and Supplies Merchant Wholesalers,Ophthalmic Goods Merchant Wholesalers,0.0393188153014106,3.0,0.0317789252716052,1,False
517810,0.006458528693198176,2,0.004767488636400187,24,0.010427946952561929,51,Information,All Other Telecommunications,Information,Telecommunications,All Other Telecommunications,All Other Telecommunications,0.0527766340996779,4.0,0.0382057134118344,2,False
332991,0.006326447687792858,2,0.004180669538131729,24,0.01021468882780385,33,Manufacturing - metals/machinery,Ball and Roller Bearing Manufacturing,Manufacturing,Fabricated Metal Product Manufacturing,Other Fabricated Metal Product Manufacturing,All Other Fabricated Metal Product Manufacturing,0.0095520570540703,3.0,0.0391733373250195,1,False
334516,0.006151459918031383,2,0.00437585337627738,24,0.009932153397971117,33,Manufacturing - metals/machinery,Analytical Laboratory Instrument Manufacturing,Manufacturing,Computer and Electronic Product Manufacturing,"Navigational, Measuring, Electromedical, and Control Instruments Manufacturing","Navigational, Measuring, Electromedical, and Control Instruments Manufacturing",0.0163144689736052,4.0,0.0162011863051134,2,False
423420,0.006111940514543493,4,0.004097182688243281,23,0.009868345329176343,42,Wholesale trade,Office Equipment Merchant Wholesalers,Wholesale Trade,"Merchant Wholesalers, Durable Goods",Professional and Commercial Equipment and Supplies Merchant Wholesalers,Office Equipment Merchant Wholesalers,0.0319065766739437,4.0,0.0606115482804589,0,False
322110,0.0060022665263223815,2,0.0037619761911238813,24,0.009691265596999862,32,Manufacturing - paper/chemicals,Pulp Mills,Manufacturing,Paper Manufacturing,"Pulp, Paper, and Paperboard Mills",Pulp Mills,0.0490477887714649,3.0,0.0359954991841383,1,False
327993,0.005902636274285582,3,0.004357998795402748,24,0.009530402491412938,32,Manufacturing - paper/chemicals,Mineral Wool Manufacturing,Manufacturing,Nonmetallic Mineral Product Manufacturing,Other Nonmetallic Mineral Product Manufacturing,All Other Nonmetallic Mineral Product Manufacturing,0.0310605656866128,3.0,0.0221169028512459,0,False
424610,0.0058217838326748185,2,0.0029840921571107817,24,0.00939985805750958,42,Wholesale trade,Plastics Materials and Basic Forms and Shapes Merchant Wholesalers,Wholesale Trade,"Merchant Wholesalers, Nondurable Goods",Chemical and Allied Products Merchant Wholesalers,Plastics Materials and Basic Forms and Shapes Merchant Wholesalers,0.0280971865869171,4.0,0.0210017566149678,2,False
522320,0.005784584652217189,4,0.0029792719424793813,23,0.009339796223163397,52,Finance & insurance,"Financial Transactions Processing, Reserve, and Clearinghouse Activities",Finance and Insurance,Credit Intermediation and Related Activities,Activities Related to Credit Intermediation,"Financial Transactions Processing, Reserve, and Clearinghouse Activities",0.0435074592393232,4.0,0.0081630699739296,0,False
517111,0.005780871753614213,1,0.0033839940944391388,23,0.009333801373328192,51,Information,Wired Telecommunications Carriers,Information,Telecommunications,Wired and Wireless Telecommunications (except Satellite),Wired and Wireless Telecommunications Carriers (except Satellite),0.0174399424658336,4.0,0.0529071939314182,3,False
332811,0.0056235117343420155,2,0.003281967269030937,24,0.009079727727243326,33,Manufacturing - metals/machinery,Metal Heat Treating,Manufacturing,Fabricated Metal Product Manufacturing,"Coating, Engraving, Heat Treating, and Allied Activities","Coating, Engraving, Heat Treating, and Allied Activities",0.023066811254051,3.0,0.0224497965594183,1,False
311930,0.005594122572897915,2,0.0032896589116850144,24,0.00903227595748621,31,Manufacturing - food/textiles,Flavoring Syrup and Concentrate Manufacturing,Manufacturing,Food Manufacturing,Other Food Manufacturing,Flavoring Syrup and Concentrate Manufacturing,0.0313044919803384,4.0,0.0233606220785002,2,False
335929,0.0055895998552037765,2,0.002891016215090525,24,0.009024973572928321,33,Manufacturing - metals/machinery,Other Communication and Energy Wire Manufacturing,Manufacturing,"Electrical Equipment, Appliance, and Component Manufacturing",Other Electrical Equipment and Component Manufacturing,Communication and Energy Wire and Cable Manufacturing,0.0242722417774913,3.0,0.0321062757676926,1,False
524126,0.005375627261162915,2,0.0029277759271492294,24,0.008679493206430907,52,Finance & insurance,Direct Property and Casualty Insurance Carriers,Finance and Insurance,Insurance Carriers and Related Activities,Insurance Carriers,"Direct Insurance (except Life, Health, and Medical) Carriers",0.012274175025121,3.0,0.0174248901530112,1,False
423610,0.005355011464079703,2,0.0021443957436246787,24,0.008646206919633897,42,Wholesale trade,"Electrical Apparatus and Equipment, Wiring Supplies, and Related Equipment Merchant Wholesalers",Wholesale Trade,"Merchant Wholesalers, Durable Goods",Household Appliances and Electrical and Electronic Goods Merchant Wholesalers,"Electrical Apparatus and Equipment, Wiring Supplies, and Related Equipment Merchant Wholesalers",0.0220082960587305,4.0,0.0116837835026453,2,False
314120,0.005261303419824808,3,0.0037669841001589147,24,0.008494905816714358,31,Manufacturing - food/textiles,Curtain and Linen Mills,Manufacturing,Textile Product Mills,Textile Furnishings Mills,Curtain and Linen Mills,0.0449812099643967,2.0,0.1177542397823072,3,False
423830,0.004990542603365192,2,0.0025627575012769793,24,0.00805773512893112,42,Wholesale trade,Industrial Machinery and Equipment Merchant Wholesalers,Wholesale Trade,"Merchant Wholesalers, Durable Goods","Machinery, Equipment, and Supplies Merchant Wholesalers",Industrial Machinery and Equipment Merchant Wholesalers,0.0197939530566673,4.0,0.0115210426053273,2,False
561510,0.004829183113901133,2,0.002599143223047495,24,0.007797203934234134,56,Administrative & waste services,Travel Agencies,Administrative and Support and Waste Management and Remediation Services,Administrative and Support Services,Travel Arrangement and Reservation Services,Travel Agencies,0.0861782639586365,4.0,0.085415754250647,2,False
423110,0.004716178630750722,3,0.00203308315374145,24,0.007614746781580278,42,Wholesale trade,Automobile and Other Motor Vehicle Merchant Wholesalers,Wholesale Trade,"Merchant Wholesalers, Durable Goods",Motor Vehicle and Motor Vehicle Parts and Supplies Merchant Wholesalers,Automobile and Other Motor Vehicle Merchant Wholesalers,0.0267714735875445,3.0,0.0138244739878831,0,False
524210,0.0044932871875841005,3,0.0018628492857880677,24,0.007254866032274427,52,Finance & insurance,Insurance Agencies and Brokerages,Finance and Insurance,Insurance Carriers and Related Activities,"Agencies, Brokerages, and Other Insurance Related Activities",Insurance Agencies and Brokerages,0.0550402613615773,4.0,0.0248869275995493,1,False
517121,0.0044033202909528075,3,0.0014909615414617442,24,0.007109605390087331,51,Information,Telecommunications Resellers,Information,Telecommunications,Wired and Wireless Telecommunications (except Satellite),Telecommunications Resellers and Agents for Wireless Telecommunication Services,0.0126452938861695,4.0,0.0599753387417353,1,False
332117,0.004399172199087207,2,0.002097250758483055,24,0.007102907876770654,33,Manufacturing - metals/machinery,Powder Metallurgy Part Manufacturing,Manufacturing,Fabricated Metal Product Manufacturing,Forging and Stamping,Forging and Stamping,0.0325183109800993,3.0,0.0379746772697416,1,False
325910,0.0040724290470127555,4,0.0020101122045795977,23,0.006575348053349319,32,Manufacturing - paper/chemicals,Printing Ink Manufacturing,Manufacturing,Chemical Manufacturing,Other Chemical Product and Preparation Manufacturing,Printing Ink Manufacturing,0.0181404675240364,2.0,0.067616193101513,2,False
325120,0.002800697197044901,3,0.001425317466902233,24,0.0045220085236643785,32,Manufacturing - paper/chemicals,Industrial Gas Manufacturing,Manufacturing,Chemical Manufacturing,Basic Chemical Manufacturing,Industrial Gas Manufacturing,0.0301974784496527,3.0,0.0107661678740873,0,False
423450,0.0013055642041452998,1,0.0006520004100923156,23,0.002107965282917908,42,Wholesale trade,"Medical, Dental, and Hospital Equipment and Supplies Merchant Wholesalers",Wholesale Trade,"Merchant Wholesalers, Durable Goods",Professional and Commercial Equipment and Supplies Merchant Wholesalers,"Medical, Dental, and Hospital Equipment and Supplies Merchant Wholesalers",0.0418490055224438,4.0,0.0253570720405633,3,False
112130,,,,,,11,"Agriculture, forestry, fishing",Dual-Purpose Cattle Ranching and Farming,"Agriculture, Forestry, Fishing and Hunting",Animal Production and Aquaculture,Cattle Ranching and Farming,Dual-Purpose Cattle Ranching and Farming,,,,,False
517122,,,,,,51,Information,Agents for Wireless Telecommunications Services,Information,Telecommunications,Wired and Wireless Telecommunications (except Satellite),Telecommunications Resellers and Agents for Wireless Telecommunication Services,,,,,False
927110,,,,,,92,Public administration,Space Research and Technology,Public Administration,Space Research and Technology,Space Research and Technology,Space Research and Technology,,,,,False
