naics_code,sector_2d,sector_label,n_years,monthly_seasonal_amplitude,peak_month,peak_quarter_from_month,peak_excess_month,n_excess_obs_month,monthly_seasonal_index,placebo_amplitude,n_perms_used,signal_amplitude,signal_index,national_industry_title,seasonal_index_emp,peak_quarter_emp,peak_excess_emp,n_emp_excess_obs,peak_quarter_concordant
713920,71,"Arts, entertainment & recreation",24,0.5943221763017748,3,1,0.31592352025542364,24,1.0,0.7026614097171922,10.0,0.0,0.0,Skiing Facilities,1.0,4.0,0.8426354093671323,23.0,False
111211,11,"Agriculture, forestry, fishing",24,0.5199531409288527,10,4,0.3189054836935495,24,1.0,0.19792665383893399,10.0,0.3220264870899187,1.0,Potato Farming,1.0,3.0,0.4531955938416188,24.0,False
721214,72,Accommodation & food services,24,0.9280378442754773,7,3,0.50441857360841,24,1.0,0.5654180599758863,10.0,0.36261978429959096,1.0,Recreational and Vacation Camps (except Campgrounds),1.0,2.0,0.8120327418286677,24.0,False
115112,11,"Agriculture, forestry, fishing",24,0.5049588454796128,7,3,0.3123349580423052,24,1.0,0.17229194455462576,10.0,0.332666900924987,1.0,"Soil Preparation, Planting, and Cultivating",0.3320506395553867,2.0,0.1125870317445068,24.0,False
111339,11,"Agriculture, forestry, fishing",24,0.5343551434524751,7,3,0.33013619185445703,24,1.0,0.26635259569114245,10.0,0.2680025477613327,1.0,Other Noncitrus Fruit Farming,1.0,2.0,0.4060774010048428,24.0,False
111991,11,"Agriculture, forestry, fishing",24,0.8830882544158991,10,4,0.6020818352121076,24,1.0,0.29436082951653664,10.0,0.5887274248993625,1.0,Sugar Beet Farming,0.8678321570772506,3.0,0.3151490218663624,24.0,False
111334,11,"Agriculture, forestry, fishing",24,0.5767049093215645,7,3,0.42151393416260774,24,1.0,0.40593358292300713,10.0,0.17077132639855735,0.9940110341905253,Berry (except Strawberry) Farming,1.0,2.0,0.7564061872122098,24.0,False
115111,11,"Agriculture, forestry, fishing",24,0.4161446347701674,10,4,0.23387973044176857,24,1.0,0.3500400161050839,10.0,0.06610461866508349,0.3847760730668251,Cotton Ginning,0.8229520260509033,4.0,0.2703611173934716,23.0,True
111331,11,"Agriculture, forestry, fishing",24,0.6320013989137331,10,4,0.38257245166685366,24,1.0,0.2953902410084609,10.0,0.3366111579052722,1.0,Apple Orchards,1.0,3.0,0.6121814469990566,24.0,False
114119,11,"Agriculture, forestry, fishing",24,0.6301917177819356,10,4,0.3190098652023346,24,1.0,0.23164915565486588,10.0,0.39854256212706973,1.0,Other Marine Fishing,0.6540078590863809,4.0,0.218826529761486,23.0,True
541213,54,Professional & technical services,24,0.9421767189979011,4,2,0.47647931527159204,24,1.0,0.5120996594380317,10.0,0.4300770595598694,1.0,Tax Preparation Services,1.0,1.0,0.8422859420308191,23.0,False
111150,11,"Agriculture, forestry, fishing",24,0.3676613842962611,7,3,0.24224888412251208,24,1.0,0.14015204365113038,10.0,0.22750934064513073,1.0,Corn Farming,0.4064488390364963,3.0,0.1566762697478614,24.0,True
485410,48,Transportation,24,0.3538776524528937,9,3,0.1767504573071137,24,0.9888305051649765,0.1497596696068885,10.0,0.2041179828460052,1.0,School and Employee Bus Transportation,0.1145850968231995,1.0,0.0230354914401397,23.0,False
711120,71,"Arts, entertainment & recreation",24,0.31030086916841926,12,4,0.1541411088604341,23,0.8670651087632144,0.13598159202436125,10.0,0.174319277144058,1.0,Dance Companies,0.3415553367410949,4.0,0.1204317062494033,23.0,True
445292,44,Retail trade - general,24,0.2870192167750885,12,4,0.16697445232222258,23,0.8020098334792316,0.08246266902466927,10.0,0.20455654775041926,1.0,Confectionery and Nut Retailers,0.2920641244149262,4.0,0.1250871627319409,23.0,True
541921,54,Professional & technical services,24,0.27440618682398865,12,4,0.13847306986328878,23,0.7667655938620739,0.10584459897996226,10.0,0.1685615878440264,0.9811487782591422,"Photography Studios, Portrait",0.1545116598607184,3.0,0.0475272458782403,24.0,False
111332,11,"Agriculture, forestry, fishing",24,0.260467389378924,9,3,0.1340189026697597,24,0.7278167989227542,0.13737697795125198,10.0,0.12309041142767202,0.7164740694032059,Grape Vineyards,0.5028029069143388,3.0,0.1699029817226525,24.0,True
111140,11,"Agriculture, forestry, fishing",24,0.2584091831355877,10,4,0.13753757042105774,24,0.7220656103262862,0.1165541568425958,10.0,0.1418550262929919,0.8256975240769239,Wheat Farming,0.3335614018906874,3.0,0.1060246354656905,24.0,False
311710,31,Manufacturing - food/textiles,13,0.24426234383242104,7,3,0.1495219971000692,13,0.6825354897954338,0.14592054794904633,10.0,0.09834179588337472,0.5724194587681826,Seafood Product Preparation and Packaging,0.2103830625255174,2.0,0.0616627350378954,24.0,False
111160,11,"Agriculture, forestry, fishing",24,0.2415031792472512,10,4,0.15126147397135384,24,0.6748256327539525,0.12286689415080536,10.0,0.11863628509644585,0.6905478743311814,Rice Farming,0.5268150276195475,3.0,0.1824557705768934,24.0,False
311313,31,Manufacturing - food/textiles,24,0.2393035188713063,10,4,0.178674108411354,24,0.6686791827996804,0.13395024855227738,10.0,0.10535327031902891,0.6132312455122828,Beet Sugar Manufacturing,0.3551715310079403,3.0,0.1324290060833967,24.0,False
711510,71,"Arts, entertainment & recreation",24,0.23411214147740544,12,4,0.12301402479546254,23,0.6541730609936521,0.08161950631990329,10.0,0.15249263515750217,0.887616001913467,"Independent Artists, Writers, and Performers",0.1233680158509914,3.0,0.0283135936094944,24.0,False
111910,11,"Agriculture, forestry, fishing",24,0.232242317485499,8,3,0.1379817083787778,24,0.6489482636952905,0.27798429640206995,10.0,0.0,0.0,Tobacco Farming,1.0,2.0,0.3938896687024243,24.0,False
492110,49,Warehousing & couriers,24,0.22041726959096725,12,4,0.14950778693558497,23,0.6159058604745717,0.07223575907278082,10.0,0.14818151051818643,0.8625221787780235,Couriers and Express Delivery Services,0.2601005063705051,4.0,0.1097525120025709,23.0,True
722320,72,Accommodation & food services,24,0.2160679532681528,12,4,0.11202377192120089,23,0.6037526865547144,0.10136903310569442,10.0,0.11469892016245839,0.6676295995097741,Caterers,0.187340576997368,2.0,0.0478863171619254,24.0,False
711211,71,"Arts, entertainment & recreation",24,0.21434334715054418,4,2,0.12371685039317078,24,0.5989336675331259,0.17368028664359106,10.0,0.04066306050695312,0.2366880417239052,Sports Teams and Clubs,0.6849660772756375,2.0,0.2880664619697913,24.0,True
813940,81,Other services,24,0.20886622403106686,10,4,0.11660005924859522,24,0.583629094374739,0.1837222515926757,10.0,0.02514397243839117,0.14635587000602235,Political Organizations,0.8255775692426478,3.0,0.3411242629276227,24.0,False
532284,53,Real estate,7,0.2023211242864416,8,3,0.11371790151784292,7,0.5653403037659721,0.3988311654408957,10.0,0.0,0.0,Recreational Goods Rental,1.0,2.0,0.4660754561700608,24.0,False
512132,51,Information,24,0.19866723484877202,8,3,0.08326741816485271,24,0.5551303418951847,0.2848331888752064,10.0,0.0,0.0,Drive-In Motion Picture Theaters,1.0,2.0,0.6369985476570107,24.0,False
111199,11,"Agriculture, forestry, fishing",24,0.19540880928973814,10,4,0.12085278203165235,24,0.5460254137674871,0.09924090208766677,10.0,0.09616790720207137,0.5597658746923978,All Other Grain Farming,0.3257109070028639,3.0,0.1122257451042999,24.0,False
532281,53,Real estate,7,0.19165973375549034,10,4,0.09386214190245545,7,0.5355494760281709,0.22428364696428787,10.0,0.0,0.0,Formal Wear and Costume Rental,0.3098821570729432,3.0,0.0799700206336417,24.0,False
111333,11,"Agriculture, forestry, fishing",24,0.18885469780001857,6,2,0.10819218404485538,24,0.5277114418894532,0.2097659665145842,10.0,0.0,0.0,Strawberry Farming,0.6068878433142275,2.0,0.1858578126465759,24.0,True
221114,22,Utilities,13,0.1869691062071745,12,4,0.09557356661862386,12,0.522442585621297,0.08483758873569712,10.0,0.10213151747147738,0.5944783439131767,Solar Electric Power Generation,0.1827598002236947,4.0,0.057209390378529,23.0,True
711130,71,"Arts, entertainment & recreation",24,0.1804846610186623,12,4,0.07873825120663651,23,0.5043232803556879,0.07848615375575384,10.0,0.10199850726290847,0.593704129542616,Musical Groups and Artists,0.1065969331084813,4.0,0.0284640819121847,23.0,True
512199,51,Information,24,0.17929224968943291,2,1,0.060725595955092526,24,0.5009913584643972,0.07630500430085418,10.0,0.10298724538857873,0.5994592912993815,Other Motion Picture and Video Industries,0.0504236547266453,2.0,0.0158752959973148,24.0,False
532282,53,Real estate,7,0.17923951562006088,1,1,0.09259092452740404,6,0.5008440051175692,0.14219237436651974,10.0,0.03704714125354114,0.21564081024521453,Video Tape and Disc Rental,0.2334980753552644,1.0,0.0867315168058485,23.0,True
721211,72,Accommodation & food services,24,0.17699762745349365,8,3,0.10438074490339407,24,0.4945795592196607,0.2599581636655687,10.0,0.0,0.0,RV (Recreational Vehicle) Parks and Campgrounds,1.0,2.0,0.5063008352740651,24.0,False
722330,72,Accommodation & food services,24,0.17018998397243745,12,4,0.06870154684241085,23,0.47555714993301623,0.16642956765948685,10.0,0.0037604163129505985,0.021888307522418608,Mobile Food Services,0.7224599297788913,2.0,0.2700548063068484,24.0,False
112930,11,"Agriculture, forestry, fishing",24,0.16580785305709358,12,4,0.1024303233929889,23,0.4633122831077641,0.06462954286122904,10.0,0.10117831019586454,0.5889299970694067,Fur-Bearing Animal and Rabbit Production,0.2084804172852658,4.0,0.0841113865891641,23.0,True
111336,11,"Agriculture, forestry, fishing",24,0.16138627446856504,9,3,0.06850083432814448,24,0.4509571887438912,0.18700766292037357,10.0,0.0,0.0,Fruit and Tree Nut Combination Farming,0.566409449628434,2.0,0.181546128735546,24.0,False
111191,11,"Agriculture, forestry, fishing",24,0.15744809058559478,10,4,0.07121016287778255,24,0.439952830792951,0.09179591590541894,10.0,0.06565217468017584,0.3821425260725146,Oilseed and Grain Combination Farming,0.3201079643731597,3.0,0.1190824048969923,24.0,False
111110,11,"Agriculture, forestry, fishing",24,0.1550389506864644,10,4,0.06632907478929782,24,0.4332210380194943,0.08203031168873018,10.0,0.07300863899773422,0.4249624002193941,Soybean Farming,0.3808289618254488,3.0,0.1483473930889036,24.0,False
525990,52,Finance & insurance,24,0.1540569727233974,12,4,0.08148258518810954,23,0.43047712424435236,0.0601988809994175,10.0,0.09385809172397991,0.546321099620449,Other Financial Vehicles,0.1419487627399949,3.0,0.0519243874268047,24.0,False
115115,11,"Agriculture, forestry, fishing",24,0.15094465584984204,6,2,0.06660289907212684,24,0.4217804635623928,0.10412963994773776,10.0,0.04681501590210428,0.27249681403709985,Farm Labor Contractors and Crew Leaders,0.4099883814809945,2.0,0.1467252882258272,24.0,True
713110,71,"Arts, entertainment & recreation",24,0.15089971044355516,6,2,0.06832593638506712,24,0.4216548738607107,0.20298017297014131,10.0,0.0,0.0,Amusement and Theme Parks,0.6999477432564047,2.0,0.3044249485197479,24.0,True
713990,71,"Arts, entertainment & recreation",24,0.14970881386494314,7,3,0.09237140827460788,24,0.41832718459504026,0.1450567880652485,10.0,0.004652025799694648,0.027078111259985778,All Other Amusement and Recreation Industries,0.6210093900470337,2.0,0.2521817913473798,24.0,False
482112,48,Transportation,24,0.14961463639650838,12,4,0.07536566611349682,23,0.4180640271081461,0.12376636019357838,10.0,0.025848276202929996,0.15045542072181178,Short Line Railroads,0.3698266809223485,4.0,0.1320752519160322,23.0,True
561920,56,Administrative & waste services,24,0.149178030076577,10,4,0.05484147052141273,24,0.4168440301829279,0.11069127960736143,10.0,0.03848675046921558,0.22402036362505437,Convention and Trade Show Organizers,0.104275993754802,1.0,0.02916703638303,23.0,False
611710,61,Educational services,24,0.14899448325561734,6,2,0.08291524980533198,24,0.4163311503940152,0.06651152228130469,10.0,0.08248296097431265,0.48010971789152707,Educational Support Services,0.2291020253722218,4.0,0.0750838603165578,23.0,False
111998,11,"Agriculture, forestry, fishing",24,0.14822949478424374,9,3,0.06892052588793332,24,0.4141935643346795,0.13600623055827646,10.0,0.012223264225967284,0.07114812404795161,All Other Miscellaneous Crop Farming,0.4979653372075746,3.0,0.1529708902438527,24.0,True
512110,51,Information,24,0.14800681483017497,2,1,0.06287131773623207,24,0.4135713359177516,0.06286308894303436,10.0,0.08514372588714061,0.4955972692182955,Motion Picture and Video Production,0.069028747579407,3.0,0.0250194514573711,24.0,False
611620,61,Educational services,24,0.14773971782088063,7,3,0.07497557628653867,24,0.412824994155852,0.08735483803027887,10.0,0.06038487979060177,0.3514831094655811,Sports and Recreation Instruction,0.2746639168456716,2.0,0.1122014222617647,24.0,False
525920,52,Finance & insurance,24,0.14613482292846008,12,4,0.07774094269214639,23,0.4083404808891654,0.061572717325024805,10.0,0.08456210560343527,0.4922118239453412,"Trusts, Estates, and Agency Accounts",0.2902207153982863,4.0,0.0867769615926338,23.0,True
111120,11,"Agriculture, forestry, fishing",24,0.14516474623806414,12,4,0.06006102934812745,23,0.40562982251002216,0.11230058481682532,10.0,0.03286416142123881,0.1912928813698429,Oilseed (except Soybean) Farming,0.5273687084555548,2.0,0.1624365877567555,24.0,False
111920,11,"Agriculture, forestry, fishing",24,0.14306570753380562,12,4,0.04841864794122158,23,0.39976453690098224,0.09804984987338068,10.0,0.04501585766042494,0.26202442864196485,Cotton Farming,0.2613213974174119,3.0,0.0754999169862538,24.0,False
491110,49,Warehousing & couriers,24,0.1427053860031071,12,4,0.08684102391841587,23,0.3987577004456345,0.04088507264719023,10.0,0.10182031335591685,0.5926669137903544,Postal Service,0.1312408672891944,4.0,0.0558122670049726,23.0,True
487210,48,Transportation,24,0.13973032027139,8,3,0.06501739766276081,24,0.3904445568209904,0.2037361873459816,10.0,0.0,0.0,"Scenic and Sightseeing Transportation, Water",0.7665667044248576,2.0,0.2822532240541153,24.0,False
115116,11,"Agriculture, forestry, fishing",24,0.13815562646088547,10,4,0.07723172686034235,24,0.3860444335995088,0.07666141931864529,10.0,0.06149420714224019,0.35794018660676596,Farm Management Services,0.2665246651751268,2.0,0.0770765464166458,24.0,False
311314,31,Manufacturing - food/textiles,13,0.13528277414094755,10,4,0.060064773261512716,13,0.3780169020752718,0.11018819525165051,10.0,0.025094578889297045,0.14606836428797923,Cane Sugar Manufacturing,0.3303628290877085,4.0,0.1515205172690668,23.0,True
711190,71,"Arts, entertainment & recreation",24,0.1351704373132898,10,4,0.0720703833034603,24,0.37770300239477067,0.13751161513550916,10.0,0.0,0.0,Other Performing Arts Companies,0.1757619218547911,2.0,0.0579187864229026,24.0,False
111219,11,"Agriculture, forestry, fishing",24,0.13443838588430604,10,4,0.08481253665725606,24,0.375657451399077,0.1400815879584048,10.0,0.0,0.0,Other Vegetable (except Potato) and Melon Farming,0.429864716122855,3.0,0.1469029522278252,24.0,False
711410,71,"Arts, entertainment & recreation",24,0.13365796293464619,12,4,0.06235474881273883,23,0.3734767372053283,0.04038556347884238,10.0,0.0932723994558038,0.5429119524908635,"Agents and Managers for Artists, Athletes, Entertainers, and Other Public Figures",0.0586185979630314,3.0,0.0167410840767284,24.0,False
111130,11,"Agriculture, forestry, fishing",24,0.13282032266925628,10,4,0.0704748828583362,24,0.3711361422538506,0.1550308865212232,10.0,0.0,0.0,Dry Pea and Bean Farming,0.4353157566658662,3.0,0.1564544250744707,24.0,False
111422,11,"Agriculture, forestry, fishing",24,0.13189149883675688,5,2,0.0795563168670361,24,0.36854075559087984,0.11454111906492112,10.0,0.01735037977183576,0.10099159679974548,Floriculture Production,0.3877401426548154,1.0,0.1227055908731169,23.0,False
541690,54,Professional & technical services,24,0.13117863658576406,12,4,0.0645064165382144,23,0.3665488243828019,0.04432559962022007,10.0,0.086853036965544,0.5055466799808006,Other Scientific and Technical Consulting Services,0.1228198293477985,4.0,0.0282073308232751,23.0,True
721310,72,Accommodation & food services,24,0.1274396461130373,5,2,0.0530675226692991,24,0.3561010670510625,0.09826765424112247,10.0,0.029171991871914826,0.16980181873345582,"Rooming and Boarding Houses, Dormitories, and Workers' Camps",0.2295278394198206,1.0,0.0613131606917063,23.0,False
311352,31,Manufacturing - food/textiles,13,0.126146061245258,12,4,0.06756400048475002,12,0.3524864387482758,0.06373108155551782,10.0,0.06241497968974019,0.3632997401775957,Confectionery Manufacturing from Purchased Chocolate,0.0930948005699249,4.0,0.036726722725935,23.0,True
311421,31,Manufacturing - food/textiles,24,0.12258758113434418,8,3,0.07637553727064357,24,0.3425430765119084,0.14171340363496382,10.0,0.0,0.0,Fruit and Vegetable Canning,0.5557138936463122,3.0,0.2130922202712385,24.0,True
114112,11,"Agriculture, forestry, fishing",24,0.12008868245197159,12,4,0.0681169076751384,23,0.33556047326098537,0.062460629553407,10.0,0.05762805289856459,0.3354364088406612,Shellfish Fishing,0.1393135464647106,2.0,0.0430511604408214,24.0,False
561730,56,Administrative & waste services,24,0.11991899643701734,4,2,0.047228164366520754,24,0.3350863243376962,0.11820343833746168,10.0,0.0017155580995556613,0.009985772885392668,Landscaping Services,0.4036148213063727,2.0,0.1460451167694287,24.0,True
541922,54,Professional & technical services,24,0.11953587607005389,12,4,0.06509035393887752,23,0.3340157817267754,0.030955772684820894,10.0,0.088580103385233,0.5155994395052198,Commercial Photography,0.0549891002188043,3.0,0.0158964941220589,24.0,False
722310,72,Accommodation & food services,24,0.11935764897409078,9,3,0.056383068360133265,24,0.33351776669781347,0.07154825187353571,10.0,0.04780939710055507,0.27828482250606745,Food Service Contractors,0.1136311910924949,3.0,0.0437205648680188,24.0,True
111335,11,"Agriculture, forestry, fishing",24,0.11787386456178883,10,4,0.07696334187746226,24,0.32937166908525584,0.09967558335352657,10.0,0.018198281208262265,0.1059269884810568,Tree Nut Farming,0.390573476132153,3.0,0.1584089967638627,24.0,False
541214,54,Professional & technical services,24,0.11762048096338262,12,4,0.04715005598254211,23,0.3286636463268933,0.03429601421630906,10.0,0.08332446674707356,0.48500788224440655,Payroll Services,0.0694893136896437,3.0,0.0280947900127643,24.0,False
713910,71,"Arts, entertainment & recreation",24,0.11682683128209792,6,2,0.057967845094744515,24,0.326445973043969,0.15686241807833204,10.0,0.0,0.0,Golf Courses and Country Clubs,0.7821960970323976,2.0,0.2967751927994114,24.0,True
324121,32,Manufacturing - paper/chemicals,24,0.11346455666819943,5,2,0.03388695992976043,24,0.31705086238377495,0.10046503510039488,10.0,0.012999521567804553,0.07566649595165645,Asphalt Paving Mixture and Block Manufacturing,0.3146951117074376,2.0,0.1015053629829396,24.0,True
111992,11,"Agriculture, forestry, fishing",24,0.11252457439785116,10,4,0.04611652845356667,24,0.3144242960075375,0.11236278106664503,10.0,0.00016179333120612538,0.0009417526927324346,Peanut Farming,0.3554214019274654,3.0,0.09920302333986,24.0,False
611610,61,Educational services,24,0.11158537748233159,5,2,0.04429294382194901,24,0.31179992412650664,0.08047262785174006,10.0,0.031112749630591532,0.1810984144061578,Fine Arts Schools,0.1473602388635812,1.0,0.0347023583282021,23.0,False
487110,48,Transportation,24,0.11134267108319605,12,4,0.04480038349467334,23,0.3111217363698047,0.146739400648279,10.0,0.0,0.0,"Scenic and Sightseeing Transportation, Land",0.407423500178514,2.0,0.1339359279698353,24.0,False
711310,71,"Arts, entertainment & recreation",24,0.11105219960264553,12,4,0.04710522424772338,23,0.31031007997144816,0.11570280526720829,10.0,0.0,0.0,"Promoters of Performing Arts, Sports, and Similar Events with Facilities",0.1327449033701511,2.0,0.028709713980802,24.0,False
541490,54,Professional & technical services,24,0.11098239406607635,12,4,0.054533811177866154,23,0.3101150242975152,0.0333609543330121,10.0,0.07762143973306425,0.45181219360179736,Other Specialized Design Services,0.1138131315533112,4.0,0.0303047082955542,23.0,True
541990,54,Professional & technical services,24,0.11025674964642478,12,4,0.0526150565051233,23,0.3080873762302224,0.035039228642889456,10.0,0.07521752100353532,0.4378196704256747,"All Other Professional, Scientific, and Technical Services",0.1047374767280314,4.0,0.0240287081712226,23.0,True
561311,56,Administrative & waste services,17,0.10999254145779014,12,4,0.05003889746500855,16,0.3073491066197358,0.053978227199021844,10.0,0.056014314258768294,0.32604329790051756,Employment Placement Agencies,0.1010219922840983,3.0,0.0299655536269064,24.0,False
312113,31,Manufacturing - food/textiles,24,0.10963998454338125,8,3,0.06050728142587943,24,0.30636396661624055,0.1810223405614864,10.0,0.0,0.0,Ice Manufacturing,0.7539506696420493,2.0,0.3011725781833537,24.0,False
111421,11,"Agriculture, forestry, fishing",24,0.10952631454167108,4,2,0.05005722028860205,24,0.3060463416844765,0.09214428773769462,10.0,0.017382026803976464,0.10117580511978758,Nursery and Tree Production,0.2741404725948237,2.0,0.082324588587094,24.0,True
111930,11,"Agriculture, forestry, fishing",24,0.10942229147339097,12,4,0.04963009042168929,23,0.3057556729111215,0.08379969874144222,10.0,0.02562259273194875,0.14914178180408028,Sugarcane Farming,0.17949359947009,4.0,0.0593723224847189,23.0,True
711110,71,"Arts, entertainment & recreation",24,0.10905571998676375,12,4,0.03618140235889577,23,0.30473137237734044,0.1035089496414748,10.0,0.005546770345288943,0.03228616327819643,Theater Companies and Dinner Theaters,0.0807524361355319,2.0,0.0321176343981308,24.0,False
711212,71,"Arts, entertainment & recreation",24,0.10813464211729687,5,2,0.07048632556786422,24,0.3021576300439433,0.1296883447301285,10.0,0.0,0.0,Racetracks,0.6341837700822991,2.0,0.2654145280888708,24.0,True
812990,81,Other services,24,0.10798392312326349,12,4,0.052833896637266495,23,0.3017364801409332,0.02906062003528036,10.0,0.07892330308798313,0.4593899677345431,All Other Personal Services,0.1082880622119619,2.0,0.0214775327221613,24.0,False
611513,61,Educational services,24,0.10796600263365497,10,4,0.05421244201346651,24,0.301686405414062,0.07240835730661044,10.0,0.03555764532704453,0.20697088059400362,Apprenticeship Training,0.179365728328638,4.0,0.0545134135722821,23.0,True
712120,71,"Arts, entertainment & recreation",24,0.10612648810413675,12,4,0.048358551119455064,23,0.2965463010054516,0.08002183247502193,10.0,0.02610465562911482,0.1519477320128325,Historical Sites,0.2343252703073642,2.0,0.0797355108381385,24.0,False
492210,49,Warehousing & couriers,24,0.10277756862747776,12,4,0.05840601797649659,23,0.2871885082346794,0.04763917810652139,10.0,0.05513839052095637,0.32094479641987433,Local Messengers and Local Delivery,0.1617149841456095,4.0,0.0618317583861646,23.0,True
111940,11,"Agriculture, forestry, fishing",24,0.10264178061610926,10,4,0.03954012482525345,24,0.28680907956223806,0.14905280773592222,10.0,0.0,0.0,Hay Farming,0.4095916913038954,2.0,0.1385313092442158,24.0,False
621399,62,Health care & social assistance,24,0.10261879201909511,12,4,0.05018840550459242,23,0.28674484316346865,0.027184642325317993,10.0,0.07543414969377712,0.4390806040552469,Offices of All Other Miscellaneous Health Practitioners,0.0962842260789166,4.0,0.0277921046989487,23.0,True
711320,71,"Arts, entertainment & recreation",24,0.1019059164084066,7,3,0.03266167047062573,24,0.28475287462476373,0.10538460914612577,10.0,0.0,0.0,"Promoters of Performing Arts, Sports, and Similar Events without Facilities",0.2830521010461194,2.0,0.0962149789719004,24.0,False
611310,61,Educational services,24,0.10147269129205685,2,1,0.030740000846486346,24,0.28354232570289506,0.04688394620838909,10.0,0.05458874508366776,0.31774546758007693,"Colleges, Universities, and Professional Schools",0.0934553502168654,1.0,0.0299595883312764,23.0,True
445230,44,Retail trade - general,24,0.10031002834278505,12,4,0.0449190222827116,23,0.28029352888428816,0.06135255001289367,10.0,0.038957478329891375,0.22676033582929084,Fruit and Vegetable Retailers,0.2432641358013264,3.0,0.0809916830935623,24.0,False
561330,56,Administrative & waste services,24,0.1000817898590631,12,4,0.04694335455242843,23,0.27965576842218354,0.02981179637039084,10.0,0.07026999348867226,0.40902152822317517,Professional Employer Organizations,0.0793532380233652,3.0,0.0329034830668229,24.0,False
712190,71,"Arts, entertainment & recreation",24,0.1000118054851,8,3,0.05541304936263799,24,0.27946021302788293,0.13054569897656082,10.0,0.0,0.0,Nature Parks and Other Similar Institutions,0.3471912623613011,2.0,0.1365062567360042,24.0,False
713930,71,"Arts, entertainment & recreation",24,0.09973362897199249,8,3,0.05101365209975008,24,0.2786829121159025,0.15654343362797848,10.0,0.0,0.0,Marinas,0.7629195713232215,2.0,0.3050570039272509,24.0,False
115113,11,"Agriculture, forestry, fishing",24,0.09971822366422627,5,2,0.05027454975400203,24,0.2786398654918642,0.08773025615789627,10.0,0.011987967506329994,0.06977852916009297,"Crop Harvesting, Primarily by Machine",0.4012138007375845,3.0,0.1348907898174473,24.0,False
487990,48,Transportation,24,0.09868208073126959,8,3,0.05467976014285438,24,0.27574460004428114,0.11876186087382475,10.0,0.0,0.0,"Scenic and Sightseeing Transportation, Other",0.2742121511756332,2.0,0.0962784152194744,24.0,False
113210,11,"Agriculture, forestry, fishing",24,0.09827531279430435,8,3,0.035446432781548305,24,0.27460797968465617,0.07939179441373534,10.0,0.01888351838056901,0.10991555801831474,Forest Nurseries and Gathering of Forest Products,0.0841038036383752,2.0,0.03485802198125,24.0,False
115310,11,"Agriculture, forestry, fishing",24,0.09796886048763967,8,3,0.060144056489307963,24,0.27375166850731064,0.07881495281575901,10.0,0.01915390767188066,0.11148941672609021,Support Activities for Forestry,0.2625918123202072,3.0,0.0937585371654294,24.0,True
812910,81,Other services,24,0.09642099235080553,12,4,0.051361521687370085,23,0.2694265035214312,0.04170334256433009,10.0,0.05471764978647545,0.31849578497616515,Pet Care (except Veterinary) Services,0.1382563420459885,2.0,0.0293862024689389,24.0,False
611630,61,Educational services,24,0.09604302708867947,10,4,0.05287914366831201,24,0.2683703656769182,0.06050195085037835,10.0,0.03554107623830112,0.2068744366687571,Language Schools,0.1750016982197882,1.0,0.0621293990883733,23.0,False
213114,21,"Mining, quarrying, oil & gas",24,0.09591124547160573,12,4,0.04318624136577463,23,0.2680021319608888,0.055845173050396525,10.0,0.04006607242120921,0.23321314487193145,Support Activities for Metal Mining,0.1328533615767307,3.0,0.0407577646700273,24.0,False
721199,72,Accommodation & food services,24,0.0954902565045441,6,2,0.05170637260056963,24,0.26682577417145803,0.14671324480770512,10.0,0.0,0.0,All Other Traveler Accommodation,0.6408826635718503,2.0,0.2431794094128529,24.0,True
561431,56,Administrative & waste services,24,0.09370753390716369,12,4,0.059672149750040815,23,0.26184436188300797,0.02202025784600829,10.0,0.0716872760611554,0.4172711246005332,Private Mail Centers,0.0851217403095248,4.0,0.0392929584508593,23.0,True
111419,11,"Agriculture, forestry, fishing",24,0.09367061865938978,10,4,0.030221132135836003,24,0.261741210630445,0.07019039226249749,10.0,0.02348022639689229,0.13667168028742174,Other Food Crops Grown Under Cover,0.1921936505580188,2.0,0.0651970066620465,24.0,False
237310,23,Construction,24,0.09313844246775994,11,4,0.02621809970918282,24,0.26025416546452806,0.1053262099027961,10.0,0.0,0.0,"Highway, Street, and Bridge Construction",0.2095345212856599,2.0,0.0694430383961479,24.0,False
525910,52,Finance & insurance,24,0.09297137379123363,12,4,0.04606249866190433,23,0.2597873300973845,0.04411784892538765,10.0,0.04885352486584598,0.2843623915083811,Open-End Investment Funds,0.1229143002665502,4.0,0.0458893691431718,23.0,True
312130,31,Manufacturing - food/textiles,24,0.09232450222673885,10,4,0.04178972182064733,24,0.25797979483353684,0.06939596296980874,10.0,0.022928539256930114,0.13346046728048191,Wineries,0.2419260262366914,3.0,0.0955337634088043,24.0,False
611110,61,Educational services,24,0.09193872351990225,9,3,0.03001334398790478,24,0.2569018240972697,0.04013720259538611,10.0,0.051801520924516134,0.3015218331597816,Elementary and Secondary Schools,0.1259748757669203,1.0,0.032684014835413,23.0,False
424930,42,Wholesale trade,24,0.09184281317078807,5,2,0.04260208369032348,24,0.2566338244699755,0.05146853789511254,10.0,0.04037427527567553,0.23500710551256937,"Flower, Nursery Stock, and Florists' Supplies Merchant Wholesalers",0.1423988833546773,1.0,0.0423798325310505,23.0,False
112420,11,"Agriculture, forestry, fishing",24,0.09151014981498212,12,4,0.045593191197125654,23,0.25570427248529554,0.048133433271274215,10.0,0.04337671654370791,0.2524834571511802,Goat Farming,0.0895969169797437,2.0,0.0271718922458697,24.0,False
541320,54,Professional & technical services,24,0.08986554324544097,12,4,0.031898641601819794,23,0.25110879398111535,0.06742450083416167,10.0,0.022441042411279297,0.13062288761222396,Landscape Architectural Services,0.2538030472911557,2.0,0.0868560467723687,24.0,False
541613,54,Professional & technical services,24,0.08972529041178426,12,4,0.04356962346317727,23,0.25071688937964004,0.027384312063859682,10.0,0.062340978347924576,0.36286899953828045,Marketing Consulting Services,0.0611829829878394,3.0,0.0115124828166631,24.0,False
812113,81,Other services,24,0.08896834455052902,12,4,0.03911438539042546,23,0.24860177656259885,0.06817915255167553,10.0,0.020789191998853485,0.121007938947181,Nail Salons,0.1630406335494086,3.0,0.0511469915340904,24.0,False
541713,54,Professional & technical services,7,0.08882442907331461,12,4,0.044550435406734624,6,0.24819963753785804,0.045585313946412354,10.0,0.04323911512690226,0.2516825186709939,Research and Development in Nanotechnology,0.0528741804851242,2.0,0.0137615220598679,24.0,False
541611,54,Professional & technical services,24,0.08808961596916132,12,4,0.044989770490426594,23,0.24614636966986664,0.022172945406650994,10.0,0.06591667056251033,0.3836820809327072,Administrative Management and General Management Consulting Services,0.0653974368680962,4.0,0.013684229804627,23.0,True
531390,53,Real estate,24,0.08694652101234904,12,4,0.0453157309176453,23,0.24295225114963404,0.0261403110326884,10.0,0.06080620997966064,0.35393555195574866,Other Activities Related to Real Estate,0.0649051821830259,2.0,0.0124064718037631,24.0,False
611699,61,Educational services,24,0.08682270373551974,12,4,0.02993093852862917,23,0.24260627196856224,0.0484939720034155,10.0,0.03832873173210424,0.22310058176465622,All Other Miscellaneous Schools and Instruction,0.1002450569600571,2.0,0.0333171683478279,24.0,False
541714,54,Professional & technical services,7,0.08664231857659863,12,4,0.04359814803754793,6,0.24210222672415682,0.03867508251751289,10.0,0.04796723605908573,0.2792035579267812,Research and Development in Biotechnology (except Nanobiotechnology),0.0542409528036369,4.0,0.0120748164287152,23.0,True
561320,56,Administrative & waste services,24,0.08467535747646704,12,4,0.03900421133769937,23,0.23660600189955625,0.037690097086009455,10.0,0.046985260390457584,0.27348775849775453,Temporary Help Services,0.0948092784343635,3.0,0.0339904203556458,24.0,False
813211,81,Other services,24,0.08467081136478416,12,4,0.03348173074273233,23,0.23659329882582225,0.019222625528783364,10.0,0.06544818583600079,0.3809551653707037,Grantmaking Foundations,0.035051693975107,4.0,0.0117603215085945,23.0,True
221118,22,Utilities,13,0.08460636760096105,12,4,0.044406082085534086,12,0.2364132254046999,0.05081080246936809,10.0,0.03379556513159296,0.19671431589812705,Other Electric Power Generation,0.0920456761798331,4.0,0.0239445433693727,23.0,True
114210,11,"Agriculture, forestry, fishing",24,0.08412631413960409,10,4,0.047258715324148305,24,0.23507182533772905,0.07918680202783249,10.0,0.004939512111771599,0.02875148683426863,Hunting and Trapping,0.2256655182164025,4.0,0.0855061544237825,23.0,True
112910,11,"Agriculture, forestry, fishing",24,0.08412528012806772,8,3,0.03431601384196287,24,0.23506893602798382,0.06753545311149582,10.0,0.016589827016571898,0.09656463680148507,Apiculture,0.2247121675506854,2.0,0.0664894972506697,24.0,False
813930,81,Other services,24,0.08358247513006789,12,4,0.05037554624880644,23,0.23355219108334593,0.02276679214194862,10.0,0.06081568298811927,0.3539906916278086,Labor Unions and Similar Labor Organizations,0.0679998336932167,3.0,0.0208532768335136,24.0,False
531210,53,Real estate,24,0.08307378428877944,12,4,0.044811232201571294,23,0.23213077038023722,0.02270448029214417,10.0,0.06036930399663527,0.3513924472250546,Offices of Real Estate Agents and Brokers,0.0567807947704653,2.0,0.0166783671130783,24.0,False
512131,51,Information,24,0.08256421118250754,3,1,0.029102079558276206,24,0.23070688438856554,0.14989562101419782,10.0,0.0,0.0,Motion Picture Theaters (except Drive-Ins),0.2311915259902616,2.0,0.0805108464158688,24.0,False
722514,72,Accommodation & food services,13,0.08249721790866675,3,1,0.03990406419087879,13,0.23051968694234234,0.11175273372405795,10.0,0.0,0.0,"Cafeterias, Grill Buffets, and Buffets",0.0767847185559673,1.0,0.0208320979236013,23.0,True
541618,54,Professional & technical services,24,0.0819545986332387,12,4,0.04101949198823125,23,0.22900346095713353,0.018872604390294912,10.0,0.06308199424294379,0.36718224106244945,Other Management Consulting Services,0.057584391418998,3.0,0.0120787354179883,24.0,False
481219,48,Transportation,24,0.08140783313370249,12,4,0.03992072247149172,23,0.22747564929294506,0.0321152238092662,10.0,0.04929260932443629,0.28691817652208834,Other Nonscheduled Air Transportation,0.0970444037055774,4.0,0.0203442967617569,23.0,True
722515,72,Accommodation & food services,13,0.08119325201140883,12,4,0.03757676947922509,12,0.22687605121692708,0.07860742325081661,10.0,0.0025858287605922126,0.01505136942344194,Snack and Nonalcoholic Beverage Bars,0.2126549322947695,2.0,0.0729440474481037,24.0,False
483212,48,Transportation,24,0.08106797356854326,8,3,0.04848196836529648,24,0.22652598914014324,0.11632955335905885,10.0,0.0,0.0,Inland Water Passenger Transportation,0.4530978238600097,2.0,0.1630601196871086,24.0,False
561312,56,Administrative & waste services,17,0.08048334988383563,12,4,0.039254977100401864,16,0.2248923913995857,0.033915021816130306,10.0,0.04656832806770532,0.2710609147291514,Executive Search Services,0.0505172046188879,3.0,0.0173026778482284,24.0,False
221115,22,Utilities,13,0.08045562102630147,12,4,0.03981279172091832,12,0.2248149094223738,0.044028569908552015,10.0,0.03642705111774945,0.2120314429692873,Wind Electric Power Generation,0.0950116081752554,4.0,0.0283982236062784,23.0,True
114111,11,"Agriculture, forestry, fishing",24,0.07967356991825053,10,4,0.04305925192917758,24,0.22262964571080962,0.06447417906407833,10.0,0.015199390854172198,0.0884713056966064,Finfish Fishing,0.2583184761969708,2.0,0.0793684697117262,24.0,False
445291,44,Retail trade - general,24,0.0796484154633939,12,4,0.04081697385352045,23,0.22255935731556734,0.03241009610681721,10.0,0.0472383193565767,0.27496074234069884,Baked Goods Retailers,0.0858079474325142,4.0,0.0215213322190744,23.0,True
311811,31,Manufacturing - food/textiles,24,0.0777829866009079,12,4,0.04138894000612361,23,0.21734684120539305,0.0262270119538617,10.0,0.051555974647046206,0.3000925785281236,Retail Bakeries,0.0673133346414893,4.0,0.0172086757019324,23.0,True
112512,11,"Agriculture, forestry, fishing",24,0.07777038673687311,12,4,0.03342256200072047,23,0.2173116337549305,0.06689109946811235,10.0,0.010879287268760765,0.06332521868476897,Shellfish Farming,0.2235600674311455,2.0,0.087467932562736,24.0,False
541420,54,Professional & technical services,24,0.07680819789993379,12,4,0.03903653182608484,23,0.2146230161858359,0.026077216860461903,10.0,0.050730981039471885,0.29529052676475187,Industrial Design Services,0.044668886796357,4.0,0.0082876593653974,23.0,True
621330,62,Health care & social assistance,24,0.0767101918799419,12,4,0.036598611713310546,23,0.21434916068355692,0.021611784253150447,10.0,0.05509840762679145,0.32071206743183533,Offices of Mental Health Practitioners (except Physicians),0.066704989769879,4.0,0.0191804364911315,23.0,True
611210,61,Educational services,24,0.07631839745599191,2,1,0.02549942553327986,24,0.21325438039587866,0.03816450993224854,10.0,0.038153887523743366,0.22208286364979307,Junior Colleges,0.1655061563543169,1.0,0.0526719257536609,23.0,True
713940,71,"Arts, entertainment & recreation",24,0.07621485583533608,6,2,0.04415803672101017,24,0.21296505691826137,0.08335439915943296,10.0,0.0,0.0,Fitness and Recreational Sports Centers,0.3786651578301393,2.0,0.1605391547865481,24.0,True
712130,71,"Arts, entertainment & recreation",24,0.07584931974821582,12,4,0.03619235240507521,23,0.21194364957259332,0.09212840755312561,10.0,0.0,0.0,Zoos and Botanical Gardens,0.353470905622562,2.0,0.1430843293783825,24.0,False
423920,42,Wholesale trade,24,0.0758167416381205,7,3,0.05083878047668635,24,0.21185261746350253,0.023828935218600522,10.0,0.05198780641951997,0.30260614773090166,Toy and Hobby Goods and Supplies Merchant Wholesalers,0.1117409241436753,2.0,0.0442928019849594,24.0,False
813410,81,Other services,24,0.07510256537489773,7,3,0.034439891015565285,24,0.20985701454751055,0.05947577964012417,10.0,0.015626785734773566,0.0909590490211666,Civic and Social Organizations,0.2205969819445903,2.0,0.0924675870173372,24.0,False
336360,33,Manufacturing - metals/machinery,24,0.07494951402279341,6,2,0.03296840540860086,24,0.209429347401059,0.04496373392584628,10.0,0.029985780096947134,0.17453864717085132,Motor Vehicle Seating and Interior Trim Manufacturing,0.0453176397546314,3.0,0.0169047890459352,24.0,False
112519,11,"Agriculture, forestry, fishing",24,0.0747463392769004,12,4,0.03665252099915633,23,0.20886162184612334,0.07924191359491999,10.0,0.0,0.0,Other Aquaculture,0.3696991852083993,2.0,0.1450523720545762,24.0,False
488320,48,Transportation,24,0.07400819469915357,12,4,0.04557147434034237,23,0.20679904493390833,0.025996652151480653,10.0,0.04801154254767291,0.27946145332099454,Marine Cargo Handling,0.0506947385579891,3.0,0.0219132640463674,24.0,False
333112,33,Manufacturing - metals/machinery,24,0.07395357257233899,6,2,0.02041752284520067,24,0.20664641584055682,0.05555470854898068,10.0,0.01839886402335831,0.10709452366204576,Lawn and Garden Tractor and Home Lawn and Garden Equipment Manufacturing,0.1398458516033127,1.0,0.0634246564640052,23.0,False
512250,51,Information,7,0.07385850584222806,12,4,0.03553155635429452,6,0.20638077351443537,0.040276692853070825,10.0,0.03358181298915723,0.19547012583036885,Record Production and Distribution,0.0538906423816038,1.0,0.0115101650330707,23.0,False
312140,31,Manufacturing - food/textiles,24,0.07230066179966538,12,4,0.03680183551545849,23,0.20202773313198127,0.02531200603129972,10.0,0.04698865576836565,0.2735075220211577,Distilleries,0.104387808226063,4.0,0.025043807293239,23.0,True
624230,62,Health care & social assistance,24,0.07226182762790387,12,4,0.04161783309002252,23,0.20191921988336436,0.018904036783494903,10.0,0.05335779084440896,0.3105804351228647,Emergency and Other Relief Services,0.0269709598210179,4.0,0.0086903213147144,23.0,True
111320,11,"Agriculture, forestry, fishing",24,0.07207781547497588,6,2,0.028177582211453358,24,0.20140503983024416,0.10659865978970502,10.0,0.0,0.0,Citrus (except Orange) Groves,0.2689348934144122,4.0,0.0940423216986021,23.0,False
483114,48,Transportation,24,0.07205263958366617,10,4,0.032502087969399074,24,0.20133469153571582,0.11373493754527267,10.0,0.0,0.0,Coastal and Great Lakes Passenger Transportation,0.3443835266279868,2.0,0.1226962901920365,24.0,False
532289,53,Real estate,7,0.07200530038386191,6,2,0.026730076557093935,7,0.20120241292322902,0.1471298315614163,10.0,0.0,0.0,All Other Consumer Goods Rental,0.2057319170513262,2.0,0.0684908599326792,24.0,True
561499,56,Administrative & waste services,24,0.07200088511731605,12,4,0.029904936864747707,23,0.20119007546643083,0.022232735104782162,10.0,0.04976815001253389,0.2896861628178226,All Other Business Support Services,0.0346470806467129,3.0,0.0136468703615819,24.0,False
721191,72,Accommodation & food services,24,0.07050298137343694,8,3,0.025858995490536735,24,0.19700452459741782,0.0882058658611831,10.0,0.0,0.0,Bed-and-Breakfast Inns,0.268539989892739,2.0,0.0888783040073469,24.0,False
237120,23,Construction,24,0.06996223944525196,10,4,0.027824231225432705,24,0.19549354443151934,0.05320114257182025,10.0,0.016761096873431705,0.09756154963886358,Oil and Gas Pipeline and Related Structures Construction,0.1594324201205224,3.0,0.0624748567724698,24.0,False
312120,31,Manufacturing - food/textiles,24,0.06995688722902746,12,4,0.0327618218369556,23,0.1954785888822318,0.04317836893364482,10.0,0.026778518295382636,0.155870093804624,Breweries,0.1229505358894823,2.0,0.0287115196342914,24.0,False
541350,54,Professional & technical services,24,0.06868727412948009,12,4,0.02959126565838541,23,0.19193094422626805,0.02557902111918815,10.0,0.04310825301029193,0.2509208077291663,Building Inspection Services,0.0712558107715241,3.0,0.0213806848899034,24.0,False
313210,31,Manufacturing - food/textiles,24,0.06867293376737146,1,1,0.035548967771591194,23,0.19189087335033161,0.02855157455689008,10.0,0.040121359210481385,0.2335349534550261,Broadwoven Fabric Mills,0.12091646574601,1.0,0.0393284649630305,23.0,True
541930,54,Professional & technical services,24,0.06841064933312249,12,4,0.02893694089225171,23,0.19115797923334624,0.018925243112787586,10.0,0.049485406220334906,0.2880403920949395,Translation and Interpretation Services,0.0533524134603196,4.0,0.0127440815716132,23.0,True
621999,62,Health care & social assistance,24,0.06836063130052043,12,4,0.030821663300428976,23,0.19101821523270243,0.019314337616956508,10.0,0.049046293683563925,0.2854844436461756,All Other Miscellaneous Ambulatory Health Care Services,0.0764513872191791,4.0,0.0206836984353087,23.0,True
561790,56,Administrative & waste services,24,0.0682206454591453,6,2,0.03450089524812968,24,0.19062705668035124,0.07642647369346214,10.0,0.0,0.0,Other Services to Buildings and Dwellings,0.3449636891372142,2.0,0.1254726796897534,24.0,True
523910,52,Finance & insurance,24,0.06819021299733166,12,4,0.036219075219542964,23,0.19054202009671842,0.02215709001240375,10.0,0.04603312298492791,0.2679456390616545,Miscellaneous Intermediation,0.0609893594741478,2.0,0.0129508285404256,24.0,False
713950,71,"Arts, entertainment & recreation",24,0.06785827382653443,3,1,0.03814578902301892,24,0.1896144916821143,0.08336954225069149,10.0,0.0,0.0,Bowling Centers,0.1549447781880353,1.0,0.0403072442779296,23.0,True
493110,49,Warehousing & couriers,24,0.06779267185142412,12,4,0.03489779366121671,23,0.18943118190332914,0.03324533566839348,10.0,0.034547336183030644,0.2010901601108144,General Warehousing and Storage,0.1327564369933037,4.0,0.0485648682771477,23.0,True
212311,21,"Mining, quarrying, oil & gas",24,0.06773519937043057,12,4,0.02425307569064989,23,0.18927058814438444,0.048662345633564454,10.0,0.019072853736866117,0.11101762495947372,Dimension Stone Mining and Quarrying,0.1754032284474945,2.0,0.0573363231196433,24.0,False
325992,32,Manufacturing - paper/chemicals,24,0.06771289651959625,1,1,0.034868891896114064,23,0.18920826790713788,0.02027120009530629,10.0,0.047441696424289956,0.2761445420667517,"Photographic Film, Paper, Plate, Chemical, and Copy Toner Manufacturing",0.1151471513231908,1.0,0.0350067330512108,23.0,True
482111,48,Transportation,24,0.06755464794951897,12,4,0.034433492780262635,23,0.1887660783187123,0.08799453743466816,10.0,0.0,0.0,Line-Haul Railroads,0.18768096635458,4.0,0.0670184403790831,23.0,True
541612,54,Professional & technical services,24,0.06744439766057474,12,4,0.03257622583810391,23,0.18845800899544293,0.024070675736806504,10.0,0.04337372192376823,0.25246602632525633,Human Resources Consulting Services,0.046727089727827,3.0,0.0177451756702081,24.0,False
811411,81,Other services,24,0.06734576872670225,12,4,0.026903847495527787,23,0.1881824129021915,0.050784217570391824,10.0,0.01656155115631043,0.09640005110847749,Home and Garden Equipment Repair and Maintenance,0.2084167532213643,2.0,0.0788605761073878,24.0,False
812111,81,Other services,24,0.06728516300638762,12,4,0.03294500018498825,23,0.18801306401955026,0.04870276071531236,10.0,0.01858240229107526,0.10816284740909611,Barber Shops,0.0704290582890844,4.0,0.0160076992557253,23.0,True
722511,72,Accommodation & food services,13,0.06726986196407891,3,1,0.02765755689860207,13,0.18797030874158682,0.07950198742258703,10.0,0.0,0.0,Full-Service Restaurants,0.0738152164906379,2.0,0.0248413571741742,24.0,False
236118,23,Construction,24,0.06719446055527989,12,4,0.03150784215769602,23,0.18775961667715133,0.03608020542342414,10.0,0.03111425513185575,0.18110717749830083,Residential Remodelers,0.1033365606982507,3.0,0.0298270636036217,24.0,False
512290,51,Information,24,0.06682002428564147,10,4,0.03580986403406773,24,0.18671333979842716,0.053415323835164306,10.0,0.013404700450477168,0.07802492630815318,Other Sound Recording Industries,0.049070981821848,3.0,0.0135898033983238,24.0,False
485119,48,Transportation,24,0.06607146838445646,12,4,0.033395590907937735,23,0.18462167081401304,0.0522382397658534,10.0,0.01383322861860306,0.08051926617516604,Other Urban Transit Systems,0.4946595532849738,4.0,0.1843133060040908,23.0,True
493130,49,Warehousing & couriers,24,0.06567476041132242,10,4,0.039200882560597845,24,0.1835131607321866,0.04983659059584711,10.0,0.01583816981547531,0.09218945527906125,Farm Product Warehousing and Storage,0.2216296632326071,3.0,0.1008190484144785,24.0,False
561110,56,Administrative & waste services,24,0.06551356075452897,12,4,0.032786008456376414,23,0.18306272500403417,0.01721707616333553,10.0,0.048296484591193435,0.28112001943591225,Office Administrative Services,0.0521383902360111,4.0,0.0105726049088786,23.0,True
541614,54,Professional & technical services,24,0.0648420789495443,12,4,0.032277949798471754,23,0.1811864220280488,0.021465769771127755,10.0,0.04337630917841655,0.25248108599436425,"Process, Physical Distribution, and Logistics Consulting Services",0.0604209114554456,4.0,0.0158686184640539,23.0,True
213115,21,"Mining, quarrying, oil & gas",24,0.06460231856331691,12,4,0.030481510053919147,23,0.18051646623347278,0.041862839527871135,10.0,0.022739479035445778,0.13236000182035346,Support Activities for Nonmetallic Minerals (except Fuels) Mining,0.1207831778505809,2.0,0.0313615327357446,24.0,False
621112,62,Health care & social assistance,24,0.0631562373497172,12,4,0.03119410006094121,23,0.17647572162289377,0.01696336227424843,10.0,0.04619287507546878,0.2688755102764626,"Offices of Physicians, Mental Health Specialists",0.0496234432291185,4.0,0.0117513896033988,23.0,True
486990,48,Transportation,24,0.06289882316274002,12,4,0.037535744846894904,23,0.17575643630272464,0.053650115568934544,10.0,0.009248707593805479,0.053834080897096154,All Other Pipeline Transportation,0.0729055622823049,3.0,0.0286487855347915,24.0,False
488999,48,Transportation,24,0.06269913091852543,12,4,0.03031590401025212,23,0.1751984418055996,0.028988078453430266,10.0,0.03371105246509516,0.19622239184507134,All Other Support Activities for Transportation,0.063878825557686,4.0,0.0169187586207457,23.0,True
334210,33,Manufacturing - metals/machinery,24,0.06244869158137542,1,1,0.032266336285771115,23,0.17449864611477056,0.030386159732919027,10.0,0.032062531848456394,0.18662682496866775,Telephone Apparatus Manufacturing,0.1273500794193756,1.0,0.0393608213629877,23.0,True
611691,61,Educational services,24,0.062388626596070716,2,1,0.026892327819560857,24,0.17433080819296373,0.05080277579192336,10.0,0.011585850804147355,0.06743792288015472,Exam Preparation and Tutoring,0.1892521379017697,1.0,0.0679108420269718,23.0,True
311411,31,Manufacturing - food/textiles,24,0.06146813215167579,8,3,0.03830278830144216,24,0.17175869610805677,0.08426876299903213,10.0,0.0,0.0,"Frozen Fruit, Juice, and Vegetable Manufacturing",0.3321473976994835,3.0,0.1208950849203884,24.0,True
311340,31,Manufacturing - food/textiles,24,0.06119782095009316,12,4,0.03005195848584302,23,0.17100337301783058,0.029041504568574728,10.0,0.03215631638151843,0.1871727179043618,Nonchocolate Confectionery Manufacturing,0.0796511812393293,3.0,0.0251686532981749,24.0,False
525120,52,Finance & insurance,24,0.061174999759074644,12,4,0.03035465217971326,23,0.1709396043969898,0.032402922754712536,10.0,0.028772077004362108,0.16747402870296507,Health and Welfare Funds,0.0622400498946597,4.0,0.0236231772983851,23.0,True
336370,33,Manufacturing - metals/machinery,24,0.061171791451918006,6,2,0.02790037854572171,24,0.17093063951332327,0.03721102004577759,10.0,0.02396077140614042,0.13946879530486336,Motor Vehicle Metal Stamping,0.0580094162968131,3.0,0.0213762586745901,24.0,False
532490,53,Real estate,24,0.06090625132689045,12,4,0.024550648750844534,23,0.1701886481099313,0.03481100022289172,10.0,0.026095251103998726,0.15189299096271672,Other Commercial and Industrial Machinery and Equipment Rental and Leasing,0.0529444167188403,3.0,0.0122597172709763,24.0,False
488490,48,Transportation,24,0.06028346547347466,12,4,0.030693241354344286,23,0.16844841488024268,0.022463258320109016,10.0,0.03782020715336564,0.22014060567801777,Other Support Activities for Road Transportation,0.0505467828407592,2.0,0.010944631110583,24.0,False
812199,81,Other services,24,0.059771934780713847,12,4,0.021088162201493094,23,0.16701905885896243,0.0612467065978818,10.0,0.0,0.0,Other Personal Care Services,0.0547515369909875,2.0,0.0165157643679677,24.0,False
311351,31,Manufacturing - food/textiles,13,0.05901354865097867,12,4,0.032487678201554175,12,0.16489992153967106,0.03121382232171068,10.0,0.02779972632926799,0.16181425360764015,Chocolate and Confectionery Manufacturing from Cacao Beans,0.0417295496840438,4.0,0.0148833589295032,23.0,True
811490,81,Other services,24,0.05826332494688015,12,4,0.02541858170166702,23,0.16280359225985244,0.029610798524282722,10.0,0.028652526422597427,0.16677815896930354,Other Personal and Household Goods Repair and Maintenance,0.1114022026993763,2.0,0.0399810452266975,24.0,False
111310,11,"Agriculture, forestry, fishing",24,0.0579112589822062,1,1,0.02874356699988713,23,0.16181982410357904,0.09236087319206147,10.0,0.0,0.0,Orange Groves,0.2452732760821735,1.0,0.0802089549737674,23.0,True
236115,23,Construction,24,0.05779241321481758,12,4,0.02826844603448455,23,0.16148773667339228,0.03191089010892094,10.0,0.025881523105896642,0.1506489414322171,New Single-Family Housing Construction (except For-Sale Builders),0.082111051044547,3.0,0.0253116274406171,24.0,False
541410,54,Professional & technical services,24,0.057703618606665216,12,4,0.028815526912558186,23,0.16123962036362638,0.02534459625686966,10.0,0.032359022349795555,0.1883526113525949,Interior Design Services,0.0453035361003116,3.0,0.0136212171146923,24.0,False
621493,62,Health care & social assistance,24,0.057421123217559794,12,4,0.02985639924242772,23,0.16045025133628132,0.01470367118648655,10.0,0.042717452031073244,0.24864606703523257,Freestanding Ambulatory Surgical and Emergency Centers,0.0613253143995799,4.0,0.0172376423319311,23.0,True
115114,11,"Agriculture, forestry, fishing",24,0.05725290031947584,10,4,0.030206410383070686,24,0.15998019075986555,0.062257499456242225,10.0,0.0,0.0,Postharvest Crop Activities (except Cotton Ginning),0.3086094069318429,2.0,0.1015153304994293,24.0,False
813990,81,Other services,24,0.0572347782093499,8,3,0.03175805993191464,24,0.15992955265037692,0.042629800874849105,10.0,0.014604977334500793,0.08501139465717095,"Other Similar Organizations (except Business, Professional, Labor, and Political Organizations)",0.2703658996845319,2.0,0.1087546561639835,24.0,False
336350,33,Manufacturing - metals/machinery,24,0.05718024913018536,6,2,0.02539484319665619,24,0.1597771835574921,0.04107649380310474,10.0,0.016103755327080617,0.09373535255950212,Motor Vehicle Transmission and Power Train Parts Manufacturing,0.0339602909880363,3.0,0.0114197822806537,24.0,False
713120,71,"Arts, entertainment & recreation",24,0.05704791261448144,8,3,0.03325908345864661,24,0.15940739930361725,0.10458856324556261,10.0,0.0,0.0,Amusement Arcades,0.2603378175847812,2.0,0.1085008688693896,24.0,False
562119,56,Administrative & waste services,24,0.05617597031457695,12,4,0.02513894095997387,23,0.15697095512887796,0.03639926909195164,10.0,0.019776701222625315,0.1151145198070259,Other Waste Collection,0.0977903576290589,3.0,0.0257407234819907,24.0,False
512240,51,Information,24,0.05580634025023136,12,4,0.026815945328393265,23,0.15593810809624523,0.02581869003701992,10.0,0.02998765021321144,0.17454953258259545,Sound Recording Studios,0.0664436209003892,3.0,0.0160508241342787,24.0,False
112410,11,"Agriculture, forestry, fishing",24,0.05571882573521603,10,4,0.027414372763469017,24,0.15569356871521323,0.031115373465765334,10.0,0.024603452269450692,0.14320965674258831,Sheep Farming,0.0627214461138096,3.0,0.0224622573225494,24.0,False
624120,62,Health care & social assistance,24,0.055060743722051456,12,4,0.02701483514645673,23,0.1538547084057052,0.01661674925090654,10.0,0.03844399447114492,0.2237714931925505,Services for the Elderly and Persons with Disabilities,0.0793630672280797,4.0,0.0240278149840773,23.0,True
611692,61,Educational services,24,0.05501108505298292,12,4,0.01761189432104151,23,0.15371594856461182,0.06481498336207966,10.0,0.0,0.0,Automobile Driving Schools,0.1246289686638995,2.0,0.0462275892773643,24.0,False
237990,23,Construction,24,0.05497984701530603,12,4,0.017603162392847097,23,0.15362866098269673,0.03450476450044928,10.0,0.020475082514856753,0.11917959750590211,Other Heavy and Civil Engineering Construction,0.1311499135801098,3.0,0.0434969512017086,24.0,False
425120,42,Wholesale trade,24,0.054350694289320045,12,4,0.027472633515500177,23,0.15187063697764755,0.014191490636298126,10.0,0.04015920365302192,0.23375523512795918,Wholesale Trade Agents and Brokers,0.0375915987808958,3.0,0.0115007999383913,24.0,False
621610,62,Health care & social assistance,24,0.05433637882607391,12,4,0.026187543467120586,23,0.15183063567591168,0.013532544249883986,10.0,0.040803834576189926,0.23750744730621418,Home Health Care Services,0.0596688681060905,4.0,0.0164547501866897,23.0,True
112111,11,"Agriculture, forestry, fishing",24,0.05431826461035655,12,4,0.02561344395205013,23,0.15178001962554988,0.028453605389097948,10.0,0.0258646592212586,0.1505507815844075,Beef Cattle Ranching and Farming,0.1055510898533449,2.0,0.0389739939813771,24.0,False
814110,81,Other services,24,0.05431726073973645,12,4,0.0296357040177371,23,0.15177721453773066,0.021386119968687046,10.0,0.0329311407710494,0.19168274900265175,Private Households,0.1172157671229875,3.0,0.0457655156439508,24.0,False
621340,62,Health care & social assistance,24,0.05420217844277046,12,4,0.025873894989707293,23,0.1514556432685204,0.023320831443636666,10.0,0.030881346999133797,0.17975148589151427,"Offices of Physical, Occupational and Speech Therapists, and Audiologists",0.0572647128866593,4.0,0.0158736640695714,23.0,True
522310,52,Finance & insurance,24,0.05409269404650595,12,4,0.02703022942049376,23,0.1511497140579147,0.04727900968238809,10.0,0.006813684364117861,0.039660507324383136,Mortgage and Nonmortgage Loan Brokers,0.0348787494795933,3.0,0.0132063517040651,24.0,False
333242,33,Manufacturing - metals/machinery,13,0.053630358507574874,12,4,0.02893891142813712,12,0.14985782268995723,0.027686664006593954,10.0,0.02594369450098092,0.15101082333609456,Semiconductor Machinery Manufacturing,0.0167315616528387,3.0,0.0079068591977895,24.0,False
611430,61,Educational services,24,0.053514764648852325,12,4,0.02292089926983719,23,0.14953482197792498,0.013475645467875233,10.0,0.04003911918097709,0.23305625777172012,Professional and Management Development Training,0.0287687435681642,2.0,0.0116766826157913,24.0,False
424590,42,Wholesale trade,24,0.05350364347255294,12,4,0.02475520631722914,23,0.14950374638357217,0.04598501640727972,10.0,0.007518627065273217,0.043763777107421006,Other Farm Product Raw Material Merchant Wholesalers,0.1424640650016625,3.0,0.0510043349964548,24.0,False
212321,21,"Mining, quarrying, oil & gas",24,0.05324895199578452,11,4,0.015150311096178449,24,0.14879206905699205,0.050735862843465096,10.0,0.002513089152319424,0.014627972974104182,Construction Sand and Gravel Mining,0.175193173933859,3.0,0.0559114671449979,24.0,False
561611,56,Administrative & waste services,24,0.053202673298373866,12,4,0.02611280740684374,23,0.14866275377691782,0.021229520401684604,10.0,0.03197315289668926,0.1861065756612778,Investigation and Personal Background Check Services,0.048174817571267,3.0,0.0124841436247626,24.0,False
339930,33,Manufacturing - metals/machinery,13,0.052966873620965624,12,4,0.027517704201283345,12,0.14800386528109688,0.022610051113089315,10.0,0.03035682250787631,0.17669837889159393,"Doll, Toy, and Game Manufacturing",0.030766991756304,1.0,0.008443156660514,23.0,False
562991,56,Administrative & waste services,24,0.05280989170793146,12,4,0.02527919961954761,23,0.1475652150773008,0.030685993106370834,10.0,0.022123898601560627,0.12877688422902228,Septic Tank and Related Services,0.1071449242488753,2.0,0.0305849244524011,24.0,False
551112,55,Management of companies,24,0.05270951478431764,12,4,0.02836679912943372,23,0.1472847346248168,0.015969523156380453,10.0,0.03673999162793719,0.21385298014846127,Offices of Other Holding Companies,0.0351033363207814,3.0,0.0109442922434889,24.0,False
624210,62,Health care & social assistance,24,0.05256649506255075,12,4,0.028413121735744853,23,0.14688509858466836,0.013498880722780219,10.0,0.03906761433977053,0.22740140603346606,Community Food Services,0.0636410688768731,4.0,0.0165844922781643,23.0,True
441222,44,Retail trade - general,24,0.05255518746122091,6,2,0.02044293120842321,24,0.14685350206802572,0.06380123144642724,10.0,0.0,0.0,Boat Dealers,0.265211446164194,2.0,0.1065357770191277,24.0,True
813312,81,Other services,24,0.05253217838261544,12,4,0.02230141614022747,23,0.146789208438114,0.043830100134716735,10.0,0.008702078247898704,0.05065230786234461,"Environment, Conservation and Wildlife Organizations",0.1758371375089149,2.0,0.0624182847782519,24.0,False
624410,62,Health care & social assistance,24,0.05214943070860313,5,2,0.017242690740471408,24,0.1457197072327654,0.034496464899509575,10.0,0.017652965809093556,0.10275286355435431,Child Care Services,0.0178995595272847,2.0,0.0044904900482798,24.0,True
621498,62,Health care & social assistance,24,0.05205835968271712,12,4,0.02628141380923088,23,0.14546522999209038,0.013049745773069527,10.0,0.03900861390964759,0.22705798140943217,All Other Outpatient Care Centers,0.0462986699887895,4.0,0.0141661988838041,23.0,True
212312,21,"Mining, quarrying, oil & gas",24,0.05174325518054105,12,4,0.014463675809377111,23,0.14458474222490086,0.04222899899730293,10.0,0.009514256183238118,0.055379763264133165,Crushed and Broken Limestone Mining and Quarrying,0.10476977871188,2.0,0.0328137171563064,24.0,False
311911,31,Manufacturing - food/textiles,24,0.0516268266950219,9,3,0.02515410076331073,24,0.14425940933836937,0.03367798798647999,10.0,0.017948838708541914,0.10447505505436773,Roasted Nuts and Peanut Butter Manufacturing,0.1304649556934633,3.0,0.0485919286890684,24.0,True
812220,81,Other services,24,0.05158521356330849,5,2,0.023981987839720054,24,0.14414313091906694,0.046706006420940985,10.0,0.004879207142367503,0.02840046886030096,Cemeteries and Crematories,0.2195395954575676,2.0,0.0833137776887059,24.0,True
525110,52,Finance & insurance,24,0.05155712414427477,12,4,0.02833247920390109,23,0.1440646414348614,0.028594952762169036,10.0,0.022962171382105732,0.13365623025915563,Pension Funds,0.1935953533024553,3.0,0.0399101421335268,24.0,False
424990,42,Wholesale trade,24,0.051311676341605744,12,4,0.026023174005825767,23,0.1433787934503319,0.018766996614302894,10.0,0.03254467972730285,0.1894332698314687,Other Miscellaneous Nondurable Goods Merchant Wholesalers,0.0338546409346304,3.0,0.0080465442587089,24.0,False
423990,42,Wholesale trade,24,0.050607525554960814,12,4,0.025879079333046034,23,0.14141120444536326,0.018650836165334313,10.0,0.0319566893896265,0.186010746296788,Other Miscellaneous Durable Goods Merchant Wholesalers,0.0438501309227502,4.0,0.0107757778374693,23.0,True
325193,32,Manufacturing - paper/chemicals,24,0.050479148014919366,12,4,0.025752400466527197,23,0.1410524826473319,0.02288394332556518,10.0,0.027595204689354186,0.160623791654264,Ethyl Alcohol Manufacturing,0.0630834088087797,4.0,0.0169502336456663,23.0,True
541720,54,Professional & technical services,24,0.050422570975994355,12,4,0.02257526304331888,23,0.14089439099731338,0.013040249074233085,10.0,0.03738232190176127,0.21759180090508892,Research and Development in the Social Sciences and Humanities,0.0429415470413453,2.0,0.0126876878465297,24.0,False
812921,81,Other services,24,0.049438738432916664,9,3,0.02387024100790958,24,0.13814529502070672,0.045938910422541744,10.0,0.0034998280103749196,0.02037149756606406,Photofinishing Laboratories (except One-Hour),0.0834379944614369,3.0,0.0261165287161192,24.0,True
562998,56,Administrative & waste services,24,0.04901986813500869,12,4,0.022863808546016152,23,0.13697485736970508,0.01939065255407683,10.0,0.029629215580931862,0.17246318713435319,All Other Miscellaneous Waste Management Services,0.0669666728073929,2.0,0.0207888317335406,24.0,False
312230,31,Manufacturing - food/textiles,13,0.048757117826572466,10,4,0.02612244145160564,13,0.1362406614734049,0.05203478059378874,10.0,0.0,0.0,Tobacco Manufacturing,0.086855528159654,3.0,0.0249645754559975,24.0,False
812930,81,Other services,24,0.04872043711326191,12,4,0.024771218178631135,23,0.13613816557398523,0.06024078670336769,10.0,0.0,0.0,Parking Lots and Garages,0.0503278276947724,4.0,0.0128585735816951,23.0,True
112330,11,"Agriculture, forestry, fishing",24,0.04856837509545925,11,4,0.031199904159108945,24,0.13571326289692165,0.02295228980778892,10.0,0.02561608528767033,0.14910390383268105,Turkey Production,0.0225336093508664,3.0,0.0071837529506186,24.0,False
711219,71,"Arts, entertainment & recreation",24,0.048171848716632326,12,4,0.015427462578199437,23,0.13460526023902886,0.036782483519519196,10.0,0.01138936519711313,0.066294236375104,Other Spectator Sports,0.1026605012029473,2.0,0.0456214997449717,24.0,False
237130,23,Construction,24,0.0480939737419949,10,4,0.016373137507780522,24,0.13438765635820543,0.027319263076969896,10.0,0.020774710665025006,0.12092364724599862,Power and Communication Line and Related Structures Construction,0.1107424229689451,3.0,0.0422851156181499,24.0,False
315210,31,Manufacturing - food/textiles,13,0.04730270856890828,3,1,0.020614559095027244,13,0.13217664604037574,0.061217186248071834,10.0,0.0,0.0,Cut and Sew Apparel Contractors,0.1791626995997552,1.0,0.0459558279858846,23.0,True
237110,23,Construction,24,0.04707531357318843,12,4,0.016108736027543737,23,0.131541242513391,0.03824794116701693,10.0,0.0088273724061715,0.051381609311652934,Water and Sewer Line and Related Structures Construction,0.1247611652901694,3.0,0.0406485979356863,24.0,False
541199,54,Professional & technical services,24,0.04697436371326881,12,4,0.02307064564239086,23,0.13125916112088504,0.01933323636784621,10.0,0.0276411273454226,0.16089109429700862,All Other Legal Services,0.0337631833630727,3.0,0.007093536171479,24.0,False
541715,54,Professional & technical services,7,0.04688943475650235,12,4,0.023224452735736274,6,0.1310218464935261,0.024528237273757764,10.0,0.022361197482744583,0.13015813312643618,"Research and Development in the Physical, Engineering, and Life Sciences (except Nanotechnology and Biotechnology)",0.04116843156718,2.0,0.0139354998717578,24.0,False
212210,21,"Mining, quarrying, oil & gas",24,0.04679747235306482,1,1,0.02070148302494914,23,0.13076487850129206,0.04694194129707736,10.0,0.0,0.0,Iron Ore Mining,0.0381810480592574,1.0,0.0077486013958001,23.0,True
624229,62,Health care & social assistance,24,0.04674056675630796,12,4,0.02346524592867216,23,0.13060586877124053,0.013797912767447768,10.0,0.03294265398886019,0.1917497641496575,Other Community Housing Services,0.0479097455492379,4.0,0.0161186830122754,23.0,True
722410,72,Accommodation & food services,24,0.04672596324572708,3,1,0.020159462574985947,24,0.13056506258682968,0.06560115412285074,10.0,0.0,0.0,Drinking Places (Alcoholic Beverages),0.0661452664194725,2.0,0.0169521047137425,24.0,False
812112,81,Other services,24,0.04658917051324772,3,1,0.020173915948990928,24,0.13018282645006637,0.05493648049543205,10.0,0.0,0.0,Beauty Salons,0.0206622402773117,3.0,0.0092946525002975,24.0,False
541890,54,Professional & technical services,24,0.04653288222099161,12,4,0.020548775484584458,23,0.1300255416368529,0.030472328818091792,10.0,0.01606055340289982,0.09348388651868826,Other Services Related to Advertising,0.0151200027716893,2.0,0.0040869636409977,24.0,False
337122,33,Manufacturing - metals/machinery,24,0.045580305080047206,1,1,0.022960680734088655,23,0.12736378176318003,0.026658338351200357,10.0,0.01892196672884685,0.11013935485377047,Nonupholstered Wood Household Furniture Manufacturing,0.105986769693849,1.0,0.0332829951455818,23.0,True
541620,54,Professional & technical services,24,0.045307026310914364,12,4,0.02180574222284511,23,0.12660016648128974,0.013647356185492232,10.0,0.03165967012542213,0.18428188213549873,Environmental Consulting Services,0.050527625325924,2.0,0.0131520452652382,24.0,False
236116,23,Construction,24,0.045071456103287805,12,4,0.02119929194612691,23,0.12594191918651262,0.026980820775148063,10.0,0.018090635328139742,0.10530041260978194,New Multifamily Housing Construction (except For-Sale Builders),0.0572633789747804,3.0,0.016648066031321,24.0,False
313220,31,Manufacturing - food/textiles,13,0.04483287946356958,6,2,0.016854138570078166,13,0.1252752711019616,0.02294079654409229,10.0,0.021892082919477286,0.1274275514648587,Narrow Fabric Mills and Schiffli Machine Embroidery,0.0824406251603712,1.0,0.0264351388122813,23.0,False
339999,33,Manufacturing - metals/machinery,24,0.044760914334331034,11,4,0.020544132755280376,24,0.1250741809381551,0.02519405299975479,10.0,0.019566861334576243,0.11389310185277708,All Other Miscellaneous Manufacturing,0.0497429777292374,3.0,0.0201011199506848,24.0,False
541940,54,Professional & technical services,24,0.04428003992078659,12,4,0.024428864641376984,23,0.12373048690726583,0.01685800295700695,10.0,0.027422036963779643,0.1596158318660672,Veterinary Services,0.0549534523840249,2.0,0.0113584199688749,24.0,False
112390,11,"Agriculture, forestry, fishing",24,0.04406154276586485,12,4,0.02411456825882508,23,0.12311994636993383,0.028404376418163783,10.0,0.01565716634770107,0.09113588587728452,Other Poultry Production,0.1012844894830691,2.0,0.0444610132079678,24.0,False
336390,33,Manufacturing - metals/machinery,13,0.04318617198340512,6,2,0.021146429663549463,13,0.12067392208152092,0.05807161931317789,10.0,0.0,0.0,Other Motor Vehicle Parts Manufacturing,0.0290962336645651,1.0,0.0081821532283406,23.0,False
532411,53,Real estate,24,0.04314200706912055,12,4,0.02195963298736064,23,0.12055051328698455,0.01936777179036697,10.0,0.023774235278753584,0.13838302187434645,"Commercial Air, Rail, and Water Transportation Equipment Rental and Leasing",0.0515364946461867,2.0,0.0133835274897383,24.0,False
561740,56,Administrative & waste services,24,0.042777396440236565,12,4,0.020174793855724408,23,0.1195316919235873,0.026315321166303966,10.0,0.0164620752739326,0.09582103045668124,Carpet and Upholstery Cleaning Services,0.0924420980228277,3.0,0.0273298848397749,24.0,False
541519,54,Professional & technical services,24,0.04272185826661498,12,4,0.020754530928026614,23,0.11937650314606063,0.017091868337053753,10.0,0.02562998992956123,0.1491848387750833,Other Computer Related Services,0.0310085406814686,3.0,0.006981442802028,24.0,False
212319,21,"Mining, quarrying, oil & gas",24,0.0426175845422458,5,2,0.009903686106161666,24,0.11908513397135091,0.043734497345453933,10.0,0.0,0.0,Other Crushed and Broken Stone Mining and Quarrying,0.11591924286521,3.0,0.0371223161256376,24.0,False
484110,48,Transportation,24,0.042514557361829595,12,4,0.021224522331447622,23,0.11879724797982101,0.017581598979729066,10.0,0.02493295838210053,0.14512761755436268,"General Freight Trucking, Local",0.0567041573465865,3.0,0.0175317114463839,24.0,False
621492,62,Health care & social assistance,24,0.0424136977883463,12,4,0.02204691222125565,23,0.11851541887219888,0.01260807154925844,10.0,0.02980562623908786,0.17349002310532072,Kidney Dialysis Centers,0.0476178941706185,4.0,0.013696507219349,23.0,True
812922,81,Other services,24,0.04240945279176097,1,1,0.02351211008958899,23,0.11850355719602691,0.03564670499539376,10.0,0.006762747796367208,0.03936402013618987,One-Hour Photofinishing,0.0924150226376767,1.0,0.023462863805127,23.0,True
541830,54,Professional & technical services,24,0.04220100304598508,12,4,0.020792367814427636,23,0.11792109185528453,0.013652777728071289,10.0,0.02854822531791379,0.16617105207893582,Media Buying Agencies,0.0342619628216998,2.0,0.0094682772550928,24.0,False
812191,81,Other services,24,0.04195623118457472,1,1,0.012683486858808785,23,0.11723713263465872,0.034090738064302385,10.0,0.007865493120272335,0.04578278517702263,Diet and Weight Reducing Centers,0.0887706893400588,1.0,0.0267597732257561,23.0,True
532412,53,Real estate,24,0.04195569858432671,12,4,0.02096354962273249,23,0.11723564440456383,0.02370989726078825,10.0,0.018245801323538462,0.10620358947682529,"Construction, Mining, and Forestry Machinery and Equipment Rental and Leasing",0.0428893256728441,3.0,0.010162682325307,24.0,False
444110,44,Retail trade - general,24,0.04193150401811531,12,4,0.01656270265113765,23,0.11716803819952873,0.03430849949926954,10.0,0.007623004518845768,0.04437132840282806,Home Centers,0.1066212330539365,2.0,0.0458267028539681,24.0,False
334112,33,Manufacturing - metals/machinery,24,0.04186500756952008,1,1,0.02244579543516023,23,0.11698222901830373,0.01797402916240204,10.0,0.02389097840711804,0.1390625502249629,Computer Storage Device Manufacturing,0.098849064749762,1.0,0.0297451266371763,23.0,True
541211,54,Professional & technical services,24,0.041858759944706364,4,2,0.018185713109602254,24,0.11696477145364033,0.021537050470738842,10.0,0.020321709473967522,0.11828685691410369,Offices of Certified Public Accountants,0.1236279734183463,1.0,0.0500629459411384,23.0,False
112990,11,"Agriculture, forestry, fishing",24,0.041762494872493894,12,4,0.02205317406692294,23,0.11669578063343512,0.016806689074538066,10.0,0.024955805797955827,0.14526060582553124,All Other Animal Production,0.078567633509499,2.0,0.0290890248664767,24.0,False
336213,33,Manufacturing - metals/machinery,24,0.0417070851130102,6,2,0.01863926156631777,24,0.11654095067997085,0.0627504726064126,10.0,0.0,0.0,Motor Home Manufacturing,0.0644106624992571,1.0,0.0141868575559303,23.0,False
311423,31,Manufacturing - food/textiles,24,0.04148259773239894,8,3,0.02153326655365013,24,0.11591367182120611,0.06414497928256349,10.0,0.0,0.0,Dried and Dehydrated Food Manufacturing,0.1823409496611763,3.0,0.0715591064735419,24.0,True
485510,48,Transportation,24,0.041287416241356234,10,4,0.015681404702863066,24,0.11536828159650887,0.07171601827783526,10.0,0.0,0.0,Charter Bus Industry,0.0683020939950162,3.0,0.0170517840292518,24.0,False
212322,21,"Mining, quarrying, oil & gas",24,0.041278878791859444,12,4,0.017222409712518472,23,0.11534442563826959,0.050976764884166206,10.0,0.0,0.0,Industrial Sand Mining,0.054473050369085,2.0,0.0133188870807403,24.0,False
813319,81,Other services,24,0.04117461626797895,12,4,0.017648195553423847,23,0.11505308776077462,0.015420835325893712,10.0,0.025753780942085237,0.14990539084303,Other Social Advocacy Organizations,0.0302530421600585,2.0,0.0092420497397895,24.0,False
811430,81,Other services,24,0.04114553317346059,3,1,0.019878811443564626,24,0.11497182167673396,0.04499623848818193,10.0,0.0,0.0,Footwear and Leather Goods Repair,0.0398700722616083,1.0,0.0130161463101113,23.0,True
611519,61,Educational services,24,0.04097743679481697,12,4,0.014242210567110739,23,0.11450211463007975,0.01987062759596903,10.0,0.02110680919884794,0.12285669779974356,Other Technical and Trade Schools,0.028388480289233,1.0,0.0062607576087624,23.0,False
113110,11,"Agriculture, forestry, fishing",24,0.040951259161799355,12,4,0.024371508702329018,23,0.11442896719649244,0.016740597124448024,10.0,0.02421066203735133,0.14092333717675093,Timber Tract Operations,0.0393623796648106,3.0,0.0127983938713432,24.0,False
112511,11,"Agriculture, forestry, fishing",24,0.04092555220601919,6,2,0.017021209398928455,24,0.11435713496324981,0.05319087358469591,10.0,0.0,0.0,Finfish Farming and Fish Hatcheries,0.162545584860368,2.0,0.0542311686906108,24.0,True
485320,48,Transportation,24,0.04092469787626092,3,1,0.01539131793729473,24,0.11435474773331146,0.07950573579396478,10.0,0.0,0.0,Limousine Service,0.035982338013619,3.0,0.0123996166749886,24.0,False
712110,71,"Arts, entertainment & recreation",24,0.04090554815811094,12,4,0.01709100123025051,23,0.11430123820723441,0.035463827313150134,10.0,0.005441720844960807,0.03167470019089414,Museums,0.1147601764001955,2.0,0.047430686806984,24.0,False
213113,21,"Mining, quarrying, oil & gas",24,0.04077518437683666,12,4,0.02100530468256465,23,0.11393696631043859,0.04148300186934174,10.0,0.0,0.0,Support Activities for Coal Mining,0.0434828245706267,3.0,0.015415277038718,24.0,False
541820,54,Professional & technical services,24,0.04075524735410482,12,4,0.01673789080421071,23,0.11388125684101391,0.016576061036820636,10.0,0.024179186317284187,0.14074012601527752,Public Relations Agencies,0.0514479091880797,2.0,0.0170391296450465,24.0,False
323117,32,Manufacturing - paper/chemicals,24,0.04074368768229236,1,1,0.023262403467076146,23,0.1138489559708159,0.021542556961217395,10.0,0.019201130721074967,0.11176428858518506,Books Printing,0.1069616823032323,1.0,0.036353258469769,23.0,True
561591,56,Administrative & waste services,24,0.0406991731567941,6,2,0.018282955520322816,24,0.11372457026736578,0.04682417547915684,10.0,0.0,0.0,Convention and Visitors Bureaus,0.0496144671612704,2.0,0.0197378638885458,24.0,True
237210,23,Construction,24,0.04049923753757487,12,4,0.020845236707113652,23,0.11316589571421823,0.027463813714735785,10.0,0.013035423822839082,0.0758754727067667,Land Subdivision,0.0786599150942444,2.0,0.0300637399635286,24.0,False
562910,56,Administrative & waste services,24,0.04035634966085792,7,3,0.01761903590906318,24,0.1127666280850345,0.03646956672965844,10.0,0.003886782931199477,0.02262385145442257,Remediation Services,0.1072235406614271,2.0,0.0390031034033811,24.0,False
483113,48,Transportation,24,0.04032788739106871,12,4,0.019517504957876422,23,0.11268709675430841,0.02832570421064905,10.0,0.012002183180419661,0.06986127453193958,Coastal and Great Lakes Freight Transportation,0.0466774092219486,2.0,0.0152887350299681,24.0,False
531130,53,Real estate,24,0.040255548793291886,12,4,0.020249376170226544,23,0.11248496301772806,0.014992912983947799,10.0,0.025262635809344087,0.14704657553937492,Lessors of Miniwarehouses and Self-Storage Units,0.039064273275386,3.0,0.0099296464451027,24.0,False
113310,11,"Agriculture, forestry, fishing",24,0.04012341832366007,6,2,0.011054514295677892,24,0.11211575451267532,0.02768301294524178,10.0,0.012440405378418291,0.07241204057343086,Logging,0.09807086044316,3.0,0.0366554337829418,24.0,False
488330,48,Transportation,24,0.040064792480215834,12,4,0.021247576023277797,23,0.11195193794503713,0.01966162842566127,10.0,0.020403164054554564,0.11876098072397512,Navigational Services to Shipping,0.0483044301997404,3.0,0.0109988298961655,24.0,False
531320,53,Real estate,24,0.03998245126468525,12,4,0.02207889491196304,23,0.11172185417121125,0.017030384175046393,10.0,0.022952067089638855,0.13359741606349068,Offices of Real Estate Appraisers,0.060089255942363,3.0,0.016069765517166,24.0,False
532310,53,Real estate,24,0.03997511350154086,6,2,0.02189687497863187,24,0.11170135046325863,0.03598623430881525,10.0,0.003988879192725607,0.023218124583564422,General Rental Centers,0.150728122992682,2.0,0.0576219579598251,24.0,True
493120,49,Warehousing & couriers,24,0.03986786125786516,12,4,0.021849536795166928,23,0.11140165849469603,0.015904561128539264,10.0,0.023963300129325894,0.13948351427907166,Refrigerated Warehousing and Storage,0.0464827937341526,3.0,0.0113443201277282,24.0,False
624190,62,Health care & social assistance,24,0.039745652011856585,12,4,0.01911848178532249,23,0.11106017258952837,0.011544706679645782,10.0,0.028200945332210802,0.16414963463713036,Other Individual and Family Services,0.0263429875083065,4.0,0.0101261379634149,23.0,True
531311,53,Real estate,24,0.039598188491493234,12,4,0.01996788737435129,23,0.11064811936626441,0.015114399227264649,10.0,0.024483789264228586,0.14251313262414486,Residential Property Managers,0.0650936081831108,2.0,0.0190411238506288,24.0,False
621111,62,Health care & social assistance,24,0.03956583060223593,12,4,0.0207118349463638,23,0.11055770261415082,0.011551627309913022,10.0,0.02801420329232291,0.1630626626488553,Offices of Physicians (except Mental Health Specialists),0.0267406243679091,3.0,0.0073750300465504,24.0,False
624110,62,Health care & social assistance,24,0.03949921840120897,12,4,0.017366535609240678,23,0.11037156998911762,0.016264280990276353,10.0,0.02323493741093262,0.1352439232760352,Child and Youth Services,0.0461140319259902,2.0,0.0139383485217737,24.0,False
531312,53,Real estate,24,0.039450844746623706,12,4,0.02138314115960977,23,0.11023640082833941,0.014244456413100782,10.0,0.025206388333522924,0.14671917507472598,Nonresidential Property Managers,0.0554403248921161,2.0,0.0156441725202376,24.0,False
722513,72,Accommodation & food services,13,0.03941675387343142,12,4,0.018441474034824667,12,0.11014114164730161,0.032831978787643254,10.0,0.006584775085788169,0.03832809190496278,Limited-Service Restaurants,0.0570186381259577,2.0,0.0194580415298793,24.0,False
316110,31,Manufacturing - food/textiles,24,0.038991491365323296,1,1,0.02481233513708341,23,0.10895284242070306,0.026589702918101817,10.0,0.012401788447221479,0.07218726246503449,Leather and Hide Tanning and Finishing,0.0588595947355292,1.0,0.0243268727022281,23.0,True
424460,42,Wholesale trade,24,0.03894611842539547,12,4,0.019953553274958957,23,0.10882605807363095,0.026205441890373445,10.0,0.012740676535022026,0.07415983307002755,Fish and Seafood Merchant Wholesalers,0.0794674234442553,2.0,0.0251734393067473,24.0,False
484220,48,Transportation,24,0.03893481097203106,12,4,0.014943415594537341,23,0.108794461970444,0.027079753322930354,10.0,0.011855057649100706,0.0690048989059702,"Specialized Freight (except Used Goods) Trucking, Local",0.1064708768275182,3.0,0.0389929291916162,24.0,False
334412,33,Manufacturing - metals/machinery,24,0.03882459269202966,1,1,0.0198709298520201,23,0.10848648208887544,0.02535994218633093,10.0,0.013464650505698731,0.0783738784282034,Bare Printed Circuit Board Manufacturing,0.0735732548028045,1.0,0.0257093387571769,23.0,True
311212,31,Manufacturing - food/textiles,24,0.03879795573758046,10,4,0.024045002385081077,24,0.1084120511861567,0.01611152291162571,10.0,0.02268643282595475,0.13205123501114682,Rice Milling,0.1314986958583051,3.0,0.0483203649138879,24.0,False
424210,42,Wholesale trade,24,0.038577965454267005,12,4,0.02037279486607614,23,0.10779733844158974,0.010168744472038199,10.0,0.028409220982228804,0.16536194760932058,Drugs and Druggists' Sundries Merchant Wholesalers,0.0226285674883211,3.0,0.0086659917519155,24.0,False
621310,62,Health care & social assistance,24,0.03852111702555437,12,4,0.019190118786583388,23,0.10763848845461796,0.0155255938668326,10.0,0.022995523158721772,0.13385036140907025,Offices of Chiropractors,0.025164746330747,3.0,0.0097650311328494,24.0,False
339910,33,Manufacturing - metals/machinery,13,0.03838392932856561,12,4,0.014302862742952857,12,0.10725514867948516,0.049873873845461505,10.0,0.0,0.0,Jewelry and Silverware Manufacturing,0.0340026849055567,1.0,0.0129880210026158,23.0,False
622310,62,Health care & social assistance,24,0.03824078304963212,12,4,0.018586509082978726,23,0.10685515900415765,0.012456717892978628,10.0,0.02578406515665349,0.1500816665918778,Specialty (except Psychiatric and Substance Abuse) Hospitals,0.0402636395389198,4.0,0.012133215050231,23.0,True
813219,81,Other services,24,0.038108001092789084,12,4,0.015762734512370424,23,0.10648413006646748,0.012315201613652803,10.0,0.02579279947913628,0.15013250658420654,Other Grantmaking and Giving Services,0.0066757885751856,4.0,0.0013762965335637,23.0,True
611512,61,Educational services,24,0.03808633245318804,12,4,0.01703404445276714,23,0.10642358198807253,0.01602265404630186,10.0,0.022063678406886184,0.1284263597045023,Flight Training,0.0345653078939059,3.0,0.0083343375531031,24.0,False
512191,51,Information,24,0.03795781960606965,12,4,0.017392389992853502,23,0.10606448210523044,0.02699300566993948,10.0,0.01096481393613017,0.06382304494679798,Teleproduction and Other Postproduction Services,0.0364889582223902,1.0,0.010845769487932,23.0,False
112120,11,"Agriculture, forestry, fishing",24,0.03792664668747762,12,4,0.018559734431796787,23,0.1059773764837673,0.0176434218726119,10.0,0.02028322481486572,0.11806284872373002,Dairy Cattle and Milk Production,0.0530752930131757,3.0,0.0183883540773519,24.0,False
621512,62,Health care & social assistance,24,0.037905734244951486,12,4,0.019512872745712305,23,0.10591894142587649,0.016119026630618205,10.0,0.02178670761433328,0.12681419196093427,Diagnostic Imaging Centers,0.0303957410608996,4.0,0.007230382388621,23.0,True
325414,32,Manufacturing - paper/chemicals,24,0.037695046884850876,12,4,0.019399031133206106,23,0.1053302235815139,0.013058386698233813,10.0,0.024636660186617063,0.14340295052780386,Biological Product (except Diagnostic) Manufacturing,0.0544374795227478,4.0,0.0143992409025123,23.0,True
621210,62,Health care & social assistance,24,0.037635023808438854,12,4,0.019159772383993162,23,0.10516250276456303,0.0363000572658137,10.0,0.001334966542625153,0.00777045831773658,Offices of Dentists,0.0303837013806742,3.0,0.009847057424741,24.0,False
541870,54,Professional & technical services,24,0.03761597126084741,12,4,0.018189595634873264,23,0.1051092647594815,0.03404677052193299,10.0,0.0035692007389144242,0.0207752963717209,Advertising Material Distribution Services,0.0287244264772798,2.0,0.0081279869364155,24.0,False
811198,81,Other services,24,0.03758161931858872,12,4,0.016371730813692018,23,0.10501327608039536,0.01972076741289079,10.0,0.01786085190569793,0.10396290904757297,All Other Automotive Repair and Maintenance,0.0543619107506174,3.0,0.0171102016549312,24.0,False
424510,42,Wholesale trade,24,0.037510918922036826,10,4,0.025886343814996004,24,0.10481571992404247,0.027387105864649375,10.0,0.010123813057387451,0.05892781943755082,Grain and Field Bean Merchant Wholesalers,0.0796122176140689,3.0,0.0263202731246333,24.0,False
484210,48,Transportation,24,0.03747167422177414,6,2,0.02418850740423519,24,0.10470605954702568,0.04620052298625225,10.0,0.0,0.0,Used Household and Office Goods Moving,0.2038044255157197,2.0,0.0810812822128228,24.0,True
485112,48,Transportation,24,0.037471149103798305,12,4,0.020799096023133828,23,0.10470459222443633,0.05676070093882875,10.0,0.0,0.0,Commuter Rail Systems,0.0246205696478622,2.0,0.0065473474792075,24.0,False
488119,48,Transportation,24,0.037448847659777254,12,4,0.022717862999927493,23,0.10464227591820904,0.046206405461659564,10.0,0.0,0.0,Other Airport Operations,0.0488290108541233,4.0,0.0176963764002562,23.0,True
485111,48,Transportation,24,0.03742050613201078,9,3,0.02007629265257711,24,0.10456308197356684,0.0265683839065189,10.0,0.010852122225491884,0.06316709873967637,Mixed Mode Transit Systems,0.0458824650529789,4.0,0.0155658079154386,23.0,False
621410,62,Health care & social assistance,24,0.03731217391485729,12,4,0.018236356433809216,23,0.10426037226508139,0.013363788748099781,10.0,0.02394838516675751,0.13939669854905318,Family Planning Centers,0.0441240305945242,4.0,0.0134331795443392,23.0,True
488991,48,Transportation,24,0.037126402343067126,12,4,0.01880164901692096,23,0.10374127591665343,0.021717701886984044,10.0,0.015408700456083082,0.08968963700695688,Packing and Crating,0.0512816661374836,4.0,0.0102239579609094,23.0,True
621910,62,Health care & social assistance,24,0.03710517109327338,12,4,0.018283187050604374,23,0.1036819500244607,0.008792413223295742,10.0,0.02831275786997764,0.164800463430494,Ambulance Services,0.0306647781839694,3.0,0.007123446581109,24.0,False
311111,31,Manufacturing - food/textiles,24,0.03705916550828317,12,4,0.01938640006266063,23,0.10355339789484484,0.012446822711021753,10.0,0.02461234279726142,0.14326140596144146,Dog and Cat Food Manufacturing,0.0208619770407584,4.0,0.0046643394216715,23.0,True
813311,81,Other services,24,0.036777519470263295,12,4,0.015008774879734023,23,0.1027664021856711,0.012960902315164252,10.0,0.023816617155099043,0.13862971465132215,Human Rights Organizations,0.0411079602649179,2.0,0.0113603841644144,24.0,False
531120,53,Real estate,24,0.03670972953320968,12,4,0.020002957820499746,23,0.1025769786455374,0.01733197825867593,10.0,0.019377751274533752,0.11279234629666016,Lessors of Nonresidential Buildings (except Miniwarehouses),0.0369452220116959,2.0,0.0116743998207563,24.0,False
721110,72,Accommodation & food services,24,0.036678794468325567,3,1,0.01656240461603668,24,0.10249053765209054,0.05637374019853121,10.0,0.0,0.0,Hotels (except Casino Hotels) and Motels,0.0798204264444449,2.0,0.0295293731692355,24.0,False
621991,62,Health care & social assistance,24,0.03640985374795917,12,4,0.018579687035215557,23,0.1017390440595,0.016854501603028826,10.0,0.019555352144930347,0.11382611015256676,Blood and Organ Banks,0.0409257690160685,4.0,0.0150010296709187,23.0,True
322230,32,Manufacturing - paper/chemicals,13,0.03620412107295391,1,1,0.019112487475049095,12,0.10116417095422113,0.023064260654602497,10.0,0.013139860418351416,0.07648336825048503,Stationery Product Manufacturing,0.0695727396113686,1.0,0.0228023665153734,23.0,True
623312,62,Health care & social assistance,24,0.03603133622941441,12,4,0.018445562581513312,23,0.10068136306019972,0.012669566493954709,10.0,0.023361769735459698,0.13598217795104847,Assisted Living Facilities for the Elderly,0.0369176036701445,4.0,0.0109138344401765,23.0,True
624221,62,Health care & social assistance,24,0.035707721826906624,12,4,0.019105889450988244,23,0.09977709631463846,0.009332753578904063,10.0,0.02637496824800256,0.15352114443236398,Temporary Shelters,0.0393419770128455,4.0,0.0163627190558229,23.0,True
424820,42,Wholesale trade,24,0.035444372778726904,12,4,0.018216289766981086,23,0.09904122737648637,0.010062990940774503,10.0,0.025381381837952403,0.14773776219929166,Wine and Distilled Alcoholic Beverage Merchant Wholesalers,0.0471333793120604,4.0,0.0136363236590569,23.0,True
812210,81,Other services,24,0.03543482519073872,12,4,0.02236002432339481,23,0.09901454881628902,0.009744783223892878,10.0,0.025690041966845843,0.149534384503546,Funeral Homes and Funeral Services,0.0327173411372439,3.0,0.011047605463391,24.0,False
336330,33,Manufacturing - metals/machinery,24,0.035387386098393855,6,2,0.017858453079908965,24,0.09888199107684774,0.032423617195526507,10.0,0.002963768902867349,0.01725125086494485,Motor Vehicle Steering and Suspension Components (except Spring) Manufacturing,0.0539417513095247,3.0,0.0144871002212887,24.0,False
336214,33,Manufacturing - metals/machinery,24,0.0348673255227828,6,2,0.015768525418095324,24,0.0974288002405987,0.03915802245547828,10.0,0.0,0.0,Travel Trailer and Camper Manufacturing,0.0619283032523779,2.0,0.0183882975818377,24.0,True
488210,48,Transportation,24,0.034787425285715115,12,4,0.0176161550419365,23,0.09720553722516159,0.01810005440860923,10.0,0.016687370877105884,0.09713241170686955,Support Activities for Rail Transportation,0.0243831098358864,3.0,0.0065057200107996,24.0,False
485991,48,Transportation,24,0.034754677058865646,12,4,0.016627885159114886,23,0.09711402976354495,0.025580976746843537,10.0,0.00917370031202211,0.05339748496902273,Special Needs Transportation,0.0183457353106293,4.0,0.0058329104194357,23.0,True
423390,42,Wholesale trade,24,0.03471759911616891,12,4,0.016912251134974715,23,0.09701042389707343,0.016774683367861767,10.0,0.017942915748307142,0.1044405791973688,Other Construction Material Merchant Wholesalers,0.0515228884623748,2.0,0.0138717553331935,24.0,False
541380,54,Professional & technical services,24,0.03454470765907301,12,4,0.01573531105938097,23,0.09652731809574962,0.008692172949985297,10.0,0.025852534709087716,0.15048020826781972,Testing Laboratories and Services,0.0380396987127207,3.0,0.0126569892728253,24.0,False
327320,32,Manufacturing - paper/chemicals,24,0.034434972412753694,11,4,0.012262663463362938,24,0.09622068794179611,0.042248006189704014,10.0,0.0,0.0,Ready-Mix Concrete Manufacturing,0.0995721447958394,2.0,0.0316574690083694,24.0,False
621320,62,Health care & social assistance,24,0.03441151103805627,12,4,0.017877388567906917,23,0.09615513047346458,0.023419879691695282,10.0,0.01099163134636099,0.063979141419432,Offices of Optometrists,0.0269060552455317,3.0,0.0081326415076919,24.0,False
524128,52,Finance & insurance,24,0.03434279334268116,12,4,0.015981251095765946,23,0.09596311452399574,0.015804280366951966,10.0,0.018538512975729192,0.1079073802609682,"Other Direct Insurance (except Life, Health, and Medical) Carriers",0.046678075080739,4.0,0.0126841031209629,23.0,True
713290,71,"Arts, entertainment & recreation",24,0.03427693857612596,3,1,0.016783954003319626,24,0.09577909837709037,0.04964377093533211,10.0,0.0,0.0,Other Gambling Industries,0.0416114533105439,2.0,0.0087835056571193,24.0,False
213112,21,"Mining, quarrying, oil & gas",24,0.034262105666687415,12,4,0.016667414301961565,23,0.0957376511898167,0.05462562270599627,10.0,0.0,0.0,Support Activities for Oil and Gas Operations,0.0278799468306232,3.0,0.010213504528794,24.0,False
337214,33,Manufacturing - metals/machinery,24,0.034206593326963464,1,1,0.0193504164860971,23,0.09558253459923337,0.019779969536969595,10.0,0.014426623789993868,0.08397324970060421,Office Furniture (except Wood) Manufacturing,0.0853987909201068,3.0,0.0242774545117405,24.0,False
311991,31,Manufacturing - food/textiles,24,0.03405687459719858,12,4,0.017888990978501752,23,0.09516417970691428,0.014750070641403929,10.0,0.019306803955794656,0.11237938225193345,Perishable Prepared Food Manufacturing,0.0271967691671662,4.0,0.0070569074949074,23.0,True
561710,56,Administrative & waste services,24,0.03401243804268465,12,4,0.013546765053894246,23,0.09504001187562222,0.027777011792191535,10.0,0.006235426250493118,0.036294632281568866,Exterminating and Pest Control Services,0.1136349843703177,2.0,0.0413891404400557,24.0,False
524298,52,Finance & insurance,24,0.033871858316571656,12,4,0.017095988516729346,23,0.09464719384762658,0.010376741849657842,10.0,0.023495116466913813,0.13675835112504656,All Other Insurance Related Activities,0.0283637278133614,3.0,0.0085162308883817,24.0,False
532112,53,Real estate,24,0.03380148601942187,12,4,0.017241865889000244,23,0.09445055449032921,0.019880210730898247,10.0,0.013921275288523625,0.08103176065108593,Passenger Car Leasing,0.0281117123213746,3.0,0.0074612264334108,24.0,False
541511,54,Professional & technical services,24,0.03375892799031147,12,4,0.01571004900139647,23,0.09433163577044858,0.019750386101987934,10.0,0.014008541888323539,0.08153971456200745,Custom Computer Programming Services,0.0334615932468062,3.0,0.007387397506894,24.0,False
423320,42,Wholesale trade,24,0.03356186869829891,12,4,0.014056642082691369,23,0.09378099845860484,0.025920269236243843,10.0,0.00764159946205507,0.04447956424733426,"Brick, Stone, and Related Construction Material Merchant Wholesalers",0.0683698117642696,2.0,0.0222262266757726,24.0,False
423450,42,Wholesale trade,24,0.0334396860090504,12,4,0.017053326034933817,23,0.09343958676025493,0.010012023863548812,10.0,0.023427662145501592,0.1363657188184315,"Medical, Dental, and Hospital Equipment and Supplies Merchant Wholesalers",0.0253570720405633,3.0,0.0060521950059168,24.0,False
331313,33,Manufacturing - metals/machinery,13,0.03332741994163263,1,1,0.016822754874701945,12,0.09312588480312901,0.04578726090272636,10.0,0.0,0.0,Alumina Refining and Primary Aluminum Production,0.1015917644693624,3.0,0.0265500586947203,24.0,False
561491,56,Administrative & waste services,24,0.033324404810897996,3,1,0.018025196590582826,24,0.0931174597069784,0.035200085527733474,10.0,0.0,0.0,Repossession Services,0.0589856557736152,1.0,0.0224891213419688,23.0,True
236210,23,Construction,24,0.03329150906323089,10,4,0.018393915320845153,24,0.09302554003203432,0.024155147076909977,10.0,0.009136361986320913,0.05318014925741405,Industrial Building Construction,0.0869138297426287,3.0,0.0270983297209226,24.0,False
323111,32,Manufacturing - paper/chemicals,24,0.03310175452195229,1,1,0.016099604516546774,23,0.09249531418248073,0.016365943661137798,10.0,0.016735810860814493,0.0974143669936136,Commercial Printing (except Screen and Books),0.0605701830735153,1.0,0.0189494989863955,23.0,True
337920,33,Manufacturing - metals/machinery,24,0.03293102858262115,1,1,0.016620735293778697,23,0.0920182594273601,0.020413558476825435,10.0,0.012517470105795712,0.07286061230368292,Blind and Shade Manufacturing,0.0741598258967694,1.0,0.0191640799240022,23.0,True
621491,62,Health care & social assistance,24,0.03274152290102017,12,4,0.01785028296365373,23,0.09148872895949856,0.011360104109564765,10.0,0.021381418791455407,0.12445512167395606,HMO Medical Centers,0.0420353822079601,4.0,0.0151372645029883,23.0,True
327991,32,Manufacturing - paper/chemicals,24,0.032697213539245,12,4,0.014151127206630577,23,0.09136491653934718,0.02425716744530847,10.0,0.008440046093936528,0.04912709366014753,Cut Stone and Stone Product Manufacturing,0.0418067920746021,2.0,0.0137530902048847,24.0,False
316210,31,Manufacturing - food/textiles,13,0.03266130308534915,3,1,0.016397655608100675,13,0.09126457295443752,0.052485671194481845,10.0,0.0,0.0,Footwear Manufacturing,0.0216673035817179,1.0,0.0065786564262363,23.0,True
621420,62,Health care & social assistance,24,0.03239329925333511,12,4,0.016142572062050834,23,0.09051569728297401,0.007934559530534784,10.0,0.024458739722800327,0.1423673264100326,Outpatient Mental Health and Substance Abuse Centers,0.0322543092662568,4.0,0.0105765179691793,23.0,True
561910,56,Administrative & waste services,24,0.03237785630539061,12,4,0.01623452603866428,23,0.09047254548202996,0.01202221778461993,10.0,0.020355638520770682,0.1184843481886236,Packaging and Labeling Services,0.0195822826878024,3.0,0.0085704382562132,24.0,False
811310,81,Other services,24,0.032376587258073235,10,4,0.012607168456857281,24,0.09046899941832341,0.016521368399838747,10.0,0.015855218858234488,0.09228869287932123,Commercial and Industrial Machinery and Equipment (except Automotive and Electronic) Repair and Maintenance,0.0330562988143813,3.0,0.0122885056441494,24.0,False
532120,53,Real estate,24,0.03235350918977463,12,4,0.01587990155001669,23,0.09040451301242645,0.018059074497832717,10.0,0.014294434691941912,0.08320381477944729,"Truck, Utility Trailer, and RV (Recreational Vehicle) Rental and Leasing",0.0387631482968853,3.0,0.0091419683028686,24.0,False
541330,54,Professional & technical services,24,0.03212287293210771,12,4,0.016238691225208605,23,0.08976005251711869,0.01483737035979808,10.0,0.017285502572309628,0.10061396518232835,Engineering Services,0.0401021519123781,2.0,0.0099044507857181,24.0,False
512230,51,Information,24,0.031983893379507376,12,4,0.01815114524384214,23,0.0893717058095693,0.014671630631233782,10.0,0.017312262748273594,0.10076972851066944,Music Publishers,0.0287522719465505,2.0,0.007677866456117,24.0,False
331523,33,Manufacturing - metals/machinery,13,0.031944068368251956,3,1,0.016440129453404322,13,0.08926042388564746,0.04643795187543322,10.0,0.0,0.0,Nonferrous Metal Die-Casting Foundries,0.0673005811580607,1.0,0.0215155822443224,23.0,True
488510,48,Transportation,24,0.03189529034362233,12,4,0.016984092384335476,23,0.0891241248048744,0.012964841752058979,10.0,0.018930448591563353,0.11018872535002705,Freight Transportation Arrangement,0.025872383447012,4.0,0.0065534025944836,23.0,True
424340,42,Wholesale trade,24,0.031639367335896215,12,4,0.01839051246298033,23,0.08840900624551061,0.0186123603319028,10.0,0.013027007003993417,0.07582648081227356,Footwear Merchant Wholesalers,0.0304609662339272,4.0,0.009677559803291,23.0,True
311422,31,Manufacturing - food/textiles,24,0.03162167137170528,8,3,0.0161497923957148,24,0.08835955890378384,0.02995136243449839,10.0,0.0016703089372068908,0.009722390456907083,Specialty Canning,0.0998074968915412,3.0,0.0419681055352892,24.0,True
337121,33,Manufacturing - metals/machinery,24,0.031609907460949535,3,1,0.0140438089842667,24,0.08832668733437365,0.03886707020292547,10.0,0.0,0.0,Upholstered Household Furniture Manufacturing,0.0584343359484138,1.0,0.0221711470073871,23.0,True
313110,31,Manufacturing - food/textiles,13,0.031574931266019214,3,1,0.015237115885969868,13,0.08822895432336839,0.04405103438071302,10.0,0.0,0.0,"Fiber, Yarn, and Thread Mills",0.0852668536611114,1.0,0.0270075017290331,23.0,True
551111,55,Management of companies,24,0.03148378783202014,12,4,0.015942283693099663,23,0.08797427475471217,0.010095919847992447,10.0,0.02138786798402769,0.12449266057883936,Offices of Bank Holding Companies,0.0349413914874803,3.0,0.0115733860253743,24.0,False
327332,32,Manufacturing - paper/chemicals,24,0.03138982204229835,4,2,0.010129758091209978,24,0.08771170875577221,0.032895206274947686,10.0,0.0,0.0,Concrete Pipe Manufacturing,0.0910430450647295,3.0,0.0241132682052269,24.0,False
331511,33,Manufacturing - metals/machinery,24,0.031277863439565234,1,1,0.01612802770544399,23,0.08739886593868336,0.023385049286550767,10.0,0.007892814153014467,0.045941813092211264,Iron Foundries,0.0452554171612359,1.0,0.0117982803234055,23.0,True
334416,33,Manufacturing - metals/machinery,24,0.031167965766372145,1,1,0.016350188108414845,23,0.08709178191982335,0.025373498421686014,10.0,0.005794467344686131,0.03372793664688281,"Capacitor, Resistor, Coil, Transformer, and Other Inductor Manufacturing",0.0748063730939842,1.0,0.024659918952877,23.0,True
531190,53,Real estate,24,0.031153358436532986,12,4,0.015889328669561893,23,0.08705096506336506,0.02230451009403787,10.0,0.008848848342495115,0.05150661459284063,Lessors of Other Real Estate Property,0.0860083196921429,2.0,0.0341109532825299,24.0,False
621391,62,Health care & social assistance,24,0.030989758124094345,12,4,0.016796142836032223,23,0.08659382124975455,0.012726817836276267,10.0,0.01826294028781808,0.10630335048452969,Offices of Podiatrists,0.0332739589689022,3.0,0.0138219899294992,24.0,False
334310,33,Manufacturing - metals/machinery,24,0.030843558469969348,1,1,0.0179286430454765,23,0.08618529961285179,0.01864530028872912,10.0,0.012198258181240228,0.07100257101569286,Audio and Video Equipment Manufacturing,0.0048141839859125,1.0,0.0009870666549775,23.0,True
334512,33,Manufacturing - metals/machinery,24,0.03082747973494422,1,1,0.016232918175158324,23,0.0861403712497096,0.016908804821326985,10.0,0.013918674913617236,0.08101662461270938,"Automatic Environmental Control Manufacturing for Residential, Commercial, and Appliance Use",0.070531261439275,1.0,0.0185972587258701,23.0,True
485999,48,Transportation,24,0.030801389344326358,12,4,0.015010443356104236,23,0.08606746759513918,0.03825028026881346,10.0,0.0,0.0,All Other Transit and Ground Passenger Transportation,0.0290148478417338,4.0,0.0077092805437296,23.0,True
562111,56,Administrative & waste services,24,0.030711439358534695,12,4,0.015214067516270665,23,0.0858161228456942,0.012473741147196144,10.0,0.01823769821133855,0.10615642357896725,Solid Waste Collection,0.0453709583454927,3.0,0.0112377466838693,24.0,False
611420,61,Educational services,24,0.03064069591257512,7,3,0.01746143885331856,24,0.08561844639757593,0.022965442396532844,10.0,0.007675253516042275,0.044675454867346504,Computer Training,0.0682747582657059,2.0,0.0285488362705967,24.0,False
562920,56,Administrative & waste services,24,0.030638024188447105,12,4,0.014522519401716701,23,0.08561098087297767,0.017806264586789005,10.0,0.0128317596016581,0.07469000154253133,Materials Recovery Facilities,0.0431888369220567,2.0,0.0077866005430697,24.0,False
562112,56,Administrative & waste services,24,0.03059753610733255,12,4,0.016172760399756077,23,0.08549784615134673,0.01406329312147091,10.0,0.01653424298586164,0.09624109806101856,Hazardous Waste Collection,0.0239979387206871,3.0,0.0067610233974141,24.0,False
524210,52,Finance & insurance,24,0.030585335956771178,12,4,0.015078833118476537,23,0.08546375560915208,0.009403408130242036,10.0,0.02118192782652914,0.1232939418404328,Insurance Agencies and Brokerages,0.0248869275995493,3.0,0.0086692521642309,24.0,False
236117,23,Construction,24,0.030540358173466342,12,4,0.014875188251256328,23,0.08533807543726712,0.029532028881763556,10.0,0.0010083292917027857,0.0058691963293116,New Housing For-Sale Builders,0.0486692739462322,2.0,0.0164334084763046,24.0,False
541219,54,Professional & technical services,24,0.03043315149948215,4,2,0.014332800315269992,24,0.08503851080282908,0.018891283695289075,10.0,0.011541867804193074,0.06718191042072508,Other Accounting Services,0.0948599509169538,1.0,0.0410277362400947,23.0,False
541430,54,Professional & technical services,24,0.030378718384066736,12,4,0.015231959302177578,23,0.08488640985878573,0.015835362146146496,10.0,0.01454335623792024,0.08465271588344615,Graphic Design Services,0.0409144809570449,3.0,0.0099383935007307,24.0,False
315990,31,Manufacturing - food/textiles,13,0.03032025615820583,3,1,0.01184648135363044,13,0.08472305048322075,0.041698558141675945,10.0,0.0,0.0,Apparel Accessories and Other Apparel Manufacturing,0.064464083119785,1.0,0.0180840430454339,23.0,True
423330,42,Wholesale trade,24,0.030273629118926268,12,4,0.015107483121492783,23,0.08459276184112771,0.020011524949009964,10.0,0.010262104169916304,0.05973277243922362,"Roofing, Siding, and Insulation Material Merchant Wholesalers",0.0556170302601235,3.0,0.0142402897903615,24.0,False
424910,42,Wholesale trade,24,0.030173352352375414,4,2,0.015682961235008203,24,0.0843125612547457,0.027704278650862148,10.0,0.0024690737015132663,0.014371771627549785,Farm Supplies Merchant Wholesalers,0.1108811854992323,2.0,0.0420795166760761,24.0,True
236220,23,Construction,24,0.030117276584478568,12,4,0.014013342084594734,23,0.08415587029245236,0.025013368329013953,10.0,0.0051039082554646155,0.02970838975383634,Commercial and Institutional Building Construction,0.0695055763751858,2.0,0.0222563012154849,24.0,False
423130,42,Wholesale trade,24,0.02983964439544954,12,4,0.015470227934202854,23,0.083380090370141,0.013121613457768938,10.0,0.0167180309376806,0.09731087514779341,Tire and Tube Merchant Wholesalers,0.034656093693513,3.0,0.0074310866073413,24.0,False
811192,81,Other services,24,0.029583633529027806,3,1,0.015424057016458206,24,0.08266472630966187,0.026523814379090273,10.0,0.003059819149937533,0.017810331873671474,Car Washes,0.0524392614367162,1.0,0.0105580634087539,23.0,True
325413,32,Manufacturing - paper/chemicals,24,0.02957869046764512,12,4,0.01597846308547931,23,0.08265091405039592,0.01400843152979478,10.0,0.015570258937850339,0.09063002270829486,In-Vitro Diagnostic Substance Manufacturing,0.0381892187726696,4.0,0.0094324701899539,23.0,True
611410,61,Educational services,24,0.02947676265084278,3,1,0.012134546473974,24,0.08236609998010806,0.02492343069965095,10.0,0.004553331951191827,0.026503642603640198,Business and Secretarial Schools,0.0547433242436098,1.0,0.0164824961945533,23.0,True
493190,49,Warehousing & couriers,24,0.029314396869791585,12,4,0.014304617400185505,23,0.08191240578329881,0.01463892899876663,10.0,0.014675467871024956,0.08542169990330752,Other Warehousing and Storage,0.0435549222389345,4.0,0.0126767147380784,23.0,True
561520,56,Administrative & waste services,24,0.02930666160559577,6,2,0.016298823695112805,24,0.08189079134918771,0.06425313768859,10.0,0.0,0.0,Tour Operators,0.126380901830401,2.0,0.0343820638135248,24.0,True
211120,21,"Mining, quarrying, oil & gas",7,0.029290727198102107,1,1,0.015430400507507694,6,0.08184626627646202,0.035608420860901845,10.0,0.0,0.0,Crude Petroleum Extraction,0.0198712640967812,2.0,0.0059024860183086,24.0,False
622210,62,Health care & social assistance,24,0.029224205477021144,12,4,0.013685628257414276,23,0.08166038647703137,0.011311999043850707,10.0,0.017912206433170437,0.10426182905973107,Psychiatric and Substance Abuse Hospitals,0.0105932728376283,1.0,0.0023220046046808,23.0,False
522130,52,Finance & insurance,24,0.029190692971299566,12,4,0.01613471724492857,23,0.08156674341216893,0.008254465478649714,10.0,0.020936227492649853,0.12186379049049065,Credit Unions,0.0317567368963551,4.0,0.0085285359062987,23.0,True
311920,31,Manufacturing - food/textiles,24,0.02917237673748675,12,4,0.015915108480188078,23,0.08151556286824845,0.01433650780108052,10.0,0.014835868936406229,0.08635534861499339,Coffee and Tea Manufacturing,0.0291460241719437,4.0,0.0094700592782392,23.0,True
336310,33,Manufacturing - metals/machinery,13,0.0290549580676758,3,1,0.014243473756414037,13,0.08118746313722512,0.04449726123938208,10.0,0.0,0.0,Motor Vehicle Gasoline Engine and Engine Parts Manufacturing,0.0421114165982845,1.0,0.0109483367762909,23.0,True
525190,52,Finance & insurance,24,0.028898408045656573,12,4,0.014492929638312247,23,0.08075001975450835,0.019535905512746404,10.0,0.009362502532910169,0.05449644868149287,Other Insurance Funds,0.2750972155047619,4.0,0.1123132955740009,23.0,True
441210,44,Retail trade - general,24,0.028876207615654393,8,3,0.007642777017245935,24,0.08068798570895117,0.03382024631123388,10.0,0.0,0.0,Recreational Vehicle Dealers,0.0977429074797892,2.0,0.034236875628888,24.0,False
424450,42,Wholesale trade,24,0.02885344373070963,12,4,0.0137921697101314,23,0.08062437721688216,0.010766427934294873,10.0,0.01808701579641476,0.10527934435113975,Confectionery Merchant Wholesalers,0.0402639713682942,3.0,0.013655385499791,24.0,False
621511,62,Health care & social assistance,24,0.02858105368421887,12,4,0.01462863715805029,23,0.07986324526801115,0.010323429802725442,10.0,0.018257623881493427,0.10627240520430968,Medical Laboratories,0.0271664204610501,4.0,0.0086265606795124,23.0,True
336999,33,Manufacturing - metals/machinery,24,0.028552869105710373,6,2,0.011898607311238346,24,0.07978448988232562,0.02266233812671948,10.0,0.005890530978990893,0.0342870955788719,All Other Transportation Equipment Manufacturing,0.0482809859729551,2.0,0.0130418084914822,24.0,True
311512,31,Manufacturing - food/textiles,24,0.028527860321696935,12,4,0.01625108714141868,23,0.07971460853107849,0.01785986032188202,10.0,0.010667999999814916,0.062095375940408044,Creamery Butter Manufacturing,0.0887578350101958,4.0,0.0282655652236746,23.0,True
541340,54,Professional & technical services,24,0.028382150610937455,12,4,0.015841445271428917,23,0.07930745592932746,0.019520378514888206,10.0,0.008861772096049249,0.05158184006486154,Drafting Services,0.0499675461414003,3.0,0.013250009914936,24.0,False
483111,48,Transportation,24,0.028271317337483635,12,4,0.01623824978024255,23,0.07899775758861911,0.015893233635588887,10.0,0.012378083701894749,0.07204928392429015,Deep Sea Freight Transportation,0.0125027177661456,3.0,0.0038222038750286,24.0,False
561621,56,Administrative & waste services,24,0.028215997370277142,12,4,0.015053668213350399,23,0.07884317853922354,0.009938790935548359,10.0,0.018277206434728785,0.10638638964422754,Security Systems Services (except Locksmiths),0.0219012065701004,3.0,0.006142417265542,24.0,False
424110,42,Wholesale trade,24,0.028039139662763432,1,1,0.013607730686679666,23,0.07834898995440924,0.014798323036022826,10.0,0.013240816626740606,0.07707100545647995,Printing and Writing Paper Merchant Wholesalers,0.0654910331171944,1.0,0.0217464662434485,23.0,True
623311,62,Health care & social assistance,24,0.028006310242161863,12,4,0.015352749567207065,23,0.07825725561534401,0.010188521971276728,10.0,0.017817788270885135,0.10371224794960639,Continuing Care Retirement Communities,0.032079900718562,4.0,0.0096058355217179,23.0,True
541110,54,Professional & technical services,24,0.027965786400535153,12,4,0.015069748792659094,23,0.0781440209691062,0.009278995528948748,10.0,0.018686790871586405,0.10877046347122937,Offices of Lawyers,0.0416233428933755,2.0,0.0171309051061264,24.0,False
423910,42,Wholesale trade,24,0.027951246367949413,12,4,0.01318122529244602,23,0.07810339215949584,0.014683363179267975,10.0,0.013267883188681438,0.07722855216993696,Sporting and Recreational Goods and Supplies Merchant Wholesalers,0.0713477897004741,2.0,0.0290426491133986,24.0,False
524291,52,Finance & insurance,24,0.027889330218522083,10,4,0.014167778506244927,24,0.07793038158114561,0.020484456432172258,10.0,0.007404873786349825,0.04310165181502087,Claims Adjusting,0.0611768958474791,3.0,0.0255079151121081,24.0,False
481112,48,Transportation,24,0.027867587862074918,12,4,0.014752077589372518,23,0.07786962751781297,0.018642441217885213,10.0,0.009225146644189705,0.05369693935004611,Scheduled Freight Air Transportation,0.0225823292706982,4.0,0.0083713693484414,23.0,True
221310,22,Utilities,24,0.027774524577372183,12,4,0.014468163663681186,23,0.07760958336360585,0.010830877285740777,10.0,0.016943647291631406,0.09862412339649256,Water Supply and Irrigation Systems,0.0664623840488514,2.0,0.025011441630436,24.0,False
311821,31,Manufacturing - food/textiles,24,0.02774476971436632,12,4,0.015911738540026945,23,0.07752644017552018,0.013084172426257604,10.0,0.014660597288108715,0.08533514249454739,Cookie and Cracker Manufacturing,0.0189386977098985,3.0,0.0033197972422754,24.0,False
611511,61,Educational services,24,0.027629057993182257,12,4,0.012080002279842232,23,0.07720311012368207,0.02810887863411285,10.0,0.0,0.0,Cosmetology and Barber Schools,0.0261832545275999,3.0,0.0086548841372918,24.0,False
713210,71,"Arts, entertainment & recreation",24,0.027532877308140906,3,1,0.013046217922706715,24,0.07693435510420761,0.054175414131175915,10.0,0.0,0.0,Casinos (except Casino Hotels),0.0184536756038686,3.0,0.0063883344705632,24.0,False
337211,33,Manufacturing - metals/machinery,24,0.027488423304685483,1,1,0.01704245370327516,23,0.0768101385158225,0.023044149007597926,10.0,0.0044442742970875575,0.025868849199918685,Wood Office Furniture Manufacturing,0.0687465148897908,1.0,0.0180407482239713,23.0,True
623220,62,Health care & social assistance,24,0.027451012243494534,12,4,0.013945310560405802,23,0.07670560182558567,0.0072585839097892985,10.0,0.020192428333705235,0.11753434838328905,Residential Mental Health and Substance Abuse Facilities,0.0229946776679192,4.0,0.0068213964269635,23.0,True
424520,42,Wholesale trade,24,0.027448749237236073,3,1,0.009448810138262417,24,0.07669927836998955,0.022070348558973045,10.0,0.0053784006782630275,0.03130613161611198,Livestock Merchant Wholesalers,0.0397085518242164,1.0,0.0106036946169819,23.0,True
541512,54,Professional & technical services,24,0.027334948664813057,12,4,0.012272868279032801,23,0.07638128858810556,0.015782521186778486,10.0,0.01155242747803457,0.06724337526108946,Computer Systems Design Services,0.032166022267459,3.0,0.0079954469340905,24.0,False
314120,31,Manufacturing - food/textiles,13,0.02727095265614988,3,1,0.013322872740102772,13,0.07620246631680269,0.0396616281306588,10.0,0.0,0.0,Curtain and Linen Mills,0.1177542397823072,1.0,0.0439890265334535,23.0,True
337215,33,Manufacturing - metals/machinery,24,0.027188762127678887,1,1,0.013541595993755538,23,0.07597280360364629,0.01660762994832949,10.0,0.010581132179349396,0.061589743209903375,"Showcase, Partition, Shelving, and Locker Manufacturing",0.0612073475748963,1.0,0.0138625576484176,23.0,True
336120,33,Manufacturing - metals/machinery,24,0.02714266134711745,6,2,0.01429208407667687,24,0.07584398547168716,0.03342021821157086,10.0,0.0,0.0,Heavy Duty Truck Manufacturing,0.0300985912735537,2.0,0.0102684625211378,24.0,True
532210,53,Real estate,24,0.0270628468674975,6,2,0.011314566423715316,24,0.07562096208590673,0.02646999668039509,10.0,0.0005928501871024089,0.003450811327812525,Consumer Electronics and Appliances Rental,0.0140867324497631,1.0,0.0035373994455591,23.0,False
323120,32,Manufacturing - paper/chemicals,13,0.027050179461920086,1,1,0.014793368206750831,12,0.07558556590598572,0.024020749261462443,10.0,0.003029430200457643,0.017633446492867147,Support Activities for Printing,0.0865185812618921,1.0,0.025411989815866,23.0,True
325910,32,Manufacturing - paper/chemicals,24,0.027006524260991517,1,1,0.014583242185898094,23,0.07546358138933694,0.011761336054353963,10.0,0.015245188206637554,0.08873787898292633,Printing Ink Manufacturing,0.067616193101513,1.0,0.0232004933324612,23.0,True
484230,48,Transportation,24,0.026719857029356198,12,4,0.012475311074000775,23,0.07466255509816719,0.01028590646039312,10.0,0.016433950568963077,0.09565732459538336,"Specialized Freight (except Used Goods) Trucking, Long-Distance",0.0303238573267656,3.0,0.0116903299906595,24.0,False
333241,33,Manufacturing - metals/machinery,13,0.02666475567771328,12,4,0.014359473325734331,12,0.07450858692017497,0.015741976605309082,10.0,0.010922779072404198,0.06357837203100183,Food Product Machinery Manufacturing,0.0145574785012761,2.0,0.0063836120442576,24.0,False
483112,48,Transportation,24,0.026634724577614177,12,4,0.015227779302768307,23,0.07442467185044445,0.040498663313439716,10.0,0.0,0.0,Deep Sea Passenger Transportation,0.0403680230954888,3.0,0.0090436822684975,24.0,False
311830,31,Manufacturing - food/textiles,24,0.0266047595955373,12,4,0.012537477332907492,23,0.07434094153246885,0.008699595431104986,10.0,0.017905164164432313,0.10422083802816237,Tortilla Manufacturing,0.0230467887867858,4.0,0.0089148501179489,23.0,True
311513,31,Manufacturing - food/textiles,24,0.0265059848132581,12,4,0.01565027263144342,23,0.07406493789906139,0.009731704099103037,10.0,0.016774280714155064,0.09763828900388699,Cheese Manufacturing,0.0336260107188057,4.0,0.0087542172251202,23.0,True
325314,32,Manufacturing - paper/chemicals,24,0.026447683102818115,5,2,0.016068598043594173,24,0.07390202704728324,0.03283749594860635,10.0,0.0,0.0,Fertilizer (Mixing Only) Manufacturing,0.078090841142723,2.0,0.0248800711646597,24.0,True
813920,81,Other services,24,0.026368275637881217,6,2,0.013961165436856077,24,0.07368014097133818,0.010588698689316728,10.0,0.015779576948564487,0.09184840296388343,Professional Organizations,0.0190591286987319,2.0,0.0048253364655224,24.0,True
721120,72,Accommodation & food services,24,0.02635980659119093,3,1,0.01419038226642109,24,0.07365647614916312,0.06350870751220254,10.0,0.0,0.0,Casino Hotels,0.0220959891427,3.0,0.006932613148491,24.0,False
311999,31,Manufacturing - food/textiles,24,0.026330877886153955,12,4,0.012219454476276424,23,0.07357564147136643,0.010959842081190444,10.0,0.01537103580496351,0.08947040184844782,All Other Miscellaneous Food Manufacturing,0.0188763934829823,4.0,0.0044099642392036,23.0,True
812320,81,Other services,24,0.02631816727135921,1,1,0.011606990577947549,23,0.07354012455312837,0.030571435223417338,10.0,0.0,0.0,Drycleaning and Laundry Services (except Coin-Operated),0.0532869352710072,1.0,0.0114043436452538,23.0,True
813110,81,Other services,24,0.026271339543777236,12,4,0.010691269840593117,23,0.07340927513328044,0.018565741627595323,10.0,0.007705597916181913,0.04485208093918656,Religious Organizations,0.03060139327777,1.0,0.0108128254509524,23.0,False
331513,33,Manufacturing - metals/machinery,24,0.026185796851957717,1,1,0.014990324838635261,23,0.07317024556309212,0.034356115136999425,10.0,0.0,0.0,Steel Foundries (except Investment),0.0594893852823784,1.0,0.0163109506248993,23.0,True
512120,51,Information,24,0.026140136776478834,2,1,0.010918195509697243,24,0.07304265888111687,0.01860680234703741,10.0,0.0075333344294414226,0.043849384466544836,Motion Picture and Video Distribution,0.0422938840791007,2.0,0.0130474913699681,24.0,False
311942,31,Manufacturing - food/textiles,24,0.026099372682564657,12,4,0.012569783471817976,23,0.07292875290457851,0.012881511399323541,10.0,0.013217861283241115,0.07693738896937208,Spice and Extract Manufacturing,0.0456769434585876,3.0,0.0136005780315579,24.0,False
331524,33,Manufacturing - metals/machinery,24,0.026034927824394878,6,2,0.011696049083275284,24,0.07274867642555363,0.018977181691410265,10.0,0.007057746132984613,0.041081121056172114,Aluminum Foundries (except Die-Casting),0.0532725950085781,1.0,0.0159086484370596,23.0,False
488111,48,Transportation,24,0.02597582378640206,12,4,0.012873863108258351,23,0.07258352365215688,0.03264118746093049,10.0,0.0,0.0,Air Traffic Control,0.0124076729971021,1.0,0.0044664865928191,23.0,False
488310,48,Transportation,24,0.025941073237448972,10,4,0.014905252827103047,24,0.07248642115744476,0.03910256256997865,10.0,0.0,0.0,Port and Harbor Operations,0.0411618427988541,3.0,0.0128375130306617,24.0,False
541810,54,Professional & technical services,24,0.02582525989771503,12,4,0.012601713978140028,23,0.07216280715571234,0.014001334548399868,10.0,0.011823925349315163,0.06882368669570527,Advertising Agencies,0.0393540597476235,3.0,0.0107351586810204,24.0,False
424480,42,Wholesale trade,24,0.025813163648605086,12,4,0.012228185131447956,23,0.07212900694246045,0.013621914132361013,10.0,0.012191249516244073,0.07096177558189233,Fresh Fruit and Vegetable Merchant Wholesalers,0.0518455003701703,3.0,0.0161860957938516,24.0,False
339116,33,Manufacturing - metals/machinery,24,0.025728239175315158,3,1,0.011514824988433231,24,0.07189170484315557,0.03405594379942205,10.0,0.0,0.0,Dental Laboratories,0.0333695538241541,3.0,0.0072145745706302,24.0,False
533110,53,Real estate,24,0.025696152667439333,12,4,0.013420442832111065,23,0.0718020464045062,0.015420033008679413,10.0,0.01027611965875992,0.0598143525900249,Lessors of Nonfinancial Intangible Assets (except Copyrighted Works),0.0376610497968323,2.0,0.0065354907354291,24.0,False
313240,31,Manufacturing - food/textiles,13,0.02556666166530588,6,2,0.012904418337894071,13,0.07144021329024651,0.027734778285538997,10.0,0.0,0.0,Knit Fabric Mills,0.1285521139226241,1.0,0.0407743628933046,23.0,False
326291,32,Manufacturing - paper/chemicals,24,0.025294108419918235,6,2,0.01256763701126499,24,0.07067862531922622,0.02142263469362902,10.0,0.003871473726289213,0.022534740952522676,Rubber Product Manufacturing for Mechanical Use,0.0563954523709241,1.0,0.0172890387902878,23.0,False
332992,33,Manufacturing - metals/machinery,24,0.025271008847799925,12,4,0.010346602645043317,23,0.07061407882580253,0.028299802044333567,10.0,0.0,0.0,Small Arms Ammunition Manufacturing,0.0203358362731574,4.0,0.0052834577238905,23.0,True
334220,33,Manufacturing - metals/machinery,24,0.0252422523911938,1,1,0.013925243263218012,23,0.07053372545701676,0.016013595472841362,10.0,0.009228656918352438,0.053717371651676456,Radio and Television Broadcasting and Wireless Communications Equipment Manufacturing,0.0519321796203053,1.0,0.0128888000812851,23.0,True
481212,48,Transportation,24,0.025139073743520656,12,4,0.013747446318127656,23,0.07024541622473357,0.021886690252867373,10.0,0.003252383490653283,0.018931193809335965,Nonscheduled Chartered Freight Air Transportation,0.0281037664249344,3.0,0.0119189947593055,24.0,False
541910,54,Professional & technical services,24,0.025028184154569765,6,2,0.007443749230740958,24,0.06993556052319434,0.018147932161804978,10.0,0.0068802519927647875,0.04004797844608955,Marketing Research and Public Opinion Polling,0.0384488658625992,1.0,0.0066824350248207,23.0,False
488410,48,Transportation,24,0.02494748112940866,12,4,0.013070102200642473,23,0.06971005429926284,0.010640044636311349,10.0,0.014307436493097313,0.08327949454422616,Motor Vehicle Towing,0.029691197644968,3.0,0.0112460422380856,24.0,False
336320,33,Manufacturing - metals/machinery,13,0.024946008930391523,12,4,0.012976454023548337,12,0.06970594057439852,0.028486398555967442,10.0,0.0,0.0,Motor Vehicle Electrical and Electronic Equipment Manufacturing,0.0486380809700703,1.0,0.0140286689720307,23.0,False
325411,32,Manufacturing - paper/chemicals,24,0.024827614109650557,12,4,0.013057233509908159,23,0.06937511321191683,0.01305325374584869,10.0,0.011774360363801868,0.06853518309531322,Medicinal and Botanical Manufacturing,0.0198430975786657,4.0,0.0038440395790885,23.0,True
518210,51,Information,24,0.024813073706134156,12,4,0.012215871423762781,23,0.0693344833658252,0.010886460270594199,10.0,0.013926613435539957,0.08106283247765231,"Computing Infrastructure Providers, Data Processing, Web Hosting, and Related Services",0.0158504206159997,2.0,0.0038351451391608,24.0,False
541360,54,Professional & technical services,24,0.02480462684813036,12,4,0.010197193937802588,23,0.06931088054488115,0.030127362900715927,10.0,0.0,0.0,Geophysical Surveying and Mapping Services,0.0681558244361562,3.0,0.0200815658248081,24.0,False
313310,31,Manufacturing - food/textiles,13,0.02464514513484451,3,1,0.01118191003268406,13,0.06886524521860404,0.027767683384050425,10.0,0.0,0.0,Textile and Fabric Finishing Mills,0.1093859198864149,1.0,0.0315613648947861,23.0,True
332994,33,Manufacturing - metals/machinery,24,0.02464296846232783,6,2,0.010583992614724558,24,0.06885916300298706,0.018931957401142688,10.0,0.005711011061185142,0.03324216149702594,"Small Arms, Ordnance, and Ordnance Accessories Manufacturing",0.0541873420899949,4.0,0.0129233844958989,23.0,False
336992,33,Manufacturing - metals/machinery,24,0.02460057536448415,6,2,0.008167161623942367,24,0.06874070514596865,0.03400803595862794,10.0,0.0,0.0,"Military Armored Vehicle, Tank, and Tank Component Manufacturing",0.0267601885215178,4.0,0.0076471333016065,23.0,False
336340,33,Manufacturing - metals/machinery,24,0.024579626630676057,6,2,0.012960344452052514,24,0.06868216868035563,0.0341200891484086,10.0,0.0,0.0,Motor Vehicle Brake System Manufacturing,0.0778033242719132,1.0,0.0216708376002273,23.0,False
523999,52,Finance & insurance,24,0.024573844247020152,12,4,0.012434883617419883,23,0.06866601112615041,0.012364701767222418,10.0,0.012209142479797734,0.07106592540365572,Miscellaneous Financial Investment Activities,0.0574427655677075,4.0,0.0177959744769032,23.0,True
488390,48,Transportation,24,0.02450354893005166,12,4,0.010343918188505484,23,0.06846958687243765,0.019214323010730207,10.0,0.005289225919321454,0.03078707085674112,Other Support Activities for Water Transportation,0.036760791765432,2.0,0.0140616293329954,24.0,False
541860,54,Professional & technical services,24,0.024365969618575758,1,1,0.012554151096023512,23,0.06808515281980959,0.01694934005987782,10.0,0.007416629558697936,0.043170078802594776,Direct Mail Advertising,0.0659941431117142,1.0,0.0216121503063308,23.0,True
541850,54,Professional & technical services,24,0.024139772555318427,6,2,0.008516222347714505,24,0.0674530966422657,0.020009958829285565,10.0,0.004129813726032862,0.024038464181319556,Indoor and Outdoor Display Advertising,0.038429538180757,2.0,0.010699560261948,24.0,True
311520,31,Manufacturing - food/textiles,24,0.024104837567170433,8,3,0.013146137513251999,24,0.06735547877422893,0.03479249744237529,10.0,0.0,0.0,Ice Cream and Frozen Dessert Manufacturing,0.1037370423422894,2.0,0.0472603159354623,24.0,False
485310,48,Transportation,24,0.024104367718149,3,1,0.01326340546432156,24,0.06735416588814529,0.03479662257276415,10.0,0.0,0.0,Taxi and Ridesharing Services,0.0605722698932525,3.0,0.0224400770268456,24.0,False
314110,31,Manufacturing - food/textiles,24,0.024087559540799355,1,1,0.012441777900834696,23,0.06730719926455561,0.017687838414336347,10.0,0.006399721126463007,0.03725094575069241,Carpet and Rug Mills,0.0477772706312732,1.0,0.0130612359923235,23.0,True
321212,32,Manufacturing - paper/chemicals,24,0.023899510000687366,1,1,0.012322697428083031,23,0.06678173765245302,0.017539561927933888,10.0,0.0063599480727534775,0.03701943818391006,Softwood Veneer and Plywood Manufacturing,0.0320321834280656,3.0,0.0089489677255787,24.0,False
561612,56,Administrative & waste services,24,0.023540861522209758,12,4,0.008937197615599538,23,0.06577957616050384,0.016726715932075996,10.0,0.006814145590133762,0.03966319198906736,Security Guards and Patrol Services,0.0460685672610022,3.0,0.0126312234004299,24.0,False
321211,32,Manufacturing - paper/chemicals,24,0.023515743976409077,1,1,0.012434501405589007,23,0.06570939089921245,0.015372363991278198,10.0,0.008143379985130879,0.04740028511539834,Hardwood Veneer and Plywood Manufacturing,0.0512709349623675,1.0,0.0113353638856512,23.0,True
423420,42,Wholesale trade,24,0.02349971773316365,1,1,0.012364667226811838,23,0.06566460921239378,0.009511627836320964,10.0,0.013988089896842687,0.08142066937080428,Office Equipment Merchant Wholesalers,0.0606115482804589,1.0,0.0188629832110753,23.0,True
623990,62,Health care & social assistance,24,0.023472569822718812,12,4,0.011626567980709046,23,0.06558875055951398,0.0076234229479502,10.0,0.015849146874768613,0.09225334960072881,Other Residential Care Facilities,0.0187869265830684,2.0,0.0053192011005318,24.0,False
332117,33,Manufacturing - metals/machinery,24,0.02334884683774388,3,1,0.011309827866824959,24,0.0652430348555545,0.028051210258128345,10.0,0.0,0.0,Powder Metallurgy Part Manufacturing,0.0379746772697416,1.0,0.0124976817678706,23.0,True
311514,31,Manufacturing - food/textiles,24,0.02328103677263206,12,4,0.011682138801306955,23,0.06505355507214626,0.007807425202421116,10.0,0.015473611570210944,0.0900674660315679,"Dry, Condensed, and Evaporated Dairy Product Manufacturing",0.0379384705010719,3.0,0.010431091526826,24.0,False
423940,42,Wholesale trade,24,0.023198599889850156,12,4,0.0132522326362577,23,0.0648232039779745,0.025563757063161073,10.0,0.0,0.0,"Jewelry, Watch, Precious Stone, and Precious Metal Merchant Wholesalers",0.0166487750563641,3.0,0.0063177101030193,24.0,False
423490,42,Wholesale trade,24,0.0231814748492676,12,4,0.011732248624986152,23,0.06477535195224515,0.012987900834675704,10.0,0.010193574014591898,0.05933387801119611,Other Professional Equipment and Supplies Merchant Wholesalers,0.0475737219500059,2.0,0.0183034010774274,24.0,False
484121,48,Transportation,24,0.02310898997784097,12,4,0.011665299944003392,23,0.06457280948726382,0.010232358380345526,10.0,0.012876631597495445,0.07495118859265926,"General Freight Trucking, Long-Distance, Truckload",0.0307964670150994,3.0,0.0123984682407097,24.0,False
311213,31,Manufacturing - food/textiles,24,0.02307412546573033,6,2,0.013529036030679972,24,0.06447538854846271,0.019690170784313704,10.0,0.003383954681416626,0.01969703206894589,Malt Manufacturing,0.0810320027708048,2.0,0.0287591567913293,24.0,True
541310,54,Professional & technical services,24,0.022847957779028476,12,4,0.01285811732926017,23,0.06384341445701268,0.01712237602980941,10.0,0.005725581749219066,0.033326973303474436,Architectural Services,0.0442210745872261,2.0,0.0172257147285813,24.0,False
327212,32,Manufacturing - paper/chemicals,24,0.022842207580502427,1,1,0.010776648143119105,23,0.06382734683682276,0.02195620270399965,10.0,0.0008860048765027759,0.005157180904802136,Other Pressed and Blown Glass and Glassware Manufacturing,0.0510468899431012,1.0,0.0167174145217154,23.0,True
311941,31,Manufacturing - food/textiles,24,0.02277683248376674,12,4,0.00958029532467885,23,0.0636446710179846,0.014722190093080836,10.0,0.008054642390685903,0.046883768965491714,"Mayonnaise, Dressing, and Other Prepared Sauce Manufacturing",0.0555452190860675,3.0,0.0227876143320004,24.0,False
336991,33,Manufacturing - metals/machinery,24,0.022603268735087674,6,2,0.01320999565150209,24,0.0631596866509441,0.0368821338377484,10.0,0.0,0.0,"Motorcycle, Bicycle, and Parts Manufacturing",0.0867908956569862,2.0,0.0280950777859315,24.0,True
335931,33,Manufacturing - metals/machinery,24,0.02255446374687706,1,1,0.012485515928143273,23,0.06302331222658483,0.017164895825488156,10.0,0.005389567921388904,0.03137113294345837,Current-Carrying Wiring Device Manufacturing,0.0363831904595329,1.0,0.0106102005201981,23.0,True
813212,81,Other services,24,0.022482367638208607,12,4,0.009291641649862075,23,0.06282185607059163,0.01265446348275022,10.0,0.009827904155458388,0.057205418377397343,Voluntary Health Organizations,0.0147892622104022,2.0,0.0064083021224524,24.0,False
488190,48,Transportation,24,0.022449636003218504,12,4,0.011355992830519438,23,0.06273039497114724,0.01540238872012673,10.0,0.0070472472830917735,0.04102001025461146,Other Support Activities for Air Transportation,0.0099512394404024,4.0,0.0034336270624552,23.0,True
524114,52,Finance & insurance,24,0.0223839309361007,12,4,0.011788500585077608,23,0.06254679712522607,0.007375876600801882,10.0,0.015008054335298818,0.087357590560613,Direct Health and Medical Insurance Carriers,0.0214564363792114,4.0,0.0069752967619852,23.0,True
336211,33,Manufacturing - metals/machinery,24,0.022331289766697966,6,2,0.012352480391186865,24,0.062399703366204616,0.025754419374404463,10.0,0.0,0.0,Motor Vehicle Body Manufacturing,0.0221534129798452,3.0,0.0052726141524692,24.0,False
561492,56,Administrative & waste services,24,0.02229163989111857,12,4,0.0113163494635413,23,0.062288910819042795,0.011196816127375877,10.0,0.011094823763742693,0.06457979495820473,Court Reporting and Stenotype Services,0.0341927075620657,3.0,0.0081003265124985,24.0,False
532111,53,Real estate,24,0.02222697673971296,3,1,0.010664819355901092,24,0.062108224369286036,0.044980701219119644,10.0,0.0,0.0,Passenger Car Rental,0.0316334316144766,2.0,0.0089668421924517,24.0,False
424810,42,Wholesale trade,24,0.022047083515581083,12,4,0.013302851300674583,23,0.061605553724612426,0.01102721813932626,10.0,0.011019865376254823,0.06414348362983702,Beer and Ale Merchant Wholesalers,0.058940936456664,2.0,0.0177974902914737,24.0,False
424420,42,Wholesale trade,24,0.021996247590701706,12,4,0.010750392378150318,23,0.06146350431027227,0.008530945024210517,10.0,0.01346530256649119,0.07837767388752515,Packaged Frozen Food Merchant Wholesalers,0.0161430290480013,3.0,0.0063090986778136,24.0,False
481211,48,Transportation,24,0.021971439712604374,12,4,0.010700085865239503,23,0.06139418434485196,0.018218286565327084,10.0,0.0037531531472772897,0.021846030712987657,Nonscheduled Chartered Passenger Air Transportation,0.0257565135697239,3.0,0.0085812254423956,24.0,False
423730,42,Wholesale trade,24,0.02190690429334921,12,4,0.011608072056444632,23,0.061213854813498995,0.011197341622024373,10.0,0.010709562671324838,0.06233730036040627,Warm Air Heating and Air-Conditioning Equipment and Supplies Merchant Wholesalers,0.0274163764337852,2.0,0.0081889925883381,24.0,False
424470,42,Wholesale trade,24,0.02180342335718029,12,4,0.011646175876588985,23,0.060924700904859685,0.011476083827683697,10.0,0.010327339529496594,0.0601124888038483,Meat and Meat Product Merchant Wholesalers,0.0204848001402191,3.0,0.0048976190359559,24.0,False
423860,42,Wholesale trade,24,0.021645532643150875,12,4,0.010867273287140333,23,0.06048351126365919,0.01204839287610499,10.0,0.009597139767045884,0.05586220489292215,Transportation Equipment and Supplies (except Motor Vehicle) Merchant Wholesalers,0.0203554221443567,2.0,0.0068566381400547,24.0,False
624310,62,Health care & social assistance,24,0.021596832022048613,12,4,0.010089778425546066,23,0.060347428469414904,0.02257269572808521,10.0,0.0,0.0,Vocational Rehabilitation Services,0.0216447651130051,2.0,0.0091574766996278,24.0,False
483211,48,Transportation,24,0.021372682951363284,12,4,0.009744645158037316,23,0.05972109494068907,0.01358382983980507,10.0,0.007788853111558214,0.04533668561259987,Inland Water Freight Transportation,0.0292080927226462,3.0,0.0094470317988891,24.0,False
311612,31,Manufacturing - food/textiles,24,0.021292116922617968,12,4,0.011685188268244969,23,0.059495971522040954,0.008358679948630524,10.0,0.012933436973987444,0.07528183643750068,Meat Processed from Carcasses,0.0261608691649596,4.0,0.0078118984033998,23.0,True
327110,32,Manufacturing - paper/chemicals,13,0.021047683928593165,3,1,0.008721001467703937,13,0.058812959189147994,0.03339676235448382,10.0,0.0,0.0,"Pottery, Ceramics, and Plumbing Fixture Manufacturing",0.0260722105443298,1.0,0.0070017906269762,23.0,True
623210,62,Health care & social assistance,24,0.02100160726235622,12,4,0.010634502461687328,23,0.05868420843917668,0.009997899988393108,10.0,0.01100370727396311,0.06404943193914478,Residential Intellectual and Developmental Disability Facilities,0.0093709747428561,4.0,0.0032412798465936,23.0,True
336612,33,Manufacturing - metals/machinery,24,0.020989571460414115,3,1,0.008871828581673047,24,0.058650577131768654,0.04847465531334732,10.0,0.0,0.0,Boat Building,0.0345686606014769,1.0,0.0109287916966691,23.0,True
331222,33,Manufacturing - metals/machinery,24,0.0208737761142272,1,1,0.010752309179939842,23,0.05832701340890542,0.017454854229559107,10.0,0.003418921884668094,0.019900566155140326,Steel Wire Drawing,0.0478883493977362,1.0,0.0137230169653521,23.0,True
336414,33,Manufacturing - metals/machinery,24,0.020865944869711724,2,1,0.00995045114116295,24,0.058305130779650265,0.012542780150231098,10.0,0.008323164719480625,0.04844676061858427,Guided Missile and Space Vehicle Manufacturing,0.1054486394577923,4.0,0.0345279534404759,23.0,False
339995,33,Manufacturing - metals/machinery,24,0.02073234600421342,1,1,0.011185308508703714,23,0.05793181917677153,0.016052776545652188,10.0,0.004679569458561232,0.027238435018152686,Burial Casket Manufacturing,0.0505407381134291,1.0,0.0143604299099829,23.0,True
334515,33,Manufacturing - metals/machinery,24,0.02067516945028146,1,1,0.011309540709596173,23,0.05777205231860391,0.016702617892532284,10.0,0.003972551557749178,0.023123086091616847,Instrument Manufacturing for Measuring and Testing Electricity and Electrical Signals,0.0357340521928097,1.0,0.0104332701432644,23.0,True
441120,44,Retail trade - general,24,0.020657869156290642,12,4,0.007029934861932722,23,0.05772371058713862,0.014504760753285356,10.0,0.006153108403005286,0.03581548364204405,Used Car Dealers,0.0383964714316677,3.0,0.0104650283035054,24.0,False
334417,33,Manufacturing - metals/machinery,24,0.020484316860686608,1,1,0.010925333348156456,23,0.05723875822310789,0.0256207620494448,10.0,0.0,0.0,Electronic Connector Manufacturing,0.0471382163724923,1.0,0.0147656811618922,23.0,True
313320,31,Manufacturing - food/textiles,24,0.020472552830027593,6,2,0.009387325212684807,24,0.05720588631865532,0.015716354121332942,10.0,0.004756198708694651,0.02768447195995516,Fabric Coating Mills,0.0330159400241582,1.0,0.0089083881853156,23.0,False
524130,52,Finance & insurance,24,0.020467476670060984,12,4,0.011231927834479604,23,0.05719170214570942,0.008708959645292643,10.0,0.011758517024768341,0.06844296355149478,Reinsurance Carriers,0.0122230842979467,2.0,0.0041916677864934,24.0,False
337127,33,Manufacturing - metals/machinery,24,0.02046538735386673,6,2,0.011751906199412326,24,0.05718586402744031,0.01954022944190658,10.0,0.0009251579119601491,0.005385079522722636,Institutional Furniture Manufacturing,0.0740767667280959,2.0,0.0296523917988636,24.0,True
562219,56,Administrative & waste services,24,0.020426224331293777,12,4,0.010266695722463815,23,0.05707643188012563,0.01358331920249185,10.0,0.006842905128801927,0.03983059303570248,Other Nonhazardous Waste Treatment and Disposal,0.0250913385115994,2.0,0.00757905571792,24.0,False
314994,31,Manufacturing - food/textiles,13,0.02017534823633397,3,1,0.00889038622542866,13,0.056375415769067454,0.025618169457631568,10.0,0.0,0.0,"Rope, Cordage, Twine, Tire Cord, and Tire Fabric Mills",0.06557375457074,1.0,0.0208842983118622,23.0,True
561720,56,Administrative & waste services,24,0.020055462908556285,12,4,0.00814819126668506,23,0.05604042352413033,0.012232403818725757,10.0,0.007823059089830529,0.0455357888259731,Janitorial Services,0.0274981703129632,3.0,0.0079636643130003,24.0,False
322130,32,Manufacturing - paper/chemicals,24,0.019958505917172874,1,1,0.01111415836424604,23,0.05576949929338451,0.010084141339180494,10.0,0.00987436457799238,0.05747585120488595,Paperboard Mills,0.0233956731707419,2.0,0.0065589887309406,24.0,False
326211,32,Manufacturing - paper/chemicals,24,0.01987761540659027,3,1,0.009101659825391009,24,0.055543469184141894,0.029960427952312085,10.0,0.0,0.0,Tire Manufacturing (except Retreading),0.0167379337358642,3.0,0.005901106945762,24.0,False
332510,33,Manufacturing - metals/machinery,24,0.019741549371930043,1,1,0.010558765228899382,23,0.055163263638930815,0.012963835922921807,10.0,0.006777713449008236,0.039451130918619036,Hardware Manufacturing,0.0389457691345013,1.0,0.0101852651276814,23.0,True
423820,42,Wholesale trade,24,0.019665518138851635,12,4,0.01064959764818886,23,0.054950811673987236,0.012214404815564617,10.0,0.0074511133232870175,0.04337079893064471,Farm and Garden Machinery and Equipment Merchant Wholesalers,0.0495271325921064,2.0,0.0197908866814257,24.0,False
334419,33,Manufacturing - metals/machinery,24,0.019652535701427373,1,1,0.01100558951546424,23,0.054914535209317814,0.01868699314675812,10.0,0.0009655425546692548,0.005620146974099134,Other Electronic Component Manufacturing,0.0487921075047741,1.0,0.0142835208927834,23.0,True
423810,42,Wholesale trade,24,0.01962893141874257,12,4,0.010397625581732,23,0.05484857841716243,0.01636341591066302,10.0,0.0032655155080795507,0.01900763152577337,Construction and Mining (except Oil Well) Machinery and Equipment Merchant Wholesalers,0.0181206069152394,3.0,0.0040870450420997,24.0,False
522320,52,Finance & insurance,24,0.019583027308619865,12,4,0.008892065466077492,23,0.05472030983595321,0.009143178424523706,10.0,0.010439848884096159,0.06076737356863962,"Financial Transactions Processing, Reserve, and Clearinghouse Activities",0.0081630699739296,3.0,0.0024575121054088,24.0,False
485210,48,Transportation,24,0.01952996100976414,3,1,0.009740777056176509,24,0.05457202814949739,0.03475077513907906,10.0,0.0,0.0,Interurban and Rural Bus Transportation,0.0245743054062948,3.0,0.0085768615139631,24.0,False
622110,62,Health care & social assistance,24,0.01951062191539432,12,4,0.010236136856162788,23,0.054517989454703895,0.00659890143369742,10.0,0.012911720481696903,0.07515543094885131,General Medical and Surgical Hospitals,0.0185644728807374,4.0,0.0057332379768089,23.0,True
541370,54,Professional & technical services,24,0.019506326702717035,12,4,0.010988194423357417,23,0.05450598746109951,0.024511096453221776,10.0,0.0,0.0,Surveying and Mapping (except Geophysical) Services,0.0604907848087579,2.0,0.0211412353699714,24.0,False
323113,32,Manufacturing - paper/chemicals,24,0.019420366589563916,6,2,0.008467309904875214,24,0.054265791502060956,0.024320661856364674,10.0,0.0,0.0,Commercial Screen Printing,0.0441215940819892,2.0,0.0137407720485608,24.0,True
811420,81,Other services,24,0.019278811402008957,6,2,0.008795524700325344,24,0.05387024776922429,0.018977851258424456,10.0,0.00030096014358450135,0.0017518028926961967,Reupholstery and Furniture Repair,0.0643730273430618,3.0,0.013738176517798,24.0,False
327910,32,Manufacturing - paper/chemicals,24,0.01925861620553275,1,1,0.010693044433678554,23,0.05381381689206927,0.01645802084528512,10.0,0.00280059536024763,0.01630146435644509,Abrasive Product Manufacturing,0.0362072746593003,1.0,0.0096148788788008,23.0,True
424120,42,Wholesale trade,24,0.019252782485931486,1,1,0.009490820532024406,23,0.05379751589125636,0.015135080677060556,10.0,0.00411770180887093,0.023967964176675547,Stationery and Office Supplies Merchant Wholesalers,0.0646505083811165,1.0,0.0196444735213503,23.0,True
336419,33,Manufacturing - metals/machinery,24,0.01919662641808309,6,2,0.0057408632054906554,24,0.05364060054903649,0.01788803850995434,10.0,0.0013085879081287492,0.007616915833121166,Other Guided Missile and Space Vehicle Parts and Auxiliary Equipment Manufacturing,0.0315854597158797,2.0,0.0112522419727552,24.0,True
531110,53,Real estate,24,0.01904484703364697,12,4,0.009755521888326913,23,0.05321648762654677,0.011686243215490291,10.0,0.00735860381815668,0.04283232756776234,Lessors of Residential Buildings and Dwellings,0.04570125150543,2.0,0.0177906932266632,24.0,False
321992,32,Manufacturing - paper/chemicals,24,0.019036801182006888,12,4,0.008115531971469912,23,0.05319400532655807,0.03522754997444723,10.0,0.0,0.0,Prefabricated Wood Building Manufacturing,0.0745992505734942,2.0,0.0222482413299596,24.0,False
334418,33,Manufacturing - metals/machinery,24,0.01879593541058102,1,1,0.010478021089130072,23,0.05252096078479318,0.021808111375125814,10.0,0.0,0.0,Printed Circuit Assembly (Electronic Assembly) Manufacturing,0.0552863371047006,1.0,0.0164810608490036,23.0,True
335312,33,Manufacturing - metals/machinery,24,0.018767159669807305,1,1,0.010719888039741221,23,0.052440553530792994,0.015577585298587628,10.0,0.003189574371219677,0.018565599894470628,Motor and Generator Manufacturing,0.0311486533853467,1.0,0.0087876568514588,23.0,True
332991,33,Manufacturing - metals/machinery,24,0.018760036831549858,1,1,0.009754893998946213,23,0.05242065038148842,0.01785007347193047,10.0,0.0009099633596193861,0.005296636380628311,Ball and Roller Bearing Manufacturing,0.0391733373250195,1.0,0.012735063077278,23.0,True
524292,52,Finance & insurance,24,0.01869786220419696,12,4,0.010471656722633296,23,0.0522469175454428,0.006252683504421435,10.0,0.012445178699775525,0.07243982471142926,Pharmacy Benefit Management and Other Third Party Administration of Insurance and Pension Funds,0.0269781266678991,4.0,0.0076982142672324,23.0,True
112920,11,"Agriculture, forestry, fishing",24,0.018656180524316897,6,2,0.00785177499696918,24,0.05213044758390033,0.019598766614330947,10.0,0.0,0.0,Horses and Other Equine Production,0.0918633894092834,2.0,0.0222008560504513,24.0,True
115210,11,"Agriculture, forestry, fishing",24,0.018589493691790356,12,4,0.006274923502989942,23,0.051944106418138666,0.015246068631078854,10.0,0.0033434250607115024,0.01946112074213201,Support Activities for Animal Production,0.0658544618362387,2.0,0.0211093295149979,24.0,False
811191,81,Other services,24,0.01854062809889645,8,3,0.007351978324863201,24,0.051807562647794486,0.013761422826647659,10.0,0.004779205272248791,0.02781838658434736,Automotive Oil Change and Lubrication Shops,0.0257285388858989,3.0,0.0077867346020793,24.0,True
423440,42,Wholesale trade,24,0.018492878055697645,12,4,0.009758381164136737,23,0.051674136027010036,0.01563388978036606,10.0,0.0028589882753315837,0.016641352809243868,Other Commercial Equipment Merchant Wholesalers,0.0164694131636917,3.0,0.0051547522928827,24.0,False
561990,56,Administrative & waste services,24,0.018443813237508794,6,2,0.010033997633129446,24,0.05153703556695211,0.02219788409660826,10.0,0.0,0.0,All Other Support Services,0.0529253738628382,2.0,0.019621864679942,24.0,True
311919,31,Manufacturing - food/textiles,24,0.01843963078290021,12,4,0.010206895806780083,23,0.05152534865009039,0.011825897255994613,10.0,0.006613733526905596,0.0384966507058501,Other Snack Food Manufacturing,0.0539079920251877,2.0,0.0149200379829958,24.0,False
314910,31,Manufacturing - food/textiles,13,0.01843519812919116,6,2,0.010223608283372312,13,0.051512962608824556,0.022904315238782967,10.0,0.0,0.0,Textile Bag and Canvas Mills,0.0641090291809602,2.0,0.0231934796798194,24.0,True
339940,33,Manufacturing - metals/machinery,13,0.018291862043122747,3,1,0.008666007927360097,13,0.05111244256068655,0.020888032293214447,10.0,0.0,0.0,Office Supplies (except Paper) Manufacturing,0.0431810636574657,1.0,0.0102401351647874,23.0,True
311613,31,Manufacturing - food/textiles,24,0.018265695984813222,10,4,0.008829419584694154,24,0.05103932746998489,0.012178278314074161,10.0,0.006087417670739061,0.03543311668329426,Rendering and Meat Byproduct Processing,0.0337302361602764,3.0,0.0114220082030386,24.0,False
561422,56,Administrative & waste services,24,0.018110502078412517,11,4,0.008940971927826025,24,0.05060567344351266,0.02229475723853477,10.0,0.0,0.0,Telemarketing Bureaus and Other Contact Centers,0.0547717715243987,4.0,0.0180674394751265,23.0,True
485113,48,Transportation,24,0.018064680989800262,12,4,0.008043012698130758,23,0.05047763684700648,0.016008217170286047,10.0,0.002056463819514215,0.011970087549943578,Bus and Other Motor Vehicle Transit Systems,0.0068270414444098,4.0,0.0021725283323929,23.0,True
327999,32,Manufacturing - paper/chemicals,24,0.01803717862540115,6,2,0.008264752334174058,24,0.050400787753277325,0.01898474274801329,10.0,0.0,0.0,All Other Miscellaneous Nonmetallic Mineral Product Manufacturing,0.0459962816808568,2.0,0.0171426498110187,24.0,True
311611,31,Manufacturing - food/textiles,24,0.01796326327931767,12,4,0.009628280685748763,23,0.050194248152653914,0.011710884586148624,10.0,0.006252378693169046,0.036393307600381036,Animal (except Poultry) Slaughtering,0.0241770458728164,4.0,0.0092506112675909,23.0,True
331410,33,Manufacturing - metals/machinery,13,0.017909673884053005,1,1,0.009795955938313783,12,0.05004450479241701,0.02108248707589371,10.0,0.0,0.0,Nonferrous Metal (except Aluminum) Smelting and Refining,0.0266414376021092,3.0,0.0082856575447154,24.0,False
424440,42,Wholesale trade,24,0.017889387227366653,12,4,0.009878517372319344,23,0.04998781835053454,0.010565434285079675,10.0,0.0073239529422869775,0.04263063473275757,Poultry and Poultry Product Merchant Wholesalers,0.0082131297844783,3.0,0.0025000749796376,24.0,False
332618,33,Manufacturing - metals/machinery,24,0.017772484942329345,1,1,0.009205046862233456,23,0.049661161539156014,0.015521731604862993,10.0,0.002250753337466351,0.013100991248736966,Other Fabricated Wire Product Manufacturing,0.0565550849536545,1.0,0.0158330953031827,23.0,True
333515,33,Manufacturing - metals/machinery,24,0.017531300955237333,1,1,0.01026966800370892,23,0.04898722781618479,0.018215072847553075,10.0,0.0,0.0,Cutting Tool and Machine Tool Accessory Manufacturing,0.0420118864407832,1.0,0.0115064900317755,23.0,True
339991,33,Manufacturing - metals/machinery,24,0.01752012818118412,1,1,0.009483125181013801,23,0.04895600804366014,0.01620068544792017,10.0,0.00131944273326395,0.00768009866472497,"Gasket, Packing, and Sealing Device Manufacturing",0.0361282333234015,1.0,0.0096567628590322,23.0,True
811412,81,Other services,24,0.017464924330260936,12,4,0.008624501168121215,23,0.04880175345477313,0.013190514711867937,10.0,0.004274409618393,0.024880115502626015,Appliance Repair and Maintenance,0.0298799374628262,2.0,0.005786392866974,24.0,False
561622,56,Administrative & waste services,24,0.0174051611045061,12,4,0.009451314030599536,23,0.048634758731303525,0.00965483833126564,10.0,0.00775032277324046,0.045112411536578724,Locksmiths,0.0262984997187792,3.0,0.007741098916191,24.0,False
424490,42,Wholesale trade,24,0.017363680450758798,12,4,0.008763435093122742,23,0.048518850491505935,0.008892686524270072,10.0,0.008470993926488726,0.049307232139422265,Other Grocery and Related Products Merchant Wholesalers,0.0224456488590879,2.0,0.0058466953622711,24.0,False
423720,42,Wholesale trade,24,0.01727898719703046,12,4,0.009320982350677503,23,0.048282194482606344,0.012875543182377141,10.0,0.00440344401465332,0.025631187807197364,Plumbing and Heating Equipment and Supplies (Hydronics) Merchant Wholesalers,0.0195888591069882,3.0,0.0060780011956154,24.0,False
523991,52,Finance & insurance,24,0.017158564792640614,2,1,0.007331202109103217,24,0.04794570149939418,0.016106534375247845,10.0,0.0010520304173927686,0.0061235680792915016,"Trust, Fiduciary, and Custody Activities",0.0246068369432651,2.0,0.0061780806066609,24.0,False
112310,11,"Agriculture, forestry, fishing",24,0.017064463180293334,12,4,0.009424985072390481,23,0.0476827559750605,0.009563207596796136,10.0,0.0075012555834971986,0.04366266268189208,Chicken Egg Production,0.0092701464570037,3.0,0.0039300685501405,24.0,False
325412,32,Manufacturing - paper/chemicals,24,0.017041139986746105,12,4,0.009244838412539327,23,0.04761758462248282,0.0058883563996222155,10.0,0.01115278358712389,0.06491716250810703,Pharmaceutical Preparation Manufacturing,0.0155356941319376,2.0,0.0047488653682558,24.0,False
333924,33,Manufacturing - metals/machinery,24,0.01702587669011585,12,4,0.01000684898701841,23,0.047574934816221354,0.02425501898885977,10.0,0.0,0.0,"Industrial Truck, Tractor, Trailer, and Stacker Machinery Manufacturing",0.0132377284175127,4.0,0.0030210566635171,23.0,True
523210,52,Finance & insurance,24,0.016952793124674664,7,3,0.0075764405463963165,24,0.04737071943716719,0.01798514001568354,10.0,0.0,0.0,Securities and Commodity Exchanges,0.0646490491694149,2.0,0.0293243974237119,24.0,False
112210,11,"Agriculture, forestry, fishing",24,0.01694414116314032,12,4,0.010217418454972661,23,0.04734654350111875,0.013684858623307173,10.0,0.0032592825398331474,0.018971351200830384,Hog and Pig Farming,0.0388900078163438,2.0,0.0136468860513892,24.0,False
321912,32,Manufacturing - paper/chemicals,24,0.016935417145100544,1,1,0.007298512346385363,23,0.04732216621957654,0.016464592619483666,10.0,0.00047082452561687804,0.0027405348632031823,"Cut Stock, Resawing Lumber, and Planing",0.0480481083906763,2.0,0.0102078362600563,24.0,False
339994,33,Manufacturing - metals/machinery,24,0.016900051863051054,1,1,0.007248692562888012,23,0.04722334599323022,0.012533397599038903,10.0,0.00436665426401215,0.02541704519406867,"Broom, Brush, and Mop Manufacturing",0.0356864426776366,2.0,0.0080519413897407,24.0,False
311812,31,Manufacturing - food/textiles,24,0.016798221187453295,12,4,0.008892479083377444,23,0.04693880336191494,0.011367189136313198,10.0,0.005431032051140096,0.0316124837800713,Commercial Bakeries,0.0187028478949078,3.0,0.0063217779371388,24.0,False
423740,42,Wholesale trade,24,0.01659175161626633,12,4,0.00841582942943356,23,0.04636187116808227,0.01441553582544064,10.0,0.002176215790825692,0.012667129514540515,Refrigeration Equipment and Supplies Merchant Wholesalers,0.0271120643935417,2.0,0.008562791917878,24.0,False
322110,32,Manufacturing - paper/chemicals,24,0.016569500059952,1,1,0.01001809326695552,23,0.04629969426168964,0.01714273247428961,10.0,0.0,0.0,Pulp Mills,0.0359954991841383,3.0,0.0098255859688398,24.0,False
339112,33,Manufacturing - metals/machinery,24,0.016544927239710017,12,4,0.009081284745296033,23,0.04623103111191235,0.005265061715771701,10.0,0.011279865523938316,0.06565687010483218,Surgical and Medical Instrument Manufacturing,0.019016014570569,2.0,0.0051504142537256,24.0,False
332114,33,Manufacturing - metals/machinery,24,0.016522537134324333,12,4,0.008476797649734838,23,0.04616846706169398,0.023304334717240333,10.0,0.0,0.0,Custom Roll Forming,0.043930781059941,3.0,0.017847097112692,24.0,False
333618,33,Manufacturing - metals/machinery,24,0.016510047768147754,6,2,0.009454150340322478,24,0.04613356837233065,0.02168763301188751,10.0,0.0,0.0,Other Engine Equipment Manufacturing,0.0213351344336369,2.0,0.0087183661770973,24.0,True
811111,81,Other services,24,0.016282152716789393,12,4,0.007828021961948081,23,0.04549676755375033,0.010530943932117617,10.0,0.005751208784671776,0.03347614094508503,General Automotive Repair,0.0312114590814063,3.0,0.0102077616659117,24.0,False
424690,42,Wholesale trade,24,0.01627684658606316,12,4,0.00881672250862514,23,0.045481940779891844,0.006432176094461497,10.0,0.009844670491601664,0.05730301042332704,Other Chemical and Allied Products Merchant Wholesalers,0.0192613001081773,3.0,0.0063682941777067,24.0,False
424920,42,Wholesale trade,24,0.016215296051689324,6,2,0.0072818279662370715,24,0.04530995182954082,0.016194390389214598,10.0,2.0905662474726e-05,0.00012168588026564626,"Book, Periodical, and Newspaper Merchant Wholesalers",0.0422342462328083,1.0,0.0141916093397307,23.0,False
334514,33,Manufacturing - metals/machinery,24,0.01618273533915335,1,1,0.008420264211209208,23,0.04521896833396741,0.010343378192996746,10.0,0.005839357146156606,0.03398922733850708,Totalizing Fluid Meter and Counting Device Manufacturing,0.0259254109297977,1.0,0.007877210219919,23.0,True
327331,32,Manufacturing - paper/chemicals,24,0.016178140015115652,12,4,0.005484880050065262,23,0.045206127747515853,0.024049248647099,10.0,0.0,0.0,Concrete Block and Brick Manufacturing,0.0748392181204272,2.0,0.0221868215860697,24.0,False
521110,52,Finance & insurance,24,0.016150219424630442,12,4,0.008051686615015392,23,0.045128110016238884,0.011797491505063892,10.0,0.00435272791956655,0.025335983927304503,Monetary Authorities-Central Bank,0.0455765160124242,2.0,0.0100854611027178,24.0,False
332613,33,Manufacturing - metals/machinery,13,0.016140615131673426,3,1,0.0083795932751542,13,0.045101273006920524,0.02490842011252313,10.0,0.0,0.0,Spring Manufacturing,0.0369830358129709,1.0,0.0101278989142374,23.0,True
212230,21,"Mining, quarrying, oil & gas",7,0.01604776987395845,12,4,0.010010077988276744,6,0.04484183807947567,0.043681568948157924,10.0,0.0,0.0,"Copper, Nickel, Lead, and Zinc Mining",0.0187783775044571,4.0,0.0052793280894218,23.0,True
337910,33,Manufacturing - metals/machinery,24,0.016045591780193814,3,1,0.008340793036853797,24,0.044835751892504966,0.029752210377928728,10.0,0.0,0.0,Mattress Manufacturing,0.0634842492038571,1.0,0.0182234085049641,23.0,True
213111,21,"Mining, quarrying, oil & gas",24,0.0160424743285336,12,4,0.0101542206755162,23,0.044827040883831125,0.07128298151019744,10.0,0.0,0.0,Drilling Oil and Gas Wells,0.0378219890468105,3.0,0.0144947697165542,24.0,False
211130,21,"Mining, quarrying, oil & gas",7,0.016010679572668142,1,1,0.008810975322714057,6,0.04473819767972904,0.03741646270995687,10.0,0.0,0.0,Natural Gas Extraction,0.0252707534197257,2.0,0.0073662492091872,24.0,False
423840,42,Wholesale trade,24,0.015987547551341297,12,4,0.008442638456840752,23,0.04467356051438231,0.010060122710813194,10.0,0.0059274248405281026,0.03450184419174086,Industrial Supplies Merchant Wholesalers,0.0133070612671048,3.0,0.0040640985243493,24.0,False
423520,42,Wholesale trade,24,0.01596475327532761,12,4,0.00936777593042022,23,0.04460986710139267,0.016165466157862476,10.0,0.0,0.0,Coal and Other Mineral and Ore Merchant Wholesalers,0.0307776669508076,3.0,0.0084144009224231,24.0,False
332215,33,Manufacturing - metals/machinery,13,0.015931867258196494,12,4,0.009581789362769821,12,0.04451797461621532,0.01754502057292761,10.0,0.0,0.0,"Metal Kitchen Cookware, Utensil, Cutlery, and Flatware (except Precious) Manufacturing",0.0455859824150399,3.0,0.0127166297534157,24.0,False
337212,33,Manufacturing - metals/machinery,24,0.015816392741992126,3,1,0.006460630392426128,24,0.04419530737967021,0.01892799237644452,10.0,0.0,0.0,Custom Architectural Woodwork and Millwork Manufacturing,0.0313077512809493,3.0,0.0087341438410579,24.0,False
339920,33,Manufacturing - metals/machinery,24,0.015746603572689838,6,2,0.008524697552722,24,0.044000297440336976,0.01862245907409365,10.0,0.0,0.0,Sporting and Athletic Goods Manufacturing,0.0455007825591919,2.0,0.0114997533491792,24.0,True
327213,32,Manufacturing - paper/chemicals,24,0.015728208980825095,1,1,0.007974263221216435,23,0.04394889794268619,0.010788319203824755,10.0,0.00493988977700034,0.028753685115517104,Glass Container Manufacturing,0.0307315497950339,2.0,0.0056444977300052,24.0,False
321918,32,Manufacturing - paper/chemicals,24,0.015705105986253028,1,1,0.008376089815222748,23,0.043884341885994924,0.016556841878829172,10.0,0.0,0.0,Other Millwork (including Flooring),0.0397635548900942,2.0,0.0079183117073304,24.0,False
314999,31,Manufacturing - food/textiles,24,0.015658945530594062,6,2,0.007124655657028689,24,0.04375535700556658,0.015499789413250248,10.0,0.00015915611734381406,0.0009264022253328922,All Other Miscellaneous Textile Product Mills,0.0406581619326766,3.0,0.0087545210247176,24.0,False
561210,56,Administrative & waste services,24,0.015621459644542871,12,4,0.005397155340589541,23,0.04365061123429895,0.009492500638120481,10.0,0.00612895900642239,0.03567491691354996,Facilities Support Services,0.0216376751242874,3.0,0.0079924604121574,24.0,False
334118,33,Manufacturing - metals/machinery,13,0.01558231696100882,6,2,0.008720882651482452,13,0.04354123591979631,0.013099701747090913,10.0,0.0024826152139179065,0.014450592897101943,Computer Terminal and Other Computer Peripheral Equipment Manufacturing,0.0645346354169824,1.0,0.0182496091825444,23.0,False
339992,33,Manufacturing - metals/machinery,24,0.01556380271738222,3,1,0.008651407253292784,24,0.043489502082547364,0.024140698596325564,10.0,0.0,0.0,Musical Instrument Manufacturing,0.0286604144060459,1.0,0.0101680258702898,23.0,True
532283,53,Real estate,7,0.0155344506823414,1,1,0.008810265081453198,6,0.043407484505467116,0.018346499075772144,10.0,0.0,0.0,Home Health Equipment Rental,0.0105954618682121,1.0,0.0033646728373141,23.0,True
333111,33,Manufacturing - metals/machinery,24,0.01541515211610129,12,4,0.008768544262611658,23,0.04307413183201349,0.013957792081712795,10.0,0.001457360034388495,0.00848287581715876,Farm Machinery and Equipment Manufacturing,0.0188116021158405,2.0,0.0066287947332116,24.0,False
311221,31,Manufacturing - food/textiles,24,0.01531309983955847,6,2,0.0081657883709124,24,0.0427889699873262,0.009665655024082785,10.0,0.005647444815475685,0.032872160566718704,Wet Corn Milling and Starch Manufacturing,0.0389302500513939,2.0,0.0163103492551932,24.0,True
112112,11,"Agriculture, forestry, fishing",24,0.015309652319087748,12,4,0.009984269770608801,23,0.042779336676533615,0.008301086758656389,10.0,0.007008565560431359,0.040794855013641954,Cattle Feedlots,0.0183318133490353,3.0,0.0056460226593354,24.0,False
332996,33,Manufacturing - metals/machinery,24,0.015286705334233625,6,2,0.0077146061120828835,24,0.04271521655346838,0.018705075699262132,10.0,0.0,0.0,Fabricated Pipe and Pipe Fitting Manufacturing,0.0180060249104078,3.0,0.0066338550525434,24.0,False
811122,81,Other services,24,0.015263472291818559,8,3,0.005070409936230896,24,0.042650297107697875,0.023504960978141552,10.0,0.0,0.0,Automotive Glass Replacement Shops,0.0641329071729066,3.0,0.0178454678489859,24.0,True
332721,33,Manufacturing - metals/machinery,24,0.015257911577484915,1,1,0.007805691512191228,23,0.04263475895792916,0.021310480395400896,10.0,0.0,0.0,Precision Turned Product Manufacturing,0.0438539370876419,1.0,0.0124441276654029,23.0,True
331512,33,Manufacturing - metals/machinery,24,0.015225784564201365,1,1,0.009600521522956656,23,0.04254498733614289,0.027026921661986003,10.0,0.0,0.0,Steel Investment Foundries,0.0211052873876329,2.0,0.0045776229550338,24.0,False
326140,32,Manufacturing - paper/chemicals,24,0.015111872445244617,6,2,0.007397827547894929,24,0.042226685862874785,0.014404158467769412,10.0,0.0007077139774752054,0.004119400589648181,Polystyrene Foam Product Manufacturing,0.0159055644771049,3.0,0.0068941392790553,24.0,False
311930,31,Manufacturing - food/textiles,24,0.015077666039322696,12,4,0.00838459956984039,23,0.04213110385193626,0.0188908774423053,10.0,0.0,0.0,Flavoring Syrup and Concentrate Manufacturing,0.0233606220785002,2.0,0.0089402659789099,24.0,False
333517,33,Manufacturing - metals/machinery,13,0.014885729844406476,12,4,0.008030229688406767,12,0.04159478186815766,0.017059021076341184,10.0,0.0,0.0,Machine Tool Manufacturing,0.0412632428796332,1.0,0.0098184509121509,23.0,False
336212,33,Manufacturing - metals/machinery,24,0.014874746907442591,3,1,0.00565671548215579,24,0.0415640925521443,0.02766388555100785,10.0,0.0,0.0,Truck Trailer Manufacturing,0.0255506294939227,2.0,0.0089021535375591,24.0,False
423610,42,Wholesale trade,24,0.014830591615688164,12,4,0.008302574703377794,23,0.041440710645576896,0.009434718192925535,10.0,0.005395873422762629,0.031407835462984146,"Electrical Apparatus and Equipment, Wiring Supplies, and Related Equipment Merchant Wholesalers",0.0116837835026453,3.0,0.0043635466022201,24.0,False
332993,33,Manufacturing - metals/machinery,24,0.014721803003534891,12,4,0.009075890187273143,23,0.041136725645207206,0.014462074844551415,10.0,0.0002597281589834764,0.0015118033065868812,Ammunition (except Small Arms) Manufacturing,0.1493040200481354,4.0,0.0467313846757209,23.0,True
221117,22,Utilities,13,0.014704184257352246,3,1,0.006550416099761634,13,0.04108749407161843,0.05185117841090749,10.0,0.0,0.0,Biomass Electric Power Generation,0.077542357426729,4.0,0.0330893296721657,23.0,False
445110,44,Retail trade - general,24,0.014628776888412397,12,4,0.00911336879245568,23,0.04087678535292679,0.008013683547005714,10.0,0.006615093341406683,0.03850456579702518,Supermarkets and Other Grocery Retailers (except Convenience Retailers),0.0348202741465965,4.0,0.0106374900261121,23.0,True
335929,33,Manufacturing - metals/machinery,24,0.01460698588795149,1,1,0.008182146759439011,23,0.04081589536497629,0.01940248326997484,10.0,0.0,0.0,Other Communication and Energy Wire Manufacturing,0.0321062757676926,2.0,0.009607814129517,24.0,False
541191,54,Professional & technical services,24,0.014569988501567446,12,4,0.008374358605018393,23,0.04071251459477412,0.033173393384776546,10.0,0.0,0.0,Title Abstract and Settlement Offices,0.0353287997230605,2.0,0.0098762395780556,24.0,False
517410,51,Information,24,0.014496911085147834,3,1,0.008045057632093539,24,0.04050831639776031,0.015415466041709602,10.0,0.0,0.0,Satellite Telecommunications,0.0286570099011614,2.0,0.006507863315737,24.0,False
333519,33,Manufacturing - metals/machinery,13,0.014452983251521709,3,1,0.006485186022040657,13,0.040385570071129515,0.01778368321258788,10.0,0.0,0.0,Rolling Mill and Other Metalworking Machinery Manufacturing,0.055052351335608,3.0,0.0134165997482685,24.0,False
333991,33,Manufacturing - metals/machinery,24,0.014314244177596294,6,2,0.009095735709065194,24,0.03999789532646885,0.030203661722090935,10.0,0.0,0.0,Power-Driven Handtool Manufacturing,0.0808024621769286,1.0,0.0184098945211784,23.0,False
339993,33,Manufacturing - metals/machinery,24,0.014261126275054228,3,1,0.007440258967308706,24,0.039849469445264143,0.017925593919425102,10.0,0.0,0.0,"Fastener, Button, Needle, and Pin Manufacturing",0.0743536610721472,1.0,0.0231636322863452,23.0,True
561510,56,Administrative & waste services,24,0.014231480572847052,3,1,0.006872263840710255,24,0.03976663128216936,0.04159534091744492,10.0,0.0,0.0,Travel Agencies,0.085415754250647,1.0,0.0235001966681632,23.0,True
423830,42,Wholesale trade,24,0.014215724081832842,12,4,0.008066856551854124,23,0.03972260335652553,0.012118812639369786,10.0,0.0020969114424630557,0.01220552159127726,Industrial Machinery and Equipment Merchant Wholesalers,0.0115210426053273,3.0,0.0039992932009583,24.0,False
334510,33,Manufacturing - metals/machinery,24,0.014156303054363426,12,4,0.007792105624898617,23,0.03955656482822986,0.00779567882706748,10.0,0.006360624227295946,0.03702337388605752,Electromedical and Electrotherapeutic Apparatus Manufacturing,0.0145443295329117,3.0,0.0043628730308346,24.0,False
424610,42,Wholesale trade,24,0.014148788411360715,12,4,0.007938074738693852,23,0.039535566869797055,0.008662031526951787,10.0,0.005486756884408929,0.031936842091948386,Plastics Materials and Basic Forms and Shapes Merchant Wholesalers,0.0210017566149678,3.0,0.0052974895216332,24.0,False
332431,33,Manufacturing - metals/machinery,24,0.014145381188248252,1,1,0.006479584053410734,23,0.03952604616079451,0.010979644307926561,10.0,0.003165736880321691,0.018426848679733827,Metal Can Manufacturing,0.0229221662276949,2.0,0.0079159193561602,24.0,False
561410,56,Administrative & waste services,24,0.01411767333741035,10,4,0.005520690359216961,24,0.039448622882011106,0.019522217935706,10.0,0.0,0.0,Document Preparation Services,0.0270147128881456,1.0,0.0060998320807783,23.0,False
423460,42,Wholesale trade,24,0.014111352363686977,3,1,0.008360548799893628,24,0.039430960360524674,0.023363104615776443,10.0,0.0,0.0,Ophthalmic Goods Merchant Wholesalers,0.0317789252716052,1.0,0.0083250218584881,23.0,True
321920,32,Manufacturing - paper/chemicals,24,0.0141041246886907,12,4,0.006478891328369367,23,0.03941076426882971,0.01463622400940937,10.0,0.0,0.0,Wood Container and Pallet Manufacturing,0.028888819096391,3.0,0.0076297537860806,24.0,False
327215,32,Manufacturing - paper/chemicals,24,0.014022221175566374,6,2,0.007494186508345611,24,0.03918190355469266,0.018588390755711625,10.0,0.0,0.0,Glass Product Manufacturing Made of Purchased Glass,0.0239647579474888,3.0,0.0062173463321747,24.0,False
333511,33,Manufacturing - metals/machinery,24,0.014011987573781927,1,1,0.007592986211302405,23,0.039153308085179306,0.018156739227220543,10.0,0.0,0.0,Industrial Mold Manufacturing,0.0467332522512851,1.0,0.0123684035358035,23.0,True
813910,81,Other services,24,0.013944095395608678,12,4,0.006884061632347396,23,0.03896359885552191,0.009139114006136258,10.0,0.004804981389472419,0.02796842198829496,Business Associations,0.0397874524513,2.0,0.015827383429038,24.0,False
331318,33,Manufacturing - metals/machinery,13,0.013928778637950862,12,4,0.006664571907317757,12,0.038920799664594524,0.022816188379802566,10.0,0.0,0.0,"Other Aluminum Rolling, Drawing, and Extruding",0.039614941996958,1.0,0.0094133609084949,23.0,False
423620,42,Wholesale trade,24,0.013761631203373476,12,4,0.007662689456066417,23,0.038453744226014136,0.010222942640152725,10.0,0.003538688563220751,0.020597693726380508,"Household Appliances, Electric Housewares, and Consumer Electronics Merchant Wholesalers",0.0155795341549899,3.0,0.0038150868637955,24.0,False
322212,32,Manufacturing - paper/chemicals,24,0.013720072709980286,1,1,0.008251200725323864,23,0.03833761848105387,0.009148968516595034,10.0,0.004571104193385252,0.026607089740903398,Folding Paperboard Box Manufacturing,0.0475292961595933,1.0,0.0135870453366024,23.0,True
524113,52,Finance & insurance,24,0.013699893107453238,12,4,0.009164025347424602,23,0.0382812311776383,0.008027876975194874,10.0,0.005672016132258364,0.03301518317198659,Direct Life Insurance Carriers,0.0251611516499516,1.0,0.0048245774077621,23.0,False
326150,32,Manufacturing - paper/chemicals,24,0.013620758172919717,6,2,0.007220146756120302,24,0.03806010662583746,0.013090232852866165,10.0,0.0005305253200535518,0.003088036107536759,Urethane and Other Foam Product (except Polystyrene) Manufacturing,0.0182709163342676,1.0,0.0044747110758316,23.0,False
423930,42,Wholesale trade,24,0.013605334541575986,12,4,0.006505982415794741,23,0.038017008800734955,0.018299527136013082,10.0,0.0,0.0,Recyclable Material Merchant Wholesalers,0.0300745378088306,3.0,0.009772134315196,24.0,False
331420,33,Manufacturing - metals/machinery,13,0.0135963648789137,12,4,0.007525623647740389,12,0.037991945121239996,0.01793152422464533,10.0,0.0,0.0,"Copper Rolling, Drawing, Extruding, and Alloying",0.0423221817258086,1.0,0.0119142916301932,23.0,False
333514,33,Manufacturing - metals/machinery,24,0.01357116249490363,1,1,0.007434309178593779,23,0.037921522798894124,0.016275356366350354,10.0,0.0,0.0,"Special Die and Tool, Die Set, Jig, and Fixture Manufacturing",0.0496377841800422,3.0,0.012437049932595,24.0,False
333243,33,Manufacturing - metals/machinery,13,0.013488774065028871,12,4,0.007867243355780587,12,0.03769130709533638,0.012297319650315925,10.0,0.001191454414712946,0.006935115279222235,"Sawmill, Woodworking, and Paper Machinery Manufacturing",0.0387334304011926,1.0,0.0100490626654118,23.0,False
332112,33,Manufacturing - metals/machinery,24,0.013413990511980136,1,1,0.007761635558817114,23,0.03748234148808019,0.02398114340747823,10.0,0.0,0.0,Nonferrous Forging,0.0306036370952226,2.0,0.0093404450783168,24.0,False
322299,32,Manufacturing - paper/chemicals,24,0.013335878991913968,6,2,0.007339383608079439,24,0.03726407663492867,0.01177883996647795,10.0,0.0015570390254360175,0.009063078706412965,All Other Converted Paper Product Manufacturing,0.0413470990953138,2.0,0.0102107777256571,24.0,True
333414,33,Manufacturing - metals/machinery,24,0.013277346409433424,1,1,0.00641878013184931,23,0.03710052066381363,0.018566681999137018,10.0,0.0,0.0,Heating Equipment (except Warm Air Furnaces) Manufacturing,0.0163240433209866,3.0,0.0052184422957404,24.0,False
486110,48,Transportation,24,0.013258725338015493,12,4,0.005991975711024814,23,0.037048488320631526,0.013991118045331938,10.0,0.0,0.0,Pipeline Transportation of Crude Oil,0.0199206709238783,2.0,0.0059949390696518,24.0,False
327310,32,Manufacturing - paper/chemicals,24,0.01321155810228393,6,2,0.007602348509876428,24,0.03691669022258156,0.014135050389036497,10.0,0.0,0.0,Cement Manufacturing,0.039196673336654,2.0,0.0152519948387062,24.0,True
332813,33,Manufacturing - metals/machinery,24,0.013184601367063287,6,2,0.0068903914846535725,24,0.036841365765326164,0.018583768848466457,10.0,0.0,0.0,"Electroplating, Plating, Polishing, Anodizing, and Coloring",0.0530874276695282,1.0,0.0143286984862889,23.0,False
324122,32,Manufacturing - paper/chemicals,24,0.013174843683249041,3,1,0.006449380115984282,24,0.0368141001401916,0.013182908453819031,10.0,0.0,0.0,Asphalt Shingle and Coating Materials Manufacturing,0.0266607301087204,2.0,0.007762770969976,24.0,False
562213,56,Administrative & waste services,24,0.013154754202146696,12,4,0.006556046525446752,23,0.036757964660572476,0.01524897100611497,10.0,0.0,0.0,Solid Waste Combustors and Incinerators,0.0238100433356622,3.0,0.0074464616489052,24.0,False
561599,56,Administrative & waste services,24,0.01311310932574616,7,3,0.006295359791827469,24,0.03664159753797166,0.02855311597922964,10.0,0.0,0.0,All Other Travel Arrangement and Reservation Services,0.0479454560775328,2.0,0.0181672915633749,24.0,False
326191,32,Manufacturing - paper/chemicals,24,0.013045605939676106,6,2,0.005655165192309949,24,0.03645297469930037,0.024219233617027703,10.0,0.0,0.0,Plastics Plumbing Fixture Manufacturing,0.0558508764036951,2.0,0.0122507801895813,24.0,True
336510,33,Manufacturing - metals/machinery,24,0.013043196804707719,6,2,0.007983646716531493,24,0.036446242920304746,0.03498425287624403,10.0,0.0,0.0,Railroad Rolling Stock Manufacturing,0.0090343533029012,4.0,0.0024586174832216,23.0,False
313230,31,Manufacturing - food/textiles,24,0.01303328779455809,6,2,0.006355801632429728,24,0.03641855444819009,0.010119223129692342,10.0,0.0029140646648657485,0.016961936715657783,Nonwoven Fabric Mills,0.0305373804973805,1.0,0.0076251730871619,23.0,False
221111,22,Utilities,24,0.012979838659366742,12,4,0.005981173215918637,23,0.03626920301278424,0.013169318743671696,10.0,0.0,0.0,Hydroelectric Power Generation,0.0279176194309823,2.0,0.0075842008307892,24.0,False
522291,52,Finance & insurance,24,0.012972906408188479,12,4,0.007481255166728784,23,0.036249832415666795,0.013498375946738694,10.0,0.0,0.0,Consumer Lending,0.0098292323441924,3.0,0.0027067613076301,24.0,False
333413,33,Manufacturing - metals/machinery,13,0.012917117948840418,12,4,0.007148629844994471,12,0.03609394427167934,0.01269009016081856,10.0,0.000227027788021859,0.0013214638026229082,Industrial and Commercial Fan and Blower and Air Purification Equipment Manufacturing,0.0200755146111323,2.0,0.0065931549964086,24.0,False
325920,32,Manufacturing - paper/chemicals,24,0.01286271667987033,12,4,0.007547903160448327,23,0.035941932315274525,0.011853136454225307,10.0,0.001009580225645023,0.005876477657903762,Explosives Manufacturing,0.0271023129430191,4.0,0.0099526437614575,23.0,True
311813,31,Manufacturing - food/textiles,24,0.012815908397249814,12,4,0.005685057559079356,23,0.03581113722994285,0.018387312622468323,10.0,0.0,0.0,"Frozen Cakes, Pies, and Other Pastries Manufacturing",0.0359150226100178,3.0,0.0107563633046028,24.0,False
311824,31,Manufacturing - food/textiles,13,0.012806956474050436,12,4,0.007104368319127631,12,0.03578612311933687,0.011144789153874814,10.0,0.0016621673201756212,0.00967500043344174,"Dry Pasta, Dough, and Flour Mixes Manufacturing from Purchased Flour",0.0149469080741435,1.0,0.0025369301230681,23.0,False
335932,33,Manufacturing - metals/machinery,24,0.012750952451733417,1,1,0.007395710378994061,23,0.03562963263372651,0.012333069587376216,10.0,0.00041788286435720176,0.002432376599340568,Noncurrent-Carrying Wiring Device Manufacturing,0.0177372232956935,2.0,0.0061737383707654,24.0,False
326199,32,Manufacturing - paper/chemicals,24,0.012749554087997595,6,2,0.007391172248523624,24,0.035625725224740064,0.014022829139217163,10.0,0.0,0.0,All Other Plastics Product Manufacturing,0.0226020781631808,1.0,0.0037857986951435,23.0,False
312112,31,Manufacturing - food/textiles,24,0.012746207897217763,8,3,0.005588713699206198,24,0.03561637505669112,0.01348371182866567,10.0,0.0,0.0,Bottled Water Manufacturing,0.0510414325717976,2.0,0.0165611817325173,24.0,False
331491,33,Manufacturing - metals/machinery,24,0.012672271042938507,6,2,0.006282609973544133,24,0.035409775356313046,0.017885757131027226,10.0,0.0,0.0,"Nonferrous Metal (except Copper and Aluminum) Rolling, Drawing, and Extruding",0.010185693630291,2.0,0.0038371849232597,24.0,True
335220,33,Manufacturing - metals/machinery,7,0.012669499643674871,6,2,0.006709156032685039,7,0.035402031312249,0.030482505336717848,10.0,0.0,0.0,Major Household Appliance Manufacturing,0.0330940382253911,3.0,0.0078314089758927,24.0,False
335210,33,Manufacturing - metals/machinery,13,0.012648396793157313,12,4,0.0054333076972510235,12,0.03534306420259102,0.023333409954713797,10.0,0.0,0.0,Small Electrical Appliance Manufacturing,0.0436869707594861,1.0,0.0116639659765102,23.0,False
311225,31,Manufacturing - food/textiles,24,0.012639099304653432,12,4,0.007744271610836785,23,0.03531708448844312,0.010195135898878776,10.0,0.0024439634057746556,0.014225611779978458,Fats and Oils Refining and Blending,0.0381989473361119,2.0,0.013064905123747,24.0,False
325212,32,Manufacturing - paper/chemicals,24,0.012596214262183308,1,1,0.006589113885952041,23,0.03519725200420508,0.01513241562548186,10.0,0.0,0.0,Synthetic Rubber Manufacturing,0.0246891168256717,2.0,0.0069527882663398,24.0,False
561421,56,Administrative & waste services,24,0.012574462541777645,12,4,0.006793974237143785,23,0.03513647177542304,0.014526989739139374,10.0,0.0,0.0,Telephone Answering Services,0.0239773759329551,4.0,0.0100636957088498,23.0,True
812331,81,Other services,24,0.01257264417455171,3,1,0.005780767651108655,24,0.03513139076233805,0.028864639083767813,10.0,0.0,0.0,Linen Supply,0.0215544433650781,3.0,0.0068891811308174,24.0,False
325613,32,Manufacturing - paper/chemicals,24,0.012408025219556057,1,1,0.0065718563276762065,23,0.03467140058409488,0.012285972618024835,10.0,0.00012205260153122163,0.0007104332749079041,Surface Active Agent Manufacturing,0.0192704313747896,1.0,0.0056977718871597,23.0,True
221113,22,Utilities,24,0.012372580179688432,3,1,0.004546464155917275,24,0.03457235749269039,0.00958960072195884,10.0,0.0027829794577295917,0.016198927227704357,Nuclear Electric Power Generation,0.0215107866521906,2.0,0.0065061076736375,24.0,False
332722,33,Manufacturing - metals/machinery,24,0.012307449626217905,1,1,0.006792089436529314,23,0.0343903649943127,0.01931307918994029,10.0,0.0,0.0,"Bolt, Nut, Screw, Rivet, and Washer Manufacturing",0.0317928350086227,1.0,0.0077475240613406,23.0,True
332913,33,Manufacturing - metals/machinery,24,0.012304926910564448,1,1,0.006804490354349278,23,0.03438331583996033,0.013265670012614406,10.0,0.0,0.0,Plumbing Fixture Fitting and Trim Manufacturing,0.016041199986799,3.0,0.0037307349516785,24.0,False
532420,53,Real estate,24,0.012287942124428214,6,2,0.006471575543758795,24,0.03433585572333867,0.017333888113164643,10.0,0.0,0.0,Office Machinery and Equipment Rental and Leasing,0.021679437423712,1.0,0.0040225923510567,23.0,False
333994,33,Manufacturing - metals/machinery,24,0.012260311755515226,1,1,0.007691387497906582,23,0.03425864895014816,0.02134091860806384,10.0,0.0,0.0,Industrial Process Furnace and Oven Manufacturing,0.0369836514746414,1.0,0.0108631862152675,23.0,True
327211,32,Manufacturing - paper/chemicals,24,0.012253734973375063,6,2,0.006240315323517949,24,0.034240271630300634,0.015276567899957516,10.0,0.0,0.0,Flat Glass Manufacturing,0.0107243523785434,3.0,0.0044475630344099,24.0,False
424430,42,Wholesale trade,24,0.012252379649088624,12,4,0.0065811656290354495,23,0.03423648448525338,0.011812287524729407,10.0,0.00044009212435921694,0.00256165034786019,Dairy Product (except Dried or Canned) Merchant Wholesalers,0.03826339441209,2.0,0.0135854035652948,24.0,False
311211,31,Manufacturing - food/textiles,24,0.012248685060477008,12,4,0.007437549354706955,23,0.034226160798810114,0.007553834173772528,10.0,0.004694850886704479,0.02732738383943856,Flour Milling,0.0345597175501412,2.0,0.0107202031387369,24.0,False
332119,33,Manufacturing - metals/machinery,13,0.012216633814966439,3,1,0.006143141910378125,13,0.034136600892809545,0.01661641856593273,10.0,0.0,0.0,"Metal Crown, Closure, and Other Metal Stamping (except Automotive)",0.0363577814372754,1.0,0.0098811850124916,23.0,True
486910,48,Transportation,24,0.012186083987846416,2,1,0.004820239621124507,24,0.034051236358557654,0.013156151331797202,10.0,0.0,0.0,Pipeline Transportation of Refined Petroleum Products,0.035906253881375,4.0,0.0092958764978953,23.0,False
333613,33,Manufacturing - metals/machinery,24,0.012184584277411769,1,1,0.006594543018780297,23,0.03404704575930276,0.01900388613363197,10.0,0.0,0.0,Mechanical Power Transmission Equipment Manufacturing,0.0251073211912647,1.0,0.0057938224650316,23.0,True
484122,48,Transportation,24,0.012127706982821139,12,4,0.006346749670405586,23,0.03388811511320903,0.012679484014070194,10.0,0.0,0.0,"General Freight Trucking, Long-Distance, Less Than Truckload",0.0324125460488688,3.0,0.0117613988658072,24.0,False
811121,81,Other services,24,0.012086129169942676,12,4,0.006083012488438764,23,0.03377193538434712,0.012082458896564053,10.0,3.6702733786225794e-06,2.1363611291113118e-05,"Automotive Body, Paint, and Interior Repair and Maintenance",0.0234101290837089,3.0,0.0060028465433746,24.0,False
325312,32,Manufacturing - paper/chemicals,24,0.012073296918193623,1,1,0.006682297123548678,23,0.033736078579342715,0.013501605080851662,10.0,0.0,0.0,Phosphatic Fertilizer Manufacturing,0.0583897873390211,4.0,0.0171159756063286,23.0,False
339950,33,Manufacturing - metals/machinery,24,0.012065034653916704,6,2,0.0048801885254702165,24,0.03371299156352772,0.014313994820467236,10.0,0.0,0.0,Sign Manufacturing,0.0256410429407776,2.0,0.0058098607122085,24.0,True
331315,33,Manufacturing - metals/machinery,24,0.011969153157407054,1,1,0.006413431266563757,23,0.03344507255826578,0.013823332564657061,10.0,0.0,0.0,"Aluminum Sheet, Plate, and Foil Manufacturing",0.0293790647110471,1.0,0.0114615521969842,23.0,True
336415,33,Manufacturing - metals/machinery,24,0.011950608746998288,6,2,0.006597428608077789,24,0.03339325442681446,0.02364360144983823,10.0,0.0,0.0,Guided Missile and Space Vehicle Propulsion Unit and Propulsion Unit Parts Manufacturing,0.0345782746027769,4.0,0.0122902749586462,23.0,False
423110,42,Wholesale trade,24,0.011853424330562337,12,4,0.005965826698807143,23,0.03312169470855473,0.012766696140672145,10.0,0.0,0.0,Automobile and Other Motor Vehicle Merchant Wholesalers,0.0138244739878831,2.0,0.0027216084730513,24.0,False
325991,32,Manufacturing - paper/chemicals,24,0.011840201323476976,6,2,0.007202369419740173,24,0.03308474602675641,0.013165920062029301,10.0,0.0,0.0,Custom Compounding of Purchased Resins,0.0396274005124483,1.0,0.0101682138272537,23.0,False
332321,33,Manufacturing - metals/machinery,24,0.011744613793551087,6,2,0.006767008343053997,24,0.032817648444162746,0.023826919948998125,10.0,0.0,0.0,Metal Window and Door Manufacturing,0.0264060441282615,2.0,0.0088461717439023,24.0,True
112340,11,"Agriculture, forestry, fishing",24,0.011672908820847813,6,2,0.0045404057282079635,24,0.03261728522854416,0.011216267124814997,10.0,0.0004566416960328154,0.002657980669827068,Poultry Hatcheries,0.0133989172735294,2.0,0.0046307883893877,24.0,True
332323,33,Manufacturing - metals/machinery,24,0.011609368463981126,6,2,0.005935120675913601,24,0.032439736172413206,0.01594283368279021,10.0,0.0,0.0,Ornamental and Architectural Metal Work Manufacturing,0.0255237613427571,2.0,0.0079135086003199,24.0,True
339114,33,Manufacturing - metals/machinery,24,0.0115930768087784,12,4,0.006786093764667347,23,0.032394212852326666,0.01951515116874826,10.0,0.0,0.0,Dental Equipment and Supplies Manufacturing,0.0089304584032702,2.0,0.0024382809304338,24.0,False
324199,32,Manufacturing - paper/chemicals,24,0.011525170495615855,1,1,0.005416215520821475,23,0.032204464125660894,0.01748117918344981,10.0,0.0,0.0,All Other Petroleum and Coal Products Manufacturing,0.0583756178844513,1.0,0.0165295314278507,23.0,True
112320,11,"Agriculture, forestry, fishing",24,0.011463483612054447,6,2,0.007925959805546228,24,0.03203209417855834,0.018941555761152053,10.0,0.0,0.0,Broilers and Other Meat Type Chicken Production,0.050558815350266,3.0,0.0157864106090371,24.0,False
522390,52,Finance & insurance,24,0.01141435938745652,12,4,0.0056240461502749025,23,0.0318948277208199,0.010702490039554206,10.0,0.000711869347902315,0.00414358781207483,Other Activities Related to Credit Intermediation,0.0247384756470654,3.0,0.0077379441672688,24.0,False
325194,32,Manufacturing - paper/chemicals,13,0.011371184545574689,9,3,0.004122505039102899,13,0.031774185458126825,0.01613270410556781,10.0,0.0,0.0,"Cyclic Crude, Intermediate, and Gum and Wood Chemical Manufacturing",0.030394014840168,2.0,0.0116545770913567,24.0,False
326220,32,Manufacturing - paper/chemicals,24,0.011347851595634385,6,2,0.006255045537566871,24,0.03170898684353069,0.016416402986429005,10.0,0.0,0.0,Rubber and Plastics Hoses and Belting Manufacturing,0.0194268646182909,1.0,0.0061321172852881,23.0,False
321114,32,Manufacturing - paper/chemicals,24,0.01132309536960414,6,2,0.004174535198710953,24,0.03163981120804825,0.013886033135978831,10.0,0.0,0.0,Wood Preservation,0.0552836162192582,2.0,0.0168838756368764,24.0,True
337110,33,Manufacturing - metals/machinery,24,0.011315689423176109,6,2,0.004860198993298023,24,0.03161911697743805,0.020097951721009776,10.0,0.0,0.0,Wood Kitchen Cabinet and Countertop Manufacturing,0.0330304160804121,2.0,0.0086380183885755,24.0,True
327993,32,Manufacturing - paper/chemicals,24,0.011273517515206269,6,2,0.005667469657503056,24,0.03150127718514673,0.012247266315519171,10.0,0.0,0.0,Mineral Wool Manufacturing,0.0221169028512459,1.0,0.0052037560509626,23.0,False
332111,33,Manufacturing - metals/machinery,24,0.011171715900783877,6,2,0.006041434708431506,24,0.03121681575866741,0.020506822875364324,10.0,0.0,0.0,Iron and Steel Forging,0.0232828224813891,1.0,0.0061520527442024,23.0,False
424410,42,Wholesale trade,24,0.011152382871232151,12,4,0.005637808128811129,23,0.03116279401062683,0.01052122183936027,10.0,0.0006311610318718817,0.0036738077946850698,General Line Grocery Merchant Wholesalers,0.0198270488826551,3.0,0.0076730081475981,24.0,False
325612,32,Manufacturing - paper/chemicals,24,0.011137861266888888,6,2,0.00618590920735682,24,0.031122216694543084,0.008085978201324978,10.0,0.0030518830655639102,0.017764138197004484,Polish and Other Sanitation Good Manufacturing,0.0292121484829052,2.0,0.007768129645386,24.0,True
321991,32,Manufacturing - paper/chemicals,24,0.011124530627859452,6,2,0.006899566451976975,24,0.031084967259789917,0.04233648975495778,10.0,0.0,0.0,Manufactured Home (Mobile Home) Manufacturing,0.0495363323298162,2.0,0.0115892953469306,24.0,True
221320,22,Utilities,24,0.010970276754753407,12,4,0.006536339184534272,23,0.030653939942269746,0.010713079890170802,10.0,0.00025719686458260463,0.0014970693660693792,Sewage Treatment Facilities,0.0687403084042945,2.0,0.0281042734231722,24.0,False
331221,33,Manufacturing - metals/machinery,24,0.010913118966748462,1,1,0.006163804268423291,23,0.030494225521211282,0.017136606709235818,10.0,0.0,0.0,Rolled Steel Shape Manufacturing,0.0251216926165251,1.0,0.006116861420947,23.0,True
325311,32,Manufacturing - paper/chemicals,24,0.01091054403408167,6,2,0.0050257753777252405,24,0.030487030458307418,0.01760341092474197,10.0,0.0,0.0,Nitrogenous Fertilizer Manufacturing,0.0240969495011359,2.0,0.0070140389208578,24.0,True
326130,32,Manufacturing - paper/chemicals,24,0.01085048740651826,6,2,0.007382218955772263,24,0.030319215890305177,0.01371473893209561,10.0,0.0,0.0,"Laminated Plastics Plate, Sheet (except Packaging), and Shape Manufacturing",0.0275019100164454,2.0,0.0052037460738077,24.0,True
321999,32,Manufacturing - paper/chemicals,24,0.010810103549080293,6,2,0.0069952305097947766,24,0.030206372398001825,0.016763835474550993,10.0,0.0,0.0,All Other Miscellaneous Wood Product Manufacturing,0.044097957810205,2.0,0.0086563345668755,24.0,True
212313,21,"Mining, quarrying, oil & gas",24,0.010712353228752419,11,4,0.0031805373130875066,24,0.02993323139019909,0.01840503885888922,10.0,0.0,0.0,Crushed and Broken Granite Mining and Quarrying,0.0393633786265834,2.0,0.0159094414354183,24.0,False
321219,32,Manufacturing - paper/chemicals,24,0.01066934281879162,1,1,0.005609156888628928,23,0.029813048595060447,0.013495723000183419,10.0,0.0,0.0,Reconstituted Wood Product Manufacturing,0.0416972778180024,3.0,0.0089916843294134,24.0,False
522292,52,Finance & insurance,24,0.010629717503974484,12,4,0.005353832685835259,23,0.029702324677355115,0.035285386180908554,10.0,0.0,0.0,Real Estate Credit,0.0254948024187473,3.0,0.0054833225733521,24.0,False
332812,33,Manufacturing - metals/machinery,24,0.010625559268775689,6,2,0.006092720620278126,24,0.029690705436118157,0.015870378080190685,10.0,0.0,0.0,"Metal Coating, Engraving (except Jewelry and Silverware), and Allied Services to Manufacturers",0.022591001708525,3.0,0.0062381159935384,24.0,False
812310,81,Other services,24,0.010494411540174248,12,4,0.004896867968279875,23,0.02932424297705834,0.01217066986630739,10.0,0.0,0.0,Coin-Operated Laundries and Drycleaners,0.0483703188828174,3.0,0.0120001325635609,24.0,False
334511,33,Manufacturing - metals/machinery,24,0.010461383076343192,6,2,0.005840041190743879,24,0.029231952457019823,0.00996755266633698,10.0,0.0004938304100062119,0.0028744455343713525,"Search, Detection, Navigation, Guidance, Aeronautical, and Nautical System and Instrument Manufacturing",0.0202742664636238,2.0,0.007640223475064,24.0,True
339115,33,Manufacturing - metals/machinery,24,0.010446610048908353,3,1,0.00626875705750166,24,0.029190672596367557,0.016914860425846397,10.0,0.0,0.0,Ophthalmic Goods Manufacturing,0.0295152494226422,1.0,0.0093384574385932,23.0,True
331210,33,Manufacturing - metals/machinery,24,0.010435668441581069,6,2,0.005148005683854456,24,0.02916009876661097,0.01920228271835244,10.0,0.0,0.0,Iron and Steel Pipe and Tube Manufacturing from Purchased Steel,0.0199711299546778,3.0,0.0059930570672359,24.0,False
332919,33,Manufacturing - metals/machinery,24,0.010386356299291518,6,2,0.005938495667325914,24,0.02902230721568099,0.016239675867813004,10.0,0.0,0.0,Other Metal Valve and Pipe Fitting Manufacturing,0.018204943355198,1.0,0.0042020799473222,23.0,False
333922,33,Manufacturing - metals/machinery,24,0.010339572580297069,12,4,0.0061311149202114505,23,0.028891580767808064,0.018747253900096503,10.0,0.0,0.0,Conveyor and Conveying Equipment Manufacturing,0.0210701380210258,3.0,0.0056861339626394,24.0,False
331314,33,Manufacturing - metals/machinery,24,0.010285412526401503,6,2,0.005055869294203823,24,0.028740242831992963,0.022162410392705945,10.0,0.0,0.0,Secondary Smelting and Alloying of Aluminum,0.0122368981992844,2.0,0.0033437717160862,24.0,True
325998,32,Manufacturing - paper/chemicals,24,0.010285288158168556,12,4,0.005461668731849563,23,0.0287398953132905,0.009874862834875056,10.0,0.00041042532329350033,0.0023889683863719136,All Other Miscellaneous Chemical Product and Preparation Manufacturing,0.0197863584802142,3.0,0.0067196617826793,24.0,False
327390,32,Manufacturing - paper/chemicals,24,0.010261916115344896,6,2,0.004950368797477493,24,0.02867458746253512,0.02018539071526738,10.0,0.0,0.0,Other Concrete Product Manufacturing,0.0487554241394615,2.0,0.0132946894618762,24.0,True
424310,42,Wholesale trade,24,0.010246390237938885,3,1,0.0042065321316438935,24,0.02863120393409782,0.015907114606101398,10.0,0.0,0.0,"Piece Goods, Notions, and Other Dry Goods Merchant Wholesalers",0.0446345213091655,1.0,0.0103098036507379,23.0,True
322291,32,Manufacturing - paper/chemicals,24,0.010220108724633022,1,1,0.006410797320043938,23,0.028557766230703437,0.007725875583870631,10.0,0.0024942331407623915,0.014518217525436116,Sanitary Paper Product Manufacturing,0.0151309905455734,2.0,0.0051834438888568,24.0,False
333992,33,Manufacturing - metals/machinery,24,0.010218609557011307,6,2,0.0058080544880986336,24,0.028553577148215655,0.017846767127608833,10.0,0.0,0.0,Welding and Soldering Equipment Manufacturing,0.0422377604868988,2.0,0.0172006382466775,24.0,True
332420,33,Manufacturing - metals/machinery,24,0.01021683707940732,12,4,0.006268569903762233,23,0.028548624363227977,0.017923601137766892,10.0,0.0,0.0,Metal Tank (Heavy Gauge) Manufacturing,0.0068713902712277,3.0,0.0019081753173718,24.0,False
311615,31,Manufacturing - food/textiles,24,0.010204580550326943,12,4,0.005408287848424847,23,0.028514376284102007,0.00762893933869094,10.0,0.002575641211636003,0.01499207061557185,Poultry Processing,0.030787553511267,4.0,0.0099899247582614,23.0,True
312111,31,Manufacturing - food/textiles,24,0.010181647435503224,12,4,0.004880507647966591,23,0.02845029491767788,0.009268213074907545,10.0,0.0009134343605956795,0.005316840084276249,Soft Drink Manufacturing,0.0314398916925446,2.0,0.0094262667798581,24.0,False
333996,33,Manufacturing - metals/machinery,24,0.010172453436576984,1,1,0.006681779093792658,23,0.028424604381585238,0.014198275052833036,10.0,0.0,0.0,Fluid Power Pump and Motor Manufacturing,0.0261046087797545,1.0,0.0081029100811755,23.0,True
336411,33,Manufacturing - metals/machinery,24,0.010117370503329207,7,3,0.004712531405249164,24,0.028270687669603493,0.01755785411642376,10.0,0.0,0.0,Aircraft Manufacturing,0.0100755087483895,4.0,0.0036012195078562,23.0,False
423850,42,Wholesale trade,24,0.010070673940834437,12,4,0.005168463373766144,23,0.028140204760719274,0.008810566105716925,10.0,0.0012601078351175115,0.007334727198015855,Service Establishment Equipment and Supplies Merchant Wholesalers,0.0240440942123274,3.0,0.0062217807945941,24.0,False
322219,32,Manufacturing - paper/chemicals,13,0.010002607193284108,12,4,0.005431076525334311,12,0.027950007736695304,0.017494766155075215,10.0,0.0,0.0,Other Paperboard Container Manufacturing,0.0263357507569302,1.0,0.0054435277528643,23.0,False
333995,33,Manufacturing - metals/machinery,24,0.009859349382241214,1,1,0.0062250887670650245,23,0.0275497064102892,0.02103398695666989,10.0,0.0,0.0,Fluid Power Cylinder and Actuator Manufacturing,0.0299051565412864,1.0,0.0059613006067821,23.0,True
333415,33,Manufacturing - metals/machinery,24,0.009786599522359496,6,2,0.005560353620847729,24,0.027346423495420488,0.01878948032479638,10.0,0.0,0.0,Air-Conditioning and Warm Air Heating Equipment and Commercial and Industrial Refrigeration Equipment Manufacturing,0.0416766000355323,2.0,0.0125999875849253,24.0,True
423410,42,Wholesale trade,24,0.009773452100153679,1,1,0.005257188759049308,23,0.027309686018353818,0.012255078597154738,10.0,0.0,0.0,Photographic Equipment and Supplies Merchant Wholesalers,0.0210390662850383,3.0,0.0065704827742254,24.0,False
321911,32,Manufacturing - paper/chemicals,24,0.0097662274120974,6,2,0.0059554405642043284,24,0.027289498272982413,0.01851592006595705,10.0,0.0,0.0,Wood Window and Door Manufacturing,0.0336654546908908,2.0,0.0133548116116125,24.0,True
221116,22,Utilities,13,0.009747306068555978,12,4,0.006381068176475611,12,0.02723662688773732,0.01541123733035491,10.0,0.0,0.0,Geothermal Electric Power Generation,0.024850330749614,3.0,0.0099245036632002,24.0,False
333131,33,Manufacturing - metals/machinery,24,0.009700979795924257,12,4,0.005533539677306351,23,0.02710717866954295,0.027208724717658145,10.0,0.0,0.0,Mining Machinery and Equipment Manufacturing,0.0223343777414718,2.0,0.0079122846713722,24.0,False
325320,32,Manufacturing - paper/chemicals,24,0.009666427205114052,6,2,0.005903509434659264,24,0.02701062932377673,0.012639540606126593,10.0,0.0,0.0,Pesticide and Other Agricultural Chemical Manufacturing,0.0374386357473213,2.0,0.0116913056141878,24.0,True
444120,44,Retail trade - general,24,0.009649762466054819,12,4,0.004599165054157333,23,0.026964063505821954,0.013050701647698972,10.0,0.0,0.0,Paint and Wallpaper Retailers,0.0291322588988572,2.0,0.0090887571469906,24.0,False
334290,33,Manufacturing - metals/machinery,24,0.009621067508738005,1,1,0.005059429192883177,23,0.02688388198279388,0.012608160748795094,10.0,0.0,0.0,Other Communications Equipment Manufacturing,0.0324301634545202,1.0,0.0065807699863441,23.0,True
321113,32,Manufacturing - paper/chemicals,24,0.00960296868444192,1,1,0.004866753428086097,23,0.026833308940253497,0.01271125610843322,10.0,0.0,0.0,Sawmills,0.0372670765394069,3.0,0.0085289728081441,24.0,False
423220,42,Wholesale trade,24,0.009472548889438048,3,1,0.004278659037230297,24,0.026468880525847314,0.014059898417917114,10.0,0.0,0.0,Home Furnishing Merchant Wholesalers,0.0202061216482619,3.0,0.0045876159624266,24.0,False
332999,33,Manufacturing - metals/machinery,24,0.00943336810946859,6,2,0.0052550837320914645,24,0.026359398759532287,0.015132097633111663,10.0,0.0,0.0,All Other Miscellaneous Fabricated Metal Product Manufacturing,0.0212852797179652,2.0,0.0063876286758321,24.0,True
423210,42,Wholesale trade,24,0.009431446187195117,3,1,0.004228727663949143,24,0.02635402838545132,0.015620773278283151,10.0,0.0,0.0,Furniture Merchant Wholesalers,0.0277363483603254,3.0,0.0055282069919751,24.0,False
332216,33,Manufacturing - metals/machinery,13,0.009418042709062886,6,2,0.005479549775407134,13,0.026316575418414288,0.012098650908319613,10.0,0.0,0.0,Saw Blade and Handtool Manufacturing,0.0375986639953883,1.0,0.0096415088321363,23.0,False
336611,33,Manufacturing - metals/machinery,24,0.009414910410820857,12,4,0.005738282330877316,23,0.026307822924348828,0.01227105741620261,10.0,0.0,0.0,Ship Building and Repairing,0.0162627241537436,3.0,0.0049027168450447,24.0,False
311230,31,Manufacturing - food/textiles,24,0.009350457986548317,6,2,0.005032949584761946,24,0.02612772530357294,0.011860097771882785,10.0,0.0,0.0,Breakfast Cereal Manufacturing,0.0313280999281438,3.0,0.0096258848352274,24.0,False
111411,11,"Agriculture, forestry, fishing",24,0.00923007992115576,6,2,0.0056505531098769435,24,0.025791356215590616,0.011719053136589507,10.0,0.0,0.0,Mushroom Production,0.0268750602359367,1.0,0.0061035505828695,23.0,False
327120,32,Manufacturing - paper/chemicals,13,0.009226571760771024,3,1,0.003493295436536246,13,0.02578155346036888,0.018314939557110617,10.0,0.0,0.0,Clay Building Material and Refractories Manufacturing,0.0470550721005486,1.0,0.010060231535859,23.0,True
332439,33,Manufacturing - metals/machinery,24,0.009224179467423875,1,1,0.005001837684263288,23,0.025774868741448183,0.0164140156061476,10.0,0.0,0.0,Other Metal Container Manufacturing,0.0289620698208218,1.0,0.0063543355174805,23.0,True
333611,33,Manufacturing - metals/machinery,24,0.009179494637393423,6,2,0.0040222498482576875,24,0.025650007160769237,0.02283669046092923,10.0,0.0,0.0,Turbine and Turbine Generator Set Units Manufacturing,0.0138142232843212,3.0,0.0035876688865133,24.0,False
335921,33,Manufacturing - metals/machinery,24,0.009168048797721939,1,1,0.005168161966367244,23,0.025618024368564245,0.035118554342201486,10.0,0.0,0.0,Fiber Optic Cable Manufacturing,0.0175389475356301,1.0,0.0054311369499371,23.0,True
333921,33,Manufacturing - metals/machinery,24,0.009158695034561015,6,2,0.005296985227529953,24,0.025591887407703625,0.014304135569005996,10.0,0.0,0.0,Elevator and Moving Stairway Manufacturing,0.0306070151520255,2.0,0.0127236523166551,24.0,True
326212,32,Manufacturing - paper/chemicals,24,0.00910380536731609,12,4,0.004283478568242632,23,0.025438510733551075,0.015864564925110805,10.0,0.0,0.0,Tire Retreading,0.0362963750462069,3.0,0.0113153255676313,24.0,False
322211,32,Manufacturing - paper/chemicals,24,0.009083582197686197,1,1,0.005692356135489704,23,0.02538200169178889,0.007077632773753953,10.0,0.0020059494239322443,0.011676057705162984,Corrugated and Solid Fiber Box Manufacturing,0.023250552708376,1.0,0.006506400845072,23.0,True
441110,44,Retail trade - general,24,0.009038962349114088,3,1,0.0034769825303867193,24,0.025257321686995945,0.01614878482558753,10.0,0.0,0.0,New Car Dealers,0.0287391247079923,3.0,0.0096699219914165,24.0,False
324191,32,Manufacturing - paper/chemicals,24,0.008970558433484729,12,4,0.0055495338638712425,23,0.025066182523564184,0.008729906461281484,10.0,0.0002406519722032447,0.0014007662809355425,Petroleum Lubricating Oil and Grease Manufacturing,0.0221739498943667,3.0,0.0052864758889063,24.0,False
332710,33,Manufacturing - metals/machinery,24,0.008899466512924772,6,2,0.005181317637042752,24,0.024867532342539238,0.016686691892047342,10.0,0.0,0.0,Machine Shops,0.0205152660305428,1.0,0.004104928895286,23.0,False
336412,33,Manufacturing - metals/machinery,24,0.00866671533021538,6,2,0.00421098476253431,24,0.024217162170868365,0.017788835933507448,10.0,0.0,0.0,Aircraft Engine and Engine Parts Manufacturing,0.0263165870108354,2.0,0.0078965880022362,24.0,True
333612,33,Manufacturing - metals/machinery,24,0.008657354464054611,6,2,0.005253432348855863,24,0.024191005362292364,0.02034251526649122,10.0,0.0,0.0,"Speed Changer, Industrial High-Speed Drive, and Gear Manufacturing",0.03327738457763,1.0,0.0094615789445577,23.0,False
551114,55,Management of companies,24,0.008629737092763205,12,4,0.004965074522207957,23,0.024113834907995183,0.00783699083721177,10.0,0.0007927462555514346,0.004614349153043791,"Corporate, Subsidiary, and Regional Managing Offices",0.0132792437005584,2.0,0.0047565462112142,24.0,False
334111,33,Manufacturing - metals/machinery,24,0.008544254473749601,6,2,0.0036545908607256198,24,0.023874973197581584,0.016290657034346585,10.0,0.0,0.0,Electronic Computer Manufacturing,0.0372539352228183,2.0,0.0093863132006239,24.0,True
424710,42,Wholesale trade,24,0.008536434929425801,12,4,0.005726673274622917,23,0.02385312326184739,0.007337694748726448,10.0,0.0011987401806993533,0.006977523638609903,Petroleum Bulk Stations and Terminals,0.0161534016737162,3.0,0.005127936360423,24.0,False
332312,33,Manufacturing - metals/machinery,24,0.008482252288824262,12,4,0.004258813349760976,23,0.023701722212626505,0.014147204563496643,10.0,0.0,0.0,Fabricated Structural Metal Manufacturing,0.0147779438314617,3.0,0.005218547664642,24.0,False
562212,56,Administrative & waste services,24,0.00842702170477335,12,4,0.003943263687315973,23,0.023547392924102444,0.0077229095986714,10.0,0.0007041121061019508,0.004098435126860861,Solid Waste Landfill,0.0327462973751216,2.0,0.0106258152761732,24.0,False
311119,31,Manufacturing - food/textiles,24,0.008388494527467557,6,2,0.004684423150763224,24,0.023439737501574912,0.006561866141140865,10.0,0.0018266283863266923,0.010632281248063811,Other Animal Food Manufacturing,0.0096505426163112,2.0,0.0041107513826914,24.0,True
424720,42,Wholesale trade,24,0.008374725935336166,12,4,0.0051994049988311405,23,0.023401264306620883,0.008021520331448363,10.0,0.00035320560388780314,0.0020559087699711757,Petroleum and Petroleum Products Merchant Wholesalers (except Bulk Stations and Terminals),0.0157932577865829,3.0,0.0035220163766995,24.0,False
334413,33,Manufacturing - metals/machinery,24,0.008370723006261589,1,1,0.004622957870086057,23,0.023390079032977525,0.014924670097871157,10.0,0.0,0.0,Semiconductor and Related Device Manufacturing,0.024371037937083,2.0,0.0072499767239517,24.0,False
423710,42,Wholesale trade,24,0.00832634488206561,12,4,0.00470105972764732,23,0.023266074471901644,0.007457053064378455,10.0,0.0008692918176871544,0.005059898970954351,Hardware Merchant Wholesalers,0.0202530383442966,2.0,0.0060265494255226,24.0,False
334519,33,Manufacturing - metals/machinery,24,0.008241943584655418,6,2,0.004547842151916115,24,0.023030234268440905,0.01302180877702717,10.0,0.0,0.0,Other Measuring and Controlling Device Manufacturing,0.0207398702006575,2.0,0.0058453421613071,24.0,True
221330,22,Utilities,24,0.008219704651761422,7,3,0.005337437919641599,24,0.022968092635321458,0.01651927800490899,10.0,0.0,0.0,Steam and Air-Conditioning Supply,0.0359787467404786,2.0,0.0107478542678091,24.0,False
335313,33,Manufacturing - metals/machinery,24,0.008178407832842757,6,2,0.003489072965192732,24,0.02285269808008464,0.016773752410661525,10.0,0.0,0.0,Switchgear and Switchboard Apparatus Manufacturing,0.0180277011461924,2.0,0.0057785128198394,24.0,True
311412,31,Manufacturing - food/textiles,24,0.008153977789731811,12,4,0.005174036055887259,23,0.022784433888482957,0.007043214707227444,10.0,0.001110763082504367,0.006465434119800505,Frozen Specialty Food Manufacturing,0.017170216086499,1.0,0.0037150418119146,23.0,False
541513,54,Professional & technical services,24,0.008122937771603677,12,4,0.004477163922210353,23,0.022697699627098483,0.008207975055399781,10.0,0.0,0.0,Computer Facilities Management Services,0.0057846386740902,3.0,0.0025163952298429,24.0,False
516110,51,Information,9,0.00809054715562657,1,1,0.0036815642439192026,8,0.022607191427619824,0.08940475130289491,10.0,0.0,0.0,Radio Broadcasting Stations,0.0450988517882637,3.0,0.0118571639992043,24.0,False
311224,31,Manufacturing - food/textiles,13,0.008074035437320957,11,4,0.0038794754911719064,13,0.022561053191311006,0.01250147755529846,10.0,0.0,0.0,Soybean and Other Oilseed Processing,0.0370681722332495,3.0,0.0096828958201885,24.0,False
334516,33,Manufacturing - metals/machinery,24,0.008059560517550992,12,4,0.004770971405022159,23,0.022520606324635064,0.008463601039053806,10.0,0.0,0.0,Analytical Laboratory Instrument Manufacturing,0.0162011863051134,2.0,0.0048050063837499,24.0,False
332811,33,Manufacturing - metals/machinery,24,0.008053184596762417,6,2,0.003713766827638331,24,0.022502790266088958,0.018944748073445088,10.0,0.0,0.0,Metal Heat Treating,0.0224497965594183,1.0,0.0063297480960343,23.0,False
423310,42,Wholesale trade,24,0.007991829464281536,12,4,0.003974734148859487,23,0.02233134732182559,0.014606742844681784,10.0,0.0,0.0,"Lumber, Plywood, Millwork, and Wood Panel Merchant Wholesalers",0.0291520674906879,3.0,0.0083346164423466,24.0,False
812332,81,Other services,24,0.00788016018937896,1,1,0.004369201484244805,23,0.022019312965465603,0.013384662624749608,10.0,0.0,0.0,Industrial Launderers,0.0106321669970289,3.0,0.0047766502707857,24.0,False
423430,42,Wholesale trade,24,0.00783425368443007,12,4,0.004604018837862356,23,0.021891037692460022,0.0093350375427881,10.0,0.0,0.0,Computer and Computer Peripheral Equipment and Software Merchant Wholesalers,0.0184309698854307,3.0,0.0050824696239558,24.0,False
331110,33,Manufacturing - metals/machinery,13,0.007812163057141377,3,1,0.004518881765979836,13,0.021829310465578417,0.02037161482532366,10.0,0.0,0.0,Iron and Steel Mills and Ferroalloy Manufacturing,0.0240464677242137,1.0,0.0060952166884329,23.0,True
325130,32,Manufacturing - paper/chemicals,13,0.007800506347109987,6,2,0.003954250082830824,13,0.021796738444177788,0.015370763132344294,10.0,0.0,0.0,Synthetic Dye and Pigment Manufacturing,0.0478473619542474,1.0,0.0114117033870524,23.0,False
221122,22,Utilities,24,0.0077898763249402755,6,2,0.004430919194133201,24,0.021767035268181415,0.0055072834803858205,10.0,0.002282592844554455,0.01328631991038183,Electric Power Distribution,0.0306272861616587,2.0,0.0100638078132871,24.0,True
324110,32,Manufacturing - paper/chemicals,24,0.007762160615853678,7,3,0.003343848712294923,24,0.021689590031311722,0.009940170664341264,10.0,0.0,0.0,Petroleum Refineries,0.0166321357084079,2.0,0.0056111918534046,24.0,False
424940,42,Wholesale trade,24,0.007758777833274269,8,3,0.005004439626982812,24,0.02168013761581254,0.008552724067484462,10.0,0.0,0.0,Tobacco Product and Electronic Cigarette Merchant Wholesalers,0.0309993146827372,3.0,0.0089970122295915,24.0,True
423120,42,Wholesale trade,24,0.007742287750484902,6,2,0.003876041657347761,24,0.021634059835026444,0.009635192232788829,10.0,0.0,0.0,Motor Vehicle Supplies and New Parts Merchant Wholesalers,0.0299836615705359,3.0,0.0074120658727834,24.0,False
623110,62,Health care & social assistance,24,0.007719423978137798,12,4,0.0038886673466871887,23,0.021570172230360667,0.008284400181982812,10.0,0.0,0.0,Nursing Care Facilities (Skilled Nursing Facilities),0.0051991316286086,3.0,0.0022164369946345,24.0,False
325510,32,Manufacturing - paper/chemicals,24,0.007718430255579089,6,2,0.004076495952477804,24,0.021567395498987802,0.009616625161614031,10.0,0.0,0.0,Paint and Coating Manufacturing,0.0317861119286768,2.0,0.007936244267356,24.0,True
332410,33,Manufacturing - metals/machinery,24,0.007697287472506581,3,1,0.0038178310491890862,24,0.02150831680689954,0.026116941213416695,10.0,0.0,0.0,Power Boiler and Heat Exchanger Manufacturing,0.0175300402401167,1.0,0.0062133844148802,23.0,True
325211,32,Manufacturing - paper/chemicals,24,0.007666634324711402,6,2,0.004781314259986171,24,0.021422663566551908,0.009715129644681695,10.0,0.0,0.0,Plastics Material and Resin Manufacturing,0.0191094336261746,3.0,0.0046440051634639,24.0,False
326122,32,Manufacturing - paper/chemicals,24,0.007600231558533924,6,2,0.002845276297655658,24,0.02123711615950741,0.014030462083280602,10.0,0.0,0.0,Plastics Pipe and Pipe Fitting Manufacturing,0.0192404064202143,2.0,0.0044791943631662,24.0,True
333912,33,Manufacturing - metals/machinery,24,0.007535683642171456,6,2,0.0045790364483079965,24,0.02105675170783427,0.018318224879148453,10.0,0.0,0.0,Air and Gas Compressor Manufacturing,0.0265732038665235,2.0,0.0081146044162523,24.0,True
333132,33,Manufacturing - metals/machinery,24,0.007534594598123365,12,4,0.004137163579689513,23,0.02105370862226852,0.035255382753178854,10.0,0.0,0.0,Oil and Gas Field Machinery and Equipment Manufacturing,0.0103454833681091,4.0,0.0050429814733476,23.0,True
326121,32,Manufacturing - paper/chemicals,24,0.007508680901349554,6,2,0.004844109638713091,24,0.0209812986984038,0.012271481965574548,10.0,0.0,0.0,Unlaminated Plastics Profile Shape Manufacturing,0.0270082946053125,1.0,0.007660722562279,23.0,False
333120,33,Manufacturing - metals/machinery,24,0.007499101797357931,6,2,0.0038012515595864105,24,0.020954532073912513,0.024230626006207616,10.0,0.0,0.0,Construction Machinery Manufacturing,0.0143841855898623,2.0,0.0054186277526504,24.0,True
322220,32,Manufacturing - paper/chemicals,13,0.007436739428612726,12,4,0.0037964421905368195,12,0.020780274637303645,0.0075484947637454725,10.0,0.0,0.0,Paper Bag and Coated and Treated Paper Manufacturing,0.0165902741594359,1.0,0.0046291047568552,23.0,False
423140,42,Wholesale trade,24,0.007371415678191712,3,1,0.004380492915550857,24,0.02059774229404786,0.009790696617942808,10.0,0.0,0.0,Motor Vehicle Parts (Used) Merchant Wholesalers,0.0358449722752664,3.0,0.007984901657563,24.0,False
332311,33,Manufacturing - metals/machinery,24,0.007349222757859712,6,2,0.004953767639561489,24,0.02053572923255368,0.013157267037564549,10.0,0.0,0.0,Prefabricated Metal Building and Component Manufacturing,0.0211645145238625,3.0,0.006017753013853,24.0,False
335999,33,Manufacturing - metals/machinery,24,0.007337201466194987,6,2,0.0035455141610573524,24,0.02050213847081111,0.01789317250703252,10.0,0.0,0.0,All Other Miscellaneous Electrical Equipment and Component Manufacturing,0.0191277957758879,1.0,0.0040994545375841,23.0,False
221112,22,Utilities,24,0.007310881319365969,6,2,0.0036494915164161507,24,0.02042859281483494,0.0058274800466940006,10.0,0.0014834012726719688,0.008634454414945984,Fossil Fuel Electric Power Generation,0.0278419918954497,2.0,0.0064108229412784,24.0,True
335311,33,Manufacturing - metals/machinery,24,0.00730139955551896,6,2,0.00393926327371807,24,0.020402098185208842,0.02079932920915381,10.0,0.0,0.0,"Power, Distribution, and Specialty Transformer Manufacturing",0.0147690127547977,3.0,0.0051252330868752,24.0,False
326111,32,Manufacturing - paper/chemicals,24,0.007269411073003346,12,4,0.003651079740583005,23,0.020312713656103588,0.006616325994330636,10.0,0.0006530850786727101,0.0038014213987585758,Plastics Bag and Pouch Manufacturing,0.0131777269255601,2.0,0.0035678179571979,24.0,False
325620,32,Manufacturing - paper/chemicals,24,0.007253723137740753,6,2,0.0033647901332240124,24,0.020268877293894275,0.007759017618610785,10.0,0.0,0.0,Toilet Preparation Manufacturing,0.021680099781791,2.0,0.0048447865890809,24.0,True
423510,42,Wholesale trade,24,0.0072532082139652836,12,4,0.004193866473135707,23,0.02026743845667613,0.013836917936519305,10.0,0.0,0.0,Metal Service Centers and Other Metal Merchant Wholesalers,0.0193595467225428,3.0,0.0044765475020025,24.0,False
333993,33,Manufacturing - metals/machinery,24,0.007186456517889775,3,1,0.004094438408802137,24,0.020080916044499367,0.010830664600579559,10.0,0.0,0.0,Packaging Machinery Manufacturing,0.0221152618295286,2.0,0.0047442657873489,24.0,False
325120,32,Manufacturing - paper/chemicals,24,0.007143316954045952,12,4,0.004756212577149798,23,0.01996037235824904,0.010792798728598342,10.0,0.0,0.0,Industrial Gas Manufacturing,0.0107661678740873,2.0,0.0043608111107763,24.0,False
332912,33,Manufacturing - metals/machinery,24,0.007062755989599608,1,1,0.003731007099383092,23,0.019735263090631016,0.015076467615953432,10.0,0.0,0.0,Fluid Power Valve and Hose Fitting Manufacturing,0.0294755364740058,1.0,0.0072725425803377,23.0,True
335314,33,Manufacturing - metals/machinery,24,0.007060350234143633,6,2,0.0035178887771019907,24,0.019728540754913163,0.01356602204502784,10.0,0.0,0.0,Relay and Industrial Control Manufacturing,0.0203517123191854,2.0,0.0070628314654971,24.0,True
326299,32,Manufacturing - paper/chemicals,24,0.007003786559686897,3,1,0.003764821668692575,24,0.01957048644885752,0.014036367597900851,10.0,0.0,0.0,All Other Rubber Product Manufacturing,0.0325738718636784,1.0,0.0085411859115677,23.0,True
334513,33,Manufacturing - metals/machinery,24,0.006956292304930731,6,2,0.003598178003988997,24,0.019437774570620944,0.013374585700037694,10.0,0.0,0.0,"Instruments and Related Products Manufacturing for Measuring, Displaying, and Controlling Industrial Process Variables",0.024003034929138,2.0,0.005367797587953,24.0,True
541840,54,Professional & technical services,24,0.006887884366541353,3,1,0.0035345275487516834,24,0.019246624166502482,0.01344829647996323,10.0,0.0,0.0,Media Representatives,0.0479854255703843,3.0,0.0110240427347968,24.0,False
327992,32,Manufacturing - paper/chemicals,24,0.006858651399964185,6,2,0.004272090389607168,24,0.019164939299126407,0.018413089552622934,10.0,0.0,0.0,Ground or Treated Mineral and Earth Manufacturing,0.0228286901204774,3.0,0.0055598546053598,24.0,False
325180,32,Manufacturing - paper/chemicals,13,0.006846290011092809,8,3,0.00341015585234537,13,0.019130398213196006,0.008849668085459629,10.0,0.0,0.0,Other Basic Inorganic Chemical Manufacturing,0.0165085698659273,1.0,0.0048124488266665,23.0,False
326113,32,Manufacturing - paper/chemicals,24,0.00679829645343664,6,2,0.0039306705881426525,24,0.018996291146720166,0.008185820185271475,10.0,0.0,0.0,Unlaminated Plastics Film and Sheet (except Packaging) Manufacturing,0.0211255534246101,1.0,0.0060101080909861,23.0,False
339113,33,Manufacturing - metals/machinery,24,0.006703670740899571,12,4,0.004205451514210426,23,0.018731881143768423,0.007581875077669833,10.0,0.0,0.0,Surgical Appliance and Supplies Manufacturing,0.0202281766115318,3.0,0.0048118627615224,24.0,False
424130,42,Wholesale trade,24,0.006647489401113764,8,3,0.002253447448540169,24,0.018574895184875075,0.007212977075405594,10.0,0.0,0.0,Industrial and Personal Service Paper Merchant Wholesalers,0.0191776006825262,2.0,0.0049550569199673,24.0,False
325199,32,Manufacturing - paper/chemicals,24,0.006627693815804201,6,2,0.0034192193037538843,24,0.018519580930114955,0.00910960575706624,10.0,0.0,0.0,All Other Basic Organic Chemical Manufacturing,0.0127273348186467,2.0,0.0025947448625424,24.0,True
561439,56,Administrative & waste services,24,0.006614088660854828,6,2,0.0036244722145660304,24,0.01848156442314373,0.017996611295943415,10.0,0.0,0.0,Other Business Service Centers (including Copy Shops),0.0276630915726824,1.0,0.0095975532612528,23.0,False
332313,33,Manufacturing - metals/machinery,24,0.006588992994329667,3,1,0.0038764401307022265,24,0.018411440298504837,0.018100902374820493,10.0,0.0,0.0,Plate Work Manufacturing,0.0266993863799001,1.0,0.0070500834568312,23.0,True
524126,52,Finance & insurance,24,0.006583784109820204,6,2,0.003366258331357725,24,0.018396885257051562,0.004508883286054368,10.0,0.002074900823765836,0.012077404076962624,Direct Property and Casualty Insurance Carriers,0.0174248901530112,2.0,0.0037221915806361,24.0,True
332322,33,Manufacturing - metals/machinery,24,0.006573592421388724,6,2,0.0032847541065022154,24,0.018368406904857436,0.014633056086008178,10.0,0.0,0.0,Sheet Metal Work Manufacturing,0.0249775246831098,3.0,0.0058786965838441,24.0,False
325110,32,Manufacturing - paper/chemicals,24,0.006572671086186458,6,2,0.002641234685927913,24,0.018365832443466137,0.007326658995051233,10.0,0.0,0.0,Petrochemical Manufacturing,0.0186879262193774,2.0,0.0061520919948264,24.0,True
327420,32,Manufacturing - paper/chemicals,24,0.006565600546400402,6,2,0.003579759227974974,24,0.018346075430329047,0.016624547426715208,10.0,0.0,0.0,Gypsum Product Manufacturing,0.0348079067922377,2.0,0.0099056832154191,24.0,True
333914,33,Manufacturing - metals/machinery,7,0.0064903704576948495,6,2,0.0036167807694849857,7,0.018135862080877092,0.022194276073210777,10.0,0.0,0.0,"Measuring, Dispensing, and Other Pumping Equipment Manufacturing",0.0229815863687243,1.0,0.0080556761962066,23.0,False
424950,42,Wholesale trade,24,0.006464462909565824,8,3,0.0030778680390909086,24,0.01806346933799989,0.010276875236277435,10.0,0.0,0.0,"Paint, Varnish, and Supplies Merchant Wholesalers",0.0321211736016832,3.0,0.0064589891888076,24.0,True
334517,33,Manufacturing - metals/machinery,24,0.006247491528451101,8,3,0.0022810309579668064,24,0.017457192228081023,0.011864183581720693,10.0,0.0,0.0,Irradiation Apparatus Manufacturing,0.0390615023663444,2.0,0.0172301668723252,24.0,False
221121,22,Utilities,24,0.006154857428069519,8,3,0.002496423162673784,24,0.017198347331713864,0.007605689318333911,10.0,0.0,0.0,Electric Bulk Power Transmission and Control,0.0221110864619834,2.0,0.0043955974358662,24.0,False
486210,48,Transportation,24,0.006134608774606194,7,3,0.0024466424054243783,24,0.017141767081183024,0.010231403397029527,10.0,0.0,0.0,Pipeline Transportation of Natural Gas,0.0179901351757283,3.0,0.0071391872854867,24.0,True
311511,31,Manufacturing - food/textiles,24,0.006071281412718696,12,4,0.0038852165162194348,23,0.01696481319101242,0.004417988464199677,10.0,0.0016532929485190183,0.009623345254939563,Fluid Milk Manufacturing,0.013205607784509,2.0,0.0050440424193935,24.0,False
522210,52,Finance & insurance,24,0.006068415020862453,7,3,0.0025456271563456625,24,0.01695680371178263,0.011135067146131772,10.0,0.0,0.0,Credit Card Issuing,0.0200643158332422,3.0,0.0072182487745255,24.0,True
333923,33,Manufacturing - metals/machinery,24,0.006053011910659971,6,2,0.003236706975848607,24,0.01691376322833571,0.02591365799338886,10.0,0.0,0.0,"Overhead Traveling Crane, Hoist, and Monorail System Manufacturing",0.0360560492929457,1.0,0.0078780332774314,23.0,False
524127,52,Finance & insurance,24,0.006047368705567579,8,3,0.003638785655620679,24,0.016897994576928706,0.0261492437896401,10.0,0.0,0.0,Direct Title Insurance Carriers,0.033839503013476,2.0,0.0070070480477568,24.0,False
522110,52,Finance & insurance,24,0.0059477655897768045,8,3,0.0027668833420119027,24,0.016619676354173715,0.004259565749315091,10.0,0.0016881998404617137,0.009826528286260381,Commercial Banking,0.0120386850890696,2.0,0.003290878678858,24.0,False
423690,42,Wholesale trade,24,0.005902444051497624,8,3,0.0025141446053204056,24,0.016493035637302166,0.014328671561838308,10.0,0.0,0.0,Other Electronic Parts and Equipment Merchant Wholesalers,0.0346848218043181,1.0,0.0085909317091495,23.0,False
325611,32,Manufacturing - paper/chemicals,24,0.005875422198469879,6,2,0.0032759442863297683,24,0.01641752922316522,0.009140603554373714,10.0,0.0,0.0,Soap and Other Detergent Manufacturing,0.012043802306036,3.0,0.0044560907070609,24.0,False
331529,33,Manufacturing - metals/machinery,13,0.005828553440976522,12,4,0.0025623940208973164,12,0.016286565154574367,0.03355241996239365,10.0,0.0,0.0,Other Nonferrous Metal Foundries (except Die-Casting),0.0347704022055259,1.0,0.0082813408006359,23.0,False
325220,32,Manufacturing - paper/chemicals,13,0.005816959787848429,6,2,0.0026351847082220106,13,0.016254169331328967,0.00971199458876169,10.0,0.0,0.0,Artificial and Synthetic Fibers and Filaments Manufacturing,0.044384996429272,1.0,0.0119852848141746,23.0,False
325520,32,Manufacturing - paper/chemicals,24,0.0057059296355306075,6,2,0.0030410484411831453,24,0.015943920857473756,0.010251997524316984,10.0,0.0,0.0,Adhesive Manufacturing,0.0244157911161962,3.0,0.006022574534402,24.0,False
221210,22,Utilities,24,0.00565871591210849,6,2,0.0033308888239225918,24,0.01581199286015998,0.004920757823331363,10.0,0.0007379580887771275,0.0042954429088559965,Natural Gas Distribution,0.0154265499403157,2.0,0.0057279830346005,24.0,True
561440,56,Administrative & waste services,24,0.0056510866591759495,3,1,0.0031807783128461053,24,0.01579067465038034,0.013200370920425506,10.0,0.0,0.0,Collection Agencies,0.0372662944319079,1.0,0.0126475366016672,23.0,True
562211,56,Administrative & waste services,24,0.005597583578048678,12,4,0.0036660467019589524,23,0.015641172475342587,0.010029158257339481,10.0,0.0,0.0,Hazardous Waste Treatment and Disposal,0.0168092299811049,3.0,0.0043449004863782,24.0,False
336413,33,Manufacturing - metals/machinery,24,0.005585657313943596,6,2,0.0032982648888372074,24,0.015607847246473185,0.01617477989747861,10.0,0.0,0.0,Other Aircraft Parts and Auxiliary Equipment Manufacturing,0.0073193935148454,2.0,0.0023392300577005,24.0,True
327410,32,Manufacturing - paper/chemicals,24,0.005562526280235712,6,2,0.0029778489791081977,24,0.015543212840802711,0.010009424042296001,10.0,0.0,0.0,Lime Manufacturing,0.0273677991893374,2.0,0.0091464762742051,24.0,True
326112,32,Manufacturing - paper/chemicals,24,0.005355728631377517,12,4,0.0029714043419454706,23,0.014965363908636533,0.010974553024269555,10.0,0.0,0.0,Plastics Packaging Film and Sheet (including Laminated) Manufacturing,0.0291015358566782,2.0,0.0108109918408431,24.0,False
335991,33,Manufacturing - metals/machinery,24,0.0053434405059523404,3,1,0.0028035680790273972,24,0.014931027540721,0.01970918185684307,10.0,0.0,0.0,Carbon and Graphite Product Manufacturing,0.0143482717028308,2.0,0.0053684329905406,24.0,False
522220,52,Finance & insurance,24,0.005313002849809886,12,4,0.002236214545109129,23,0.014845976442719306,0.012866099029162126,10.0,0.0,0.0,Sales Financing,0.03580035899618,1.0,0.0098062946147196,23.0,False
326160,32,Manufacturing - paper/chemicals,24,0.005269765580240672,6,2,0.0030611091661196985,24,0.01472515974007157,0.006939528980324572,10.0,0.0,0.0,Plastics Bottle Manufacturing,0.0227998162519824,1.0,0.0049906481603561,23.0,False
331492,33,Manufacturing - metals/machinery,24,0.005220215885470095,12,4,0.0028974218823416553,23,0.014586704402835255,0.016371318003358542,10.0,0.0,0.0,"Secondary Smelting, Refining, and Alloying of Nonferrous Metal (except Copper and Aluminum)",0.0182446128521576,1.0,0.0059359035408758,23.0,False
481111,48,Transportation,24,0.0052174937658843405,8,3,0.0028685094120187993,24,0.014579098059607748,0.01788262484356907,10.0,0.0,0.0,Scheduled Passenger Air Transportation,0.0141981077072096,1.0,0.0040429339238467,23.0,False
561450,56,Administrative & waste services,24,0.005092534422485769,7,3,0.002121691262654888,24,0.014229927633610471,0.012350099978152776,10.0,0.0,0.0,Credit Bureaus,0.0222771009803565,1.0,0.004404724625487,23.0,False
561613,56,Administrative & waste services,24,0.0049034627997934545,3,1,0.002265809649268808,24,0.013701610044513516,0.012322472940549622,10.0,0.0,0.0,Armored Car Services,0.0204225795516593,1.0,0.0073231713695039,23.0,True
332911,33,Manufacturing - metals/machinery,24,0.004235381627907139,6,2,0.0021494999290450115,24,0.011834809363237117,0.015031240440180098,10.0,0.0,0.0,Industrial Valve Manufacturing,0.024767710589802,1.0,0.0063377194744615,23.0,False
