naics_code,sector_2d,sector_label,seasonal_index_early,peak_excess_early,peak_quarter_early,n_excess_obs_early,rank_early,seasonal_index_late,peak_excess_late,peak_quarter_late,n_excess_obs_late,rank_late,seasonal_index_delta,rank_delta,peak_quarter_changed
112519,11,"Agriculture, forestry, fishing",0.7749362387395504,0.29303112945960574,3,10,28.0,0.24361654035060187,0.07331824752281205,3,13,131.0,-0.5313196983889485,-103.0,False
111310,11,"Agriculture, forestry, fishing",0.9048160116681301,0.33110155813039516,2,11,18.0,0.4121195646658109,0.11316454966672164,2,13,70.0,-0.4926964470023192,-52.0,False
111419,11,"Agriculture, forestry, fishing",0.7696215364378873,0.23448125590216992,4,10,29.0,0.39121365782829304,0.09592714937616159,4,12,73.0,-0.3784078786095943,-44.0,False
541870,54,Professional & technical services,0.44835409864635994,0.13757418092743068,4,9,62.0,0.07418548304215573,0.023479546607182527,1,12,386.0,-0.3741686156042042,-324.0,True
611620,61,Educational services,0.9998924828534204,0.409267922365586,3,11,12.0,0.6498747151581907,0.22659070918447852,3,13,46.0,-0.35001776769522963,-34.0,False
111920,11,"Agriculture, forestry, fishing",0.9876285396748996,0.33030476943369214,4,10,15.0,0.7030496453980662,0.2155242444969775,4,12,38.0,-0.28457889427683336,-23.0,False
311710,31,Manufacturing - food/textiles,0.5359953466870295,0.21362932832202822,3,11,50.0,0.25672205647666063,0.06883217056366958,3,13,122.0,-0.2792732902103689,-72.0,False
512199,51,Information,0.3191987643984475,0.12999924096708154,4,10,92.0,0.07536454615690456,0.015307077656468276,2,12,376.0,-0.24383421824154294,-284.0,True
711310,71,"Arts, entertainment & recreation",0.6364928547377711,0.2380908835204978,3,11,40.0,0.3959524359089763,0.11746941315535617,3,13,72.0,-0.2405404188287948,-32.0,False
482112,48,Transportation,0.22204796326134546,0.06964895795967412,4,8,147.0,0.0,0.026421698953599027,3,6,996.0,-0.22204796326134546,-849.0,True
324121,32,Manufacturing - paper/chemicals,0.7005280736503717,0.2582189818944499,4,10,33.0,0.4876148935644587,0.16231708833618,4,12,58.0,-0.21291318008591303,-25.0,False
711120,71,"Arts, entertainment & recreation",0.6556599547671701,0.22689019113000458,2,11,36.0,0.4481674937389776,0.14129378425066305,2,13,63.0,-0.20749246102819252,-27.0,False
311225,31,Manufacturing - food/textiles,0.2285972520742883,0.06693001914611624,2,11,139.0,0.0317085520829121,0.008061602840815231,3,13,801.0,-0.1968886999913762,-662.0,True
812199,81,Other services,0.24774175677008436,0.05570125256401009,2,11,127.0,0.05645576149918841,0.01772880909635943,3,13,479.0,-0.19128599527089596,-352.0,True
458320,45,Retail trade - specialty,0.3561708143233461,0.12709612655147118,1,10,80.0,0.16711920935465063,0.046092759659485345,1,12,184.0,-0.18905160496869544,-104.0,False
445240,44,Retail trade - general,0.36025727877491664,0.1054939351481641,4,10,78.0,0.17655316602811139,0.04254709805671741,2,13,176.0,-0.18370411274680526,-98.0,True
487110,48,Transportation,0.6411413385908654,0.22123299063255297,4,10,37.0,0.4649023998440094,0.1622615232162679,4,11,62.0,-0.17623893874685603,-25.0,False
711211,71,"Arts, entertainment & recreation",0.8375444465406021,0.3155206529115842,3,11,24.0,0.6636840965772935,0.21956188982828212,3,13,44.0,-0.17386034996330857,-20.0,False
111120,11,"Agriculture, forestry, fishing",1.0,0.4084624582569789,4,6,1.0,0.833561425083281,0.24376992144318663,4,5,22.0,-0.16643857491671898,-21.0,False
523910,52,Finance & insurance,0.28238201976917887,0.10253654349698907,4,9,115.0,0.11736723187122146,0.026395952825238243,3,13,260.0,-0.16501478789795743,-145.0,True
493130,49,Warehousing & couriers,0.47946638112617607,0.19339547835629226,4,10,57.0,0.3175500701420972,0.1058652737057272,4,12,95.0,-0.16191631098407888,-38.0,False
561330,56,Administrative & waste services,0.32013406135003875,0.1012464511940711,4,10,91.0,0.16054380148892672,0.040334965499246485,4,12,193.0,-0.15959025986111203,-102.0,False
112930,11,"Agriculture, forestry, fishing",0.28112484860443704,0.09114205424174096,1,10,117.0,0.12306134381151336,0.03884966243565811,4,12,255.0,-0.1580635047929237,-138.0,True
111150,11,"Agriculture, forestry, fishing",1.0,0.42561069145488134,3,5,1.0,0.8445471158339645,0.23248723689518758,4,12,20.0,-0.15545288416603553,-19.0,True
113110,11,"Agriculture, forestry, fishing",0.23970800516147453,0.08914730611558128,4,10,131.0,0.08486918366841398,0.03029986348655932,4,12,336.0,-0.15483882149306055,-205.0,False
513191,51,Information,0.1720825813479608,0.07039893253141193,4,10,196.0,0.020133019428593742,0.00584192955388595,4,12,949.0,-0.15194956191936707,-753.0,False
111335,11,"Agriculture, forestry, fishing",0.9214400369655488,0.33146804125229334,4,10,17.0,0.7725978866053693,0.2370777984529383,4,11,29.0,-0.14884215036017945,-12.0,False
561599,56,Administrative & waste services,0.2257386939698223,0.095890160026865,3,11,142.0,0.07931875730945208,0.015140012679167173,3,13,360.0,-0.14641993666037023,-218.0,False
561591,56,Administrative & waste services,0.20925388037822243,0.0596353114564742,4,10,160.0,0.0632239327562838,0.012665784904105921,4,12,431.0,-0.14602994762193863,-271.0,False
611513,61,Educational services,0.3711215873274176,0.13663645276996472,2,11,75.0,0.22724844049856324,0.0823251187310039,2,13,141.0,-0.14387314682885438,-66.0,False
336110,33,Manufacturing - metals/machinery,0.307495070708543,0.1081604916544265,4,10,99.0,0.16640200185344256,0.055359527180824784,4,12,186.0,-0.14109306885510042,-87.0,False
311613,31,Manufacturing - food/textiles,0.1661917894001232,0.052782411293101496,4,10,203.0,0.02666752539620122,0.005066349016356199,4,12,881.0,-0.13952426400392198,-678.0,False
339999,33,Manufacturing - metals/machinery,0.2885488272875328,0.10636044245973246,4,10,109.0,0.14958849728859905,0.04633823887346692,4,12,206.0,-0.13896032999893373,-97.0,False
333112,33,Manufacturing - metals/machinery,0.2471700275437795,0.10613285093615045,2,11,128.0,0.11199071978390858,0.025539763573250503,2,13,276.0,-0.13517930775987091,-148.0,False
112910,11,"Agriculture, forestry, fishing",0.46201664258317293,0.09756361320546611,3,11,60.0,0.32741632910616636,0.08281471338715325,4,12,90.0,-0.13460031347700657,-30.0,True
611610,61,Educational services,0.367891404681665,0.10734397168741702,2,11,76.0,0.23482005773280856,0.0566987229128295,2,13,135.0,-0.13307134694885642,-59.0,False
541320,54,Professional & technical services,0.4443325625976523,0.14884565351419815,4,10,63.0,0.31405119910331697,0.09327421814178795,4,12,97.0,-0.13028136349433533,-34.0,False
221114,22,Utilities,0.15231003490663156,0.043855788171873106,2,11,225.0,0.02648903928973585,0.009313007781813418,4,12,884.0,-0.12582099561689572,-659.0,True
111930,11,"Agriculture, forestry, fishing",0.26519436943420127,0.08434527387010768,4,10,121.0,0.1424631086343988,0.02692969627501302,4,12,219.0,-0.12273126079980248,-98.0,False
721199,72,Accommodation & food services,0.6065629042888436,0.2043128321762947,3,11,45.0,0.48744349926928043,0.13831037299163013,3,13,59.0,-0.1191194050195632,-14.0,False
115114,11,"Agriculture, forestry, fishing",0.8604434849446218,0.19093687408036858,4,10,23.0,0.7458442986995192,0.14722996727851084,4,12,32.0,-0.11459918624510257,-9.0,False
512290,51,Information,0.29544216048020944,0.0956149560471362,4,10,104.0,0.18113028323765087,0.04382673788277796,4,12,171.0,-0.11431187724255856,-67.0,False
485510,48,Transportation,0.17729399872389645,0.047390406034802636,4,10,191.0,0.06372678848034438,0.017190304429350555,4,12,427.0,-0.11356721024355207,-236.0,False
114119,11,"Agriculture, forestry, fishing",0.5374487522511394,0.14695668025797176,1,5,49.0,0.4242449049322078,0.13955383435587,4,10,65.0,-0.11320384731893163,-16.0,True
311422,31,Manufacturing - food/textiles,0.14869516782173833,0.05835385511168051,4,10,234.0,0.03921294508056834,0.010070942947867697,4,12,670.0,-0.10948222274116999,-436.0,False
238910,23,Construction,0.3371050912348367,0.11455750103035207,4,10,84.0,0.2277959465874145,0.06727936332422614,4,12,140.0,-0.10930914464742217,-56.0,False
561312,56,Administrative & waste services,0.22218292358015612,0.07171413565503368,4,10,146.0,0.11356303827429017,0.027522165243428806,4,12,272.0,-0.10861988530586596,-126.0,False
561311,56,Administrative & waste services,0.29369930090280255,0.08264706239941585,4,10,106.0,0.18534210841998328,0.046850312246882596,4,12,167.0,-0.10835719248281928,-61.0,False
424590,42,Wholesale trade,0.4098560038058546,0.1484353956837532,4,10,68.0,0.3020582731178745,0.09778676044764457,4,12,99.0,-0.1077977306879801,-31.0,False
921150,92,Public administration,0.2852134744591711,0.11938462340241292,3,11,114.0,0.17766555050444655,0.06471170054727318,3,13,173.0,-0.10754792395472457,-59.0,False
488310,48,Transportation,0.12360762972193082,0.044600316509332535,4,10,279.0,0.02018642311953716,0.0040666469292845245,1,12,948.0,-0.10342120660239365,-669.0,True
311911,31,Manufacturing - food/textiles,0.2216142666489827,0.08581891886393754,4,10,148.0,0.1189429418879776,0.03343631553035494,4,12,259.0,-0.1026713247610051,-111.0,False
311411,31,Manufacturing - food/textiles,0.48335707062414907,0.1521050837661289,4,10,56.0,0.3813059908780072,0.09378861402625016,4,12,75.0,-0.10205107974614186,-19.0,False
311313,31,Manufacturing - food/textiles,1.0,0.3608467146487843,4,10,1.0,0.8984359155478177,0.3056246550367559,4,12,18.0,-0.10156408445218235,-17.0,False
315210,31,Manufacturing - food/textiles,0.1486909977939433,0.04067726102765544,4,10,235.0,0.04783767134250658,0.01388084242064992,4,12,568.0,-0.10085332645143671,-333.0,False
713110,71,"Arts, entertainment & recreation",0.7641813129924611,0.2738569320731799,3,11,32.0,0.6637640857623638,0.21439627232647782,3,13,43.0,-0.10041722723009727,-11.0,False
236116,23,Construction,0.16141346209558236,0.050889304383307785,4,10,216.0,0.06266495737555289,0.013892000312509447,3,13,438.0,-0.09874850472002947,-222.0,True
336350,33,Manufacturing - metals/machinery,0.13529061203909223,0.04565807393097616,4,10,257.0,0.03707641893007571,0.009890719247685956,4,12,706.0,-0.09821419310901652,-449.0,False
541513,54,Professional & technical services,0.14820266113687153,0.05926501650027598,1,10,237.0,0.05149715530879599,0.01530544623103671,4,12,518.0,-0.09670550582807554,-281.0,True
711320,71,"Arts, entertainment & recreation",0.6932313550319329,0.20436681225835668,3,11,34.0,0.5966456076298734,0.15222466260772427,4,12,51.0,-0.0965857474020595,-17.0,True
722310,72,Accommodation & food services,0.23193551636215215,0.06046875474026805,4,10,136.0,0.1358711882702038,0.033685979011167995,2,13,230.0,-0.09606432809194834,-94.0,True
487210,48,Transportation,0.8740961142173524,0.2883504530795501,4,10,21.0,0.7792320114114532,0.24710397990610256,4,12,28.0,-0.0948641028058993,-7.0,False
237990,23,Construction,0.33285766005670553,0.11232815868550247,4,10,86.0,0.23825712142297534,0.06838549662516219,4,12,133.0,-0.09460053863373019,-47.0,False
325315,32,Manufacturing - paper/chemicals,0.1516330666182473,0.026743267575019616,2,11,227.0,0.05892705668267215,0.012723869035983095,4,12,460.0,-0.09270600993557515,-233.0,True
561730,56,Administrative & waste services,0.6161905570203524,0.21389036899303307,4,10,43.0,0.5243032274177064,0.16218384243102532,4,12,55.0,-0.091887329602646,-12.0,False
238110,23,Construction,0.3568623686647952,0.11449075481762812,4,10,79.0,0.26790104145248417,0.07412868867193935,4,12,113.0,-0.08896132721231104,-34.0,False
311340,31,Manufacturing - food/textiles,0.20305994132283947,0.07517238382409079,4,10,166.0,0.11504569494236909,0.034847118319742056,4,12,267.0,-0.08801424638047038,-101.0,False
325314,32,Manufacturing - paper/chemicals,0.1904880119613071,0.06713119683522001,2,11,179.0,0.10329959412681357,0.02563405783209228,2,13,297.0,-0.08718841783449353,-118.0,False
512131,51,Information,0.35173645544844917,0.13502229990027684,3,11,81.0,0.26522678323210347,0.07947991569171432,3,13,118.0,-0.0865096722163457,-37.0,False
611691,61,Educational services,0.4124504612299104,0.1110804723247664,2,11,67.0,0.32742957488544155,0.0856746395448926,2,13,89.0,-0.08502088634446886,-22.0,False
213114,21,"Mining, quarrying, oil & gas",0.21778505428635384,0.06231228589752173,4,10,151.0,0.13290045665860162,0.03996255871962858,4,12,238.0,-0.08488459762775222,-87.0,False
721310,72,Accommodation & food services,0.4627829114254981,0.14320544702498894,2,11,59.0,0.3788621550533043,0.1086690006055137,2,13,77.0,-0.08392075637219382,-18.0,False
444240,44,Retail trade - general,0.45421677032909796,0.10855586549900509,4,10,61.0,0.37067626958756233,0.07767018253291563,4,12,79.0,-0.08354050074153563,-18.0,False
238320,23,Construction,0.32783963263025256,0.0999796733856649,4,10,89.0,0.24483006915634403,0.06625917189101918,4,12,129.0,-0.08300956347390853,-40.0,False
113210,11,"Agriculture, forestry, fishing",0.6207863213790542,0.17384439133784357,2,10,42.0,0.5387603999206431,0.1489444905287499,4,12,52.0,-0.08202592145841114,-10.0,True
238120,23,Construction,0.23738557025034382,0.07309320939271621,4,10,133.0,0.15660577429568814,0.039080964531427974,4,12,200.0,-0.08077979595465568,-67.0,False
236118,23,Construction,0.22694745420152232,0.07360247561600933,4,10,141.0,0.14671074977161677,0.04308806887017086,4,12,210.0,-0.08023670442990555,-69.0,False
339995,33,Manufacturing - metals/machinery,0.1098846203370888,0.035314890337057474,2,11,310.0,0.03033688686390128,0.008003636264809537,4,12,825.0,-0.07954773347318753,-515.0,True
238990,23,Construction,0.5557602218969521,0.1958935912907371,4,10,48.0,0.477648308398697,0.1486777905041815,4,12,60.0,-0.07811191349825508,-12.0,False
485410,48,Transportation,0.17181512045404512,0.05648486709752893,2,11,197.0,0.0939804149022861,0.035388985134402584,2,13,309.0,-0.07783470555175902,-112.0,False
424910,42,Wholesale trade,0.20725472954396915,0.0611040458074271,3,11,162.0,0.13004888627495464,0.027738551116254024,3,13,245.0,-0.0772058432690145,-83.0,False
483112,48,Transportation,0.12579272720202575,0.044729195309333086,4,10,272.0,0.04892810336920671,0.00987808767906197,2,13,555.0,-0.07686462383281904,-283.0,True
212321,21,"Mining, quarrying, oil & gas",0.3307252361401793,0.11679957004593151,4,10,87.0,0.2555011076902473,0.0797899721077297,4,12,124.0,-0.07522412844993198,-37.0,False
237110,23,Construction,0.25120664692542616,0.08315033563653404,4,10,126.0,0.17608652596039553,0.04838015555833364,4,12,177.0,-0.07512012096503062,-51.0,False
238130,23,Construction,0.20299210626447345,0.058186004393117406,4,10,167.0,0.1280772615590653,0.031853863497727,4,12,250.0,-0.07491484470540816,-83.0,False
492210,49,Warehousing & couriers,0.10244948439832663,0.03306185769644643,4,10,328.0,0.027640157792440237,0.009375442318995432,4,12,861.0,-0.07480932660588639,-533.0,False
561520,56,Administrative & waste services,0.27451672565100843,0.08196498176552236,4,10,118.0,0.1998468601914883,0.04630750104614604,4,12,156.0,-0.07466986545952012,-38.0,False
311423,31,Manufacturing - food/textiles,0.28804621564723293,0.088240947544524,4,10,110.0,0.21443418382009255,0.058426754471451674,4,12,146.0,-0.07361203182714038,-36.0,False
561491,56,Administrative & waste services,0.081976088745316,0.028670510132185002,2,11,396.0,0.008909860440407102,0.0028197365095914994,2,13,992.0,-0.0730662283049089,-596.0,False
238170,23,Construction,0.2816018251302947,0.09718410045339634,4,10,116.0,0.20874297827473773,0.06359869776235942,4,12,149.0,-0.07285884685555696,-33.0,False
213113,21,"Mining, quarrying, oil & gas",0.1009591037475595,0.036886672346372974,4,10,332.0,0.028350639114596014,0.006174337975096465,2,13,845.0,-0.07260846463296348,-513.0,True
238160,23,Construction,0.2620365707457229,0.08185239813662318,4,10,122.0,0.19066690789456853,0.050399273686040795,4,12,162.0,-0.07136966285115437,-40.0,False
541612,54,Professional & technical services,0.1989697515571661,0.06165674212983484,4,10,171.0,0.12840697239474413,0.03901763986215779,4,12,247.0,-0.07056277916242196,-76.0,False
541191,54,Professional & technical services,0.10191212235570338,0.040084153245714606,4,10,329.0,0.03201225784365966,0.013038230860619046,4,12,795.0,-0.06989986451204372,-466.0,False
311212,31,Manufacturing - food/textiles,0.17591382600447777,0.0668493425239363,4,10,193.0,0.10718134044333845,0.032357755095974695,4,12,286.0,-0.06873248556113933,-93.0,False
713990,71,"Arts, entertainment & recreation",0.9971941767696225,0.3672372043811261,3,11,13.0,0.9284630226628279,0.2885294568770446,3,13,16.0,-0.06873115410679465,-3.0,False
812990,81,Other services,0.2050493621161954,0.060881340824234555,4,10,164.0,0.136669597603282,0.0407367898814946,4,12,227.0,-0.06837976451291339,-63.0,False
237210,23,Construction,0.16079477049204566,0.04942705261968843,4,10,217.0,0.09357360859231811,0.022001442485768834,4,12,310.0,-0.06722116189972754,-93.0,False
213111,21,"Mining, quarrying, oil & gas",0.14944435187664482,0.055514106671818754,4,10,232.0,0.08232222691040905,0.02652859679971997,2,13,347.0,-0.06712212496623576,-115.0,True
541890,54,Professional & technical services,0.09971416221113633,0.031376784515413994,4,10,334.0,0.03336956331220824,0.007141895984401583,4,12,770.0,-0.06634459889892808,-436.0,False
238310,23,Construction,0.15082507598313263,0.04333502534911511,4,10,229.0,0.0845647638445459,0.018715184969436704,4,12,338.0,-0.06626031213858673,-109.0,False
336370,33,Manufacturing - metals/machinery,0.11329499378494963,0.04320154533340533,4,10,304.0,0.04712104972644905,0.009833804133210897,4,12,574.0,-0.06617394405850058,-270.0,False
611430,61,Educational services,0.19955856957997647,0.07096858841422433,3,11,170.0,0.13365649147294595,0.03696434424799389,3,13,236.0,-0.06590207810703053,-66.0,False
713950,71,"Arts, entertainment & recreation",0.23557658584227836,0.08637274478834893,2,11,135.0,0.17121421661106745,0.04752294853123081,2,12,181.0,-0.06436236923121091,-46.0,False
111110,11,"Agriculture, forestry, fishing",0.9692300167289023,0.3308451432404438,4,10,16.0,0.904953840222739,0.2769733392288953,4,12,17.0,-0.06427617650616335,-1.0,False
562910,56,Administrative & waste services,0.20684737659988447,0.06509745446953552,3,11,163.0,0.14290398205243018,0.034021208692956856,3,13,217.0,-0.06394339454745429,-54.0,False
523940,52,Finance & insurance,0.1193533479435007,0.0440561415629523,4,10,291.0,0.05553895511455022,0.017328735133462624,4,12,485.0,-0.06381439282895049,-194.0,False
611692,61,Educational services,0.1649031071305237,0.038926104213293664,4,10,208.0,0.10160381038101891,0.02569155870526799,3,13,299.0,-0.06329929674950478,-91.0,True
488991,48,Transportation,0.13722466603096173,0.04130544578201338,4,10,254.0,0.07441300510840257,0.011537875884682346,3,13,383.0,-0.06281166092255916,-129.0,True
561431,56,Administrative & waste services,0.09230096365259852,0.03358951560973035,4,10,360.0,0.02952905077989442,0.0074899010605036015,3,13,835.0,-0.06277191287270409,-475.0,True
441120,44,Retail trade - general,0.09931151801342504,0.02434636014886109,4,10,336.0,0.03730369129746515,0.007222718584302061,4,12,700.0,-0.06200782671595989,-364.0,False
722514,72,Accommodation & food services,0.12671638437455007,0.024844689776745133,2,11,270.0,0.0648668556002833,0.017082533230089222,3,13,422.0,-0.06184952877426678,-152.0,True
512240,51,Information,0.2694753196764791,0.08365893635880021,4,10,120.0,0.20802493534603975,0.06355220118640013,4,12,151.0,-0.06145038433043934,-31.0,False
212311,21,"Mining, quarrying, oil & gas",0.31093337512248126,0.09846229009048077,4,10,97.0,0.24990035386671985,0.07254774680698782,4,12,127.0,-0.061033021255761405,-30.0,False
481219,48,Transportation,0.11781621576587174,0.03553339848317667,3,11,296.0,0.05882248077138197,0.014439540361792806,4,12,461.0,-0.058993734994489774,-165.0,True
533110,53,Real estate,0.11229763316902759,0.034075344576595265,4,10,305.0,0.054176648546269295,0.012743799565337069,4,12,493.0,-0.0581209846227583,-188.0,False
237310,23,Construction,0.4393101446242084,0.14741821761442397,4,10,64.0,0.3813187464352271,0.1121735333300433,4,12,74.0,-0.0579913981889813,-10.0,False
336340,33,Manufacturing - metals/machinery,0.0923125137342048,0.034134440491850146,4,10,359.0,0.03576602848511805,0.005584567623158978,3,13,728.0,-0.05654648524908676,-369.0,True
238350,23,Construction,0.14707333381851853,0.04553736734129387,4,10,240.0,0.09093871796395533,0.023077093142480416,3,13,317.0,-0.0561346158545632,-77.0,True
424460,42,Wholesale trade,0.13018998536712215,0.04486840667486999,3,11,264.0,0.07446267176451309,0.022765982361673254,4,12,381.0,-0.05572731360260906,-117.0,True
311352,31,Manufacturing - food/textiles,0.1594607072118384,0.058107781071553274,4,10,220.0,0.10382198334263808,0.03782407581320816,4,12,295.0,-0.05563872386920031,-75.0,False
541930,54,Professional & technical services,0.12017311645971626,0.02973602489347103,4,10,287.0,0.06542680066621759,0.014606265221705448,4,12,419.0,-0.05474631579349867,-132.0,False
485119,48,Transportation,0.08022308580890282,0.0325203924823747,3,11,404.0,0.02580771453978063,0.005477128757202343,4,12,893.0,-0.05441537126912219,-489.0,True
441210,44,Retail trade - general,0.12458896533089826,0.027908574482756347,4,10,274.0,0.07043994098624144,0.01164451775637677,3,13,398.0,-0.05414902434465682,-124.0,True
315250,31,Manufacturing - food/textiles,0.06165612141606464,0.014070126952611705,4,10,495.0,0.00797382768031143,0.002109127789140544,3,13,994.0,-0.053682293735753214,-499.0,True
485999,48,Transportation,0.08706589421691123,0.015213958151035576,4,10,381.0,0.03384226823264819,0.01128202540528899,4,12,762.0,-0.05322362598426304,-381.0,False
713290,71,"Arts, entertainment & recreation",0.07961063980165047,0.014380513502238474,4,10,410.0,0.02641738626418115,0.00794632428896649,3,13,885.0,-0.053193253537469315,-475.0,True
812922,81,Other services,0.15230761672571755,0.040944436364141766,4,10,226.0,0.09972472338045218,0.03518217757071916,4,12,303.0,-0.052582893345265364,-77.0,False
621330,62,Health care & social assistance,0.11977115176395839,0.03532946894112769,4,10,288.0,0.06728683294247455,0.013991511669614412,4,12,409.0,-0.05248431882148384,-121.0,False
611210,61,Educational services,0.3168503566576131,0.10331221511572623,2,11,93.0,0.2646064293337041,0.07607970892275431,2,13,119.0,-0.05224392732390898,-26.0,False
335921,33,Manufacturing - metals/machinery,0.08197781374910997,0.027533020790875506,4,10,395.0,0.02978603624872557,0.007285388886740884,3,13,831.0,-0.052191777500384395,-436.0,True
111411,11,"Agriculture, forestry, fishing",0.07243456174862616,0.021671851091001493,4,10,438.0,0.020522979601676407,0.005789400745032784,3,13,947.0,-0.05191158214694975,-509.0,True
113310,11,"Agriculture, forestry, fishing",0.12407431626388407,0.05114132612226252,4,10,276.0,0.07361167412669084,0.025354887134298777,4,12,387.0,-0.05046264213719323,-111.0,False
424480,42,Wholesale trade,0.18317116791787746,0.03955931601574354,4,10,186.0,0.13295021422206976,0.02457508537453244,4,12,237.0,-0.0502209536958077,-51.0,False
115116,11,"Agriculture, forestry, fishing",0.7818534886732369,0.24474071100810094,4,10,27.0,0.7319302249138233,0.1836625597316994,4,11,34.0,-0.04992326375941358,-7.0,False
112511,11,"Agriculture, forestry, fishing",0.23642600435511923,0.05086043260593341,4,10,134.0,0.18662030664140358,0.03765325883570638,4,12,165.0,-0.04980569771371565,-31.0,False
541613,54,Professional & technical services,0.1660849383009248,0.054280376721236666,4,10,204.0,0.11648561313768642,0.03663624774948287,4,12,262.0,-0.04959932516323838,-58.0,False
238190,23,Construction,0.21123095010115658,0.06184621058198906,4,10,155.0,0.16174509363714043,0.04355090159528058,4,12,192.0,-0.049485856464016154,-37.0,False
322299,32,Manufacturing - paper/chemicals,0.09054027322326835,0.028095618160426956,4,10,366.0,0.041267527094714276,0.010906851678137736,3,13,647.0,-0.049272746128554076,-281.0,True
112920,11,"Agriculture, forestry, fishing",0.16409892387883512,0.03904639714310985,4,10,211.0,0.11528860144535033,0.021393307253769953,4,12,265.0,-0.04881032243348479,-54.0,False
811198,81,Other services,0.08656054348768855,0.02418264975781675,3,11,383.0,0.03798383768226454,0.008212547478012746,4,12,691.0,-0.048576705805424,-308.0,True
721110,72,Accommodation & food services,0.15709158084257446,0.043155703529047094,3,11,222.0,0.10935527283318239,0.02686898651154146,3,13,280.0,-0.047736308009392076,-58.0,False
312130,31,Manufacturing - food/textiles,0.4232169933314746,0.14645783658005307,4,10,65.0,0.3756179303657092,0.11717588720012599,4,12,78.0,-0.04759906296576544,-13.0,False
811420,81,Other services,0.0996096288342255,0.031113418454566045,4,10,335.0,0.05235805519535467,0.016009008126578697,4,12,509.0,-0.04725157363887083,-174.0,False
112410,11,"Agriculture, forestry, fishing",0.31266907185140747,0.08674975360403969,4,10,95.0,0.2658153506722188,0.06922410505297395,4,12,117.0,-0.04685372117918868,-22.0,False
236115,23,Construction,0.20485897271027934,0.06700788341335961,4,10,165.0,0.15866006857683407,0.0454667228704466,4,12,198.0,-0.04619890413344527,-33.0,False
562998,56,Administrative & waste services,0.08999648285148665,0.02111965962820431,4,10,369.0,0.043885558096789144,0.011538700877522057,3,13,607.0,-0.0461109247546975,-238.0,True
712120,71,"Arts, entertainment & recreation",0.30426784387286765,0.09648961709738788,4,10,100.0,0.25865336111526294,0.07788928454092543,4,12,121.0,-0.04561448275760471,-21.0,False
624229,62,Health care & social assistance,0.10879647082765884,0.04170984553195373,3,11,313.0,0.06326739766785372,0.02384203961279211,3,13,430.0,-0.04552907315980512,-117.0,False
238390,23,Construction,0.1239291044065789,0.04311915678574925,4,10,277.0,0.07842122602005282,0.024543726529758402,4,12,364.0,-0.04550787838652608,-87.0,False
238140,23,Construction,0.3633337757744816,0.11935556115594928,4,10,77.0,0.31790200300734006,0.09506313160853312,4,12,94.0,-0.045431772767141554,-17.0,False
333992,33,Manufacturing - metals/machinery,0.08128482279149993,0.029931941673617193,3,11,398.0,0.03590089987361833,0.009342709500372106,3,13,722.0,-0.0453839229178816,-324.0,False
493120,49,Warehousing & couriers,0.09577397075662668,0.02758230138483416,4,10,345.0,0.051878285367088356,0.008714856599580502,4,12,513.0,-0.04389568538953832,-168.0,False
513199,51,Information,0.10161273243448664,0.024050450765111694,2,11,330.0,0.05802959159619878,0.010472205000308535,4,12,465.0,-0.043583140838287855,-135.0,True
332420,33,Manufacturing - metals/machinery,0.07744452010662883,0.029157540553034413,2,11,417.0,0.03411272130787463,0.008725342110504167,3,13,758.0,-0.043331798798754206,-341.0,True
522310,52,Finance & insurance,0.12868433245997038,0.039943818008794804,4,10,268.0,0.0858823892151672,0.02614398839015933,4,12,333.0,-0.04280194324480317,-65.0,False
926150,92,Public administration,0.08993168508822993,0.035985417759495826,3,11,371.0,0.04760399264155113,0.015129816893903723,3,13,569.0,-0.042327692446678805,-198.0,False
325312,32,Manufacturing - paper/chemicals,0.09213868072590137,0.033418140680189896,3,11,363.0,0.050087183516480956,0.011528980516410686,1,12,530.0,-0.04205149720942041,-167.0,True
541690,54,Professional & technical services,0.19847313235370462,0.06891736081559038,4,10,172.0,0.1566597597513243,0.04589298862560195,4,12,199.0,-0.04181337260238033,-27.0,False
621399,62,Health care & social assistance,0.12025779662771184,0.034349564929854616,4,10,286.0,0.07890265611387744,0.02361089856479028,4,12,362.0,-0.041355140513834404,-76.0,False
327320,32,Manufacturing - paper/chemicals,0.16504190669665325,0.05428131124499767,4,10,206.0,0.12387416461546447,0.03255502802873265,4,12,253.0,-0.041167742081188785,-47.0,False
541211,54,Professional & technical services,0.19707192661540418,0.05064953468709514,2,11,174.0,0.15644419319351813,0.033205542503606585,2,13,201.0,-0.04062773342188605,-27.0,False
517810,51,Information,0.07600766317365858,0.028717311705664904,4,10,423.0,0.035795075226788875,0.009148051625072673,4,12,727.0,-0.0402125879468697,-304.0,False
484220,48,Transportation,0.22459802617491778,0.07898843700004084,4,10,143.0,0.1850822831872715,0.057764164119685345,4,12,168.0,-0.03951574298764629,-25.0,False
812930,81,Other services,0.06600983124398842,0.014456682204816747,3,11,472.0,0.026688224062671295,0.007911239024408878,2,13,880.0,-0.03932160718131712,-408.0,True
327331,32,Manufacturing - paper/chemicals,0.09656972599119937,0.026275534795424948,4,10,342.0,0.05741587046001269,0.010188260093166255,4,12,470.0,-0.03915385553118668,-128.0,False
621310,62,Health care & social assistance,0.09144537336700587,0.02597217994447428,4,10,365.0,0.05251522800327187,0.012654929294620526,4,12,506.0,-0.038930145363733994,-141.0,False
444230,44,Retail trade - general,0.11971419696061364,0.024234020571286995,4,10,290.0,0.08090347123378136,0.01622733390297718,3,13,351.0,-0.03881072572683228,-61.0,True
522292,52,Finance & insurance,0.07374283768037136,0.023237610242864533,4,10,430.0,0.03503819568573171,0.00993008283687183,4,12,739.0,-0.03870464199463965,-309.0,False
321114,32,Manufacturing - paper/chemicals,0.07669180902006215,0.02091656798775945,3,11,421.0,0.03800685136289868,0.01236088812150739,3,13,690.0,-0.03868495765716347,-269.0,False
532420,53,Real estate,0.10744522760052676,0.031216556889122803,4,10,316.0,0.06890794366194507,0.015031190710926727,4,12,402.0,-0.03853728393858169,-86.0,False
562112,56,Administrative & waste services,0.06917290287335587,0.014519965324062205,3,11,458.0,0.03133051024323329,0.008483160787941802,3,13,811.0,-0.03784239263012258,-353.0,False
812320,81,Other services,0.08099653257270142,0.020920762532653656,3,11,400.0,0.043414443942994714,0.01575598004705597,3,13,614.0,-0.03758208862970671,-214.0,False
523991,52,Finance & insurance,0.25766729284519013,0.08414933948712358,4,9,124.0,0.2204554396023824,0.047439993354472944,3,13,143.0,-0.037211853242807735,-19.0,True
486210,48,Transportation,0.06093769921900101,0.01929229510157377,1,10,499.0,0.023873671138399038,0.006099370718691638,4,12,912.0,-0.03706402808060197,-413.0,True
488999,48,Transportation,0.05797369028718175,0.01479407346410046,4,10,523.0,0.021068734655985223,0.004088826156169728,3,13,945.0,-0.03690495563119653,-422.0,True
532412,53,Real estate,0.07057444622338085,0.019342985004895605,4,10,451.0,0.03378938522349978,0.0076765640429916964,4,12,763.0,-0.036785060999881075,-312.0,False
532112,53,Real estate,0.0673174363140015,0.019208269217679364,4,10,467.0,0.030783993532586942,0.009491377483009754,4,12,819.0,-0.03653344278141456,-352.0,False
485991,48,Transportation,0.06000151942260663,0.012958264996859396,3,11,509.0,0.023648657384893062,0.0070353368086396645,3,13,918.0,-0.03635286203771357,-409.0,False
611699,61,Educational services,0.31586703032853836,0.10279016884072076,3,11,94.0,0.279780901831371,0.10508130978010823,3,13,109.0,-0.03608612849716736,-15.0,False
333921,33,Manufacturing - metals/machinery,0.06939645277851153,0.021359841158828205,3,11,456.0,0.03337842741224558,0.011572221238285356,3,13,769.0,-0.03601802536626595,-313.0,False
327310,32,Manufacturing - paper/chemicals,0.05937724188952609,0.018611512538082145,3,11,514.0,0.023589102876786793,0.0075815191970608625,3,13,919.0,-0.03578813901273929,-405.0,False
611511,61,Educational services,0.05222570123216933,0.010916289284113806,4,10,569.0,0.016911605350159137,0.005516639457655677,3,13,969.0,-0.03531409588201019,-400.0,True
236117,23,Construction,0.11154072891788769,0.03589462511857564,4,10,308.0,0.07624449203660826,0.019830948191786307,4,12,373.0,-0.03529623688127943,-65.0,False
713910,71,"Arts, entertainment & recreation",0.7685318081114177,0.2516872186239157,4,10,31.0,0.7333371261852738,0.20711421765546634,4,12,33.0,-0.035194681926143945,-2.0,False
812310,81,Other services,0.08836209853955644,0.01695677095569411,4,10,376.0,0.05322122569021976,0.010358251957916146,3,13,499.0,-0.03514087284933668,-123.0,True
213115,21,"Mining, quarrying, oil & gas",0.12498679875484471,0.03487630497657836,4,10,273.0,0.09012461748553213,0.03166817991162312,4,12,323.0,-0.03486218126931258,-50.0,False
445132,44,Retail trade - general,0.0712867528075364,0.018463505539312575,4,10,444.0,0.03675247622564926,0.008598649189354537,3,13,715.0,-0.03453427658188713,-271.0,True
541214,54,Professional & technical services,0.3863850480559269,0.11530099652166244,4,10,72.0,0.35273316515150577,0.10651724500547176,4,12,83.0,-0.033651882904421115,-11.0,False
311213,31,Manufacturing - food/textiles,0.0863485734752636,0.025984296721583353,3,11,384.0,0.05318126430841496,0.021700621112114085,3,13,500.0,-0.033167309166848645,-116.0,False
722511,72,Accommodation & food services,0.16425475081475227,0.05284370758508747,3,11,209.0,0.13112933887147907,0.04698547859688389,3,13,242.0,-0.0331254119432732,-33.0,False
311512,31,Manufacturing - food/textiles,0.08189936743328186,0.02265450920989028,3,11,397.0,0.0488147295721996,0.009338028706717018,3,13,557.0,-0.033084637861082254,-160.0,False
561320,56,Administrative & waste services,0.32805142278682287,0.09440067290537747,4,7,88.0,0.295647597682023,0.07113536319897193,4,11,101.0,-0.03240382510479989,-13.0,False
621210,62,Health care & social assistance,0.0606409322814691,0.013962221017280585,4,10,505.0,0.028261968575776963,0.007395924218707485,3,13,847.0,-0.03237896370569214,-342.0,True
561740,56,Administrative & waste services,0.13702750889115162,0.038443207675264955,4,10,255.0,0.10496698263052565,0.025585087721855127,4,12,291.0,-0.03206052626062597,-36.0,False
551112,55,Management of companies,0.10986807234888099,0.04285640071932671,4,10,311.0,0.07790051534354753,0.025263244438090564,4,12,366.0,-0.03196755700533346,-55.0,False
423320,42,Wholesale trade,0.10813281722533412,0.0333875930840303,4,10,315.0,0.07628260626943595,0.018009251094566674,4,12,372.0,-0.03185021095589817,-57.0,False
339116,33,Manufacturing - metals/machinery,0.04284480094589761,0.010228081740768299,4,10,654.0,0.01100098340470279,0.0027378147786814313,4,12,988.0,-0.03184381754119482,-334.0,False
541420,54,Professional & technical services,0.093259551876706,0.039127965944166884,4,10,354.0,0.0615558998222427,0.017849454506914757,4,12,443.0,-0.031703652054463294,-89.0,False
236220,23,Construction,0.12184980616224311,0.035184969443680304,4,10,281.0,0.09021137555940702,0.02142284908330748,4,12,321.0,-0.031638430602836096,-40.0,False
445131,44,Retail trade - general,0.12645765785060678,0.029698437718933046,3,11,271.0,0.09571944767103505,0.02485362143088725,3,13,306.0,-0.030738210179571734,-35.0,False
323113,32,Manufacturing - paper/chemicals,0.08356254623209401,0.019821669072946465,3,11,392.0,0.053049478105674196,0.015356625342069882,3,13,502.0,-0.030513068126419816,-110.0,False
488490,48,Transportation,0.0688155247347755,0.020262916326233706,3,11,459.0,0.03864471493312273,0.008471336609384381,4,12,682.0,-0.030170809801652765,-223.0,True
488320,48,Transportation,0.17167780326557544,0.0565693593757157,4,10,198.0,0.14169999833723484,0.028885475817621464,4,12,220.0,-0.029977804928340596,-22.0,False
611110,61,Educational services,0.21474038157327555,0.0763658217495245,2,11,153.0,0.18538080588467007,0.05740406897957095,2,13,166.0,-0.029359575688605477,-13.0,False
445292,44,Retail trade - general,0.1922572242073133,0.06705914767252938,4,10,178.0,0.1630787025155987,0.040091548877805874,1,12,189.0,-0.029178521691714615,-11.0,True
811191,81,Other services,0.14576462749726513,0.04761650202025125,3,11,243.0,0.11661613115306318,0.03623072888543689,3,13,261.0,-0.02914849634420194,-18.0,False
541720,54,Professional & technical services,0.14539737231198857,0.049795942224883566,3,11,244.0,0.11638642690880456,0.040640560644790505,3,13,263.0,-0.02901094540318401,-19.0,False
522291,52,Finance & insurance,0.059050543929862566,0.017954695002435763,4,10,519.0,0.03007045446947015,0.006192397897705788,4,12,829.0,-0.028980089460392416,-310.0,False
811490,81,Other services,0.17446704078870964,0.04930577952269742,4,10,194.0,0.14591791807207355,0.038627728016095514,4,12,212.0,-0.028549122716636094,-18.0,False
811122,81,Other services,0.07694819175422477,0.020250999401993264,4,10,419.0,0.04865671858285444,0.013413947755861669,3,13,559.0,-0.028291473171370325,-140.0,True
481111,48,Transportation,0.04744356636806687,0.014312832184928037,4,10,620.0,0.019346149151016036,0.004917430325536639,2,13,958.0,-0.02809741721705083,-338.0,True
314999,31,Manufacturing - food/textiles,0.06724841994044096,0.018858983229270272,4,10,468.0,0.039190056811996936,0.007953896555023602,3,13,671.0,-0.02805836312844403,-203.0,True
522220,52,Finance & insurance,0.06231468108296256,0.022832489124536386,4,10,491.0,0.03437625533447709,0.01086502674398864,4,12,753.0,-0.027938425748485464,-262.0,False
561440,56,Administrative & waste services,0.06251518288422139,0.013003625872505616,3,11,487.0,0.034810987042467406,0.006721435671539924,3,13,744.0,-0.027704195841753987,-257.0,False
313210,31,Manufacturing - food/textiles,0.05936783109325478,0.016190497097014655,2,11,515.0,0.031925847644326204,0.009819790780230951,3,13,796.0,-0.027441983448928578,-281.0,True
112120,11,"Agriculture, forestry, fishing",0.1485993782835875,0.04650114640955173,4,10,236.0,0.12128067403808448,0.03177941034663881,4,12,257.0,-0.027318704245503006,-21.0,False
336330,33,Manufacturing - metals/machinery,0.1554101602756388,0.06008731493692436,4,10,224.0,0.12813487502413712,0.037627267441211955,4,12,249.0,-0.02727528525150169,-25.0,False
532490,53,Real estate,0.1413714365060872,0.041235345567331,4,10,250.0,0.11416477299816473,0.03145635713334841,4,12,269.0,-0.02720666350792246,-19.0,False
327332,32,Manufacturing - paper/chemicals,0.12739808213049567,0.037634981571538204,4,10,269.0,0.10028726019174514,0.022066505635919154,4,12,301.0,-0.02711082193875053,-32.0,False
332112,33,Manufacturing - metals/machinery,0.0684087670689917,0.021791790640686513,3,11,463.0,0.04133833248952655,0.011345892722701098,3,13,646.0,-0.027070434579465147,-183.0,False
212313,21,"Mining, quarrying, oil & gas",0.05008506149903444,0.012506959917328525,3,11,590.0,0.023128191063492842,0.006609041696990219,3,13,926.0,-0.026956870435541597,-336.0,False
424350,42,Wholesale trade,0.06371694102578136,0.019567739498832698,4,10,478.0,0.036796492903051196,0.00985027365328995,4,12,713.0,-0.026920448122730166,-235.0,False
532210,53,Real estate,0.0938444230552831,0.023124543869996735,4,10,352.0,0.06698081753593471,0.011630696610045002,4,12,411.0,-0.026863605519348382,-59.0,False
334210,33,Manufacturing - metals/machinery,0.1014437946584457,0.031741183963764116,4,10,331.0,0.07466403097922542,0.023986695722275003,4,12,379.0,-0.02677976367922029,-48.0,False
334511,33,Manufacturing - metals/machinery,0.060022400735060856,0.022201805367772304,3,11,508.0,0.03328969617098021,0.008516518024481104,3,13,773.0,-0.026732704564080646,-265.0,False
321215,32,Manufacturing - paper/chemicals,0.10980645443509847,0.028444997561484938,3,11,312.0,0.08313340774307897,0.0228948871024081,3,13,345.0,-0.026673046692019503,-33.0,False
541910,54,Professional & technical services,0.1628534791017425,0.038396839998899125,4,10,212.0,0.13618611166762495,0.0374440815376529,4,12,229.0,-0.026667367434117545,-17.0,False
335139,33,Manufacturing - metals/machinery,0.0387300578727409,0.012789696947545509,4,10,698.0,0.012183574739077921,0.00274880218120078,4,12,984.0,-0.02654648313366298,-286.0,False
481211,48,Transportation,0.08034392104432987,0.022972021335403527,4,10,403.0,0.0539681915902844,0.015704266924265044,4,12,495.0,-0.02637572945404547,-92.0,False
561622,56,Administrative & waste services,0.05661966927472575,0.01608930929984413,4,10,530.0,0.03042739735285965,0.007684444744395524,4,12,823.0,-0.026192271921866097,-293.0,False
459930,45,Retail trade - specialty,0.11587294739968146,0.03624752317936024,4,10,299.0,0.0897579896628458,0.023571692895109946,4,12,325.0,-0.026114957736835656,-26.0,False
311611,31,Manufacturing - food/textiles,0.04889451010209055,0.015840028147783857,4,10,600.0,0.022825460819754003,0.006452845029889923,3,13,930.0,-0.02606904928233655,-330.0,True
212220,21,"Mining, quarrying, oil & gas",0.08008909258482994,0.029878858010049393,3,11,406.0,0.054054093641167374,0.018026988495630628,3,13,494.0,-0.02603499894366256,-88.0,False
488330,48,Transportation,0.08900172370923713,0.03186612042635521,4,10,374.0,0.06316346719042114,0.017942569134979238,4,12,432.0,-0.025838256518815994,-58.0,False
513140,51,Information,0.04103553444653908,0.012997465173007622,4,10,673.0,0.015267858742835094,0.0032951654362719583,2,13,975.0,-0.025767675703703988,-302.0,True
238340,23,Construction,0.1179654868588021,0.03683621730110131,4,10,294.0,0.09233720310150181,0.02390915806292913,4,12,313.0,-0.02562828375730028,-19.0,False
486110,48,Transportation,0.0478251501499196,0.020793805101435497,1,10,614.0,0.022447948835844854,0.007056480455745902,3,13,932.0,-0.025377201314074747,-318.0,True
541840,54,Professional & technical services,0.07438462759350897,0.024418459743739473,4,10,428.0,0.04925400181057187,0.012103577725629778,4,12,551.0,-0.0251306257829371,-123.0,False
541380,54,Professional & technical services,0.07768252221967592,0.0259815891342965,4,10,414.0,0.05261729040800114,0.012966635114636102,4,12,505.0,-0.025065231811674783,-91.0,False
311930,31,Manufacturing - food/textiles,0.04454712859389431,0.016314298310517627,4,10,640.0,0.019483585033779963,0.005332887301270423,3,13,956.0,-0.025063543560114344,-316.0,True
327211,32,Manufacturing - paper/chemicals,0.06074693510895091,0.017432090734483634,4,10,500.0,0.035866680811528336,0.011125406503358538,3,13,724.0,-0.024880254297422577,-224.0,True
811430,81,Other services,0.08399587220057435,0.02050074445853124,4,10,390.0,0.05911868571686188,0.017589815856043245,1,12,458.0,-0.02487718648371247,-68.0,True
321920,32,Manufacturing - paper/chemicals,0.07354172211110323,0.014381011301483863,3,11,431.0,0.04884653264572275,0.00847608997787911,3,13,556.0,-0.024695189465380477,-125.0,False
115210,11,"Agriculture, forestry, fishing",0.13811460187578,0.03442590128332065,4,10,253.0,0.11348532914644822,0.022815797182084412,4,12,273.0,-0.024629272729331783,-20.0,False
238220,23,Construction,0.0796133671365544,0.02039317227066153,4,10,409.0,0.055076664632278685,0.010977761700395876,3,13,487.0,-0.024536702504275712,-78.0,True
423860,42,Wholesale trade,0.06019228670363109,0.017487139168159367,4,10,507.0,0.03584788039912387,0.00824296031348416,4,12,726.0,-0.024344406304507217,-219.0,False
516120,51,Information,0.057779171747515436,0.012890893107363178,4,10,526.0,0.03353423177524452,0.010343806298722374,1,12,767.0,-0.024244939972270917,-241.0,True
423940,42,Wholesale trade,0.05911445312139138,0.02404836276120766,4,10,518.0,0.03499598118752023,0.010077426377431377,4,12,740.0,-0.02411847193387115,-222.0,False
812111,81,Other services,0.08609996387414999,0.025737619535029947,4,10,385.0,0.06198935030533503,0.015667820163797076,1,12,442.0,-0.024110613568814963,-57.0,True
111191,11,"Agriculture, forestry, fishing",0.9903725821164298,0.3373478054457322,4,10,14.0,0.9663909606920935,0.30629176002890807,4,12,14.0,-0.02398162142433624,0.0,False
459991,45,Retail trade - specialty,0.09035323708359648,0.02453031972970699,4,10,367.0,0.06641845621866574,0.014412937942142458,3,13,413.0,-0.02393478086493074,-46.0,True
921190,92,Public administration,0.14002573547619368,0.054911720075140696,3,11,251.0,0.11615022769189907,0.036391550567490064,3,13,264.0,-0.023875507784294606,-13.0,False
541614,54,Professional & technical services,0.09219746675724091,0.029295706359896534,4,10,362.0,0.06843260915123295,0.019724443624921262,4,12,403.0,-0.023764857606007966,-41.0,False
524298,52,Finance & insurance,0.07216393819694619,0.02275802954745661,4,10,439.0,0.048606711125345974,0.013403187224569008,4,12,561.0,-0.02355722707160022,-122.0,False
449121,44,Retail trade - general,0.0625388553404784,0.01805492361748488,4,10,486.0,0.03913959914696861,0.009092822126927127,3,13,672.0,-0.023399256193509792,-186.0,True
561613,56,Administrative & waste services,0.05168586897142841,0.01165537320270858,4,10,574.0,0.02850401296389851,0.0038882344890996392,2,13,843.0,-0.023181856007529904,-269.0,True
711219,71,"Arts, entertainment & recreation",0.28949763958025976,0.07535743999368309,4,10,108.0,0.266489561685434,0.06629387670442795,4,12,114.0,-0.023008077894825785,-6.0,False
456199,45,Retail trade - specialty,0.06661044698002021,0.02315263300480754,4,10,469.0,0.043632914100202126,0.013930058129925116,4,12,608.0,-0.02297753287981808,-139.0,False
112990,11,"Agriculture, forestry, fishing",0.12899416628757873,0.030391907691119567,4,10,267.0,0.1063209597080285,0.023670311997500294,4,12,289.0,-0.02267320657955023,-22.0,False
561422,56,Administrative & waste services,0.09243011673317614,0.02023950382657531,2,11,358.0,0.06983511989961468,0.023526307852386758,4,12,399.0,-0.022594996833561462,-41.0,True
561510,56,Administrative & waste services,0.09908048277772963,0.02897544959572009,4,10,337.0,0.07652509995213622,0.01905320197883571,4,12,371.0,-0.022555382825593412,-34.0,False
541618,54,Professional & technical services,0.15639421602210463,0.05230666821050687,4,10,223.0,0.13387861712557653,0.03967962589131066,4,12,235.0,-0.0225155988965281,-12.0,False
455219,45,Retail trade - specialty,0.095334873797063,0.029988395869514677,4,10,346.0,0.07311503588149375,0.01573062340965312,3,13,389.0,-0.02221983791556925,-43.0,True
311942,31,Manufacturing - food/textiles,0.05328873350861234,0.021366860415817777,4,10,557.0,0.031169234979718505,0.008318357274751954,4,12,814.0,-0.022119498528893833,-257.0,False
333923,33,Manufacturing - metals/machinery,0.05459078968749607,0.015235981505962604,4,10,545.0,0.0325828636127381,0.007522769301981056,3,13,789.0,-0.022007926074757968,-244.0,True
722515,72,Accommodation & food services,0.3114140999253883,0.12414786160584158,3,11,96.0,0.28947094755948777,0.1032122987167902,3,13,105.0,-0.021943152365900553,-9.0,False
423740,42,Wholesale trade,0.05468164672971608,0.01873403358396608,3,11,544.0,0.03302499542250478,0.006637373955073231,4,12,783.0,-0.021656651307211297,-239.0,True
311514,31,Manufacturing - food/textiles,0.04097197821538644,0.00956533228653302,4,10,674.0,0.019428357903539507,0.005563679330015226,3,13,957.0,-0.02154362031184693,-283.0,True
112512,11,"Agriculture, forestry, fishing",0.2874362814704466,0.07918002821290676,3,11,112.0,0.2661859597822593,0.07425797772193418,3,13,115.0,-0.0212503216881873,-3.0,False
517410,51,Information,0.06068318939473301,0.02336599640323716,1,10,501.0,0.039457166644760004,0.01071605873219869,4,12,668.0,-0.021226022749973004,-167.0,True
813311,81,Other services,0.1299229137904589,0.04707451620745788,3,11,266.0,0.10874284422563028,0.03285684603353654,3,13,282.0,-0.02118006956482861,-16.0,False
524292,52,Finance & insurance,0.07340169817983347,0.029980779267628432,4,10,433.0,0.05237807821982242,0.01586290334771282,1,12,508.0,-0.02102361996001105,-75.0,True
336310,33,Manufacturing - metals/machinery,0.06094034561978197,0.020525626070779696,4,10,498.0,0.04010529425187766,0.010513220070841036,4,12,660.0,-0.02083505136790431,-162.0,False
424990,42,Wholesale trade,0.11185230569535749,0.03755213617655462,4,10,307.0,0.09110282650431015,0.026736985157668352,4,12,316.0,-0.020749479191047346,-9.0,False
621391,62,Health care & social assistance,0.07086266208234311,0.0205674060236239,4,10,450.0,0.050186584935859486,0.014872355811793357,4,12,528.0,-0.020676077146483625,-78.0,False
541940,54,Professional & technical services,0.10088253625721817,0.037734443833977054,3,11,333.0,0.08038277732324892,0.029480079711934025,3,13,354.0,-0.020499758933969256,-21.0,False
488390,48,Transportation,0.0545339859548406,0.01942699830269509,3,11,546.0,0.03442539553842851,0.009169484205928075,4,12,751.0,-0.020108590416412095,-205.0,True
326211,32,Manufacturing - paper/chemicals,0.04311697437271875,0.01650294625618281,4,10,653.0,0.02314747707432115,0.005105638889254887,2,13,925.0,-0.019969497298397598,-272.0,True
336510,33,Manufacturing - metals/machinery,0.03580491272827078,0.011396327113951648,1,10,728.0,0.015884293586428615,0.0044065057817060235,2,13,972.0,-0.019920619141842164,-244.0,True
456191,45,Retail trade - specialty,0.09034765499916847,0.02161219880263945,3,11,368.0,0.07074506456053116,0.020159056450667685,3,13,397.0,-0.01960259043863731,-29.0,False
712130,71,"Arts, entertainment & recreation",0.30911993393951875,0.12099596465352482,3,11,98.0,0.2895294031137131,0.09075647402781328,3,13,104.0,-0.01959053082580564,-6.0,False
333242,33,Manufacturing - metals/machinery,0.0366031343415726,0.013171347704975703,4,10,716.0,0.01714586645818734,0.004156263931756791,4,12,966.0,-0.019457267883385258,-250.0,False
336411,33,Manufacturing - metals/machinery,0.10276318551526335,0.033434649934135086,3,11,326.0,0.08332885329670454,0.022718188936317055,1,12,344.0,-0.01943433221855881,-18.0,True
336999,33,Manufacturing - metals/machinery,0.05784402348863917,0.017128340217441997,4,10,525.0,0.038428746758838325,0.009464053302415886,2,13,684.0,-0.019415276729800847,-159.0,True
811111,81,Other services,0.05438762147573381,0.012211667375214143,4,10,547.0,0.0350636152658962,0.007924010366741101,3,13,738.0,-0.01932400620983761,-191.0,True
813110,81,Other services,0.16186700962893552,0.046440951116068344,3,11,215.0,0.14258931953856022,0.04011482618050144,3,13,218.0,-0.019277690090375305,-3.0,False
488111,48,Transportation,0.03703292914378531,0.011391113209926352,2,11,712.0,0.017770343336316753,0.004352107270878802,3,12,963.0,-0.019262585807468556,-251.0,True
441110,44,Retail trade - general,0.048243447800204384,0.012274252428704661,3,11,607.0,0.029010242972094438,0.010303007572211031,3,13,840.0,-0.019233204828109945,-233.0,False
624120,62,Health care & social assistance,0.06064844463184069,0.023145407819845257,3,11,504.0,0.04149022718214967,0.014450518230980222,3,13,644.0,-0.01915821744969102,-140.0,False
334517,33,Manufacturing - metals/machinery,0.045851465814557645,0.014332113006284196,3,11,629.0,0.02709739022820595,0.006310425979375943,4,12,869.0,-0.018754075586351695,-240.0,True
311221,31,Manufacturing - food/textiles,0.06341171698867236,0.01989360270122652,3,11,480.0,0.044772086849288295,0.011345476327592448,3,13,594.0,-0.018639630139384064,-114.0,False
423520,42,Wholesale trade,0.05787305398545592,0.024001102607916266,4,10,524.0,0.03958142010491548,0.010915301973842032,4,12,665.0,-0.01829163388054044,-141.0,False
531311,53,Real estate,0.09586968866482791,0.03419757167953555,3,11,343.0,0.07764534998323595,0.024095469651145156,3,13,368.0,-0.018224338681591956,-25.0,False
455211,45,Retail trade - specialty,0.07268998987844004,0.017835003811196216,2,11,437.0,0.05452773360870342,0.014797571241338306,4,12,491.0,-0.018162256269736617,-54.0,True
459920,45,Retail trade - specialty,0.13228793679172507,0.04547715007393909,4,10,262.0,0.11419196248607145,0.037386943244022496,4,12,268.0,-0.018095974305653614,-6.0,False
484122,48,Transportation,0.05561206152315958,0.016215421987147833,4,10,537.0,0.03761230500426639,0.009321718502443236,3,13,695.0,-0.01799975651889319,-158.0,True
336413,33,Manufacturing - metals/machinery,0.029792783721410216,0.009227329956539477,3,11,806.0,0.011796331605773222,0.004035527283898597,3,13,985.0,-0.017996452115636996,-179.0,False
624310,62,Health care & social assistance,0.12182336025267403,0.049224906582546475,3,11,282.0,0.10389479192353598,0.03854696912390332,3,13,294.0,-0.017928568329138042,-12.0,False
112112,11,"Agriculture, forestry, fishing",0.09481096553817016,0.02766909944734155,4,10,347.0,0.07689431342573706,0.021091815492402393,4,12,370.0,-0.017916652112433096,-23.0,False
541512,54,Professional & technical services,0.07844265895381722,0.02786222719214394,4,10,412.0,0.060553272090746804,0.01789043148123993,4,12,448.0,-0.017889386863070414,-36.0,False
488119,48,Transportation,0.057288926187845174,0.015045320800645438,3,11,527.0,0.03943949746207046,0.00967737449093241,2,13,669.0,-0.01784942872577471,-142.0,True
456130,45,Retail trade - specialty,0.05251288736699568,0.017973784077765422,3,11,567.0,0.034825329005406865,0.006985999646766485,4,12,743.0,-0.017687558361588814,-176.0,True
221117,22,Utilities,0.04152095530549909,0.014382321164829676,3,11,666.0,0.023938365529779147,0.005324728628391188,1,12,911.0,-0.017582589775719942,-245.0,True
324199,32,Manufacturing - paper/chemicals,0.14219035053555418,0.04918358951857704,3,11,248.0,0.12474907141410871,0.04021982561239782,3,13,252.0,-0.01744127912144547,-4.0,False
457110,45,Retail trade - specialty,0.1245486514070241,0.032686622090394614,3,11,275.0,0.10717976161915017,0.026698292848917726,3,13,287.0,-0.01736888978787393,-12.0,False
423910,42,Wholesale trade,0.08858369459220967,0.0270220450997111,3,11,375.0,0.07131098167725237,0.021479258161718952,3,13,394.0,-0.0172727129149573,-19.0,False
425120,42,Wholesale trade,0.09682245471744624,0.03279935665793001,4,10,341.0,0.07972001539603163,0.024684277439398692,4,12,357.0,-0.017102439321414614,-16.0,False
445250,44,Retail trade - general,0.21946184929700097,0.0721788035351929,3,11,149.0,0.2023672340933398,0.05794398628105498,3,13,154.0,-0.01709461520366118,-5.0,False
334519,33,Manufacturing - metals/machinery,0.040881178836028265,0.011961515962796012,4,10,678.0,0.023798872580314694,0.006729249640746037,3,13,914.0,-0.01708230625571357,-236.0,True
335220,33,Manufacturing - metals/machinery,0.055953911997549975,0.01442815185891905,4,10,534.0,0.03891606954670532,0.01230480577348918,3,13,676.0,-0.017037842450844658,-142.0,True
541410,54,Professional & technical services,0.17664670824727402,0.0659208539176961,4,10,192.0,0.15981772418951437,0.052240562086975105,4,12,194.0,-0.01682898405775965,-2.0,False
611519,61,Educational services,0.11762054757635737,0.035079798638260336,2,11,297.0,0.10081413506661271,0.02081725469348186,2,13,300.0,-0.016806412509744656,-3.0,False
541714,54,Professional & technical services,0.05008403901675889,0.01290558255419866,3,11,591.0,0.03332623691591554,0.008599113241467747,3,13,771.0,-0.01675780210084335,-180.0,False
334610,33,Manufacturing - metals/machinery,0.040933757156740185,0.011963454694082342,4,10,675.0,0.02419646124303128,0.006575709905583179,3,13,909.0,-0.016737295913708903,-234.0,True
316110,31,Manufacturing - food/textiles,0.040114751925400594,0.014330632145228558,4,10,684.0,0.0235040708060512,0.004566920671626993,2,13,921.0,-0.016610681119349394,-237.0,True
424450,42,Wholesale trade,0.06300122850087107,0.024595476124825773,4,10,482.0,0.046404016817925234,0.014073293958203321,4,12,578.0,-0.01659721168294584,-96.0,False
541511,54,Professional & technical services,0.06870991644090631,0.022676676638903222,4,10,461.0,0.05214510958859504,0.014216046073629694,4,12,511.0,-0.016564806852311265,-50.0,False
238210,23,Construction,0.064412913158817,0.018154851172686927,4,10,477.0,0.04793223412030138,0.011456516769182272,3,13,567.0,-0.016480679038515626,-90.0,True
325411,32,Manufacturing - paper/chemicals,0.04749272131380141,0.013908288664026236,4,10,619.0,0.031013651457288606,0.007839668906349876,4,12,817.0,-0.016479069856512804,-198.0,False
481112,48,Transportation,0.04969808140231972,0.011665720175974718,4,10,593.0,0.033247775739671526,0.008995583104316293,4,12,776.0,-0.01645030566264819,-183.0,False
721191,72,Accommodation & food services,0.3344021124421834,0.09672693584039686,4,10,85.0,0.3180444711269364,0.09907785305988093,4,12,93.0,-0.016357641315246974,-8.0,False
331315,33,Manufacturing - metals/machinery,0.024396397306729236,0.005852291350102922,2,11,865.0,0.008235523246426237,0.0029637473464017776,3,13,993.0,-0.016160874060302997,-128.0,True
541340,54,Professional & technical services,0.11539266137048503,0.043379179307978424,4,10,300.0,0.09936511391664755,0.03429351721088416,4,12,304.0,-0.01602754745383747,-4.0,False
921140,92,Public administration,0.16504436023477445,0.0636480572677905,3,11,205.0,0.14916690078308942,0.04900896951175985,3,13,207.0,-0.015877459451685033,-2.0,False
621112,62,Health care & social assistance,0.09737378959942991,0.030787827278975895,4,10,339.0,0.0815173472895589,0.022313746026807208,4,12,349.0,-0.015856442309871016,-10.0,False
924120,92,Public administration,0.2099430675536386,0.06512269260970643,3,11,158.0,0.19427384726384958,0.052739234306051645,3,13,159.0,-0.01566922028978901,-1.0,False
423930,42,Wholesale trade,0.055501526013596265,0.013540497186941594,4,10,538.0,0.03986745895088238,0.013243073217820204,3,13,663.0,-0.015634067062713884,-125.0,True
322291,32,Manufacturing - paper/chemicals,0.03150871334520406,0.012277843258839233,3,11,789.0,0.015891303091368224,0.004515955935240926,3,13,971.0,-0.015617410253835836,-182.0,False
313310,31,Manufacturing - food/textiles,0.04525259986066506,0.012840578900685427,3,11,633.0,0.02972463630135081,0.009244375780689524,3,13,832.0,-0.015527963559314246,-199.0,False
314910,31,Manufacturing - food/textiles,0.07754110888727309,0.017897301550231025,3,11,416.0,0.062083557766006714,0.014269048726361581,3,13,441.0,-0.015457551121266372,-25.0,False
331512,33,Manufacturing - metals/machinery,0.046869634129978625,0.013598564598671621,3,11,624.0,0.031444080715317686,0.010609770579573328,3,13,808.0,-0.015425553414660939,-184.0,False
722513,72,Accommodation & food services,0.18674033772854667,0.050996461538336056,3,11,184.0,0.17133438819869892,0.053712004122437436,3,13,180.0,-0.015405949529847751,4.0,False
926120,92,Public administration,0.036723049141647424,0.014863504998316008,3,11,713.0,0.021335404338965185,0.003723704991254851,3,13,943.0,-0.015387644802682239,-230.0,False
812113,81,Other services,0.17848875467574338,0.059711669677492175,4,10,189.0,0.1632610260643949,0.04454028595559085,4,11,188.0,-0.015227728611348468,1.0,False
523160,52,Finance & insurance,0.07128399189237827,0.025070449718026543,4,10,445.0,0.05610967950085448,0.016421198460159003,4,12,480.0,-0.015174312391523795,-35.0,False
541519,54,Professional & technical services,0.08326753681814596,0.030307681715458345,4,10,393.0,0.0681475474625553,0.020284372169016875,4,12,405.0,-0.015119989355590654,-12.0,False
424430,42,Wholesale trade,0.06466272970880478,0.018983704714924676,3,11,475.0,0.049665525386367225,0.013006390323812777,3,13,542.0,-0.014997204322437556,-67.0,False
621340,62,Health care & social assistance,0.07504098365692041,0.0257532662624661,3,11,425.0,0.06017931087694593,0.02232979371307555,3,13,452.0,-0.01486167277997448,-27.0,False
541110,54,Professional & technical services,0.06816565817563633,0.02289160078572984,3,11,464.0,0.05332073827957162,0.013734401429255392,3,13,497.0,-0.014844919896064707,-33.0,False
713940,71,"Arts, entertainment & recreation",0.6125135256435902,0.2377446837148559,3,11,44.0,0.5980084419156281,0.19940880806861858,3,13,49.0,-0.01450508372796211,-5.0,False
339940,33,Manufacturing - metals/machinery,0.04109229223341968,0.01638301115726358,3,11,672.0,0.026603731131107197,0.009893627496357159,3,13,882.0,-0.014488561102312485,-210.0,False
334310,33,Manufacturing - metals/machinery,0.07166452823969251,0.016052374835953554,2,11,442.0,0.05745465590192599,0.01603464818921513,4,12,468.0,-0.014209872337766515,-26.0,True
621320,62,Health care & social assistance,0.05858399918039922,0.01294370422762809,3,11,521.0,0.04443882180376453,0.015494944176732788,3,13,598.0,-0.01414517737663469,-77.0,False
331420,33,Manufacturing - metals/machinery,0.045820178469750186,0.01919266424157736,4,10,630.0,0.03171012522260076,0.008098246006639245,3,13,800.0,-0.014110053247149423,-170.0,True
423130,42,Wholesale trade,0.0512260129131895,0.02024364551728559,3,11,578.0,0.037122903763374404,0.00943872418054527,3,13,704.0,-0.014103109149815093,-126.0,False
812910,81,Other services,0.1621636181636412,0.05973915166872936,3,11,214.0,0.1480766403963837,0.05097824362449547,3,13,208.0,-0.01408697776725748,6.0,False
339113,33,Manufacturing - metals/machinery,0.041403967949808,0.012759512326487749,4,10,667.0,0.027340867450252198,0.008748153231018765,3,13,864.0,-0.014063100499555805,-197.0,True
459999,45,Retail trade - specialty,0.18881251206968172,0.0720568135307699,4,10,181.0,0.174844493942084,0.04474115842133272,3,13,178.0,-0.013968018127597709,3.0,True
623220,62,Health care & social assistance,0.06516315365859267,0.025869414787477184,3,11,473.0,0.05122958294065388,0.015392486065804959,3,13,520.0,-0.013933570717938791,-47.0,False
531110,53,Real estate,0.09376138144855915,0.031787681674762,3,11,353.0,0.07991687036812653,0.02038410901565079,3,13,356.0,-0.013844511080432623,-3.0,False
321992,32,Manufacturing - paper/chemicals,0.08578400316219909,0.019252235233205958,4,10,387.0,0.0720067764956172,0.01726398045094518,3,13,393.0,-0.01377722666658189,-6.0,True
812220,81,Other services,0.2980778947063475,0.09109865418779636,4,10,103.0,0.2843980981467594,0.08033622464848075,4,12,107.0,-0.013679796559588064,-4.0,False
624221,62,Health care & social assistance,0.07087219673630916,0.023279990578601518,3,11,448.0,0.057259043566744244,0.019460898475264436,3,13,472.0,-0.01361315316956492,-24.0,False
424310,42,Wholesale trade,0.05383956550795898,0.01668889105418902,4,10,552.0,0.04027416159451308,0.012383513020877179,4,12,657.0,-0.013565403913445899,-105.0,False
811114,81,Other services,0.048286110992817204,0.010544068957361367,3,11,606.0,0.03473969477193711,0.008207895036409663,3,13,746.0,-0.01354641622088009,-140.0,False
811121,81,Other services,0.041166854262555334,0.010789297132164154,3,11,671.0,0.027631086970688713,0.0070675418135822945,3,13,862.0,-0.013535767291866622,-191.0,False
622310,62,Health care & social assistance,0.04258706699958027,0.012882775733088632,3,11,657.0,0.02922166643212825,0.007832295470099069,3,13,838.0,-0.013365400567452022,-181.0,False
334290,33,Manufacturing - metals/machinery,0.03248469235606321,0.00961283554548074,4,10,775.0,0.01920959446533766,0.003906327496671233,4,12,959.0,-0.013275097890725548,-184.0,False
321999,32,Manufacturing - paper/chemicals,0.056232967853240126,0.009225047854981006,2,11,533.0,0.043048966164047804,0.009880052064330661,3,13,617.0,-0.013184001689192322,-84.0,True
513130,51,Information,0.06160516147889832,0.01875452772253254,3,11,496.0,0.04849665646621555,0.008126715181274209,4,12,562.0,-0.013108505012682771,-66.0,True
624190,62,Health care & social assistance,0.10387714279317166,0.04120343381531158,3,11,322.0,0.09079424812259376,0.03189975466982116,3,13,318.0,-0.013082894670577896,4.0,False
456110,45,Retail trade - specialty,0.0551945167291394,0.020100503654000016,3,11,540.0,0.042197888376738234,0.009276984946257675,3,13,628.0,-0.012996628352401167,-88.0,False
458110,45,Retail trade - specialty,0.13618675320740536,0.02992273553246161,3,11,256.0,0.1232630528734721,0.018585708696918904,1,12,254.0,-0.012923700333933266,2.0,True
532289,53,Real estate,0.24550022531346502,0.06726222939645216,4,10,130.0,0.23263463599791492,0.06109878340459654,4,12,138.0,-0.012865589315550097,-8.0,False
532310,53,Real estate,0.1831415020631445,0.05152305764155383,4,10,187.0,0.17039265373278584,0.03928887374258231,4,12,183.0,-0.012748848330358664,4.0,False
541713,54,Professional & technical services,0.06957611334767864,0.025949035620051696,3,11,453.0,0.05689508922167007,0.02083929240443367,3,13,477.0,-0.012681024126008578,-24.0,False
621498,62,Health care & social assistance,0.05045063153578424,0.017455540443413322,3,11,586.0,0.03779062833249959,0.007764677284126242,4,12,692.0,-0.012660003203284649,-106.0,True
812210,81,Other services,0.07394193193106906,0.02494704265203025,4,10,429.0,0.06132604951106541,0.020914327484933038,4,12,445.0,-0.012615882420003645,-16.0,False
424610,42,Wholesale trade,0.03556111655777777,0.00986886178588676,4,10,734.0,0.023117569000012723,0.00426995203693406,3,13,927.0,-0.012443547557765049,-193.0,True
331511,33,Manufacturing - metals/machinery,0.06458397269689055,0.02492882889472376,4,10,476.0,0.052268435689050645,0.01217466396930623,3,13,510.0,-0.012315537007839904,-34.0,True
488510,48,Transportation,0.03546544428753287,0.010266918996221636,4,10,735.0,0.023155402468008374,0.005021101571056156,4,12,924.0,-0.012310041819524498,-189.0,False
221310,22,Utilities,0.06957313978106316,0.0266548393013374,3,11,454.0,0.05726452637321759,0.017694594966772406,3,13,471.0,-0.012308613407845573,-17.0,False
562219,56,Administrative & waste services,0.053246239623037706,0.012144706656703818,3,11,558.0,0.040956342950009446,0.012551581676694346,3,13,653.0,-0.01228989667302826,-95.0,False
531312,53,Real estate,0.06266803811286803,0.016460497010616186,4,10,483.0,0.050407462829361704,0.012217687187465468,3,13,523.0,-0.012260575283506325,-40.0,True
522210,52,Finance & insurance,0.06266267332240863,0.021326748599388427,4,10,484.0,0.05044767332744909,0.014444234158978109,4,12,521.0,-0.012214999994959543,-37.0,False
311999,31,Manufacturing - food/textiles,0.05371232764896447,0.014216753508117652,4,10,553.0,0.041501262904075124,0.012967722556463689,3,13,643.0,-0.012211064744889345,-90.0,True
327999,32,Manufacturing - paper/chemicals,0.06203814816442097,0.013957732408487623,4,10,493.0,0.0499686088101031,0.012662932029616299,3,13,533.0,-0.01206953935431787,-40.0,True
334512,33,Manufacturing - metals/machinery,0.03493324291146355,0.008564882320747147,1,10,741.0,0.02294761783015199,0.008468613002054199,3,13,929.0,-0.011985625081311558,-188.0,True
424710,42,Wholesale trade,0.036220796665418095,0.01013781205027147,3,11,723.0,0.024271516782115456,0.0046624865427563455,3,13,908.0,-0.01194927988330264,-185.0,False
315990,31,Manufacturing - food/textiles,0.047853673198921566,0.009537688114457578,4,10,612.0,0.036041425702491504,0.007037883525018562,4,12,720.0,-0.011812247496430062,-108.0,False
813930,81,Other services,0.3737008398819058,0.11753812296091386,4,10,73.0,0.36193320002002777,0.09909638750926641,4,12,81.0,-0.01176763986187801,-8.0,False
522320,52,Finance & insurance,0.04901506060930643,0.014223418939156235,4,10,599.0,0.037292141927931614,0.00988562845196049,4,12,701.0,-0.011722918681374817,-102.0,False
424470,42,Wholesale trade,0.03838757038807116,0.010070083407252867,4,10,702.0,0.02675510754127154,0.005338645595109441,3,13,878.0,-0.01163246284679962,-176.0,True
561612,56,Administrative & waste services,0.0664302841532355,0.01704715187369403,4,10,470.0,0.05488377954509276,0.014142203219400037,4,12,488.0,-0.011546504608142737,-18.0,False
315120,31,Manufacturing - food/textiles,0.03493108060138745,0.009385899901874313,3,11,742.0,0.02338950593841831,0.005742183255690569,3,13,923.0,-0.01154157466296914,-181.0,False
524210,52,Finance & insurance,0.06117848036142341,0.018182565446563263,4,10,497.0,0.049727258442747925,0.015697316773436883,4,12,539.0,-0.011451221918675487,-42.0,False
522299,52,Finance & insurance,0.035040747274438594,0.009253487213072686,4,10,740.0,0.023745760032248115,0.006883759647179198,3,13,915.0,-0.011294987242190479,-175.0,True
621511,62,Health care & social assistance,0.026855745200453363,0.006959283129386928,3,11,840.0,0.0156989175045829,0.004410005658796482,4,12,974.0,-0.011156827695870463,-134.0,True
423140,42,Wholesale trade,0.0424329387447878,0.01153642965984215,3,11,658.0,0.03142554771827312,0.006438262452331381,2,13,810.0,-0.011007391026514678,-152.0,True
541860,54,Professional & technical services,0.04903547272622103,0.014742671017594407,4,10,598.0,0.03816216180534675,0.010366767674146356,4,12,688.0,-0.010873310920874284,-90.0,False
517111,51,Information,0.02470618883180804,0.0063633922311817125,1,10,862.0,0.013848101664496229,0.004219354611918161,4,12,978.0,-0.010858087167311811,-116.0,True
325620,32,Manufacturing - paper/chemicals,0.04234435271284161,0.014750350399483416,3,11,659.0,0.03164926559541241,0.011382580731065371,3,13,803.0,-0.010695087117429197,-144.0,False
623990,62,Health care & social assistance,0.0770139857103792,0.0312713327343626,3,11,418.0,0.06634331525661012,0.019504351221139717,3,13,414.0,-0.010670670453769085,4.0,False
332911,33,Manufacturing - metals/machinery,0.028502587749646032,0.009102652372990806,3,11,821.0,0.017876055340370546,0.0030656738006717412,3,13,962.0,-0.010626532409275486,-141.0,False
238330,23,Construction,0.08997379340578707,0.025205339074544298,4,10,370.0,0.07947685121103314,0.022086307871323756,3,13,359.0,-0.01049694219475393,11.0,True
524127,52,Finance & insurance,0.03643074322547736,0.011028618601438488,3,11,718.0,0.026067347136124408,0.005700422447522775,4,12,889.0,-0.010363396089352953,-171.0,True
441340,44,Retail trade - general,0.06512157408436847,0.017609647225944013,3,11,474.0,0.05482723211541314,0.01645881704731603,3,13,489.0,-0.010294341968955331,-15.0,False
481212,48,Transportation,0.07329334129303193,0.018190428496151732,4,10,434.0,0.06329170812419611,0.022858609354769643,4,12,429.0,-0.010001633168835816,5.0,False
325120,32,Manufacturing - paper/chemicals,0.0366351791795485,0.011598044105623756,3,11,715.0,0.026904933328420484,0.0074071736839129605,3,13,873.0,-0.009730245851128014,-158.0,False
621420,62,Health care & social assistance,0.05969923401256418,0.021827553826734084,3,11,510.0,0.0499982189899852,0.01524370712651497,3,13,532.0,-0.00970101502257898,-22.0,False
449129,44,Retail trade - general,0.1218173208404682,0.03561458546948663,1,10,283.0,0.11216405868637436,0.03300655526636205,1,12,275.0,-0.009653262154093845,8.0,False
623210,62,Health care & social assistance,0.0512223997796821,0.016009827166510913,3,11,579.0,0.041689282533380105,0.009606048062820668,3,13,639.0,-0.009533117246301993,-60.0,False
621491,62,Health care & social assistance,0.022176872641569048,0.0046179481554764115,4,10,888.0,0.012662813320024786,0.0027856302853833635,1,12,982.0,-0.009514059321544262,-94.0,True
336419,33,Manufacturing - metals/machinery,0.05925125940802935,0.015982367545581945,2,11,516.0,0.0499102932651646,0.018001072240243894,3,13,535.0,-0.009340966142864747,-19.0,True
311520,31,Manufacturing - food/textiles,0.14718861746708878,0.05625546891495437,3,11,239.0,0.1378649091608588,0.046449416986947475,3,13,225.0,-0.009323708306229972,14.0,False
316990,31,Manufacturing - food/textiles,0.033767595301545696,0.008464703443073937,4,10,759.0,0.024444322399012217,0.006218060952104573,3,13,906.0,-0.009323272902533479,-147.0,True
513110,51,Information,0.03719469980067862,0.012283764290648942,3,11,711.0,0.02790820618266943,0.004994714013513943,3,13,854.0,-0.009286493618009189,-143.0,False
449110,44,Retail trade - general,0.040921255307394384,0.008428619750752072,3,11,676.0,0.031715530710190044,0.0071015630992267665,3,13,799.0,-0.00920572459720434,-123.0,False
485210,48,Transportation,0.035765978975773854,0.007091404033806228,3,11,729.0,0.026769828041395445,0.004840132496514964,2,13,877.0,-0.00899615093437841,-148.0,True
713210,71,"Arts, entertainment & recreation",0.051933613997640564,0.009760956049651902,4,10,573.0,0.04296648454347642,0.0067413086280287545,2,13,620.0,-0.008967129454164141,-47.0,True
445320,44,Retail trade - general,0.05806854288023562,0.01584614955212951,3,11,522.0,0.04913658995284063,0.015217659234366484,3,13,553.0,-0.008931952927394994,-31.0,False
424520,42,Wholesale trade,0.09322021220551598,0.029302420301063815,4,10,355.0,0.0842983662711647,0.023430566325635033,4,12,340.0,-0.008921845934351275,15.0,False
423820,42,Wholesale trade,0.05518788543640998,0.012157397738821862,3,11,541.0,0.04635375566965996,0.010782772934414266,3,13,579.0,-0.008834129766750014,-38.0,False
212312,21,"Mining, quarrying, oil & gas",0.14503759464511964,0.050086268913912366,4,10,245.0,0.13627680542083317,0.04056650401498071,4,12,228.0,-0.00876078922428647,17.0,False
325520,32,Manufacturing - paper/chemicals,0.028374891037963274,0.009193633748423085,3,11,823.0,0.019662523639308892,0.005022596024512867,3,13,955.0,-0.008712367398654382,-132.0,False
112111,11,"Agriculture, forestry, fishing",0.25263000891811527,0.07061389649862751,4,10,125.0,0.24396150995643362,0.06510618201062036,4,12,130.0,-0.008668498961681648,-5.0,False
541850,54,Professional & technical services,0.08816698601323258,0.0257560635173344,4,10,378.0,0.07952897742451301,0.014849632556893318,4,12,358.0,-0.008638008588719576,20.0,False
459510,45,Retail trade - specialty,0.0922236997483061,0.02225075029013812,3,11,361.0,0.08361883557812681,0.028780053915409002,3,13,342.0,-0.008604864170179291,19.0,False
621910,62,Health care & social assistance,0.0503601861314059,0.01349130391119448,4,10,588.0,0.0417984337345029,0.010150760842716149,4,12,636.0,-0.008561752396903002,-48.0,False
562920,56,Administrative & waste services,0.05281198497711404,0.015181730183609606,3,11,563.0,0.044324138447196675,0.014861434706009214,3,13,599.0,-0.008487846529917367,-36.0,False
336414,33,Manufacturing - metals/machinery,0.06623859998469796,0.021203528990732003,3,11,471.0,0.05781131636470827,0.015881582643796587,1,12,467.0,-0.008427283619989685,4.0,True
327212,32,Manufacturing - paper/chemicals,0.021543112367078277,0.005388449298912819,4,10,895.0,0.01312822654434266,0.0035006005388471435,4,12,981.0,-0.008414885822735618,-86.0,False
484121,48,Transportation,0.06931084223652088,0.021468216912891958,4,10,457.0,0.06096617820438183,0.016483757265172354,4,12,447.0,-0.008344664032139057,10.0,False
423690,42,Wholesale trade,0.047240879984691425,0.01451974816502572,4,10,621.0,0.03891016538970552,0.008840043424164666,4,12,677.0,-0.008330714594985904,-56.0,False
488410,48,Transportation,0.03745179576649163,0.007908700286700618,4,10,709.0,0.029200131234929556,0.006100902565571058,4,12,839.0,-0.008251664531562074,-130.0,False
333414,33,Manufacturing - metals/machinery,0.040442705804914186,0.017421639675095652,4,10,682.0,0.03223185731424457,0.011439807936686225,3,13,793.0,-0.008210848490669616,-111.0,True
621493,62,Health care & social assistance,0.03424877000672341,0.009037927125456332,4,10,752.0,0.02611057434111214,0.008151124353153013,4,12,888.0,-0.008138195665611272,-136.0,False
325194,32,Manufacturing - paper/chemicals,0.034925193892409306,0.01030668131335378,3,11,743.0,0.026814017763132917,0.007746887526987557,3,13,876.0,-0.00811117612927639,-133.0,False
423460,42,Wholesale trade,0.047130284670503925,0.01304419547396506,3,11,622.0,0.039061780688307714,0.006633727030221477,4,12,675.0,-0.008068503982196211,-53.0,True
212230,21,"Mining, quarrying, oil & gas",0.044098382317498006,0.017464590930218137,1,10,642.0,0.036220650657671334,0.011999827701447082,3,13,718.0,-0.007877731659826671,-76.0,True
449210,44,Retail trade - general,0.04616439641660047,0.015186812849046518,4,10,626.0,0.03830896333804205,0.012732897635274886,4,12,687.0,-0.007855433078558426,-61.0,False
322230,32,Manufacturing - paper/chemicals,0.038826289327345796,0.014971186302773132,3,11,696.0,0.030997126646304364,0.011266865020931754,3,13,818.0,-0.007829162681041432,-122.0,False
722330,72,Accommodation & food services,1.0,0.3799496922386757,3,5,1.0,0.9922423954932401,0.2915139271223873,3,13,12.0,-0.007757604506759885,-11.0,False
621512,62,Health care & social assistance,0.04136813187660404,0.011688260768608733,4,10,668.0,0.03363503432236357,0.009607686988597722,4,12,766.0,-0.007733097554240474,-98.0,False
423220,42,Wholesale trade,0.027500817391301224,0.009981627163436861,4,10,833.0,0.019837208215166997,0.004581431702762867,3,13,954.0,-0.007663609176134227,-121.0,True
112420,11,"Agriculture, forestry, fishing",0.17126393444035493,0.044830119943752564,4,10,199.0,0.163608683771364,0.03973194948909247,3,13,187.0,-0.0076552506689909205,12.0,True
221320,22,Utilities,0.08834430353614581,0.03536862121514747,3,11,377.0,0.08072392085350402,0.02757114860764979,3,13,352.0,-0.007620382682641785,25.0,False
311111,31,Manufacturing - food/textiles,0.03278900124044251,0.011467745219363664,4,10,772.0,0.025220264782338464,0.0062194086481846735,3,13,902.0,-0.007568736458104047,-130.0,True
326122,32,Manufacturing - paper/chemicals,0.04500566803438167,0.01590031617691219,3,11,636.0,0.03748019745620141,0.012134568116102905,3,13,697.0,-0.00752547057818026,-61.0,False
332992,33,Manufacturing - metals/machinery,0.04195190059232543,0.013266081965219395,4,10,664.0,0.034495047658906354,0.006087346951835786,3,13,749.0,-0.007456852933419078,-85.0,True
541219,54,Professional & technical services,0.15095885413135707,0.04732503527059721,2,11,228.0,0.14354700855151808,0.03778851506210253,2,13,216.0,-0.007411845579838983,12.0,False
813212,81,Other services,0.09180341127266664,0.0379515472354224,3,11,364.0,0.08439612124771442,0.024951120729796137,3,13,339.0,-0.007407290024952218,25.0,False
561410,56,Administrative & waste services,0.09259236284280664,0.027193654574242238,4,10,357.0,0.08522398610045373,0.014939659458163113,2,13,334.0,-0.007368376742352911,23.0,True
721120,72,Accommodation & food services,0.04056170427439551,0.015170043708074536,3,11,681.0,0.033197806894994346,0.005891595738463105,3,13,780.0,-0.0073638973794011645,-99.0,False
624410,62,Health care & social assistance,0.1783539803879891,0.06330774459519856,3,11,190.0,0.17102169129960648,0.059709378648353385,3,13,182.0,-0.007332289088382626,8.0,False
541370,54,Professional & technical services,0.06745211812035003,0.017830219360521805,3,11,466.0,0.06018230242185638,0.013583873802887586,4,12,451.0,-0.007269815698493644,15.0,True
327390,32,Manufacturing - paper/chemicals,0.07209965851400871,0.0166451214145437,4,10,440.0,0.06487646612263395,0.01673969621276192,3,13,421.0,-0.007223192391374755,19.0,True
561710,56,Administrative & waste services,0.10280327946571938,0.02518930404081876,4,10,325.0,0.09565504936824056,0.018763617216449372,4,12,307.0,-0.007148230097478822,18.0,False
423390,42,Wholesale trade,0.053985764063004066,0.014419957620481457,3,11,551.0,0.04696171885558635,0.00820574826284832,4,12,575.0,-0.0070240452074177145,-24.0,True
326160,32,Manufacturing - paper/chemicals,0.043674681008706244,0.017380424242267236,3,11,649.0,0.036674326571218954,0.010200596184379612,3,13,716.0,-0.00700035443748729,-67.0,False
333111,33,Manufacturing - metals/machinery,0.04271631082899885,0.01056576208908295,3,11,656.0,0.035746296172199876,0.01310050101363078,3,13,729.0,-0.006970014656798973,-73.0,False
621410,62,Health care & social assistance,0.050350629033045456,0.016663414846285862,3,11,589.0,0.04357481803736787,0.011593953685272928,3,13,611.0,-0.006775810995677589,-22.0,False
423840,42,Wholesale trade,0.02778297114588178,0.00692112262639346,4,10,831.0,0.021011005582097307,0.004194323048735112,3,13,946.0,-0.006771965563784472,-115.0,True
423430,42,Wholesale trade,0.056404026775992704,0.020078411430515197,4,10,531.0,0.04969542902896457,0.014545759112180574,4,12,541.0,-0.0067085977470281305,-10.0,False
624230,62,Health care & social assistance,0.11352291017924132,0.0276460748157906,4,10,303.0,0.10683705820204731,0.03245071115713289,4,12,288.0,-0.006685851977194013,15.0,False
332321,33,Manufacturing - metals/machinery,0.05122875967271742,0.019320828116762147,3,11,577.0,0.04454400278982125,0.015834593034320582,3,13,595.0,-0.006684756882896173,-18.0,False
325613,32,Manufacturing - paper/chemicals,0.0163818518574292,0.005227403844566126,3,11,936.0,0.009703000960797415,0.001861248461396913,4,12,991.0,-0.0066788508966317845,-55.0,True
423440,42,Wholesale trade,0.034368143203258865,0.008052816588171476,4,10,748.0,0.027721116568055187,0.005037620383334584,3,13,860.0,-0.006647026635203678,-112.0,True
484110,48,Transportation,0.09695912817627045,0.030956150708967713,4,10,340.0,0.09038032267027223,0.027312806056700476,4,12,320.0,-0.0065788055059982226,20.0,False
339115,33,Manufacturing - metals/machinery,0.03822805288177594,0.01343477257185024,3,11,704.0,0.031653893627824975,0.007238108305738365,4,12,802.0,-0.0065741592539509675,-98.0,True
339910,33,Manufacturing - metals/machinery,0.030245960959457738,0.011593532681937024,4,10,803.0,0.02367941906219392,0.005158907809145972,1,12,917.0,-0.0065665418972638175,-114.0,True
211130,21,"Mining, quarrying, oil & gas",0.026568092241747835,0.005711569083624492,3,11,842.0,0.02008445809670619,0.0045421870824116795,3,13,950.0,-0.006483634145041644,-108.0,False
449122,44,Retail trade - general,0.05681954196061871,0.02048803676295503,4,10,528.0,0.05041056997251345,0.01701717456398431,4,12,522.0,-0.006408971988105264,6.0,False
562119,56,Administrative & waste services,0.15910288157366323,0.04813841331896285,4,10,221.0,0.15273618017183585,0.04586798803596148,4,12,202.0,-0.006366701401827379,19.0,False
325412,32,Manufacturing - paper/chemicals,0.016055304453885155,0.004204784394074925,3,11,942.0,0.009808133178205896,0.002544028554371478,3,13,990.0,-0.006247171275679258,-48.0,False
519210,51,Information,0.08955023892654992,0.03878161243377714,3,11,372.0,0.0833536368917898,0.03054981506560917,3,13,343.0,-0.006196602034760121,29.0,False
561110,56,Administrative & waste services,0.08109139409093502,0.022922232441940936,4,10,399.0,0.07491079904996213,0.01935838362094962,4,12,378.0,-0.006180595040972889,21.0,False
311612,31,Manufacturing - food/textiles,0.02831917969814573,0.009130675618570595,3,11,824.0,0.022147878429838393,0.006128429564685202,3,13,934.0,-0.006171301268307335,-110.0,False
327992,32,Manufacturing - paper/chemicals,0.03161394822182681,0.01108686974046799,3,11,788.0,0.025457681777465442,0.007700890937475944,3,13,899.0,-0.006156266444361368,-111.0,False
517121,51,Information,0.019268249614811748,0.00606673857635826,4,10,916.0,0.013156031689686262,0.0042701838800313485,3,13,980.0,-0.006112217925125486,-64.0,True
339114,33,Manufacturing - metals/machinery,0.021127848347646114,0.004955010704873953,3,11,898.0,0.015106790955712102,0.005248009122268249,3,13,976.0,-0.006021057391934013,-78.0,False
488190,48,Transportation,0.04768796691147809,0.01018749295986668,4,10,616.0,0.041685771332826686,0.009842794991574947,2,13,640.0,-0.006002195578651406,-24.0,True
221115,22,Utilities,0.06337523121800015,0.016134599467562932,4,10,481.0,0.05744201119927828,0.013752388530148117,4,12,469.0,-0.005933220018721867,12.0,False
561450,56,Administrative & waste services,0.02926204142223665,0.007159010086124501,3,11,813.0,0.023532906564307794,0.005157629210010613,4,12,920.0,-0.005729134857928857,-107.0,True
334220,33,Manufacturing - metals/machinery,0.03229488896139986,0.009354195747408955,3,11,780.0,0.0267446986648157,0.00736268705576224,3,13,879.0,-0.0055501902965841635,-99.0,False
311211,31,Manufacturing - food/textiles,0.0474985053495449,0.01379752993047837,3,11,618.0,0.04206832215245836,0.015008826752248084,3,13,631.0,-0.005430183197086547,-13.0,False
424120,42,Wholesale trade,0.04485404850023528,0.012742699752483462,3,11,638.0,0.03945797919756133,0.012533800609689894,3,13,667.0,-0.005396069302673945,-29.0,False
311812,31,Manufacturing - food/textiles,0.05216116731479789,0.013484686666851629,4,10,571.0,0.04677637700251285,0.00888041572160703,3,13,576.0,-0.0053847903122850385,-5.0,True
923140,92,Public administration,0.04447180626259456,0.016556501029871343,3,11,641.0,0.03912569955808633,0.006949548967595719,4,12,673.0,-0.005346106704508233,-32.0,True
712110,71,"Arts, entertainment & recreation",0.16491551579058783,0.061433860070361494,3,11,207.0,0.15959647438272784,0.053593135787459105,3,13,195.0,-0.005319041407859992,12.0,False
333131,33,Manufacturing - metals/machinery,0.02980574061580884,0.011374856714153005,3,11,805.0,0.02460947450719631,0.005638127979310649,3,13,905.0,-0.00519626610861253,-100.0,False
327991,32,Manufacturing - paper/chemicals,0.05195769207222969,0.014326092760080048,4,10,572.0,0.04677220281203522,0.010788636990676486,3,13,577.0,-0.005185489260194465,-5.0,True
424210,42,Wholesale trade,0.07087067535664275,0.026960994602567224,4,10,449.0,0.06568608811062615,0.0223160580140085,4,12,417.0,-0.0051845872460166,32.0,False
332323,33,Manufacturing - metals/machinery,0.049204555120219186,0.01401409068607294,3,11,595.0,0.044038783326409994,0.014730236618417703,3,13,605.0,-0.0051657717938091915,-10.0,False
541715,54,Professional & technical services,0.06231895699075673,0.024776841614825355,3,11,490.0,0.057190738007872007,0.020490119363423383,3,13,473.0,-0.005128218982884722,17.0,False
311513,31,Manufacturing - food/textiles,0.04613885795433648,0.01618172402233342,3,11,627.0,0.0410309383253588,0.011649178574527094,3,13,651.0,-0.005107919628977685,-24.0,False
313230,31,Manufacturing - food/textiles,0.03823796153446118,0.010733385584572066,3,11,703.0,0.03314189593986763,0.007455939702519727,2,13,781.0,-0.005096065594593545,-78.0,True
424440,42,Wholesale trade,0.03065686520015947,0.010341006662967583,3,11,799.0,0.02556936852933384,0.007293833161427021,3,13,896.0,-0.0050874966708256315,-97.0,False
311811,31,Manufacturing - food/textiles,0.08382698654087184,0.018706143451178433,3,11,391.0,0.07878176795271669,0.027528088072877883,3,13,363.0,-0.005045218588155154,28.0,False
333994,33,Manufacturing - metals/machinery,0.028817841464675288,0.009032864286396864,3,11,817.0,0.023826548555578357,0.005205706596598653,3,13,913.0,-0.004991292909096931,-96.0,False
561720,56,Administrative & waste services,0.06880642759330506,0.013859032409823615,3,11,460.0,0.06392456819058155,0.01521611534203733,3,13,426.0,-0.00488185940272351,34.0,False
321911,32,Manufacturing - paper/chemicals,0.05423196391738514,0.02087969411448556,3,11,550.0,0.049411418824581256,0.014742562374013512,3,13,548.0,-0.004820545092803885,2.0,False
111940,11,"Agriculture, forestry, fishing",0.78990028395492,0.2176956055525995,4,10,26.0,0.7854094203687055,0.21465822770834486,4,12,26.0,-0.004490863586214422,0.0,False
423990,42,Wholesale trade,0.0699677419607861,0.020638304135939537,4,10,452.0,0.06554880223004136,0.017828653576007058,4,12,418.0,-0.004418939730744739,34.0,False
445291,44,Retail trade - general,0.08928256071664163,0.0225501030607852,4,10,373.0,0.08486762875958091,0.022864563078278808,3,13,337.0,-0.004414931957060719,36.0,True
522130,52,Finance & insurance,0.030261944803140185,0.011205343148927654,3,11,802.0,0.02595159286163897,0.007783752203035861,3,13,890.0,-0.004310351941501214,-88.0,False
813312,81,Other services,0.27043299197954057,0.10615144532268221,3,11,119.0,0.2661386175410743,0.09677765095516025,3,13,116.0,-0.004294374438466253,3.0,False
424130,42,Wholesale trade,0.0321022352571325,0.008620599599067975,3,11,782.0,0.027832654498649016,0.006293410729971089,3,13,856.0,-0.004269580758483486,-74.0,False
333415,33,Manufacturing - metals/machinery,0.05432037399695751,0.020066566238383824,3,11,549.0,0.05011426917982289,0.0164462260615146,3,13,529.0,-0.004206104817134619,20.0,False
541611,54,Professional & technical services,0.14286710267203315,0.04985320163970826,4,10,247.0,0.13882209742205207,0.042538217089937436,4,12,222.0,-0.004045005249981082,25.0,False
423850,42,Wholesale trade,0.03315356807691473,0.007534723974250472,4,10,769.0,0.029283447734362172,0.0062649689436396335,3,13,837.0,-0.0038701203425525604,-68.0,True
482111,48,Transportation,0.19448797191805856,0.04373880730172947,2,11,177.0,0.19066547899865027,0.04660892528079435,1,12,163.0,-0.0038224929194082824,14.0,True
424720,42,Wholesale trade,0.03413370339781557,0.006471840950868419,3,11,756.0,0.030409937617182355,0.005090812057550264,4,12,824.0,-0.0037237657806332113,-68.0,True
813319,81,Other services,0.14994596422512257,0.04827277698415647,3,11,230.0,0.14624228278994916,0.03961773952434036,3,13,211.0,-0.0037036814351734115,19.0,False
622110,62,Health care & social assistance,0.023601733423766286,0.008580866089266037,3,11,871.0,0.019979257578923815,0.00456936355071207,3,13,953.0,-0.0036224758448424703,-82.0,False
337212,33,Manufacturing - metals/machinery,0.045944910211953384,0.010188256449951865,3,11,628.0,0.04237226643503873,0.013780025883271404,3,13,625.0,-0.003572643776914651,3.0,False
444180,44,Retail trade - general,0.047717593072298836,0.012491821117127211,3,11,615.0,0.044171873803456566,0.010141246316969093,3,13,604.0,-0.0035457192688422706,11.0,False
112210,11,"Agriculture, forestry, fishing",0.07774435084080966,0.01996340666238622,3,11,413.0,0.07422118614602274,0.015529694643793746,4,12,385.0,-0.0035231646947869177,28.0,True
323120,32,Manufacturing - paper/chemicals,0.037248282132080285,0.01351844516672201,3,11,710.0,0.03373347475953514,0.01064820464171845,3,13,765.0,-0.0035148073725451423,-55.0,False
311821,31,Manufacturing - food/textiles,0.052997017681323026,0.01638719546153904,4,10,561.0,0.049550063038500555,0.013164121761293666,4,12,544.0,-0.003446954642822471,17.0,False
561210,56,Administrative & waste services,0.08534531909615978,0.01881360983923226,4,10,388.0,0.08195264399097225,0.018874017493943764,4,12,348.0,-0.003392675105187523,40.0,False
532283,53,Real estate,0.025631970000185016,0.005897531291720668,3,11,848.0,0.022270087980910794,0.0042964159228794,3,13,933.0,-0.003361882019274221,-85.0,False
524130,52,Finance & insurance,0.039034552045875595,0.012372858770112483,4,10,694.0,0.035698677894387965,0.00764753994956168,4,12,730.0,-0.0033358741514876306,-36.0,False
321113,32,Manufacturing - paper/chemicals,0.04347067145552263,0.015220586095323209,3,11,651.0,0.04014546510266239,0.013569029586669204,3,13,659.0,-0.0033252063528602382,-8.0,False
324122,32,Manufacturing - paper/chemicals,0.020154781502636242,0.008445897551147436,3,11,904.0,0.016922718497070343,0.005502281536098102,3,13,968.0,-0.0032320630055658987,-64.0,False
522110,52,Finance & insurance,0.025049541016594956,0.009295747270794085,3,11,857.0,0.021836684404504415,0.007336574139884285,3,13,937.0,-0.0032128566120905415,-80.0,False
339920,33,Manufacturing - metals/machinery,0.05253708509872637,0.01816271037556393,3,11,565.0,0.04935052210987373,0.0162656717104017,3,13,549.0,-0.0031865629888526426,16.0,False
522180,52,Finance & insurance,0.028167578286062794,0.011230391328897317,3,11,825.0,0.025039497800016308,0.007660151841517109,3,13,903.0,-0.003128080486046486,-78.0,False
624210,62,Health care & social assistance,0.10308920848804558,0.04193633040375317,3,11,323.0,0.10000373346450267,0.03789119135314117,3,13,302.0,-0.003085475023542908,21.0,False
441227,44,Retail trade - general,0.09478370697237098,0.0203436687836859,3,11,348.0,0.09170110857658391,0.020419624090182855,3,13,314.0,-0.0030825983957870756,34.0,False
334516,33,Manufacturing - metals/machinery,0.02079449574831071,0.00537971888214589,4,10,900.0,0.017728900655750553,0.005074615839293985,3,13,964.0,-0.0030655950925601583,-64.0,True
623311,62,Health care & social assistance,0.05039885175714423,0.017221066855720134,3,11,587.0,0.047337727975919945,0.013754679129560533,3,13,572.0,-0.0030611237812242856,15.0,False
621111,62,Health care & social assistance,0.044669105289258305,0.011220253869241106,4,10,639.0,0.04173637386100818,0.01077493346428461,4,12,638.0,-0.002932731428250124,1.0,False
922110,92,Public administration,0.054374394074843395,0.01907458196976263,3,11,548.0,0.05155496983228096,0.010784992896241933,3,13,516.0,-0.0028194242425624363,32.0,False
323111,32,Manufacturing - paper/chemicals,0.021455109400130935,0.0047017259072523665,3,11,896.0,0.01866940291400821,0.00475107011977921,4,12,961.0,-0.0027857064861227243,-65.0,True
311991,31,Manufacturing - food/textiles,0.0709968947258103,0.01862756637784304,3,11,447.0,0.06823076944898088,0.013084681993333014,2,13,404.0,-0.0027661252768294287,43.0,True
331222,33,Manufacturing - metals/machinery,0.03856698920460588,0.006505346634492066,2,11,701.0,0.03586276043013285,0.009700320484308671,3,13,725.0,-0.0027042287744730234,-24.0,True
112320,11,"Agriculture, forestry, fishing",0.0550709749110246,0.015464376961833894,3,11,542.0,0.05242934310501308,0.01809904166986005,3,13,507.0,-0.00264163180601152,35.0,False
541330,54,Professional & technical services,0.05250752880786292,0.016439947003647648,4,10,568.0,0.049906357067733255,0.012679658434593163,4,12,536.0,-0.0026011717401296652,32.0,False
335312,33,Manufacturing - metals/machinery,0.029483169814891855,0.012096175844254625,3,11,808.0,0.02694123158779477,0.009635467995958349,3,13,872.0,-0.0025419382270970847,-64.0,False
331492,33,Manufacturing - metals/machinery,0.033722667599429865,0.008009992196105369,4,10,761.0,0.0312828444158641,0.006546658013180111,2,13,812.0,-0.0024398231835657674,-51.0,True
311412,31,Manufacturing - food/textiles,0.03390902166271209,0.007436268605455387,2,11,757.0,0.03155510909468189,0.009488507910069213,3,13,806.0,-0.002353912568030199,-49.0,True
332993,33,Manufacturing - metals/machinery,0.01462344820920397,0.00431362368215182,3,11,955.0,0.01228561358539842,0.0042287273078783615,3,13,983.0,-0.002337834623805551,-28.0,False
621610,62,Health care & social assistance,0.039145852420330786,0.008283333743665414,4,10,693.0,0.03687983276647235,0.009942394853308957,4,12,711.0,-0.0022660196538584337,-18.0,False
323117,32,Manufacturing - paper/chemicals,0.03432277033752009,0.009434322253490614,2,11,750.0,0.03215416058805838,0.008511458016048233,3,13,794.0,-0.00216860974946171,-44.0,True
424340,42,Wholesale trade,0.04802951944010209,0.013078800632350774,4,10,609.0,0.04591628560215773,0.012304743275608722,3,13,585.0,-0.0021132338379443658,24.0,True
212390,21,"Mining, quarrying, oil & gas",0.030935119037783797,0.010225005937323752,3,11,797.0,0.028875756089694313,0.009180305576785206,3,13,841.0,-0.002059362948089484,-44.0,False
311813,31,Manufacturing - food/textiles,0.05150157978668533,0.011952640408170827,4,10,575.0,0.04946498240191006,0.008904619459305218,3,13,546.0,-0.0020365973847752683,29.0,True
339991,33,Manufacturing - metals/machinery,0.02891626777984138,0.00958002309690553,3,11,816.0,0.02689394638372643,0.00794223192353324,3,13,875.0,-0.0020223213961149504,-59.0,False
922190,92,Public administration,0.035254653965040406,0.014093345972262123,3,11,738.0,0.03326901740365053,0.010792155737350801,3,13,775.0,-0.001985636561389878,-37.0,False
623110,62,Health care & social assistance,0.04402030974618936,0.014367204914417099,3,11,645.0,0.042097648193073836,0.010532665819153646,3,13,630.0,-0.0019226615531155247,15.0,False
811210,81,Other services,0.047607235162195366,0.010526566184158558,4,10,617.0,0.04593500474197955,0.012020775767269828,4,12,584.0,-0.0016722304202158172,33.0,False
459140,45,Retail trade - specialty,0.06944022243628596,0.017879292451560086,4,10,455.0,0.06786230914436052,0.020396159658581752,3,13,406.0,-0.0015779132919254424,49.0,True
337214,33,Manufacturing - metals/machinery,0.03540163474233938,0.009868198996871554,2,11,736.0,0.033851655637749535,0.01035515291586883,3,13,761.0,-0.0015499791045898437,-25.0,True
921130,92,Public administration,0.04786926939197637,0.011533134674824363,3,11,611.0,0.04633462597944691,0.008320203864827262,3,13,580.0,-0.0015346434125294572,31.0,False
441222,44,Retail trade - general,0.19811733433458956,0.047753071883475114,3,11,173.0,0.19672280564422176,0.043050854289638396,4,12,157.0,-0.0013945286903677967,16.0,True
524126,52,Finance & insurance,0.014909798369220136,0.004338261746821519,3,11,953.0,0.013523995449896943,0.003873780416251098,4,12,979.0,-0.0013858029193231924,-26.0,True
311230,31,Manufacturing - food/textiles,0.031465271096464735,0.00865288928005608,3,11,791.0,0.03012502699789612,0.009561343503659754,3,13,827.0,-0.001340244098568616,-36.0,False
334412,33,Manufacturing - metals/machinery,0.025598538317737486,0.007893976648079353,3,11,849.0,0.02440837935194671,0.007226985740973368,3,13,907.0,-0.0011901589657907774,-58.0,False
513210,51,Information,0.037921355883257526,0.012148437352803779,4,10,705.0,0.036786262880043163,0.008841232611713443,4,12,714.0,-0.001135093003214363,-9.0,False
325211,32,Manufacturing - paper/chemicals,0.01259114907079016,0.004764635985467283,1,10,969.0,0.011509505341212638,0.0035623253373950497,3,13,986.0,-0.0010816437295775218,-17.0,True
519290,51,Information,0.0557423556696296,0.01800012743366667,4,10,536.0,0.054716386719477185,0.009990021502431553,4,12,490.0,-0.0010259689501524172,46.0,False
423610,42,Wholesale trade,0.02255198061037363,0.006345030404608568,4,10,881.0,0.02154370352583587,0.0041765606349237205,4,12,941.0,-0.0010082770845377606,-60.0,False
325998,32,Manufacturing - paper/chemicals,0.033256922912928276,0.011014232232952784,3,11,768.0,0.03227619204425515,0.00712605488098418,3,13,790.0,-0.0009807308686731256,-22.0,False
811192,81,Other services,0.13265761655233974,0.030348218254832474,2,11,261.0,0.13177499800930467,0.0378153663883809,3,13,240.0,-0.000882618543035063,21.0,True
238150,23,Construction,0.05111699331329822,0.01616560060666635,4,10,581.0,0.050234993542877936,0.013803208461531241,3,13,527.0,-0.0008819997704202845,54.0,True
423720,42,Wholesale trade,0.022755299611084388,0.006166096740335179,3,11,879.0,0.02192150942600064,0.004725321843898413,3,13,936.0,-0.0008337901850837479,-57.0,False
331513,33,Manufacturing - metals/machinery,0.02627306322906603,0.01143683356274971,3,11,845.0,0.025473438943041937,0.0067457600970504275,3,13,898.0,-0.0007996242860240921,-53.0,False
459910,45,Retail trade - specialty,0.07190522498026757,0.018212555277640572,3,11,441.0,0.07110993688414102,0.018935712427881776,3,13,396.0,-0.0007952880961265424,45.0,False
532120,53,Real estate,0.045697411248780004,0.009874923860228785,3,11,631.0,0.04497979230563705,0.010777291248931722,3,13,592.0,-0.0007176189431429558,39.0,False
335932,33,Manufacturing - metals/machinery,0.04178125663899399,0.015207293066719408,3,11,665.0,0.041142419769904,0.01401573644766851,3,13,648.0,-0.0006388368690899912,17.0,False
493190,49,Warehousing & couriers,0.05049025676738966,0.014416127009145383,4,10,585.0,0.049864017582419255,0.010922445420950251,4,12,537.0,-0.0006262391849704077,48.0,False
623312,62,Health care & social assistance,0.060667064021309364,0.018271520337284377,3,11,503.0,0.06006746063638304,0.015830068849375357,3,13,453.0,-0.0005996033849263241,50.0,False
812112,81,Other services,0.05078070040772118,0.010823243982110894,4,10,584.0,0.05024285871140072,0.013756908432505802,1,12,525.0,-0.0005378416963204638,59.0,True
516110,51,Information,0.03333889124108247,0.009047071965401025,3,11,767.0,0.03289144080579414,0.010045056369687442,4,12,785.0,-0.00044745043528832823,-18.0,True
486910,48,Transportation,0.04857338715634643,0.0142191802501194,1,10,603.0,0.048157227430704774,0.014536030515500517,1,12,566.0,-0.00041615972564165715,37.0,False
711410,71,"Arts, entertainment & recreation",0.20926975369566908,0.06316922300462255,4,10,159.0,0.2089614188341991,0.059675797219357084,4,12,148.0,-0.00030833486146997213,11.0,False
423730,42,Wholesale trade,0.03247631030003827,0.008117289726649143,3,11,776.0,0.03225439466917387,0.009270120297486143,3,13,792.0,-0.00022191563086440547,-16.0,False
335910,33,Manufacturing - metals/machinery,0.017101708929883677,0.004231221988258386,3,11,930.0,0.01692694730211345,0.004029272433379312,3,13,967.0,-0.00017476162777022713,-37.0,False
457120,45,Retail trade - specialty,0.0946544802164924,0.024710348130158245,3,11,350.0,0.09448698461249,0.02337211862819411,3,13,308.0,-0.00016749560400240726,42.0,False
333922,33,Manufacturing - metals/machinery,0.04958345258939446,0.018075294539615414,3,11,594.0,0.04946229311485132,0.01786798627543311,3,13,547.0,-0.00012115947454313658,47.0,False
325220,32,Manufacturing - paper/chemicals,0.011571286022753861,0.0017620944464003425,1,10,978.0,0.011473875366635392,0.004435104397106825,3,13,987.0,-9.741065611846948e-05,-9.0,True
111331,11,"Agriculture, forestry, fishing",0.0,-0.21833392242621147,2,8,990.0,0.0,-0.12429185253038505,2,13,996.0,0.0,-6.0,False
111991,11,"Agriculture, forestry, fishing",0.0,-0.12875636140697025,2,7,990.0,0.0,0.014811288113390726,2,13,996.0,0.0,-6.0,False
713920,71,"Arts, entertainment & recreation",0.0,-0.47035352396621677,4,10,990.0,0.0,-0.37150665495465784,4,10,996.0,0.0,-6.0,False
111211,11,"Agriculture, forestry, fishing",0.0,0.1766146404901859,2,11,990.0,0.0,0.1209039973635017,2,13,996.0,0.0,-6.0,False
111333,11,"Agriculture, forestry, fishing",0.0,0.2847513123173159,2,10,990.0,0.0,0.18651967769703595,2,13,996.0,0.0,-6.0,False
721214,72,Accommodation & food services,0.0,-0.21257743193209042,1,10,990.0,0.0,-0.1674965458109415,1,12,996.0,0.0,-6.0,False
541213,54,Professional & technical services,0.0,-0.14167900249146603,4,10,990.0,0.0,-0.09180635595791264,4,12,996.0,0.0,-6.0,False
111199,11,"Agriculture, forestry, fishing",1.0,0.4177789606004733,4,10,1.0,1.0,0.37463242814007547,4,12,1.0,0.0,0.0,False
111998,11,"Agriculture, forestry, fishing",1.0,0.4152136073966926,4,7,1.0,1.0,0.27034960343231546,4,12,1.0,0.0,0.0,False
721211,72,Accommodation & food services,1.0,0.32603254302744633,3,11,1.0,1.0,0.2965098141785096,4,12,1.0,0.0,0.0,True
111336,11,"Agriculture, forestry, fishing",1.0,0.3292250382172754,4,6,1.0,1.0,0.3205311999765154,4,11,1.0,0.0,0.0,False
111160,11,"Agriculture, forestry, fishing",1.0,0.6751126614082225,4,9,1.0,1.0,0.46786685722573923,4,12,1.0,0.0,0.0,False
532284,53,Real estate,1.0,0.5237453932525489,3,9,1.0,1.0,0.45795920881606433,3,13,1.0,0.0,0.0,False
512132,51,Information,1.0,0.41913424486047285,3,11,1.0,1.0,0.3018847716973878,3,10,1.0,0.0,0.0,False
562111,56,Administrative & waste services,0.04995521600566113,0.013607772020089044,3,11,592.0,0.049999436160502335,0.011810049281732637,3,13,531.0,4.4220154841206893e-05,61.0,False
483211,48,Transportation,0.04816379076971542,0.015052946126060677,4,10,608.0,0.04827649736003263,0.012859393662482866,4,12,564.0,0.00011270659031720892,44.0,False
311351,31,Manufacturing - food/textiles,0.02683677775365351,0.007366436949822262,1,10,841.0,0.026950858933274986,0.006159068850729025,3,13,871.0,0.00011408117962147593,-30.0,True
212322,21,"Mining, quarrying, oil & gas",0.07493206701210119,0.022173212333212976,4,10,427.0,0.07511174522198437,0.012053595974001536,2,13,377.0,0.00017967820988318284,50.0,True
311511,31,Manufacturing - food/textiles,0.0336533612660456,0.012899737781061398,3,11,762.0,0.03407001829553749,0.0071721011856274615,3,13,760.0,0.00041665702949188893,2.0,False
423830,42,Wholesale trade,0.019472031035547527,0.0044491756244524824,4,10,911.0,0.020047106124509127,0.003670105174713631,4,12,952.0,0.0005750750889615998,-41.0,False
531190,53,Real estate,0.14658564444770514,0.03587662540767188,4,10,241.0,0.14721255922601814,0.030581221756396715,4,12,209.0,0.0006269147783130036,32.0,False
516210,51,Information,0.037851376697759384,0.013356817818975566,4,10,707.0,0.03854091161137907,0.013229048727917506,4,12,683.0,0.0006895349136196854,24.0,False
339992,33,Manufacturing - metals/machinery,0.032508125451564576,0.007381137707374186,2,11,774.0,0.03323012456123605,0.01180365551030378,3,13,779.0,0.0007219991096714742,-5.0,True
312112,31,Manufacturing - food/textiles,0.07681311712821365,0.027433893764288977,3,11,420.0,0.07754068054934019,0.020845212851804858,3,13,369.0,0.0007275634211265369,51.0,False
424110,42,Wholesale trade,0.03468978835438304,0.01134200823138674,3,11,745.0,0.03559380434630107,0.00872614194116729,4,12,732.0,0.000904015991918028,13.0,True
926130,92,Public administration,0.08579158650211612,0.034296728306142284,3,11,386.0,0.08674659087104668,0.02721931824230333,3,13,330.0,0.0009550043689305621,56.0,False
485112,48,Transportation,0.030441582909420947,0.010113677687242674,3,11,801.0,0.03144368403087862,0.00829979460188099,3,13,809.0,0.001002101121457672,-8.0,False
424810,42,Wholesale trade,0.062013340007367225,0.02628254419651602,3,11,494.0,0.0631044036920677,0.02047129132825239,3,13,435.0,0.0010910636847004732,59.0,False
423490,42,Wholesale trade,0.06259601345664474,0.023924537143482694,3,11,485.0,0.06369587914033126,0.021781461381805832,3,13,428.0,0.0010998656836865156,57.0,False
532411,53,Real estate,0.07310708341279798,0.01872191741003334,4,10,435.0,0.0744254745074302,0.018620573040769955,4,12,382.0,0.0013183910946322208,53.0,False
321918,32,Manufacturing - paper/chemicals,0.048394564550072613,0.017440495336876524,3,11,604.0,0.04972627975310369,0.014954581868034205,3,13,540.0,0.0013317152030310753,64.0,False
551114,55,Management of companies,0.02928565650639233,0.008067283810430982,3,11,812.0,0.03064927950620781,0.007501388618724468,3,13,820.0,0.0013636229998154788,-8.0,False
221122,22,Utilities,0.03174612387290997,0.00909203633475641,3,11,787.0,0.03329006312287795,0.008686961759868064,3,13,772.0,0.001543939249967985,15.0,False
339950,33,Manufacturing - metals/machinery,0.03313948484214907,0.01153293093706093,3,11,770.0,0.03471143537949025,0.01032283373172127,3,13,747.0,0.001571950537341181,23.0,False
325199,32,Manufacturing - paper/chemicals,0.013137220598579831,0.0025976903104415385,3,11,965.0,0.014716284521309906,0.004418900500795922,3,13,977.0,0.001579063922730075,-12.0,False
332215,33,Manufacturing - metals/machinery,0.02651159157830558,0.008487470124032928,4,10,843.0,0.02812938482847214,0.009019400236924793,3,13,851.0,0.001617793250166557,-8.0,True
445110,44,Retail trade - general,0.07119594344461914,0.028308951111376476,3,11,446.0,0.07296171462450705,0.020937996293700925,3,13,390.0,0.0017657711798879094,56.0,False
333519,33,Manufacturing - metals/machinery,0.01963438021631779,0.004854437487227954,2,11,907.0,0.021530051251582454,0.004310656513275842,3,13,942.0,0.0018956710352646643,-35.0,True
459130,45,Retail trade - specialty,0.06238954477529881,0.016615439498752955,4,10,489.0,0.06431742224089472,0.0186176174326193,4,12,424.0,0.0019278774655959105,65.0,False
313320,31,Manufacturing - food/textiles,0.03629423500277545,0.009620059674568218,3,11,721.0,0.03840163664584884,0.011212490461593148,3,13,686.0,0.002107401643073395,35.0,False
325414,32,Manufacturing - paper/chemicals,0.023589221095765795,0.006544005790455922,3,11,872.0,0.025703661180978724,0.006770522016077401,4,12,895.0,0.002114440085212929,-23.0,True
622210,62,Health care & social assistance,0.0328043515078935,0.011320814037995298,3,11,771.0,0.03497842496207095,0.007601571405048838,3,13,741.0,0.002174073454177451,30.0,False
327215,32,Manufacturing - paper/chemicals,0.03873867798190334,0.009997103903939947,3,11,697.0,0.0409687016742594,0.01168404630723834,3,13,652.0,0.002230023692356059,45.0,False
115111,11,"Agriculture, forestry, fishing",0.0,-0.3551707600592863,2,5,990.0,0.002233277980046538,-0.3432513102484027,3,6,995.0,0.002233277980046538,-5.0,True
332996,33,Manufacturing - metals/machinery,0.02901279397843216,0.005365423702483568,3,11,815.0,0.031461071634217304,0.006802378686188975,2,13,807.0,0.0024482776557851436,8.0,True
325413,32,Manufacturing - paper/chemicals,0.028707618650004194,0.010351265843406178,3,11,820.0,0.03125461007504665,0.007611107582559932,3,13,813.0,0.002546991425042458,7.0,False
322220,32,Manufacturing - paper/chemicals,0.025463983145893487,0.010743976021298273,3,11,851.0,0.028049891884127674,0.009399441295445008,3,13,852.0,0.002585908738234187,-1.0,False
322212,32,Manufacturing - paper/chemicals,0.027901890008642623,0.010833719149662467,3,11,829.0,0.030492641035892505,0.005310193936238202,3,13,822.0,0.0025907510272498817,7.0,False
441330,44,Retail trade - general,0.059656803764842996,0.012345469917996305,3,11,512.0,0.062391626553056266,0.012058654526721661,2,13,439.0,0.0027348227882132703,73.0,True
532111,53,Real estate,0.062497339220369055,0.018191945390808414,3,11,488.0,0.06539535360646913,0.012280097716931183,2,13,420.0,0.002898014386100073,68.0,True
423110,42,Wholesale trade,0.02732958560149762,0.005795965649109658,4,10,836.0,0.030300211859350383,0.005976487569742708,3,13,826.0,0.002970626257852764,10.0,True
334419,33,Manufacturing - metals/machinery,0.025261527912414188,0.007932267057306137,3,11,854.0,0.028245917464239087,0.010514442611923846,3,13,848.0,0.0029843895518248988,6.0,False
334417,33,Manufacturing - metals/machinery,0.012786283690273455,0.0025299710113044823,3,11,967.0,0.01579747930868505,0.005204878433586324,3,13,973.0,0.003011195618411594,-6.0,False
811310,81,Other services,0.11897837037988043,0.03296281435417252,2,11,292.0,0.12202487546635209,0.03129421994549851,2,13,256.0,0.003046505086471654,36.0,False
311224,31,Manufacturing - food/textiles,0.053440080445398656,0.01998463708912423,4,10,556.0,0.05656214488869096,0.017977389122144288,4,12,478.0,0.0031220644432923064,78.0,False
561910,56,Administrative & waste services,0.05633393121480736,0.018740673421354416,3,11,532.0,0.05946249552228732,0.013725900505544984,3,13,456.0,0.0031285643074799585,76.0,False
332431,33,Manufacturing - metals/machinery,0.03862583591057235,0.012415074328575249,3,11,699.0,0.041783088967393286,0.011299799219254558,3,13,637.0,0.0031572530568209356,62.0,False
333248,33,Manufacturing - metals/machinery,0.023104361294923062,0.008214229284764455,3,11,875.0,0.02633236432282664,0.009202918652778929,3,13,886.0,0.003228003027903579,-11.0,False
334514,33,Manufacturing - metals/machinery,0.025185093013978768,0.008334453885536705,3,11,855.0,0.02844173636147293,0.005059682269949878,3,13,844.0,0.003256643347494162,11.0,False
327110,32,Manufacturing - paper/chemicals,0.0311918475684324,0.009405411776229302,4,10,794.0,0.03446111611222068,0.007568853758297437,3,13,750.0,0.003269268543788277,44.0,True
325510,32,Manufacturing - paper/chemicals,0.030771377486901858,0.011882122604479194,3,11,798.0,0.0341076313469047,0.011841690687371505,3,13,759.0,0.0033362538600028406,39.0,False
332991,33,Manufacturing - metals/machinery,0.007529189381595576,0.002401633808220731,1,10,987.0,0.010912448784507478,0.002613107695097024,3,13,989.0,0.003383259402911902,-2.0,True
424690,42,Wholesale trade,0.03129231595687268,0.010839066269553067,4,10,793.0,0.03475598595332358,0.009902752441606365,4,12,745.0,0.0034636699964509035,48.0,False
423810,42,Wholesale trade,0.021937013656673422,0.004279830444016902,4,10,891.0,0.025477946580354377,0.005107608908826768,3,13,897.0,0.0035409329236809547,-6.0,True
337215,33,Manufacturing - metals/machinery,0.040666039612788536,0.012283285768334757,3,11,680.0,0.04420798416077628,0.014798536032328558,3,13,603.0,0.0035419445479877437,77.0,False
423310,42,Wholesale trade,0.033841333348007166,0.008869844265177338,3,11,758.0,0.03740369659961667,0.010691301209804546,3,13,698.0,0.003562363251609503,60.0,False
332913,33,Manufacturing - metals/machinery,0.022267661166497206,0.0071522597680294345,3,11,885.0,0.025876587319733156,0.009434078774319878,3,13,892.0,0.00360892615323595,-7.0,False
325130,32,Manufacturing - paper/chemicals,0.013625441151424462,0.003427596998367832,4,10,963.0,0.017242132100653552,0.0053008636050168095,4,12,965.0,0.00361669094922909,-2.0,False
541990,54,Professional & technical services,0.134753500543415,0.04208055571740137,4,10,258.0,0.13846952574632382,0.04098636629549316,4,12,223.0,0.0037160252029088126,35.0,False
337910,33,Manufacturing - metals/machinery,0.03509696366464776,0.008962609849488374,2,11,739.0,0.038872727064684406,0.013085594047800103,3,13,678.0,0.003775763400036644,61.0,True
339112,33,Manufacturing - metals/machinery,0.01626885393472938,0.0045056114854041575,3,11,938.0,0.02006261245433368,0.004447469184185323,4,12,951.0,0.0037937585196042983,-13.0,True
335210,33,Manufacturing - metals/machinery,0.04332540565000027,0.017548961056437325,3,11,652.0,0.04715067015302975,0.01623645630089179,3,13,573.0,0.003825264503029474,79.0,False
423620,42,Wholesale trade,0.033728771240832484,0.009754029067814736,4,10,760.0,0.03765521656801245,0.0076973307827565415,4,12,694.0,0.003926445327179964,66.0,False
325193,32,Manufacturing - paper/chemicals,0.03447798516063419,0.012211211202627246,3,11,747.0,0.038413155596919865,0.009316687091694021,3,13,685.0,0.003935170436285676,62.0,False
327910,32,Manufacturing - paper/chemicals,0.03417560460178208,0.013578579131034609,3,11,755.0,0.03813419381435637,0.011684062545621569,3,13,689.0,0.00395858921257429,66.0,False
921110,92,Public administration,0.14634167834620085,0.045398659899920715,3,11,242.0,0.1503585889611405,0.043593518813289336,3,13,204.0,0.004016910614939639,38.0,False
336415,33,Manufacturing - metals/machinery,0.05292384543861041,0.016054119276193858,2,11,562.0,0.0569526950951653,0.011491589248548689,3,13,475.0,0.004028849656554888,87.0,True
325920,32,Manufacturing - paper/chemicals,0.01762093208714775,0.0036830884061776945,4,10,925.0,0.02166482947057798,0.006248665401899962,2,13,939.0,0.00404389738343023,-14.0,True
541620,54,Professional & technical services,0.08284766755445104,0.022432340562384905,4,10,394.0,0.08691644824352461,0.021543211550889386,4,12,329.0,0.00406878068907357,65.0,False
221210,22,Utilities,0.023406874192764687,0.007386532727909352,1,10,873.0,0.02748818470066534,0.006887490526173465,1,12,863.0,0.004081310507900653,10.0,False
322211,32,Manufacturing - paper/chemicals,0.03149918944739203,0.013262562935314536,3,11,790.0,0.03561006933983023,0.012404973221858252,3,13,731.0,0.004110879892438198,59.0,False
211120,21,"Mining, quarrying, oil & gas",0.023980731571056235,0.005879446688485624,4,10,868.0,0.028181359681408998,0.007833205909530069,1,12,850.0,0.004200628110352763,18.0,True
423450,42,Wholesale trade,0.04001446149574696,0.011532391542350043,4,10,685.0,0.04424188356354288,0.013217576289729395,4,12,602.0,0.004227422067795923,83.0,False
212114,21,"Mining, quarrying, oil & gas",0.01706273174609615,0.005282393866600711,4,10,932.0,0.021641124166236644,0.005557245672113981,2,13,940.0,0.004578392420140492,-8.0,True
333612,33,Manufacturing - metals/machinery,0.02144219758423666,0.0069643208518290756,2,11,897.0,0.026318551968401042,0.008268883972652472,3,13,887.0,0.004876354384164384,10.0,True
424950,42,Wholesale trade,0.032650055635330154,0.008584492785619409,3,11,773.0,0.03755402308748477,0.008237222399850431,4,12,696.0,0.0049039674521546145,77.0,True
335999,33,Manufacturing - metals/machinery,0.02489525014626055,0.009239907065717343,3,11,859.0,0.029935807519408913,0.00795596273938992,3,13,830.0,0.005040557373148364,29.0,False
531130,53,Real estate,0.07308087864938989,0.018899479162350838,4,10,436.0,0.07813921293948069,0.017318780539654754,4,12,365.0,0.005058334290090796,71.0,False
484230,48,Transportation,0.06207492900795496,0.01778838020151143,4,10,492.0,0.0672098824296356,0.016767427185237972,4,12,410.0,0.005134953421680646,82.0,False
459120,45,Retail trade - specialty,0.2875091056456404,0.08222267586173901,1,10,111.0,0.2926549065250708,0.08275639269664992,1,12,103.0,0.0051458008794303955,8.0,False
541310,54,Professional & technical services,0.04830340076626929,0.015924824809113745,3,11,605.0,0.05349819921351536,0.015369023036613536,3,13,496.0,0.005194798447246074,109.0,False
458310,45,Retail trade - specialty,0.10299448318728395,0.03664291028503426,1,10,324.0,0.10833681690785223,0.03928357350141452,1,12,284.0,0.005342333720568276,40.0,False
332311,33,Manufacturing - metals/machinery,0.036020373257431584,0.01080492350502246,3,11,726.0,0.04139660857876064,0.011514323594129879,3,13,645.0,0.005376235321329054,81.0,False
212290,21,"Mining, quarrying, oil & gas",0.028798507182023474,0.007340014889236149,3,11,818.0,0.034217109936339425,0.011824427813446673,3,13,755.0,0.0054186027543159515,63.0,False
326199,32,Manufacturing - paper/chemicals,0.0420322145136931,0.012274729051667634,3,11,663.0,0.04749157153583621,0.014635374034736038,3,13,570.0,0.005459357022143112,93.0,False
327120,32,Manufacturing - paper/chemicals,0.02737080696239618,0.005839636944072245,3,11,835.0,0.03289400841627327,0.011328569727608104,3,13,784.0,0.005523201453877087,51.0,False
423420,42,Wholesale trade,0.029469165036278406,0.009640649974928384,4,10,809.0,0.03511991792042603,0.009048882843028115,4,12,736.0,0.005650752884147622,73.0,False
333991,33,Manufacturing - metals/machinery,0.019000153751043088,0.004731168439810318,4,10,919.0,0.024684719380866534,0.0072227336070389185,3,13,904.0,0.005684565629823446,15.0,True
221330,22,Utilities,0.0522125167566501,0.010199732056849854,2,11,570.0,0.057912951069414735,0.017293717182877904,4,12,466.0,0.005700434312764638,104.0,True
336412,33,Manufacturing - metals/machinery,0.022101346116093434,0.008018153711899073,3,11,889.0,0.027824363298487004,0.01052649974069252,3,13,857.0,0.005723017182393569,32.0,False
522390,52,Finance & insurance,0.038620915101959405,0.01050659304638066,4,10,700.0,0.044456677567576944,0.010383542397507611,4,12,597.0,0.005835762465617539,103.0,False
332322,33,Manufacturing - metals/machinery,0.0394676274421778,0.01272242666831092,3,11,690.0,0.04533223364838597,0.01587126442454036,3,13,591.0,0.00586460620620817,99.0,False
321219,32,Manufacturing - paper/chemicals,0.031104283696415855,0.01100723089877213,3,11,795.0,0.036997545582253454,0.0058457158959603845,4,12,707.0,0.005893261885837598,88.0,True
332813,33,Manufacturing - metals/machinery,0.03603522513835334,0.00858315350691695,3,11,725.0,0.04201399949107991,0.01173891921687169,3,13,632.0,0.005978774352726569,93.0,False
424490,42,Wholesale trade,0.036313917468919904,0.00802370218240289,4,10,720.0,0.04262308575752628,0.00836971700769858,3,13,623.0,0.006309168288606379,97.0,True
332811,33,Manufacturing - metals/machinery,0.02308809942186962,0.007957152101075669,3,11,876.0,0.029410212881026885,0.006280414276875771,2,13,836.0,0.006322113459157265,40.0,True
332710,33,Manufacturing - metals/machinery,0.024762842463538635,0.006253051233736659,3,11,861.0,0.031155449558642287,0.009828300240153529,3,13,815.0,0.006392607095103652,46.0,False
332439,33,Manufacturing - metals/machinery,0.0365648148240059,0.010533367299683941,3,11,717.0,0.04296650281852728,0.011330925340498647,3,13,619.0,0.006401687994521378,98.0,False
332618,33,Manufacturing - metals/machinery,0.039165991157095355,0.010976203170276339,3,11,692.0,0.04562374181831796,0.015070185465589832,3,13,589.0,0.006457750661222603,103.0,False
331410,33,Manufacturing - metals/machinery,0.01733938312797155,0.004502074772802388,3,11,928.0,0.02399880681972878,0.007650335955332825,3,13,910.0,0.006659423691757229,18.0,False
327410,32,Manufacturing - paper/chemicals,0.024805205311590528,0.005600487917894333,4,10,860.0,0.03158225312182591,0.007714634627926506,3,13,805.0,0.00677704781023538,55.0,True
326112,32,Manufacturing - paper/chemicals,0.039473812326059975,0.01359964336686153,3,11,689.0,0.04627225467108533,0.014737494527068492,3,13,582.0,0.006798442345025357,107.0,False
424820,42,Wholesale trade,0.016188019112407456,0.0059764344080973945,3,11,940.0,0.02299343804319073,0.003592788249430476,4,12,928.0,0.006805418930783274,12.0,True
337920,33,Manufacturing - metals/machinery,0.026394117339761176,0.010187114439056134,3,11,844.0,0.033231000955647474,0.007567669242853798,3,13,778.0,0.006836883615886299,66.0,False
327420,32,Manufacturing - paper/chemicals,0.03348272630885392,0.013863513274368789,3,11,764.0,0.04034203133879104,0.007762618990737027,3,13,656.0,0.006859305029937118,108.0,False
333413,33,Manufacturing - metals/machinery,0.04866544051122971,0.01900876789458331,3,11,602.0,0.05557183045000785,0.018471101584991687,3,13,484.0,0.006906389938778144,118.0,False
923120,92,Public administration,0.0366352500035842,0.011093559030478593,3,11,714.0,0.04357825994354881,0.009041098602853423,4,12,610.0,0.006943009939964613,104.0,True
424940,42,Wholesale trade,0.0535081207024558,0.014998287566515662,3,11,555.0,0.06045669076431995,0.01394822025626307,3,13,450.0,0.006948570061864147,105.0,False
333914,33,Manufacturing - metals/machinery,0.012192808313649038,0.003544221479370621,3,11,974.0,0.019172208894041635,0.004939080112264091,2,13,960.0,0.006979400580392597,14.0,True
314120,31,Manufacturing - food/textiles,0.044892975616282964,0.011338347420682135,3,11,637.0,0.05198766897466324,0.018041231925455363,2,13,512.0,0.007094693358380276,125.0,True
611630,61,Educational services,0.3730711033090021,0.10151827581615298,2,11,74.0,0.3802723874420972,0.09786183911972805,2,13,76.0,0.007201284133095065,-2.0,False
813211,81,Other services,0.18881241467930407,0.034245923610143614,3,11,182.0,0.19607269815785133,0.06706362161770663,3,13,158.0,0.007260283478547264,24.0,False
423330,42,Wholesale trade,0.0525231302940949,0.013579028337769911,4,10,566.0,0.059807819466849405,0.011866874527681934,4,12,454.0,0.007284689172754502,112.0,False
213112,21,"Mining, quarrying, oil & gas",0.04405534359052181,0.012101343682593437,4,10,643.0,0.05140005502209887,0.016788424292331763,2,13,519.0,0.007344711431577063,124.0,True
423710,42,Wholesale trade,0.03205642737735557,0.011539174834198085,3,11,783.0,0.03948203718598322,0.009872501493880194,3,13,666.0,0.007425609808627651,117.0,False
532282,53,Real estate,0.16418485467396704,0.06700228253531187,3,11,210.0,0.17175271118882784,0.054420327104458474,3,13,179.0,0.007567856514860805,31.0,False
333310,33,Manufacturing - metals/machinery,0.01613209496454467,0.005969846597269962,3,11,941.0,0.023700763765189488,0.007947140993099126,3,13,916.0,0.007568668800644818,25.0,False
326113,32,Manufacturing - paper/chemicals,0.024012495964578412,0.007941128926733569,3,11,867.0,0.03160442621946217,0.009431741957228117,3,13,804.0,0.007591930254883757,63.0,False
423510,42,Wholesale trade,0.019526765804631044,0.006728876178750262,3,11,910.0,0.027119339390790947,0.004859157731450606,3,13,868.0,0.007592573586159904,42.0,False
326130,32,Manufacturing - paper/chemicals,0.039754465688617166,0.016028807044211536,3,11,687.0,0.04737869912696691,0.014721512002516158,3,13,571.0,0.0076242334383497465,116.0,False
324110,32,Manufacturing - paper/chemicals,0.020223748961271677,0.007154340791830649,4,10,902.0,0.027862978529276307,0.008395259289986582,1,12,855.0,0.00763922956800463,47.0,True
325612,32,Manufacturing - paper/chemicals,0.03339466766923161,0.009670707701497794,3,11,766.0,0.04107956134291101,0.013496560875137623,3,13,650.0,0.007684893673679402,116.0,False
562991,56,Administrative & waste services,0.11971723524899626,0.03284562136187706,4,10,289.0,0.1275017889688109,0.0312795596156421,4,12,251.0,0.007784553719814638,38.0,False
325910,32,Manufacturing - paper/chemicals,0.014253340923299334,0.004091705487228092,2,11,958.0,0.022095053374941328,0.003493974025512489,3,13,935.0,0.007841712451641994,23.0,True
331313,33,Manufacturing - metals/machinery,0.045186514304079786,0.014241049208347817,1,10,635.0,0.053030644084893316,0.013822879557507696,3,13,503.0,0.00784412978081353,132.0,True
483113,48,Transportation,0.07881622582545196,0.030299332001154533,4,10,411.0,0.08667234739834007,0.023307426836063752,3,13,332.0,0.007856121572888106,79.0,True
311941,31,Manufacturing - food/textiles,0.08520449459811887,0.028208482347768023,4,10,389.0,0.09328384805886664,0.025136805978642013,4,12,311.0,0.00807935346074777,78.0,False
324191,32,Manufacturing - paper/chemicals,0.019626219719837593,0.007073763834187919,3,11,908.0,0.027789370567292835,0.01025011161300643,3,13,859.0,0.008163150847455242,49.0,False
334513,33,Manufacturing - metals/machinery,0.01726839733435022,0.006577394188793268,3,11,929.0,0.025433632080928085,0.007492284625094972,3,13,901.0,0.008165234746577866,28.0,False
621492,62,Health care & social assistance,0.013537023669785183,0.00435883749889631,3,11,964.0,0.021742327021195048,0.00836910626450033,4,12,938.0,0.008205303351409865,26.0,True
311119,31,Manufacturing - food/textiles,0.03608922759378015,0.010489706440461571,3,11,724.0,0.044300561540315204,0.014052061546324794,3,13,600.0,0.008211333946535053,124.0,False
339930,33,Manufacturing - metals/machinery,0.0343532958466198,0.009884372848037228,4,10,749.0,0.04259149340616925,0.012596764813518001,4,12,624.0,0.008238197559549451,125.0,False
322120,32,Manufacturing - paper/chemicals,0.03482267870895006,0.010574494002552115,3,11,744.0,0.04308366558715727,0.013999014984132595,3,13,616.0,0.008260986878207206,128.0,False
712190,71,"Arts, entertainment & recreation",0.3393869991905231,0.12241689461509996,3,11,82.0,0.3476884196261338,0.10848558730807897,3,13,84.0,0.008301420435610662,-2.0,False
335929,33,Manufacturing - metals/machinery,0.02226076408568518,0.00739782371883175,3,11,886.0,0.030624756601404787,0.008023082517848402,3,13,821.0,0.008363992515719607,65.0,False
322130,32,Manufacturing - paper/chemicals,0.021602029182118614,0.0066960461583747185,3,11,894.0,0.030092018805651,0.010122249515659303,3,13,828.0,0.008489989623532385,66.0,False
333514,33,Manufacturing - metals/machinery,0.012466940662885997,0.003731337786759973,4,10,970.0,0.021150534409611524,0.00661178865437496,3,13,944.0,0.008683593746725527,26.0,True
541830,54,Professional & technical services,0.04278544490319105,0.011018888187072818,4,10,655.0,0.05163963097816606,0.012779630564867096,4,12,515.0,0.008854186074975012,140.0,False
333515,33,Manufacturing - metals/machinery,0.0075688712147934595,0.0015893145279514832,2,11,986.0,0.016429743782470457,0.005644583088695813,3,13,970.0,0.008860872567676998,16.0,True
491110,49,Warehousing & couriers,0.09474542505283631,0.033147787995082965,4,10,349.0,0.10361684230347132,0.03327257526747902,4,12,296.0,0.008871417250635005,53.0,False
321212,32,Manufacturing - paper/chemicals,0.028005202747587957,0.009656374039278893,3,11,827.0,0.0369443426529167,0.008888891568802355,3,13,708.0,0.008939139905328741,119.0,False
337110,33,Manufacturing - metals/machinery,0.046944752675358636,0.01585629155451841,3,11,623.0,0.055905378110777865,0.018894575688021494,3,13,483.0,0.008960625435419228,140.0,False
332313,33,Manufacturing - metals/machinery,0.024482317696841744,0.005998545268763889,3,11,864.0,0.033444972944791596,0.010454731103957261,3,13,768.0,0.008962655247949852,96.0,False
326140,32,Manufacturing - paper/chemicals,0.03194489799428712,0.011448324209613175,3,11,785.0,0.04092224623798846,0.013567797892151085,3,13,654.0,0.00897734824370134,131.0,False
332994,33,Manufacturing - metals/machinery,0.02805328307125829,0.011981833460707464,3,11,826.0,0.03708054268893331,0.010570087092023476,4,12,705.0,0.009027259617675018,121.0,True
327993,32,Manufacturing - paper/chemicals,0.03243422163666779,0.009636817551809599,4,10,777.0,0.04150202928281517,0.012873978881234106,3,13,642.0,0.009067807646147383,135.0,True
445298,44,Retail trade - general,0.10408661597478923,0.028165433771399875,3,11,321.0,0.11321299089290743,0.0349232124052445,3,13,274.0,0.009126374918118199,47.0,False
531120,53,Real estate,0.06860688508571446,0.019839093184531763,4,10,462.0,0.0777439049116013,0.020465293691901518,4,12,367.0,0.009137019825886841,95.0,False
423210,42,Wholesale trade,0.03234333039751278,0.007397908528905255,4,10,779.0,0.04153092670390512,0.009154338995307721,3,13,641.0,0.009187596306392334,138.0,True
334111,33,Manufacturing - metals/machinery,0.05359741666964931,0.02246864691644388,4,10,554.0,0.06285752144841147,0.019885253514951653,4,12,436.0,0.009260104778762164,118.0,False
333912,33,Manufacturing - metals/machinery,0.016000978802719345,0.004388669819510307,3,11,943.0,0.025441129407994586,0.008292656680718373,3,13,900.0,0.009440150605275241,43.0,False
327213,32,Manufacturing - paper/chemicals,0.04078122615766721,0.01614941270858941,3,11,679.0,0.05023820359031298,0.018735125444578664,3,13,526.0,0.009456977432645772,153.0,False
332410,33,Manufacturing - metals/machinery,0.02556924796360886,0.009219395870427376,2,11,850.0,0.03507096545090947,0.005389320475574741,2,13,737.0,0.009501717487300613,113.0,False
333511,33,Manufacturing - metals/machinery,0.018331598285369757,0.003831804386045795,4,10,922.0,0.027937763823582675,0.0071072346647171455,3,13,853.0,0.009606165538212919,69.0,True
333241,33,Manufacturing - metals/machinery,0.02220048362538595,0.0080021072481216,3,11,887.0,0.03181062357208417,0.011607163764101433,3,13,798.0,0.009610139946698217,89.0,False
333517,33,Manufacturing - metals/machinery,0.013625687563883507,0.003157140225317781,4,10,962.0,0.023428127506225232,0.007190596262879975,3,13,922.0,0.009802439942341725,40.0,True
513120,51,Information,0.029884354267745983,0.01113464129645777,3,11,804.0,0.03983368939481927,0.008894979395150406,4,12,664.0,0.00994933512707329,140.0,True
811412,81,Other services,0.035620600332336626,0.010294673646922327,3,11,733.0,0.04580067459270978,0.012956305213954808,4,12,586.0,0.010180074260373151,147.0,True
325180,32,Manufacturing - paper/chemicals,0.015414527014853224,0.005011622125835886,3,11,950.0,0.025712748370658903,0.006143824430893669,3,13,894.0,0.01029822135580568,56.0,False
926110,92,Public administration,0.0798135986219399,0.02067266222636768,2,11,407.0,0.09012085773275243,0.03096773791333161,3,13,324.0,0.010307259110812525,83.0,True
326121,32,Manufacturing - paper/chemicals,0.028410470889308675,0.010257919892560818,3,11,822.0,0.03874471802598825,0.012781451749777566,3,13,680.0,0.010334247136679575,142.0,False
332216,33,Manufacturing - metals/machinery,0.02284088664563775,0.009480792817619347,3,11,877.0,0.033241622558864495,0.010235409263996102,3,13,777.0,0.010400735913226745,100.0,False
621991,62,Health care & social assistance,0.03175058889825854,0.009167962519082985,3,11,786.0,0.04222554172164335,0.009838742006290051,4,12,627.0,0.010474952823384807,159.0,True
311824,31,Manufacturing - food/textiles,0.023240871469317307,0.005894878954006114,3,11,874.0,0.033755903082038755,0.005167875655397927,4,12,764.0,0.010515031612721448,110.0,True
339993,33,Manufacturing - metals/machinery,0.037897322320469926,0.0127793128091861,3,11,706.0,0.04841765643736305,0.013942028192898403,2,13,563.0,0.010520334116893126,143.0,True
561492,56,Administrative & waste services,0.08097358862231224,0.027164944637819564,4,10,401.0,0.09161439316881674,0.026584814109790467,4,12,315.0,0.010640804546504498,86.0,False
541430,54,Professional & technical services,0.10274824845895891,0.03274266025802835,4,10,327.0,0.11363561359176767,0.03393582350208326,4,12,271.0,0.01088736513280876,56.0,False
112310,11,"Agriculture, forestry, fishing",0.04225440919149662,0.007518228325275047,3,11,660.0,0.05314857575381526,0.010962530721678675,3,13,501.0,0.01089416656231864,159.0,False
311314,31,Manufacturing - food/textiles,0.2242739633519694,0.03765342663599194,2,11,144.0,0.23516969751559982,0.054725390413201326,1,12,134.0,0.010895734163630433,10.0,True
312140,31,Manufacturing - food/textiles,0.03767867349399004,0.014162833186301444,3,11,708.0,0.048655217115115786,0.016288727670847873,3,13,560.0,0.010976543621125746,148.0,False
424410,42,Wholesale trade,0.035271370104125344,0.007411009058933197,4,10,737.0,0.04628554132073566,0.012560417054929164,3,13,581.0,0.011014171216610316,156.0,True
485113,48,Transportation,0.027994010310648264,0.007196507342637284,3,11,828.0,0.0391059510039364,0.007304223553214765,2,13,674.0,0.011111940693288136,154.0,True
334112,33,Manufacturing - metals/machinery,0.025697995161754656,0.005483671828030668,3,11,847.0,0.03736258110566109,0.012223861382650626,3,13,699.0,0.011664585943906434,148.0,False
335313,33,Manufacturing - metals/machinery,0.015468280861971101,0.004503352108955929,3,11,949.0,0.027166846098594027,0.008892640986317353,3,13,867.0,0.011698565236622925,82.0,False
722410,72,Accommodation & food services,0.1332937691448841,0.032945225735497075,3,11,260.0,0.14502918256849948,0.02503677588112452,3,13,214.0,0.011735413423615365,46.0,False
424420,42,Wholesale trade,0.04793990718529881,0.009937756233707334,4,10,610.0,0.05973318516346318,0.015677441407193956,4,12,455.0,0.011793277978164374,155.0,False
813910,81,Other services,0.06366567432358275,0.024397094988275612,3,11,479.0,0.0755033235139621,0.021716065642408564,3,13,375.0,0.011837649190379357,104.0,False
541810,54,Professional & technical services,0.04523591673048993,0.012316625873272874,4,10,634.0,0.05709718225957448,0.012595498642217663,4,12,474.0,0.01186126552908455,160.0,False
336211,33,Manufacturing - metals/machinery,0.03343825438590833,0.01326440004042645,3,11,765.0,0.0454393255039102,0.011122495853455724,3,13,590.0,0.012001071118001874,175.0,False
335311,33,Manufacturing - metals/machinery,0.020507043963311,0.008207742591495927,3,11,901.0,0.032856474748152245,0.010499060458065815,3,13,786.0,0.012349430784841246,115.0,False
331529,33,Manufacturing - metals/machinery,0.02372173112675519,0.009242603200197479,3,11,870.0,0.036077520956741854,0.010051437698896933,3,13,719.0,0.012355789829986665,151.0,False
311615,31,Manufacturing - food/textiles,0.029435929648535288,0.007353232597542331,3,11,810.0,0.041956091679135867,0.012877484534826398,3,13,634.0,0.012520162030600579,176.0,False
325992,32,Manufacturing - paper/chemicals,0.03130910515183644,0.009704917741462508,3,11,792.0,0.04394045436953714,0.012642301358763004,3,13,606.0,0.012631349217700698,186.0,False
334418,33,Manufacturing - metals/machinery,0.014593264947114437,0.00405354690988637,4,10,956.0,0.027311320171781242,0.008853815663727877,3,13,865.0,0.012718055224666805,91.0,True
334515,33,Manufacturing - metals/machinery,0.014427713598693614,0.003826686664132291,3,11,957.0,0.027181220250118904,0.006358724824714064,4,12,866.0,0.01275350665142529,91.0,True
335314,33,Manufacturing - metals/machinery,0.013709217132232039,0.0035805231072150003,3,11,960.0,0.026570105692469544,0.009037506619225593,3,13,883.0,0.012860888560237505,77.0,False
333611,33,Manufacturing - metals/machinery,0.05961216880073218,0.019989114437862873,4,10,513.0,0.07258737921247371,0.020399139765634098,4,12,392.0,0.01297521041174153,121.0,False
335931,33,Manufacturing - metals/machinery,0.018509175716597517,0.006748380531687132,3,11,921.0,0.03182403347680333,0.012129192280328003,3,13,797.0,0.013314857760205811,124.0,False
337122,33,Manufacturing - metals/machinery,0.03627835380637629,0.006822563942190033,3,11,722.0,0.04963292131681772,0.01526713623904198,3,13,543.0,0.01335456751044143,179.0,False
331314,33,Manufacturing - metals/machinery,0.03237623308134343,0.012549342929112195,3,11,778.0,0.04573435839073594,0.014351054984574377,3,13,587.0,0.01335812530939251,191.0,False
326299,32,Manufacturing - paper/chemicals,0.025452543876901875,0.0070111588470963306,3,11,852.0,0.03883800514679611,0.010117938051970933,3,13,679.0,0.013385461269894237,173.0,False
332812,33,Manufacturing - metals/machinery,0.03638388673182586,0.011533230495465561,3,11,719.0,0.04994045736208364,0.016457831444960904,3,13,534.0,0.01355657063025778,185.0,False
333995,33,Manufacturing - metals/machinery,0.02086529985013799,0.006604148173218774,3,11,899.0,0.034658807094574876,0.009871198814391299,3,13,748.0,0.013793507244436884,151.0,False
336120,33,Manufacturing - metals/machinery,0.029561169955989217,0.007842383963978168,4,10,807.0,0.04338855608065197,0.01154579873661857,3,13,615.0,0.013827386124662756,192.0,True
523150,52,Finance & insurance,0.042137842897775626,0.01299925085099921,3,11,662.0,0.056064285927286,0.014184622264207107,3,13,482.0,0.013926443029510377,180.0,False
456120,45,Retail trade - specialty,0.18894533429019653,0.05792222612946374,1,10,180.0,0.2029043839030267,0.05629062458284981,4,12,152.0,0.013959049612830177,28.0,True
332912,33,Manufacturing - metals/machinery,0.017093608386140744,0.00383606251349071,3,11,931.0,0.031110808980797672,0.007255326347600094,3,13,816.0,0.014017200594656928,115.0,False
325110,32,Manufacturing - paper/chemicals,0.01539885132890389,0.005747867876229106,4,10,951.0,0.02957317554058421,0.0077923244646416956,3,13,834.0,0.01417432421168032,117.0,True
331524,33,Manufacturing - metals/machinery,0.02243013226038965,0.008354432238921237,3,11,884.0,0.036665422973768014,0.011014027176777979,3,13,717.0,0.014235290713378364,167.0,False
812332,81,Other services,0.031986762439126945,0.007909750167987317,3,11,784.0,0.046271601907667506,0.013747131137230058,3,13,583.0,0.014284839468540561,201.0,False
331221,33,Manufacturing - metals/machinery,0.012635519404344561,0.0035968534051662297,4,10,968.0,0.0269566075710976,0.007755661908893364,3,13,870.0,0.01432108816675304,98.0,True
812331,81,Other services,0.07501855808473887,0.02455472489215724,3,11,426.0,0.0893561468634834,0.03238908112753117,3,13,326.0,0.014337588778744526,100.0,False
313220,31,Manufacturing - food/textiles,0.022525442952211948,0.005626403532829268,3,11,882.0,0.036873988644860106,0.010671499544869324,3,13,712.0,0.014348545692648158,170.0,False
332312,33,Manufacturing - metals/machinery,0.029039830207663427,0.01115134418718545,3,11,814.0,0.04352486055219333,0.013215702971396178,3,13,612.0,0.014485030344529904,202.0,False
336320,33,Manufacturing - metals/machinery,0.019333999825776844,0.0038575556928509116,4,10,913.0,0.034215516173334085,0.010005255534250438,3,13,756.0,0.01488151634755724,157.0,True
331210,33,Manufacturing - metals/machinery,0.012815214362178754,0.0030388706770068173,2,11,966.0,0.027790159814226806,0.007595419885623605,3,13,858.0,0.014974945452048052,108.0,True
322219,32,Manufacturing - paper/chemicals,0.04042422410912626,0.01633147361708526,3,11,683.0,0.05547175580396424,0.016178748274842718,3,13,486.0,0.015047531694837982,197.0,False
221121,22,Utilities,0.027233275487287004,0.0092309388072486,3,11,837.0,0.04234257123434511,0.01100021448658782,1,12,626.0,0.015109295747058105,211.0,True
333613,33,Manufacturing - metals/machinery,0.007164138772608729,0.0025202959553219705,2,11,988.0,0.02248024839199943,0.0066206576644405055,3,13,931.0,0.015316109619390702,57.0,True
488210,48,Transportation,0.025088193347339693,0.006975145432975737,2,11,856.0,0.040422679765409836,0.011347914907906813,3,13,655.0,0.015334486418070142,201.0,True
336991,33,Manufacturing - metals/machinery,0.044047892799044905,0.01607561689117223,3,11,644.0,0.05940777552015531,0.01554028591670182,3,13,457.0,0.015359882721110406,187.0,False
331318,33,Manufacturing - metals/machinery,0.024523017331331172,0.008507478135341294,3,11,863.0,0.03989089894904815,0.012202192649654367,3,13,662.0,0.015367881617716975,201.0,False
541350,54,Professional & technical services,0.1669410507280347,0.0557524556180254,4,10,200.0,0.18235360545650575,0.059962448783043416,4,12,169.0,0.015412554728471056,31.0,False
333993,33,Manufacturing - metals/machinery,0.012445686387492902,0.0033916608859741043,3,11,971.0,0.028214131184402226,0.00706794896192262,3,13,849.0,0.015768444796909323,122.0,False
311920,31,Manufacturing - food/textiles,0.025325166879846435,0.005549313763257868,3,11,853.0,0.041133851549246606,0.00988701547372341,3,13,649.0,0.01580868466940017,204.0,False
112340,11,"Agriculture, forestry, fishing",0.0587448898335007,0.019793354721927055,3,11,520.0,0.07460479280925053,0.024096530422184254,3,13,380.0,0.01585990297574983,140.0,False
424510,42,Wholesale trade,0.2309789754495132,0.06654919517106175,4,10,137.0,0.24685453943021127,0.06892273617212455,4,12,128.0,0.01587556398069806,9.0,False
332119,33,Manufacturing - metals/machinery,0.020056395146162403,0.0066866981690380115,3,11,905.0,0.03600795740575427,0.012814361049658697,3,13,721.0,0.015951562259591868,184.0,False
334416,33,Manufacturing - metals/machinery,0.01630149218717052,0.00645660801869771,3,11,937.0,0.03227369247052732,0.011466026300700956,3,13,791.0,0.0159722002833568,146.0,False
561611,56,Administrative & waste services,0.09320358867245251,0.024096980651990754,4,10,356.0,0.10931524758649412,0.03001238934409381,4,12,281.0,0.016111658914041607,75.0,False
236210,23,Construction,0.18628144037076985,0.054085656627990544,4,10,185.0,0.20241623182514273,0.05071601721585453,4,12,153.0,0.016134791454372882,32.0,False
922150,92,Public administration,0.04224653634277121,0.008976337430941506,4,10,661.0,0.058408047673430524,0.015839801811462124,4,12,463.0,0.016161511330659316,198.0,False
311919,31,Manufacturing - food/textiles,0.03349525675439895,0.012235403681978774,3,11,763.0,0.04975481637804071,0.016857480262057925,3,13,538.0,0.016259559623641763,225.0,False
322110,32,Manufacturing - paper/chemicals,0.050951667316602854,0.01600479415524548,3,11,582.0,0.06737406464391871,0.01698469407705373,1,12,408.0,0.016422397327315853,174.0,True
325212,32,Manufacturing - paper/chemicals,0.012260580309333458,0.003891883215124434,2,11,973.0,0.028742349711933245,0.007587833023595411,3,13,842.0,0.016481769402599787,131.0,True
237130,23,Construction,0.2375289768274341,0.08339450025176764,4,10,132.0,0.2540128156692774,0.07260030677909864,4,12,125.0,0.016483838841843318,7.0,False
337121,33,Manufacturing - metals/machinery,0.032182270049875235,0.01126933991505519,3,11,781.0,0.04867329801028412,0.014044522146392291,3,13,558.0,0.016491027960408883,223.0,False
325611,32,Manufacturing - paper/chemicals,0.01749202219945786,0.0038951032534482056,3,11,926.0,0.034292675468662624,0.011706693574252542,3,13,754.0,0.016800653269204765,172.0,False
457210,45,Retail trade - specialty,0.05256891261583914,0.01944859697333592,2,11,564.0,0.06939653866363973,0.02185811686649923,2,13,400.0,0.016827626047800595,164.0,False
325320,32,Manufacturing - paper/chemicals,0.015924392786160646,0.006309597762800511,3,11,944.0,0.03282563838296469,0.007634136212615699,4,12,787.0,0.016901245596804046,157.0,True
524114,52,Finance & insurance,0.01122070878287475,0.0019303033036186712,2,11,979.0,0.028309076434241087,0.009384125661569334,4,12,846.0,0.017088367651366336,133.0,True
334118,33,Manufacturing - metals/machinery,0.03895643595121371,0.012173938229714047,4,10,695.0,0.05606845704870453,0.015333056759927258,4,12,481.0,0.01711202109749082,214.0,False
334413,33,Manufacturing - metals/machinery,0.015490088985195405,0.004945737910478703,4,10,948.0,0.03265009371382355,0.008255353691089384,3,13,788.0,0.017160004728628143,160.0,True
611310,61,Educational services,0.19452392300607585,0.049830725882651035,2,11,176.0,0.21171084187848654,0.05035476210353289,2,13,147.0,0.017186918872410695,29.0,False
333998,33,Manufacturing - metals/machinery,0.009557140454169725,0.0032622000362447657,3,11,984.0,0.02689638417012535,0.009160907892795677,3,13,874.0,0.017339243715955625,110.0,False
312111,31,Manufacturing - food/textiles,0.04671210415992154,0.014385657245634035,3,11,625.0,0.0642029187625896,0.011426528498061627,4,12,425.0,0.01749081460266806,200.0,True
332999,33,Manufacturing - metals/machinery,0.027008470481140866,0.007903170316719289,3,11,839.0,0.04454178081610407,0.01604816033835364,3,13,596.0,0.017533310334963203,243.0,False
333996,33,Manufacturing - metals/machinery,0.01649419815641872,0.006042581095547042,3,11,935.0,0.03414934426327451,0.006630662704964308,2,13,757.0,0.01765514610685579,178.0,True
336212,33,Manufacturing - metals/machinery,0.04874101574487061,0.020068158944274928,3,11,601.0,0.06664253761642153,0.02066840899608379,3,13,412.0,0.01790152187155092,189.0,False
326291,32,Manufacturing - paper/chemicals,0.017419180418670157,0.005905804349993425,3,11,927.0,0.035541681134448236,0.01221044229680469,3,13,733.0,0.01812250071577808,194.0,False
314110,31,Manufacturing - food/textiles,0.01931410719383163,0.0050423638825187215,3,11,914.0,0.037780249687905394,0.011931010036352687,3,13,693.0,0.018466142494073766,221.0,False
484210,48,Transportation,0.2456146336590827,0.09618904020561128,3,11,129.0,0.2641608460370819,0.09648370788421978,3,13,120.0,0.018546212377999194,9.0,False
541490,54,Professional & technical services,0.11596442673844973,0.04209500159913854,4,10,298.0,0.13451658623925022,0.0470948008828444,4,12,233.0,0.018552159500800497,65.0,False
512120,51,Information,0.06058998754917375,0.023255698433470466,4,10,506.0,0.07921041224634283,0.023340538938379944,3,13,361.0,0.018620424697169076,145.0,True
326111,32,Manufacturing - paper/chemicals,0.03572439826959601,0.012476600263796671,3,11,731.0,0.05445184662986865,0.018412301091858343,3,13,492.0,0.01872744836027264,239.0,False
331523,33,Manufacturing - metals/machinery,0.01816654870715042,0.0050529337851892364,3,11,923.0,0.03691285697688642,0.01290973912401311,3,13,709.0,0.018746308269736,214.0,False
332722,33,Manufacturing - metals/machinery,0.016219773745718744,0.004865111060584907,3,11,939.0,0.03516696453362877,0.010459382012776621,3,13,735.0,0.018947190787910025,204.0,False
326212,32,Manufacturing - paper/chemicals,0.04001394226830341,0.013700195925856236,3,11,686.0,0.05902495136764861,0.01851597234399906,3,13,459.0,0.0190110090993452,227.0,False
444140,44,Retail trade - general,0.07975703376246235,0.02153919367111154,3,11,408.0,0.09882254946111213,0.02608263658641746,3,13,305.0,0.019065515698649782,103.0,False
561990,56,Administrative & waste services,0.043955418801511624,0.012340973666411093,3,11,646.0,0.06310970654753618,0.016323004452052318,3,13,434.0,0.01915428774602456,212.0,False
332721,33,Manufacturing - metals/machinery,0.013750238062767525,0.0056140810177105075,3,11,959.0,0.03309286076368503,0.011129301426256273,3,13,782.0,0.0193426227009175,177.0,False
337211,33,Manufacturing - metals/machinery,0.024244622640171774,0.010212901652159864,3,11,866.0,0.0436080747020871,0.015022636760156664,3,13,609.0,0.019363452061915327,257.0,False
333120,33,Manufacturing - metals/machinery,0.010326941492163608,0.0025456985298192374,3,11,981.0,0.029715825975924055,0.008573615235536675,3,13,833.0,0.019388884483760447,148.0,False
221111,22,Utilities,0.01765395653157478,0.005224511095443666,4,10,924.0,0.03714784153723082,0.010705274391008709,3,13,702.0,0.019493885005656044,222.0,True
332613,33,Manufacturing - metals/machinery,0.014891692517342448,0.003167208064933359,2,11,954.0,0.03440542092690229,0.010562117526912725,3,13,752.0,0.019513728409559842,202.0,True
561621,56,Administrative & waste services,0.0478472890192034,0.01016023288800097,4,10,613.0,0.06753504378574952,0.018803614796462826,4,12,407.0,0.019687754766546127,206.0,False
326220,32,Manufacturing - paper/chemicals,0.015831755329980265,0.003442944301997192,3,11,945.0,0.035539519992775194,0.010266700236793812,3,13,734.0,0.01970776466279493,211.0,False
332111,33,Manufacturing - metals/machinery,0.006188817365500488,0.0021328233996457807,2,11,989.0,0.025927515286590663,0.008746004392733077,3,13,891.0,0.019738697921090176,98.0,True
485320,48,Transportation,0.1390949216266324,0.040976538724438114,4,10,252.0,0.1588649062515553,0.04372975135264382,4,11,196.0,0.01976998462492291,56.0,False
459310,45,Retail trade - specialty,0.21007286623867275,0.0751195903051999,2,11,157.0,0.22990972599995405,0.0615654432351738,2,13,139.0,0.0198368597612813,18.0,False
312120,31,Manufacturing - food/textiles,0.05580054093746866,0.013193487292068956,3,11,535.0,0.07577713865505352,0.021336749366614317,3,13,374.0,0.01997659771758486,161.0,False
336360,33,Manufacturing - metals/machinery,0.020193760525148024,0.004946152723312522,3,11,903.0,0.040273927499048415,0.013467223808208344,3,13,658.0,0.02008016697390039,245.0,False
321912,32,Manufacturing - paper/chemicals,0.05114711605635627,0.01873348114803511,3,11,580.0,0.07125670187319709,0.020213802614007712,3,13,395.0,0.020109585816840816,185.0,False
561421,56,Administrative & waste services,0.04919886865646435,0.01073042798080271,3,11,596.0,0.0693962073371383,0.020640732471919648,4,12,401.0,0.020197338680673957,195.0,True
111422,11,"Agriculture, forestry, fishing",0.6865657449228296,0.21396385893310244,2,11,35.0,0.7068585953716335,0.19174624938079932,2,13,37.0,0.020292850448803912,-2.0,False
562212,56,Administrative & waste services,0.0874924944107269,0.026748415785848457,4,10,379.0,0.10780299800328394,0.03167883692199976,4,12,285.0,0.02031050359255704,94.0,False
325991,32,Manufacturing - paper/chemicals,0.027828295593289337,0.009300247934799106,3,11,830.0,0.048216523822717995,0.015947956846309244,3,13,565.0,0.020388228229428658,265.0,False
524113,52,Finance & insurance,0.040916698907546324,0.016285335319252157,4,10,677.0,0.06147069477356493,0.02102665991171503,4,12,444.0,0.020553995866018603,233.0,False
423120,42,Wholesale trade,0.022774680428418095,0.007476013076944472,3,11,878.0,0.0434519197673555,0.00879810434383557,4,12,613.0,0.020677239338937402,265.0,True
337126,33,Manufacturing - metals/machinery,0.03592711348947969,0.010764694335637785,2,11,727.0,0.0569069303318539,0.018685088308813387,3,13,476.0,0.02097981684237421,251.0,True
335131,33,Manufacturing - metals/machinery,0.02186922583531323,0.006222738009046929,3,11,892.0,0.04292315304176359,0.009735471978519292,2,13,621.0,0.02105392720645036,271.0,True
332510,33,Manufacturing - metals/machinery,0.023763678369463147,0.008712721134378475,3,11,869.0,0.044957320915757146,0.016652495561760444,3,13,593.0,0.021193642546294,276.0,False
512250,51,Information,0.1299585672696894,0.03918491062359246,4,10,265.0,0.15143406293236225,0.036758323172559226,4,12,203.0,0.021475495662672844,62.0,False
813219,81,Other services,0.11359531579320678,0.03896888915784907,3,11,302.0,0.1350817459365545,0.04106642563122575,3,13,231.0,0.021486430143347723,71.0,False
336390,33,Manufacturing - metals/machinery,0.015154431336722214,0.003485529143443693,4,10,952.0,0.03689075228369527,0.012759050762215294,3,13,710.0,0.021736320946973052,242.0,True
334510,33,Manufacturing - metals/machinery,0.027371873800380902,0.005532741253572344,3,11,834.0,0.04915360957275625,0.011244302217822544,4,12,552.0,0.02178173577237535,282.0,True
611512,61,Educational services,0.0439329390962347,0.009961435975096633,3,11,647.0,0.06571773795828753,0.013639168684578826,2,13,416.0,0.021784798862052833,231.0,True
336612,33,Manufacturing - metals/machinery,0.02771082280987473,0.009367250604567183,3,11,832.0,0.04951603791023667,0.014305902712479316,3,13,545.0,0.02180521510036194,287.0,False
333132,33,Manufacturing - metals/machinery,0.020035941519213975,0.0050479304908251,3,11,906.0,0.04212372744191921,0.014672665945203441,2,13,629.0,0.022087785922705234,277.0,True
212319,21,"Mining, quarrying, oil & gas",0.17888151863388277,0.057639881216810816,4,10,188.0,0.20102387359413093,0.0580653660656909,4,12,155.0,0.022142354960248162,33.0,False
333924,33,Manufacturing - metals/machinery,0.021839244269580477,0.008727412469516494,3,11,893.0,0.04428406785358412,0.01260919290081397,3,13,601.0,0.022444823584003647,292.0,False
313110,31,Manufacturing - food/textiles,0.019095579697335333,0.0057819633093131205,2,11,918.0,0.041903377714171415,0.013168731682985577,3,13,635.0,0.022807798016836082,283.0,True
321211,32,Manufacturing - paper/chemicals,0.03924431447226405,0.008697243907352627,4,10,691.0,0.06218480066108286,0.02126653261512358,3,13,440.0,0.02294048618881881,251.0,True
459110,45,Retail trade - specialty,0.10876209386632504,0.04013433995364182,3,11,314.0,0.13171002043052388,0.04177719830459275,3,13,241.0,0.022947926564198834,73.0,False
524128,52,Finance & insurance,0.022737773653920757,0.006980010683677141,3,11,880.0,0.045708740983167066,0.00966595704114477,4,12,588.0,0.02297096732924631,292.0,True
335132,33,Manufacturing - metals/machinery,0.028792674809012868,0.011698240653932773,3,11,819.0,0.05180108703296596,0.011315894820747041,4,12,514.0,0.02300841222395309,305.0,True
335991,33,Manufacturing - metals/machinery,0.010175300804861122,0.003947848240116746,3,11,982.0,0.03327928143664657,0.009233831996572146,2,13,774.0,0.023103980631785447,208.0,True
339994,33,Manufacturing - metals/machinery,0.039646625177327074,0.011734293588818627,3,11,688.0,0.06278285743183878,0.021397924009544624,3,13,437.0,0.02313623225451171,251.0,False
332919,33,Manufacturing - metals/machinery,0.016747412609999877,0.007241106536823219,3,11,934.0,0.04002169663998517,0.015241250683182512,3,13,661.0,0.023274284029985295,273.0,False
921120,92,Public administration,0.22724631673600323,0.08663405694245459,3,11,140.0,0.2506609396368776,0.08162277807775922,3,13,126.0,0.023414622900874343,14.0,False
518210,51,Information,0.029323420625523185,0.005344139513901696,2,11,811.0,0.052817813494843345,0.011896141696381668,4,12,504.0,0.02349439286932016,307.0,True
221112,22,Utilities,0.019294626393087284,0.006236100366540063,3,11,915.0,0.04283207501852094,0.01228621152711129,1,12,622.0,0.023537448625433655,293.0,True
332114,33,Manufacturing - metals/machinery,0.02495610809011468,0.010130143544683699,4,10,858.0,0.048986470444714526,0.015938077777403123,3,13,554.0,0.024030362354599846,304.0,True
311421,31,Manufacturing - food/textiles,0.7686160704451052,0.2575826207856817,4,10,30.0,0.7926526116423405,0.25057276113016813,4,12,25.0,0.024036541197235306,5.0,False
333243,33,Manufacturing - metals/machinery,0.01169218203223655,0.004792386227250253,4,10,977.0,0.03586911953708576,0.011145179643403873,3,13,723.0,0.024176937504849214,254.0,True
325311,32,Manufacturing - paper/chemicals,0.010626266245946309,0.0036176607075608957,1,10,980.0,0.034859097685152766,0.006274426842091424,3,13,742.0,0.02423283143920646,238.0,True
486990,48,Transportation,0.10435418898561816,0.018470109707264287,4,10,320.0,0.12859504939425842,0.031382536721777016,4,12,246.0,0.024240860408640263,74.0,False
561439,56,Administrative & waste services,0.035700253570494334,0.008202269041413928,3,11,732.0,0.06050534931533065,0.014162669566183297,4,12,449.0,0.024805095744836317,283.0,True
531320,53,Real estate,0.1415829041586284,0.04815477940193022,4,10,249.0,0.16645007879508106,0.05429723851581043,4,12,185.0,0.02486717463645266,64.0,False
813990,81,Other services,0.39871059264099434,0.15600787758586945,3,11,70.0,0.42387776338445826,0.13895353773163982,3,13,66.0,0.025167170743463918,4.0,False
813920,81,Other services,0.11532567754405507,0.02871857980682251,2,11,301.0,0.1405335824568426,0.03553942064395384,2,13,221.0,0.025207904912787543,80.0,False
493110,49,Warehousing & couriers,0.05487475636405778,0.016296605393194302,4,10,543.0,0.0805052370915683,0.027813886516173364,4,12,353.0,0.02563048072751052,190.0,False
212323,21,"Mining, quarrying, oil & gas",0.01700665522056341,0.004832114061533577,3,11,933.0,0.04298651315906361,0.010679168633643099,4,12,618.0,0.025979857938500196,315.0,True
512230,51,Information,0.10448758112229967,0.031847316075167234,4,10,319.0,0.13085800999792183,0.03860129156286882,4,12,243.0,0.02637042887562216,76.0,False
316210,31,Manufacturing - food/textiles,0.022504147125517068,0.005173441610144169,3,11,883.0,0.04930749890703972,0.012009774144750433,3,13,550.0,0.02680335178152265,333.0,False
521110,52,Finance & insurance,0.03429889100555898,0.012575370803026292,3,11,751.0,0.06116253249327276,0.021542292819818676,3,13,446.0,0.02686364148771378,305.0,False
562211,56,Administrative & waste services,0.011780364094786673,0.0052001282520446335,3,11,976.0,0.0387275488003048,0.007727364247787738,4,12,681.0,0.02694718470551813,295.0,True
531390,53,Real estate,0.11845098562020791,0.039270217117408614,4,10,293.0,0.14554985095695724,0.04496534658444948,4,12,213.0,0.027098865336749337,80.0,False
525190,52,Finance & insurance,0.03572626868898431,0.010774119956544885,3,11,730.0,0.06312360824083814,0.00299054437211398,3,11,433.0,0.027397339551853826,297.0,False
444110,44,Retail trade - general,0.10728016907854766,0.029633073636963173,3,11,317.0,0.13472115975706972,0.04345590564356123,3,13,232.0,0.027440990678522056,85.0,False
314994,31,Manufacturing - food/textiles,0.009648577624614442,0.003356551468549665,4,10,983.0,0.03714199869052181,0.011244427445356146,3,13,703.0,0.027493421065907367,280.0,True
561920,56,Administrative & waste services,0.28692873472332237,0.06273788613022209,2,11,113.0,0.31446567481139587,0.06974517551469545,4,11,96.0,0.027536940088073503,17.0,True
541199,54,Professional & technical services,0.05916052140131757,0.013479639289053623,4,9,517.0,0.08672190351365405,0.02594968011735599,4,12,331.0,0.027561382112336483,186.0,False
424920,42,Wholesale trade,0.045668205976859166,0.015363959125918487,3,11,632.0,0.07328394700742565,0.013430544233260806,2,13,388.0,0.02761574103056648,244.0,True
517112,51,Information,0.03044209619689111,0.010112749250667127,4,10,800.0,0.05812303167367958,0.017492898817260977,4,12,464.0,0.027680935476788474,336.0,False
813410,81,Other services,0.49266635394560354,0.20394585528265177,3,11,54.0,0.520432173242635,0.18148842793219921,3,13,56.0,0.02776581929703148,-2.0,False
541360,54,Professional & technical services,0.08064245052578524,0.02304202470495541,4,10,402.0,0.10860523526153122,0.033945269421872426,4,12,283.0,0.027962784735745982,119.0,False
212210,21,"Mining, quarrying, oil & gas",0.10623756380620802,0.028966175253243798,1,10,318.0,0.13451546582381763,0.04191643494505279,3,13,234.0,0.028277902017609602,84.0,True
112390,11,"Agriculture, forestry, fishing",0.12119653630687333,0.030657161697290155,3,11,284.0,0.15018835615382436,0.055748274042327725,3,13,205.0,0.02899181984695104,79.0,False
336213,33,Manufacturing - metals/machinery,0.05302329203086758,0.019355060882632703,3,11,560.0,0.08258010951074585,0.020205247677559206,3,13,346.0,0.029556817479878268,214.0,False
331491,33,Manufacturing - metals/machinery,0.01239254723718184,0.002453937036148575,2,11,972.0,0.04197423696767809,0.014663163799333155,3,13,633.0,0.029581689730496248,339.0,True
611410,61,Educational services,0.07587378252402557,0.012961016360650949,4,10,424.0,0.10565325488536553,0.019014565036906756,4,12,290.0,0.02977947236133996,134.0,False
311830,31,Manufacturing - food/textiles,0.053221100816533945,0.014617081796053321,2,11,559.0,0.08410043621812183,0.0225066779482479,2,13,341.0,0.030879335401587882,218.0,False
444120,44,Retail trade - general,0.05968206463631904,0.01930529309831647,3,11,511.0,0.09057695007243714,0.02500348200853219,3,13,319.0,0.030894885436118104,192.0,False
922140,92,Public administration,0.02203959127437023,0.0037794145451145616,4,10,890.0,0.05325732844754237,0.011941563733076347,4,12,498.0,0.031217737173172142,392.0,False
336214,33,Manufacturing - metals/machinery,0.07350364030392632,0.026561700337778625,3,11,432.0,0.10490192918219433,0.029744579546757147,3,13,292.0,0.03139828887826801,140.0,False
713120,71,"Arts, entertainment & recreation",0.39025336226973595,0.15989729803614702,3,11,71.0,0.42207622883467166,0.15425502687821283,3,13,67.0,0.031822866564935715,4.0,False
326150,32,Manufacturing - paper/chemicals,0.03419914241851939,0.01318456304218487,3,11,753.0,0.06630400861029496,0.023345729980533667,3,13,415.0,0.03210486619177558,338.0,False
326191,32,Manufacturing - paper/chemicals,0.06803241596339848,0.020380825425637097,3,11,465.0,0.10203957526879441,0.03134578894345265,3,13,298.0,0.034007159305395926,167.0,False
925120,92,Public administration,0.09409785486081869,0.03427471658067489,3,11,351.0,0.12829333674872256,0.041979481969655986,3,13,248.0,0.034195481887903875,103.0,False
337127,33,Manufacturing - metals/machinery,0.09577909151408821,0.039998541861824784,3,11,344.0,0.13077242483364185,0.04771658362844715,3,13,244.0,0.034993333319553635,100.0,False
459410,45,Retail trade - specialty,0.07616685450229893,0.03106962118207811,3,11,422.0,0.11199060033642529,0.0286266967421868,4,12,277.0,0.035823745834126355,145.0,True
321991,32,Manufacturing - paper/chemicals,0.0776090703104279,0.021547272805746413,3,11,415.0,0.11506062345277764,0.03689236408467709,3,13,266.0,0.03745155314234974,149.0,False
483212,48,Transportation,0.2903170683916145,0.09042706977472745,3,11,107.0,0.3280385656388758,0.08745093998057517,4,12,88.0,0.037721497247261315,19.0,True
238290,23,Construction,0.04905918362278107,0.01757063478668858,3,11,597.0,0.08692764695748423,0.020432591995204464,4,12,328.0,0.03786846333470316,269.0,True
313240,31,Manufacturing - food/textiles,0.012103463311800367,0.0040702005500258594,3,11,975.0,0.05153745677382927,0.014121921735588957,3,13,517.0,0.0394339934620289,458.0,False
711110,71,"Arts, entertainment & recreation",0.29906784283222654,0.06792817819528922,3,11,102.0,0.3397472708801327,0.06407794053961875,4,11,86.0,0.04067942804790614,16.0,True
111421,11,"Agriculture, forestry, fishing",0.6379624976153717,0.19122594003838295,4,10,39.0,0.6787176037329921,0.18889480534992711,4,12,42.0,0.04075510611762034,-3.0,False
312230,31,Manufacturing - food/textiles,0.1179568710894611,0.03891235380999486,1,10,295.0,0.15882219577566378,0.04492609201805008,1,12,197.0,0.040865324686202686,98.0,False
336611,33,Manufacturing - metals/machinery,0.008566984778822647,0.0021808025590173558,3,11,985.0,0.05033272327478406,0.013825001299852546,3,13,524.0,0.041765738495961414,461.0,False
312113,31,Manufacturing - food/textiles,0.7998051712135629,0.3035117234779171,3,11,25.0,0.8424000840736591,0.2829004388707675,3,13,21.0,0.0425949128600962,4.0,False
424930,42,Wholesale trade,0.29410244548064224,0.08529077453467189,2,11,105.0,0.33698860542322695,0.10012900070724637,2,13,87.0,0.04288615994258471,18.0,False
531210,53,Real estate,0.17434910828832498,0.05711887013340895,4,10,195.0,0.2173201438022232,0.06922064101186866,4,12,145.0,0.04297103551389822,50.0,False
561499,56,Administrative & waste services,0.14988428672566173,0.052365070453245864,4,10,231.0,0.19339607184067484,0.05056053953917881,4,12,160.0,0.04351178511501311,71.0,False
336992,33,Manufacturing - metals/machinery,0.013676651467626633,0.002543688798553722,3,11,961.0,0.058420810620770244,0.017421625971336282,1,12,462.0,0.044744159153143614,499.0,True
523999,52,Finance & insurance,0.13188503267794832,0.04788970244552893,3,11,263.0,0.17745570291096432,0.05636712847169755,4,12,174.0,0.045570670233016,89.0,True
922130,92,Public administration,0.03417779898355284,0.010462208326193092,3,11,754.0,0.08028811951101857,0.02257963122333548,4,12,355.0,0.04611032052746573,399.0,True
551111,55,Management of companies,0.043642707846368825,0.013740713975865609,4,10,650.0,0.09016639541525225,0.028710998103000995,4,12,322.0,0.04652368756888342,328.0,False
423410,42,Wholesale trade,0.027014594649656533,0.004870895420952226,3,11,838.0,0.07437028374678685,0.02426369966896641,4,12,384.0,0.04735568909713032,454.0,True
331110,33,Manufacturing - metals/machinery,0.015653066989651944,0.005918835218031215,4,10,946.0,0.06465787127269218,0.022094923746420744,3,13,423.0,0.049004804283040236,523.0,True
458210,45,Retail trade - specialty,0.11103684947231904,0.04544868361699284,3,11,309.0,0.16284285726727624,0.04688275598347665,3,13,190.0,0.0518060077949572,119.0,False
221113,22,Utilities,0.05143174446845756,0.016335691816142788,1,10,576.0,0.10419440660472645,0.027638176446305385,1,12,293.0,0.052762662136268894,283.0,False
332117,33,Manufacturing - metals/machinery,0.019357396141503818,0.005916575196674898,4,10,912.0,0.07280533342297264,0.0204820197682373,3,13,391.0,0.05344793728146882,521.0,True
813940,81,Other services,0.20240819724601863,0.053360523357828885,4,5,168.0,0.2563058487929236,0.08089990768996415,4,6,123.0,0.053897651546904984,45.0,False
923110,92,Public administration,0.12047990697672852,0.03258722038424244,2,11,285.0,0.176697995919577,0.04801529452877606,2,13,175.0,0.05621808894284848,110.0,False
922160,92,Public administration,0.12336466866195968,0.03570506639392187,4,10,280.0,0.18063220532980193,0.05267535379452179,4,12,172.0,0.05726753666784225,108.0,False
812191,81,Other services,0.050895237398485116,0.009566618702917192,4,10,583.0,0.11174434894966544,0.028569058800029114,2,13,278.0,0.06084911155118032,305.0,True
483114,48,Transportation,0.16280831796374715,0.05021611306055018,4,10,213.0,0.22371951954720304,0.06950113656728592,4,12,142.0,0.06091120158345589,71.0,False
922120,92,Public administration,0.056726787273890515,0.014572070967107721,3,11,529.0,0.11914346645495671,0.03363353085487012,4,12,258.0,0.0624166791810662,271.0,True
925110,92,Public administration,0.08010653856615284,0.028955009047387847,3,11,405.0,0.14431108855052782,0.045012845028663505,4,12,215.0,0.06420454998437498,190.0,True
455110,45,Retail trade - specialty,0.09803995458046592,0.02812099085019303,1,10,338.0,0.16237935668352715,0.04171128034739279,1,12,191.0,0.06433940210306123,147.0,False
562213,56,Administrative & waste services,0.019568476813195564,0.0033585264676774837,3,11,909.0,0.0851915815220292,0.023425447004946687,4,12,335.0,0.06562310470883363,574.0,True
333618,33,Manufacturing - metals/machinery,0.015529419624730647,0.004712065010091861,1,10,947.0,0.08131660871325443,0.021933361534837974,3,13,350.0,0.06578718908852378,597.0,True
811411,81,Other services,0.2008293729429637,0.05076026874534141,4,10,169.0,0.26942256589304847,0.06692610151515094,4,12,112.0,0.06859319295008476,57.0,False
926140,92,Public administration,0.21564067102965528,0.07243173764931614,3,11,152.0,0.2849369160790523,0.09182113121280087,3,13,106.0,0.06929624504939702,46.0,False
221118,22,Utilities,0.04369510738904222,0.010672198017510357,4,10,648.0,0.11368980962878478,0.03855759064109105,4,12,270.0,0.06999470223974255,378.0,False
221116,22,Utilities,0.018918651447197225,0.001480414695397403,3,11,920.0,0.08895475681827675,0.029362820660881833,4,12,327.0,0.07003610537107952,593.0,True
621999,62,Health care & social assistance,0.060679970602905746,0.01938984776535651,4,10,502.0,0.1323084204963538,0.042178410514576735,4,12,239.0,0.07162844989344805,263.0,False
212115,21,"Mining, quarrying, oil & gas",0.019167222343903154,0.007023986938690397,1,10,917.0,0.09297256731632617,0.028307621356195137,4,12,312.0,0.07380534497242301,605.0,True
711212,71,"Arts, entertainment & recreation",0.8865389258487014,0.230519635884246,4,10,20.0,0.9614026363368257,0.2444585164024354,4,12,15.0,0.07486371048812424,5.0,False
423920,42,Wholesale trade,0.3381887661337324,0.1176236201788306,3,11,83.0,0.4137353861620036,0.13649353476647164,3,13,69.0,0.07554662002827123,14.0,False
485310,48,Transportation,0.03458080400338899,0.0072472799005608435,4,10,746.0,0.11093423239973389,0.03353628093815892,4,12,279.0,0.0763534283963449,467.0,False
924110,92,Public administration,0.05521279719833759,0.013892940313394681,4,10,539.0,0.13755901502875725,0.040872705785049306,4,12,226.0,0.08234621783041966,313.0,False
487990,48,Transportation,0.14885793591527502,0.05987417320980625,3,11,233.0,0.23284168464386104,0.06681169605538086,3,13,137.0,0.08398374872858602,96.0,False
112330,11,"Agriculture, forestry, fishing",0.19565972583076194,0.07016399221558013,4,10,175.0,0.2805205466443289,0.09281200200100163,4,12,108.0,0.08486082081356697,67.0,False
111992,11,"Agriculture, forestry, fishing",0.8867087108144405,0.23874374594850348,4,10,19.0,0.982026212876224,0.2995424094304912,4,12,13.0,0.09531750206178358,6.0,False
541922,54,Professional & technical services,0.30386655706325255,0.09872123760155649,4,10,101.0,0.400074987364482,0.11815456068254393,4,12,71.0,0.09620843030122944,30.0,False
523210,52,Finance & insurance,0.04118599577254709,0.01739448366164905,3,11,669.0,0.1381635087663765,0.045001988235557726,3,13,224.0,0.09697751299382942,445.0,False
237120,23,Construction,0.2580901549319882,0.09632266768299998,4,10,123.0,0.35554742627734437,0.11123644879983403,4,12,82.0,0.09745727134535614,41.0,False
459210,45,Retail trade - specialty,0.22334777795601582,0.06454295961273646,1,10,145.0,0.3219082855102894,0.08096329954075744,1,12,92.0,0.09856050755427356,53.0,False
483111,48,Transportation,0.08716671894415018,0.0240362885258478,4,10,380.0,0.1878293972231101,0.05910387087649426,4,12,164.0,0.10066267827895992,216.0,False
711190,71,"Arts, entertainment & recreation",0.49200125871830097,0.14978846302996443,4,10,55.0,0.597432698622861,0.14515354248509274,4,11,50.0,0.10543143990456,5.0,False
541820,54,Professional & technical services,0.11192289706887686,0.028302697523693864,4,10,306.0,0.2182862795182191,0.06218399232167079,4,12,144.0,0.10636338244934225,162.0,False
611420,61,Educational services,0.13366062987434468,0.03789129712664633,4,10,259.0,0.24002700702807186,0.08437822837491306,3,13,132.0,0.10636637715372718,127.0,True
524291,52,Finance & insurance,0.08699039626106306,0.029016669222558,4,10,382.0,0.19339122089577854,0.061382389652441194,4,12,161.0,0.10640082463471548,221.0,False
722320,72,Accommodation & food services,0.41838275265021635,0.1230117136622952,4,10,66.0,0.5251598765952467,0.13789191480292085,4,11,54.0,0.1067771239450303,12.0,False
713930,71,"Arts, entertainment & recreation",0.5312671670347281,0.1538537283992731,3,11,51.0,0.6400047154388642,0.17984086127348956,3,13,48.0,0.10873754840413608,3.0,False
512191,51,Information,0.16636813214977925,0.057436915078291025,2,11,202.0,0.275621418760103,0.0817798687796657,4,12,111.0,0.10925328661032374,91.0,True
492110,49,Warehousing & couriers,0.12388825697023383,0.04597804422126257,4,10,278.0,0.2338049999692571,0.07154495953846363,4,12,136.0,0.10991674299902328,142.0,False
814110,81,Other services,0.1604878209697031,0.05220616731229314,4,10,218.0,0.27682687178358817,0.08607217530710691,4,12,110.0,0.11633905081388507,108.0,False
114111,11,"Agriculture, forestry, fishing",0.6323329646778395,0.2226977403225942,4,10,41.0,0.7573721896782424,0.24212139216459383,4,12,31.0,0.12503922500040288,10.0,False
512110,51,Information,0.1665273008185805,0.05518711332464961,4,10,201.0,0.2935321895137602,0.08399702040959511,4,12,102.0,0.1270048886951797,99.0,False
525990,52,Finance & insurance,0.20824314817081088,0.06028122705580998,3,11,161.0,0.34084568316993913,0.05686259045849871,2,6,85.0,0.13260253499912825,76.0,True
111140,11,"Agriculture, forestry, fishing",0.8652622656913718,0.20183146721723455,3,8,22.0,1.0,0.35232688810218393,4,12,1.0,0.13473773430862823,21.0,True
485111,48,Transportation,0.030994997227422768,0.011907230728242532,1,10,796.0,0.18125994451148178,0.05974772644954406,1,12,170.0,0.150264947284059,626.0,False
812921,81,Other services,0.14477864974815646,0.050127614051018676,4,10,246.0,0.29651553793062346,0.10080282079901348,4,12,100.0,0.151736888182467,146.0,False
561790,56,Administrative & waste services,0.21060401228032619,0.06927534539686929,3,11,156.0,0.3663311472477759,0.10148297343684219,3,13,80.0,0.1557271349674497,76.0,False
711510,71,"Arts, entertainment & recreation",0.49573005573332707,0.16917923142158867,4,10,53.0,0.6565790430906264,0.22200254810202993,4,12,45.0,0.16084898735729936,8.0,False
923130,92,Public administration,0.025891631879214325,0.006907273101400957,3,11,846.0,0.20838922792731046,0.06964644308622844,3,13,150.0,0.18249759604809612,696.0,False
111320,11,"Agriculture, forestry, fishing",0.5263442323174055,0.15623212811160428,2,9,52.0,0.7197036324750364,0.1829561834861459,2,13,35.0,0.19335940015763098,17.0,False
711130,71,"Arts, entertainment & recreation",0.4793268475465185,0.08384841491071082,3,11,58.0,0.6894769296029192,0.18844958134224493,2,13,40.0,0.21015008205640068,18.0,True
541921,54,Professional & technical services,0.5596966106378933,0.1889864556336493,4,10,47.0,0.7822996610664715,0.21626716784849984,4,12,27.0,0.2226030504285782,20.0,False
114210,11,"Agriculture, forestry, fishing",0.07163345965928318,0.015415902904364221,1,10,443.0,0.3049300480747783,0.07769254438023658,4,12,98.0,0.2332965884154951,345.0,True
445230,44,Retail trade - general,0.40924087603385334,0.12803951730830213,4,10,69.0,0.643510698190395,0.20386530832366945,4,12,47.0,0.23426982215654163,22.0,False
624110,62,Health care & social assistance,0.18677719742272764,0.07736999765840066,3,11,183.0,0.44423253453078654,0.15695088983460775,3,13,64.0,0.2574553371080589,119.0,False
525910,52,Finance & insurance,0.04117601114466383,0.012777689236216954,3,11,670.0,0.32516142527824843,0.12322270134450042,3,13,91.0,0.2839854141335846,579.0,False
532281,53,Real estate,0.579031424142123,0.1535690926196343,4,10,46.0,0.8783668327759461,0.2550133731895363,4,12,19.0,0.299335408633823,27.0,False
459420,45,Retail trade - specialty,0.22895539199970377,0.09263986750139265,4,10,138.0,0.537578975137967,0.19079386128305378,4,12,53.0,0.30862358313826327,85.0,False
525110,52,Finance & insurance,0.14749446404339406,0.04869924769318611,4,9,238.0,0.4750832475920972,0.1757523738956155,4,8,61.0,0.32758878354870313,177.0,False
928110,92,Public administration,0.15992325228576412,0.045840071731407056,2,11,219.0,0.5184810784292994,0.15365626150678918,4,12,57.0,0.35855782614353526,162.0,True
525120,52,Finance & insurance,0.6389794108120175,0.21449304047745654,4,10,38.0,1.0,0.41043068579845104,4,10,1.0,0.3610205891879825,37.0,False
114112,11,"Agriculture, forestry, fishing",0.3234149859697018,0.11366403956564466,4,10,90.0,0.6953654973472269,0.2126931556595257,4,12,39.0,0.37195051137752505,51.0,False
115310,11,"Agriculture, forestry, fishing",0.2194236376096843,0.06144904546317491,4,10,150.0,0.7078067486037523,0.1996348563024639,4,12,36.0,0.48838311099406795,114.0,False
111130,11,"Agriculture, forestry, fishing",0.0,-0.05336039094399685,2,11,990.0,0.6831645558285829,0.2165623359195884,4,12,41.0,0.6831645558285829,949.0,True
611710,61,Educational services,0.0,0.2244355576649538,4,10,990.0,0.7725570475978247,0.21088091723595664,2,13,30.0,0.7725570475978247,960.0,True
111332,11,"Agriculture, forestry, fishing",0.0,-0.11743485384172304,2,9,990.0,0.7993069997850575,0.24957214264089522,4,11,24.0,0.7993069997850575,966.0,True
115112,11,"Agriculture, forestry, fishing",0.0,-0.22975490359340145,1,10,990.0,0.816384487642947,0.24202131160564627,3,11,23.0,0.816384487642947,967.0,True
111219,11,"Agriculture, forestry, fishing",0.0,0.22736616275307567,2,11,990.0,1.0,0.4393457994081804,4,12,1.0,1.0,989.0,True
115113,11,"Agriculture, forestry, fishing",0.0,0.12211828666230576,2,10,990.0,1.0,0.3977713072860586,4,10,1.0,1.0,989.0,True
