state,state_name,naics_code,naics_level,sector_2d,sector_label,n_years,excessQ1,n_excessQ1,excessQ2,n_excessQ2,excessQ3,n_excessQ3,excessQ4,n_excessQ4,sep_rate_Q1,sep_rate_Q2,sep_rate_Q3,sep_rate_Q4,seasonal_amplitude,peak_quarter,peak_excess,n_excess_obs,seasonal_index,in_national_top_percentile,in_national_bottom_percentile,national_industry_title,sector_title,subsector_title,industry_group_title,naics_industry_title,tail,rank_in_state,state_industries_ranked,state_industries_selected
01,Alabama,711212,6,71,Arts/entertain,23,-0.5123685042921308,7,0.528101384700401,8,-0.5070838429965554,7,0.4397510476143442,8,0.2366617413632678,0.7706203679731165,0.2176794076747079,0.6805757334840312,1.040469888992532,2,0.528101384700401,8,1.0,False,False,Racetracks,"Arts, Entertainment, and Recreation","Performing Arts, Spectator Sports, and Related Industries",Spectator Sports,Spectator Sports,top,1,838,9
01,Alabama,115114,6,11,Agriculture,23,-0.2611304603180036,22,0.0500997354595615,23,-0.2628404291119853,23,0.4802381261713895,22,0.1171938485307446,0.1635432455670439,0.1096931716842201,0.5815239560253668,0.7430785552833749,4,0.4802381261713895,22,1.0,False,False,Postharvest Crop Activities (except Cotton Ginning),"Agriculture, Forestry, Fishing and Hunting",Support Activities for Agriculture and Forestry,Support Activities for Crop Production,Support Activities for Crop Production,top,2,838,9
01,Alabama,424590,6,42,Wholesale,23,-0.041854462418879,16,-0.0534085864730488,22,-0.3602993081464689,16,0.4611165597914031,16,0.3937879449142148,0.195834943109559,0.0952393210176753,0.7214324475243847,0.821415867937872,4,0.4611165597914031,16,1.0,False,False,Other Farm Product Raw Material Merchant Wholesalers,Wholesale Trade,"Merchant Wholesalers, Nondurable Goods",Farm Product Raw Material Merchant Wholesalers,Other Farm Product Raw Material Merchant Wholesalers,top,3,838,9
01,Alabama,711320,6,71,Arts/entertain,23,-0.4152227211410107,5,0.1944361822083617,18,-0.3142443227628713,6,0.452177130213712,7,0.3863801268411681,0.5371984840293504,0.3307664962896002,0.8220315357160364,0.8673998513547228,4,0.452177130213712,7,1.0,False,False,"Promoters of Performing Arts, Sports, and Similar Events without Facilities","Arts, Entertainment, and Recreation","Performing Arts, Spectator Sports, and Related Industries","Promoters of Performing Arts, Sports, and Similar Events","Promoters of Performing Arts, Sports, and Similar Events without Facilities",top,4,838,9
01,Alabama,111920,6,11,Agriculture,23,-0.2642306172462864,22,0.0325939854378126,23,-0.2148439477047775,23,0.449085228196877,22,0.1252043500733959,0.1791872087649509,0.1679820965808808,0.5864648798063657,0.7133158454431634,4,0.449085228196877,22,1.0,False,False,Cotton Farming,"Agriculture, Forestry, Fishing and Hunting",Crop Production,Other Crop Farming,Cotton Farming,top,5,838,9
01,Alabama,532284,6,53,Real estate,23,-0.2675919291690287,22,-0.187469339259942,11,0.421461651666309,11,0.0597431069976707,10,0.1717224310026168,0.2815437381271698,0.8541530865709714,0.595185071860246,0.6890535808353377,3,0.421461651666309,11,1.0,True,False,Recreational Goods Rental,Real Estate and Rental and Leasing,Rental and Leasing Services,Consumer Goods Rental,Other Consumer Goods Rental,top,6,838,9
01,Alabama,111219,6,11,Agriculture,23,-0.3029384501042247,17,0.0626134725279295,22,-0.1860785264610146,17,0.3789694519826077,16,0.1568749737144572,0.280424738340827,0.2884851501562313,0.6057849231038984,0.6819079020868324,4,0.3789694519826077,16,1.0,True,False,Other Vegetable (except Potato) and Melon Farming,"Agriculture, Forestry, Fishing and Hunting",Crop Production,Vegetable and Melon Farming,Vegetable and Melon Farming,top,7,838,9
01,Alabama,115111,6,11,Agriculture,23,0.3622047045654633,5,-0.2513289629590503,19,-0.3489855717454511,9,0.3017750465510536,5,0.6650525844255097,0.1313248826760543,0.0983858182196536,0.7646291776479371,0.7111902763109145,1,0.3622047045654633,5,1.0,True,False,Cotton Ginning,"Agriculture, Forestry, Fishing and Hunting",Support Activities for Agriculture and Forestry,Support Activities for Crop Production,Support Activities for Crop Production,top,8,838,9
01,Alabama,483111,6,48,Transportation,23,-0.4018908494908186,6,0.0736164062953815,8,-0.1206724916451653,7,0.3330953881682722,8,0.3321577224741943,0.4548688119863217,0.4538730389616792,0.6328035684643271,0.7349862376590908,4,0.3330953881682722,8,1.0,False,False,Deep Sea Freight Transportation,Transportation and Warehousing,Water Transportation,"Deep Sea, Coastal, and Great Lakes Water Transportation","Deep Sea, Coastal, and Great Lakes Water Transportation",top,9,838,9
02,Alaska,327320,6,32,Mfg-chem,17,-0.3944663743651655,14,-0.0249698351227605,16,-0.1538866964680614,15,0.5753710992771315,15,0.1209634863209549,0.2132014247298891,0.3560735324704167,0.8184091768110028,0.969837473642297,4,0.5753710992771315,15,1.0,False,False,Ready-Mix Concrete Manufacturing,Manufacturing,Nonmetallic Mineral Product Manufacturing,Cement and Concrete Product Manufacturing,Ready-Mix Concrete Manufacturing,top,1,415,5
02,Alaska,238160,6,23,Construction,17,-0.3169459913228683,12,-0.1126933957945559,16,-0.013531065353212,13,0.4551341892536893,13,0.232869439201849,0.2808588053888722,0.5480548062214277,0.8514192492084962,0.7720801805765577,4,0.4551341892536893,13,1.0,False,False,Roofing Contractors,Construction,Specialty Trade Contractors,"Foundation, Structure, and Building Exterior Contractors",Roofing Contractors,top,2,415,5
02,Alaska,459420,6,45,Retail-spec,17,-0.2004558283926458,15,-0.3538380432346054,7,0.4497906195902806,7,0.149293353332285,7,0.2621116802872393,0.246447062487293,0.9331297309389536,0.6852707707473007,0.8036286628248861,3,0.4497906195902806,7,1.0,False,False,"Gift, Novelty, and Souvenir Retailers",Retail Trade,"Sporting Goods, Hobby, Musical Instrument, Book, and Miscellaneous Retailers","Office Supplies, Stationery, and Gift Retailers","Gift, Novelty, and Souvenir Retailers",top,3,415,5
02,Alaska,813312,6,81,Other services,17,-0.0786112960810807,15,-0.2226740915361466,14,0.4272569168531433,14,-0.1242815319747595,14,0.1297070901245856,0.1758972259959191,0.6350114108769057,0.2568895043696823,0.64993100838929,3,0.4272569168531433,14,1.0,False,False,"Environment, Conservation and Wildlife Organizations",Other Services (except Public Administration),"Religious, Grantmaking, Civic, Professional, and Similar Organizations",Social Advocacy Organizations,Social Advocacy Organizations,top,4,415,5
02,Alaska,113310,6,11,Agriculture,17,-0.3329518455152707,9,-0.0168259859011638,16,-0.0495201163984373,10,0.4060442879403455,10,0.2210935346547401,0.3564241190841078,0.5190084207240828,0.768643512015555,0.7389961334556162,4,0.4060442879403455,10,1.0,False,False,Logging,"Agriculture, Forestry, Fishing and Hunting",Forestry and Logging,Logging,Logging,top,5,415,5
04,Arizona,115111,6,11,Agriculture,20,0.6258560122396675,5,-0.4271205549484209,5,-0.1571747527555788,20,-0.0487209393390291,5,0.9217534151058192,0.1573191222927192,0.1514725491244892,0.4599754814674169,1.0529765671880884,1,0.6258560122396675,5,1.0,True,False,Cotton Ginning,"Agriculture, Forestry, Fishing and Hunting",Support Activities for Agriculture and Forestry,Support Activities for Crop Production,Support Activities for Crop Production,top,1,842,9
04,Arizona,721214,6,72,Accommodation/food,20,-0.1052999586595243,18,-0.179227963445835,16,0.4969376208375322,16,-0.2313508278937591,15,0.179386611424528,0.3169457214773842,0.771943922572555,0.2683256735202349,0.7282884487312914,3,0.4969376208375322,16,1.0,False,False,Recreational and Vacation Camps (except Campgrounds),Accommodation and Food Services,Accommodation,RV (Recreational Vehicle) Parks and Recreational Camps,RV (Recreational Vehicle) Parks and Recreational Camps,top,2,842,9
04,Arizona,711120,6,71,Arts/entertain,20,-0.1913395862666101,16,0.3698518658592014,17,-0.2937301366416716,18,0.1231050674307429,18,0.2991116165955918,0.6229836127935878,0.2065727346808903,0.373994699963338,0.663582002500873,2,0.3698518658592014,17,1.0,False,False,Dance Companies,"Arts, Entertainment, and Recreation","Performing Arts, Spectator Sports, and Related Industries",Performing Arts Companies,Dance Companies,top,3,842,9
04,Arizona,713110,6,71,Arts/entertain,20,-0.3375994583146913,16,0.0035184856400378,18,0.0797238705940261,16,0.2537790451362676,14,0.2156986324905299,0.4248576100773912,0.629144825694945,0.6618066262026451,0.5913785034509589,4,0.2537790451362676,14,0.920989666897246,False,False,Amusement and Theme Parks,"Arts, Entertainment, and Recreation","Amusement, Gambling, and Recreation Industries",Amusement Parks and Arcades,Amusement and Theme Parks,top,4,842,9
04,Arizona,115116,6,11,Agriculture,20,0.0083990256564937,6,0.0181275239653423,7,-0.3044180850911691,8,0.2619150141019446,6,0.5311318926367478,0.398955350523725,0.3096587629578323,0.7077252620092654,0.5663330991931137,4,0.2619150141019446,6,0.8819849374555501,False,False,Farm Management Services,"Agriculture, Forestry, Fishing and Hunting",Support Activities for Agriculture and Forestry,Support Activities for Crop Production,Support Activities for Crop Production,top,5,842,9
04,Arizona,541922,6,54,Prof services,20,-0.2367194427712701,16,0.179253437158382,17,-0.2245516983259736,16,0.2898475422424122,16,0.1751243036138906,0.3513968605756997,0.1745052542450114,0.4696252726528186,0.5265669850136824,4,0.2898475422424122,16,0.8200547522388171,False,False,Commercial Photography,"Professional, Scientific, and Technical Services","Professional, Scientific, and Technical Services","Other Professional, Scientific, and Technical Services",Photographic Services,top,6,842,9
04,Arizona,611630,6,61,Education,20,-0.2128855408515831,19,0.3032078832202188,20,-0.1190202322004137,20,0.0321287945594424,19,0.1656907331343473,0.513177549525808,0.254248599476831,0.2333601138286816,0.516093424071802,2,0.3032078832202188,20,0.8037436395642754,False,False,Language Schools,Educational Services,Educational Services,Other Schools and Instruction,Language Schools,top,7,842,9
04,Arizona,332722,6,33,Mfg-metals,20,-0.1749938870797857,18,-0.0004397367989835,20,-0.1415002872528008,19,0.3247255942287455,18,0.0859364887945569,0.0951234918038193,0.1051899684110488,0.4047204095470909,0.4997194813085311,4,0.3247255942287455,18,0.7782435038587341,False,False,"Bolt, Nut, Screw, Rivet, and Washer Manufacturing",Manufacturing,Fabricated Metal Product Manufacturing,"Machine Shops; Turned Product; and Screw, Nut, and Bolt Manufacturing","Turned Product and Screw, Nut, and Bolt Manufacturing",top,8,842,9
04,Arizona,711110,6,71,Arts/entertain,20,-0.1059584324341024,18,0.2959064706665258,19,-0.1896929495504781,20,0.0016794505645134,18,0.3916976566371575,0.6513444753404773,0.3075120945352782,0.3430656128310352,0.4855994202170039,2,0.2959064706665258,19,0.7562534749933496,False,False,Theater Companies and Dinner Theaters,"Arts, Entertainment, and Recreation","Performing Arts, Spectator Sports, and Related Industries",Performing Arts Companies,Theater Companies and Dinner Theaters,top,9,842,9
05,Arkansas,813990,6,81,Other services,22,-0.0387277550873628,21,-0.3568075895411799,7,0.6577776472260229,7,-0.2603106419794965,8,0.1194648945876258,0.1174126980299632,0.8351139768649982,0.1964041082338616,1.0145852367672028,3,0.6577776472260229,7,1.0,False,False,"Other Similar Organizations (except Business, Professional, Labor, and Political Organizations)",Other Services (except Public Administration),"Religious, Grantmaking, Civic, Professional, and Similar Organizations","Business, Professional, Labor, Political, and Similar Organizations","Other Similar Organizations (except Business, Professional, Labor, and Political Organizations)",top,1,784,8
05,Arkansas,713930,6,71,Arts/entertain,22,-0.1470438070174475,21,-0.3276995484037887,15,0.6222159794660517,15,-0.1586866004200152,15,0.1073772451001968,0.1618904995057253,0.8760334094146497,0.3488468176150199,0.9499155278698403,3,0.6222159794660517,15,1.0,False,False,Marinas,"Arts, Entertainment, and Recreation","Amusement, Gambling, and Recreation Industries",Other Amusement and Recreation Industries,Marinas,top,2,784,8
05,Arkansas,711212,6,71,Arts/entertain,22,-0.2770096657592598,17,0.6039210861966663,17,-0.2772969646861337,17,-0.0552002225630817,21,0.1894350787122685,0.7883233538776637,0.1891817954271047,0.1326021082307118,0.8812180508828,2,0.6039210861966663,17,1.0,False,False,Racetracks,"Arts, Entertainment, and Recreation","Performing Arts, Spectator Sports, and Related Industries",Spectator Sports,Spectator Sports,top,3,784,8
05,Arkansas,493130,6,49,Warehousing,22,-0.2628118902846942,20,-0.0426186265015938,21,-0.1888961852072808,20,0.5152753287254702,20,0.1209634928592237,0.1066735938516767,0.1783784372308808,0.6505905889846243,0.7780872190101644,4,0.5152753287254702,20,1.0,False,False,Farm Product Warehousing and Storage,Transportation and Warehousing,Warehousing and Storage,Warehousing and Storage,Farm Product Warehousing and Storage,top,4,784,8
05,Arkansas,532284,6,53,Real estate,22,-0.2605658923094801,21,-0.2749138080873858,20,0.5135908558853777,20,0.0212928911844135,20,0.0884822810618679,0.2036811977214213,0.8768035780645398,0.4938743459983754,0.7885046639727635,3,0.5135908558853777,20,1.0,True,False,Recreational Goods Rental,Real Estate and Rental and Leasing,Rental and Leasing Services,Consumer Goods Rental,Other Consumer Goods Rental,top,5,784,8
05,Arkansas,711219,6,71,Arts/entertain,22,-0.1215726905830388,9,0.4450642416712718,9,-0.2334748154120529,9,-0.0716033496430957,20,0.4625386558075249,0.7934562136860148,0.3128855369732112,0.306582689874034,0.6785390570833247,2,0.4450642416712718,9,1.0,False,False,Other Spectator Sports,"Arts, Entertainment, and Recreation","Performing Arts, Spectator Sports, and Related Industries",Spectator Sports,Spectator Sports,top,6,784,8
05,Arkansas,459999,6,45,Retail-spec,22,0.0333314654085406,21,-0.2676167960003903,17,0.4426263967578792,17,-0.1988858258065712,18,0.250528837687795,0.1882397727626485,0.6560995897086674,0.2435816768805995,0.7102431927582695,3,0.4426263967578792,17,1.0,False,False,All Other Miscellaneous Retailers,Retail Trade,"Sporting Goods, Hobby, Musical Instrument, Book, and Miscellaneous Retailers",Other Miscellaneous Retailers,All Other Miscellaneous Retailers,top,7,784,8
05,Arkansas,111422,6,11,Agriculture,22,-0.1487100943197166,11,0.4322870992386721,11,-0.2086410736595938,11,-0.1324603606634772,21,0.301493220876705,0.6409349176457274,0.2800463508662924,0.1607669556608728,0.640928172898266,2,0.4322870992386721,11,0.998156377037782,False,False,Floriculture Production,"Agriculture, Forestry, Fishing and Hunting",Crop Production,"Greenhouse, Nursery, and Floriculture Production",Nursery and Floriculture Production,top,8,784,8
06,California,111160,6,11,Agriculture,24,-0.4357825501695664,5,0.344234452623308,24,-0.414558196069603,6,0.6940101947375117,5,0.1912374247012721,0.563614223236469,0.2475221165250498,0.8602106241680242,1.1297927449070782,4,0.6940101947375117,5,1.0,True,False,Rice Farming,"Agriculture, Forestry, Fishing and Hunting",Crop Production,Oilseed and Grain Farming,Rice Farming,top,1,989,10
06,California,541213,6,54,Prof services,24,-0.2942542976956613,5,0.5252095058024473,5,-0.1929411996377844,5,-0.0783002405516039,23,0.2055672354054201,0.7545737664215515,0.2128251578409241,0.1326604372219343,0.8194638034981087,2,0.5252095058024473,5,1.0,True,False,Tax Preparation Services,"Professional, Scientific, and Technical Services","Professional, Scientific, and Technical Services","Accounting, Tax Preparation, Bookkeeping, and Payroll Services","Accounting, Tax Preparation, Bookkeeping, and Payroll Services",top,2,989,10
06,California,111211,6,11,Agriculture,24,-0.3444160653455466,5,0.0012711570485203,24,-0.0698346870723694,5,0.5038829790622098,5,0.2865114344505278,0.3880062320166478,0.4869587154857271,0.8632061274596736,0.8482990444077564,4,0.5038829790622098,5,1.0,False,False,Potato Farming,"Agriculture, Forestry, Fishing and Hunting",Crop Production,Vegetable and Melon Farming,Vegetable and Melon Farming,top,3,989,10
06,California,113310,6,11,Agriculture,24,-0.2468530576269534,13,-0.0644759009882483,24,-0.1924710455638016,14,0.5004729624997805,13,0.1835614179200999,0.1452033843430882,0.2357971527425732,0.667770519706046,0.747326020126734,4,0.5004729624997805,13,1.0,False,False,Logging,"Agriculture, Forestry, Fishing and Hunting",Forestry and Logging,Logging,Logging,top,4,989,10
06,California,311421,6,31,Mfg-food,24,-0.3208410976464109,21,-0.122464698206958,24,-0.0221490707252932,22,0.466453412160616,21,0.0982533787371775,0.118943684587616,0.3845633868519706,0.7265869829280998,0.787294509807027,4,0.466453412160616,21,1.0,False,False,Fruit and Vegetable Canning,Manufacturing,Food Manufacturing,Fruit and Vegetable Preserving and Specialty Food Manufacturing,"Fruit and Vegetable Canning, Pickling, and Drying",top,5,989,10
06,California,115113,6,11,Agriculture,24,-0.2692007746787243,7,0.1357638212176204,22,-0.3490658377913002,7,0.4545649145677277,7,0.5041789470933117,0.6295949783395695,0.5269035376666299,0.933330924830206,0.8036307523590278,4,0.4545649145677277,7,1.0,True,False,"Crop Harvesting, Primarily by Machine","Agriculture, Forestry, Fishing and Hunting",Support Activities for Agriculture and Forestry,Support Activities for Crop Production,Support Activities for Crop Production,top,6,989,10
06,California,111219,6,11,Agriculture,24,-0.2885386612637615,21,0.0954607426627905,24,-0.2238972577643725,22,0.428358894365972,21,0.2858472350880278,0.4156812003558066,0.3545936802980042,0.7284707971282898,0.7168975556297335,4,0.428358894365972,21,1.0,True,False,Other Vegetable (except Potato) and Melon Farming,"Agriculture, Forestry, Fishing and Hunting",Crop Production,Vegetable and Melon Farming,Vegetable and Melon Farming,top,7,989,10
06,California,113210,6,11,Agriculture,24,-0.2425664109564399,9,0.0100714051465926,14,-0.1664647002432094,12,0.4120381022653391,9,0.4202835760424305,0.4090357478118785,0.4634456556455258,0.732968124346482,0.654604513221779,4,0.4120381022653391,9,1.0,False,False,Forest Nurseries and Gathering of Forest Products,"Agriculture, Forestry, Fishing and Hunting",Forestry and Logging,Forest Nurseries and Gathering of Forest Products,Forest Nurseries and Gathering of Forest Products,top,8,989,10
06,California,611710,6,61,Education,24,-0.3618142559942249,17,0.3842368694895571,17,-0.2231351067536245,17,0.2653485926950698,22,0.2019561088228301,0.6291581868109318,0.347171304139315,0.5189482701728305,0.746051125483782,2,0.3842368694895571,17,1.0,False,False,Educational Support Services,Educational Services,Educational Services,Educational Support Services,Educational Support Services,top,9,989,10
06,California,115114,6,11,Agriculture,24,-0.3978098374075798,22,0.2045712600625303,24,-0.1896240128881116,23,0.381781401348271,22,0.2966988813664578,0.6006686940849075,0.4954959866782966,0.7731845344655107,0.7795912387558509,4,0.381781401348271,22,1.0,False,False,Postharvest Crop Activities (except Cotton Ginning),"Agriculture, Forestry, Fishing and Hunting",Support Activities for Agriculture and Forestry,Support Activities for Crop Production,Support Activities for Crop Production,top,10,989,10
08,Colorado,926140,6,92,Public admin,24,-0.1097665814813254,21,-0.368765130852058,12,0.6003868684929627,10,-0.1009605993194737,10,0.1166139203794594,0.1102952164793246,0.7674589914595019,0.3638922087588234,0.9691519993450208,3,0.6003868684929627,10,1.0,False,False,Regulation of Agricultural Marketing and Commodities,Public Administration,Administration of Economic Programs,Administration of Economic Programs,Regulation of Agricultural Marketing and Commodities,top,1,825,9
08,Colorado,212311,6,21,Mining,24,-0.2507936548705177,21,-0.0297057897366222,24,-0.1821797226853947,22,0.4645639021849994,21,0.1761101549054098,0.1767031224526477,0.2367076694731301,0.6508606912746531,0.7153575570555171,4,0.4645639021849994,21,1.0,False,False,Dimension Stone Mining and Quarrying,"Mining, Quarrying, and Oil and Gas Extraction",Mining (except Oil and Gas),Nonmetallic Mineral Mining and Quarrying,Stone Mining and Quarrying,top,2,825,9
08,Colorado,713990,6,71,Arts/entertain,24,-0.1516152904763887,23,-0.3172483154083039,14,0.4178926058639982,14,0.038592946898641,13,0.2758611305551917,0.2434771681022639,0.8332461869054136,0.6049127565993556,0.7351409212723021,3,0.4178926058639982,14,1.0,False,False,All Other Amusement and Recreation Industries,"Arts, Entertainment, and Recreation","Amusement, Gambling, and Recreation Industries",Other Amusement and Recreation Industries,All Other Amusement and Recreation Industries,top,3,825,9
08,Colorado,713910,6,71,Arts/entertain,24,-0.2913303861171036,23,-0.1832011797400473,24,0.073836272985681,24,0.4008346349726487,23,0.1635519465001161,0.1625518588733115,0.5279541307266017,0.7456838566085296,0.6921650210897523,4,0.4008346349726487,23,1.0,False,False,Golf Courses and Country Clubs,"Arts, Entertainment, and Recreation","Amusement, Gambling, and Recreation Industries",Other Amusement and Recreation Industries,Golf Courses and Country Clubs,top,4,825,9
08,Colorado,487990,6,48,Transportation,24,-0.1186347458317112,15,-0.2970147654572337,11,0.3427583019019348,11,0.0091852037461414,9,0.243934277498619,0.2009816496558541,0.6549478578022394,0.554393591927736,0.6397730673591686,3,0.3427583019019348,11,0.9963574610144964,False,False,"Scenic and Sightseeing Transportation, Other",Transportation and Warehousing,Scenic and Sightseeing Transportation,"Scenic and Sightseeing Transportation, Other","Scenic and Sightseeing Transportation, Other",top,5,825,9
08,Colorado,111339,6,11,Agriculture,24,-0.2365255670285648,20,-0.2982240712205598,10,0.3389299779315292,8,0.2327968881177974,7,0.2900578488249373,0.3358823309586911,0.8403524750045864,0.7235390321847377,0.6371540491520891,3,0.3389299779315292,8,0.9922787048675272,False,False,Other Noncitrus Fruit Farming,"Agriculture, Forestry, Fishing and Hunting",Crop Production,Fruit and Tree Nut Farming,Noncitrus Fruit and Tree Nut Farming,top,6,825,9
08,Colorado,924120,6,92,Public admin,24,-0.2228096582467303,23,-0.0706008344100033,23,-0.0670046315667569,23,0.3402774502720246,23,0.0993061454752422,0.1356287852516981,0.2360264070721015,0.4971451610124857,0.563087108518755,4,0.3402774502720246,23,0.8769297589996475,False,False,Administration of Conservation Programs,Public Administration,Administration of Environmental Quality Programs,Administration of Environmental Quality Programs,Administration of Conservation Programs,top,7,825,9
08,Colorado,711212,6,71,Arts/entertain,24,-0.1837368161424058,14,-0.1960525609280053,12,0.3626989217004839,6,0.0747525380805898,6,0.1702685584016003,0.2364925595884422,0.6427633033890937,0.4877424497796196,0.5587514826284892,3,0.3626989217004839,6,0.8701776254317791,False,False,Racetracks,"Arts, Entertainment, and Recreation","Performing Arts, Spectator Sports, and Related Industries",Spectator Sports,Spectator Sports,top,8,825,9
08,Colorado,111199,6,11,Agriculture,24,-0.186513418305086,19,-0.0617901823963097,20,-0.0988661809406723,21,0.3642133824126338,20,0.1804272615681289,0.1591534897911413,0.2458836225150633,0.5435875248355773,0.5507268007177198,4,0.3642133824126338,20,0.8576803008303132,True,False,All Other Grain Farming,"Agriculture, Forestry, Fishing and Hunting",Crop Production,Oilseed and Grain Farming,Other Grain Farming,top,9,825,9
09,Connecticut,111331,6,11,Agriculture,24,-0.3001648435910971,15,-0.0764236986734105,24,-0.2983041070895685,15,0.6786820089900663,15,0.1752592637838974,0.1009354776418445,0.1794590888466126,0.8511790514701069,0.9788468525811632,4,0.6786820089900663,15,1.0,False,False,Apple Orchards,"Agriculture, Forestry, Fishing and Hunting",Crop Production,Fruit and Tree Nut Farming,Noncitrus Fruit and Tree Nut Farming,top,1,771,8
09,Connecticut,713910,6,71,Arts/entertain,24,-0.3895662758363765,18,-0.1830583504535977,24,-0.0295191895119099,19,0.6118211877201711,18,0.1154568166906949,0.110618494422095,0.4718968730606908,0.9051226766785702,1.0013874635565476,4,0.6118211877201711,18,1.0,False,False,Golf Courses and Country Clubs,"Arts, Entertainment, and Recreation","Amusement, Gambling, and Recreation Industries",Other Amusement and Recreation Industries,Golf Courses and Country Clubs,top,2,771,8
09,Connecticut,238990,6,23,Construction,24,-0.2608276203322943,23,-0.0507472911072131,24,-0.2294665215564099,24,0.5447182139938658,23,0.1959396617046972,0.160284494001641,0.2261239085130109,0.7508963661372007,0.8055458343261601,4,0.5447182139938658,23,1.0,False,False,All Other Specialty Trade Contractors,Construction,Specialty Trade Contractors,Other Specialty Trade Contractors,All Other Specialty Trade Contractors,top,3,771,8
09,Connecticut,111998,6,11,Agriculture,24,-0.2403691020515302,5,-0.0779867473003687,21,-0.2005957664702806,6,0.5436843954430207,6,0.1698035338920309,0.1601979984919272,0.2930225797226249,0.7454002504478944,0.784053497494551,4,0.5436843954430207,6,1.0,True,False,All Other Miscellaneous Crop Farming,"Agriculture, Forestry, Fishing and Hunting",Crop Production,Other Crop Farming,All Other Crop Farming,top,4,771,8
09,Connecticut,611620,6,61,Education,24,-0.0667236964296574,20,-0.287775425317971,19,0.5342013182910991,21,-0.2015435241812669,19,0.1784458568608181,0.1957017320060421,0.7690250220792201,0.2737513151692862,0.8219767436090701,3,0.5342013182910991,21,1.0,False,False,Sports and Recreation Instruction,Educational Services,Educational Services,Other Schools and Instruction,Sports and Recreation Instruction,top,5,771,8
09,Connecticut,324121,6,32,Mfg-chem,24,-0.2768417154732839,23,-0.0229421600275059,24,-0.2344228113078084,24,0.5290603114166046,23,0.0551843305522747,0.0448361969112148,0.0803723833251668,0.5847541923547356,0.8059020268898884,4,0.5290603114166046,23,1.0,False,False,Asphalt Paving Mixture and Block Manufacturing,Manufacturing,Petroleum and Coal Products Manufacturing,Petroleum and Coal Products Manufacturing,"Asphalt Paving, Roofing, and Saturated Materials Manufacturing",top,6,771,8
09,Connecticut,813990,6,81,Other services,24,-0.0207598691295445,23,-0.3045041154140271,23,0.5121094337681698,23,-0.183458566934952,22,0.1315017333556564,0.0922853753830471,0.6638263071777336,0.2088984425819834,0.8166135491821969,3,0.5121094337681698,23,1.0,False,False,"Other Similar Organizations (except Business, Professional, Labor, and Political Organizations)",Other Services (except Public Administration),"Religious, Grantmaking, Civic, Professional, and Similar Organizations","Business, Professional, Labor, Political, and Similar Organizations","Other Similar Organizations (except Business, Professional, Labor, and Political Organizations)",top,7,771,8
09,Connecticut,921140,6,92,Public admin,24,0.028001853979132,23,-0.3650727560945946,22,0.4869362695250865,22,-0.1427339010694276,21,0.2397859346266696,0.1054367315188957,0.7060850559489745,0.3157865005420227,0.8520090256196811,3,0.4869362695250865,22,1.0,False,False,"Executive and Legislative Offices, Combined",Public Administration,"Executive, Legislative, and Other General Government Support","Executive, Legislative, and Other General Government Support","Executive and Legislative Offices, Combined",top,8,771,8
11,DC,238390,6,23,Construction,19,-0.3352981325094713,13,0.2403460098778714,13,-0.1471432763451652,14,0.2136761846321722,15,0.2923696202301622,0.5759678206083318,0.4384162418719298,0.598437304856741,0.5756441423873427,2,0.2403460098778714,13,0.8964855906241683,False,False,Other Building Finishing Contractors,Construction,Specialty Trade Contractors,Building Finishing Contractors,Other Building Finishing Contractors,top,1,350,4
11,DC,611620,6,61,Education,19,-0.080446614451164,18,-0.1559644480722673,11,0.394731931573045,11,-0.1750852930930057,11,0.1823931400661949,0.2602965254922125,0.6629142768866445,0.2678736500598019,0.5698172246660508,3,0.394731931573045,11,0.887410977698852,False,False,Sports and Recreation Instruction,Educational Services,Educational Services,Other Schools and Instruction,Sports and Recreation Instruction,top,2,350,4
11,DC,814110,6,81,Other services,19,-0.188571336694401,16,-0.0059428622328647,18,-0.1361684340869268,17,0.3354282856519985,16,0.091208177083089,0.109988093955054,0.1364862663613825,0.4373608481052411,0.5239996223463995,4,0.3354282856519985,16,0.8160564424018053,False,False,Private Households,Other Services (except Public Administration),Private Households,Private Households,Private Households,top,3,350,4
11,DC,532310,6,53,Real estate,19,-0.1804665844292488,10,0.1842117639527506,10,-0.2209325483413482,14,0.2594620490075452,10,0.2220829319701669,0.3569768505274173,0.1731825643508999,0.4312533748570789,0.4803945973488934,4,0.2594620490075452,10,0.7481476881722401,False,False,General Rental Centers,Real Estate and Rental and Leasing,Rental and Leasing Services,General Rental Centers,General Rental Centers,top,4,350,4
10,Delaware,813990,6,81,Other services,24,-0.0602993268803686,23,-0.3699401701504822,21,0.6597249196062409,21,-0.2281346914408619,20,0.0997613712056715,0.0994185667482405,0.8260212081088709,0.2341493162341474,1.029665089756723,3,0.6597249196062409,21,1.0,False,False,"Other Similar Organizations (except Business, Professional, Labor, and Political Organizations)",Other Services (except Public Administration),"Religious, Grantmaking, Civic, Professional, and Similar Organizations","Business, Professional, Labor, Political, and Similar Organizations","Other Similar Organizations (except Business, Professional, Labor, and Political Organizations)",top,1,508,6
10,Delaware,445292,6,44,Retail-gen,24,-0.0729170600943273,21,-0.3239601582971452,15,0.4449705386067642,17,-0.0579464250334079,15,0.2391824934286458,0.181665402301782,0.7479575615602823,0.4440876180185928,0.7689306969039095,3,0.4449705386067642,17,1.0,False,False,Confectionery and Nut Retailers,Retail Trade,Food and Beverage Retailers,Specialty Food Retailers,Other Specialty Food Retailers,top,2,508,6
10,Delaware,813930,6,81,Other services,24,-0.289517300121014,23,0.3527984446625807,24,-0.2506616475125102,24,0.1856846299904808,23,0.2494491632298578,0.6192205372895155,0.2833950220240118,0.4488928017835286,0.6423157447835948,2,0.3527984446625807,24,1.0,False,False,Labor Unions and Similar Labor Organizations,Other Services (except Public Administration),"Religious, Grantmaking, Civic, Professional, and Similar Organizations","Business, Professional, Labor, Political, and Similar Organizations",Labor Unions and Similar Labor Organizations,top,3,508,6
10,Delaware,721211,6,72,Accommodation/food,24,-0.290853516532415,23,-0.0891023026402412,24,0.0591601605841832,24,0.3170117833252238,23,0.110963193446758,0.1983250154884211,0.4638914428105667,0.611137548964346,0.6078652998576388,4,0.3170117833252238,23,0.9466655564369983,False,False,RV (Recreational Vehicle) Parks and Campgrounds,Accommodation and Food Services,Accommodation,RV (Recreational Vehicle) Parks and Recreational Camps,RV (Recreational Vehicle) Parks and Recreational Camps,top,4,508,6
10,Delaware,111421,6,11,Agriculture,24,-0.2740771239721658,16,0.14546722770237,23,-0.2114221545288555,16,0.3272834607652649,16,0.1293605622905189,0.3222518976556813,0.218562862722117,0.4864702023843885,0.6013605847374308,4,0.3272834607652649,16,0.936535368449334,False,False,Nursery and Tree Production,"Agriculture, Forestry, Fishing and Hunting",Crop Production,"Greenhouse, Nursery, and Floriculture Production",Nursery and Floriculture Production,top,5,508,6
10,Delaware,711219,6,71,Arts/entertain,24,-0.2297216936563759,18,-0.0068905005635729,24,-0.1223314675306341,19,0.3491408678138674,18,0.1970230059776807,0.2541966169583323,0.3251512290661296,0.6157498153564245,0.5788625614702434,4,0.3491408678138674,18,0.9014978301658484,False,False,Other Spectator Sports,"Arts, Entertainment, and Recreation","Performing Arts, Spectator Sports, and Related Industries",Spectator Sports,Spectator Sports,top,6,508,6
12,Florida,721214,6,72,Accommodation/food,24,-0.0411694474154196,23,-0.3738634863619184,5,0.7134688124809068,5,-0.3079938082035882,5,0.209943127518284,0.2185253231947767,0.9517173410912332,0.2762770318788425,1.0873322988428251,3,0.7134688124809068,5,1.0,False,False,Recreational and Vacation Camps (except Campgrounds),Accommodation and Food Services,Accommodation,RV (Recreational Vehicle) Parks and Recreational Camps,RV (Recreational Vehicle) Parks and Recreational Camps,top,1,950,10
12,Florida,111992,6,11,Agriculture,24,-0.2722771633050874,15,0.039443723558401,23,-0.1395216187376347,17,0.3655208605085587,15,0.1626586802351166,0.257021914789332,0.2769785102827948,0.5449091998137561,0.6377980238136461,4,0.3655208605085587,15,0.9932816057264134,False,False,Peanut Farming,"Agriculture, Forestry, Fishing and Hunting",Crop Production,Other Crop Farming,All Other Crop Farming,top,2,950,10
12,Florida,115113,6,11,Agriculture,24,-0.1846282026334824,6,0.3885155882654645,6,-0.1817679237911131,6,-0.0818028375381226,22,0.5569052129770905,0.8588514241321866,0.542104170503194,0.4751743751567471,0.573143790898947,2,0.3885155882654645,6,0.8925916413666526,True,False,"Crop Harvesting, Primarily by Machine","Agriculture, Forestry, Fishing and Hunting",Support Activities for Agriculture and Forestry,Support Activities for Crop Production,Support Activities for Crop Production,top,3,950,10
12,Florida,711130,6,71,Arts/entertain,24,-0.0985296580141067,23,0.2643404079220798,24,-0.2515166298728096,24,0.0891371846119643,23,0.4630326555403396,0.6498313461733872,0.3079492209622754,0.4691003554967827,0.5158570377948895,2,0.2643404079220798,24,0.8033755008558807,False,False,Musical Groups and Artists,"Arts, Entertainment, and Recreation","Performing Arts, Spectator Sports, and Related Industries",Performing Arts Companies,Musical Groups and Artists,top,4,950,10
12,Florida,111320,6,11,Agriculture,24,-0.1118642492201668,19,0.2925196858387744,20,-0.1770476690411265,20,-0.0099492209350952,23,0.353790482645151,0.5781819398532988,0.2386940995445645,0.2782060794224903,0.4695673548799009,2,0.2925196858387744,20,0.7312857657710312,False,False,Citrus (except Orange) Groves,"Agriculture, Forestry, Fishing and Hunting",Crop Production,Fruit and Tree Nut Farming,Citrus (except Orange) Groves,top,5,950,10
12,Florida,561920,6,56,Admin/waste,24,0.0487368830475533,21,0.1985215064937889,22,-0.2538250144834575,24,0.0075328914152565,21,0.6192911405359515,0.6414108894931625,0.3019774856028226,0.470194110679398,0.4523465209772465,2,0.1985215064937889,22,0.7044667150494593,False,False,Convention and Trade Show Organizers,Administrative and Support and Waste Management and Remediation Services,Administrative and Support Services,Other Support Services,Convention and Trade Show Organizers,top,6,950,10
12,Florida,115116,6,11,Agriculture,24,-0.1063716675239615,17,0.2772143306287634,17,-0.1681290978086564,17,-0.0015788184021534,23,0.3143502864413589,0.4970454221066487,0.2212290806765035,0.2572306163519697,0.4453434284374198,2,0.2772143306287634,17,0.6935603736321299,False,False,Farm Management Services,"Agriculture, Forestry, Fishing and Hunting",Support Activities for Agriculture and Forestry,Support Activities for Crop Production,Support Activities for Crop Production,top,7,950,10
12,Florida,111310,6,11,Agriculture,24,-0.1165912774958142,22,0.2779501986119521,23,-0.1596559266091015,23,-0.0015209223421626,23,0.2436607453562241,0.4902292857147873,0.1897108414518159,0.2092799654005289,0.4376061252210536,2,0.2779501986119521,23,0.6815106013283669,False,False,Orange Groves,"Agriculture, Forestry, Fishing and Hunting",Crop Production,Fruit and Tree Nut Farming,Orange Groves,top,8,950,10
12,Florida,711219,6,71,Arts/entertain,24,-0.1111773837385511,23,0.256814702712193,24,-0.1686437512891179,24,0.0150139551572039,23,0.2918303697799801,0.5110294920903434,0.2165992089763208,0.259456428440534,0.4254584540013109,2,0.256814702712193,24,0.6625922950237553,False,False,Other Spectator Sports,"Arts, Entertainment, and Recreation","Performing Arts, Spectator Sports, and Related Industries",Spectator Sports,Spectator Sports,top,9,950,10
12,Florida,424590,6,42,Wholesale,24,-0.1345705666740821,23,0.100383221277919,24,-0.1848024965179275,24,0.2188489715612434,23,0.2145348846790652,0.284433689283124,0.1535660513313448,0.3923034064154209,0.4036514680791709,4,0.2188489715612434,23,0.6286309511749928,False,False,Other Farm Product Raw Material Merchant Wholesalers,Wholesale Trade,"Merchant Wholesalers, Nondurable Goods",Farm Product Raw Material Merchant Wholesalers,Other Farm Product Raw Material Merchant Wholesalers,top,10,950,10
13,Georgia,713110,6,71,Arts/entertain,24,-0.2073291262604198,23,-0.2809438486092587,19,0.4719419074008366,19,0.0035548781932984,19,0.1978142493195677,0.2756290484062766,0.8643483236099317,0.551505694007186,0.7528857560100952,3,0.4719419074008366,19,1.0,False,False,Amusement and Theme Parks,"Arts, Entertainment, and Recreation","Amusement, Gambling, and Recreation Industries",Amusement Parks and Arcades,Amusement and Theme Parks,top,1,919,10
13,Georgia,111331,6,11,Agriculture,24,-0.2217845816919289,11,-0.089955088050993,12,-0.1890921676087785,11,0.4675663952667667,11,0.1925199309909206,0.1875075031809114,0.3712987299504192,0.7067073477449898,0.6893509769586956,4,0.4675663952667667,11,1.0,False,False,Apple Orchards,"Agriculture, Forestry, Fishing and Hunting",Crop Production,Fruit and Tree Nut Farming,Noncitrus Fruit and Tree Nut Farming,top,2,919,10
13,Georgia,115114,6,11,Agriculture,24,-0.3891907420958282,11,0.2946358875842143,19,-0.2783360036356131,11,0.4513246242705044,12,0.295482040046827,0.6499897224396817,0.4393241940578686,0.7068358479645904,0.8405153663663327,4,0.4513246242705044,12,1.0,False,False,Postharvest Crop Activities (except Cotton Ginning),"Agriculture, Forestry, Fishing and Hunting",Support Activities for Agriculture and Forestry,Support Activities for Crop Production,Support Activities for Crop Production,top,3,919,10
13,Georgia,115111,6,11,Agriculture,24,0.4195281146249388,15,-0.3103218255475216,17,-0.2846792354188593,23,0.1853422451558936,15,0.8084887715965474,0.1410845732866283,0.0931367403319219,0.6130083366557973,0.7298499401724603,1,0.4195281146249388,15,1.0,True,False,Cotton Ginning,"Agriculture, Forestry, Fishing and Hunting",Support Activities for Agriculture and Forestry,Support Activities for Crop Production,Support Activities for Crop Production,top,4,919,10
13,Georgia,532284,6,53,Real estate,24,-0.1579093652517809,23,-0.2395272912258275,23,0.3749750759951384,23,0.0162233629061267,22,0.1602065038807688,0.2010443297901459,0.6999160865356295,0.4574425877217924,0.614502367220966,3,0.3749750759951384,23,0.9570018646126508,True,False,Recreational Goods Rental,Real Estate and Rental and Leasing,Rental and Leasing Services,Consumer Goods Rental,Other Consumer Goods Rental,top,5,919,10
13,Georgia,814110,6,81,Other services,24,-0.2044753493183405,19,-0.0107718074400055,24,-0.1936940130286373,20,0.4028755604790322,19,0.1466222642726532,0.1432524920236778,0.1614263346547136,0.5622785649983211,0.6073509097973728,4,0.4028755604790322,19,0.9458644655493604,False,False,Private Households,Other Services (except Public Administration),Private Households,Private Households,Private Households,top,6,919,10
13,Georgia,111219,6,11,Agriculture,24,-0.2328588247566027,6,0.0843240820398766,17,-0.0474415181130791,7,0.3675545511654881,6,0.3592236886797959,0.5535939815770299,0.6705293417456215,0.7081721534677177,0.6004133759220908,4,0.3675545511654881,6,0.9350602226227076,True,False,Other Vegetable (except Potato) and Melon Farming,"Agriculture, Forestry, Fishing and Hunting",Crop Production,Vegetable and Melon Farming,Vegetable and Melon Farming,top,7,919,10
13,Georgia,493130,6,49,Warehousing,24,-0.1363168938075846,23,-0.0101787077230025,24,-0.2116411813369391,24,0.370875813799101,23,0.2259600321294662,0.1783618541243432,0.1511210915652254,0.5471626916799858,0.58251699513604,4,0.370875813799101,23,0.9071891017033152,False,False,Farm Product Warehousing and Storage,Transportation and Warehousing,Warehousing and Storage,Warehousing and Storage,Farm Product Warehousing and Storage,top,8,919,10
13,Georgia,532281,6,53,Real estate,24,-0.2257270733423109,21,0.3322665557216069,22,-0.1322649332539309,22,0.0271324018789997,21,0.1636837186476805,0.5299324195638232,0.2565792430783321,0.236802459997696,0.5579936290639179,2,0.3322665557216069,22,0.8689973740396194,False,False,Formal Wear and Costume Rental,Real Estate and Rental and Leasing,Rental and Leasing Services,Consumer Goods Rental,Other Consumer Goods Rental,top,9,919,10
13,Georgia,111992,6,11,Agriculture,24,-0.261011384078713,22,0.0093281976974679,24,-0.0058691467151392,23,0.2684672115641603,22,0.1727638918336149,0.3141959507827471,0.4369716143369433,0.5710783437767164,0.5294785956428734,4,0.2684672115641603,22,0.8245891803383589,False,False,Peanut Farming,"Agriculture, Forestry, Fishing and Hunting",Crop Production,Other Crop Farming,All Other Crop Farming,top,10,919,10
15,Hawaii,921120,6,92,Public admin,24,-0.2304979366616146,23,0.4414532644078361,24,-0.2091042772098631,24,-0.0019817154678888,23,0.0586246420082586,0.5097915055904698,0.0780518403570086,0.0645207295432736,0.6719512010694508,2,0.4414532644078361,24,1.0,False,False,Legislative Bodies,Public Administration,"Executive, Legislative, and Other General Government Support","Executive, Legislative, and Other General Government Support",Legislative Bodies,top,1,560,6
15,Hawaii,423920,6,42,Wholesale,24,0.352729817188423,17,-0.2860339320313797,19,0.1747733793902015,18,-0.2592064030301688,21,0.5462260328932155,0.1563227012496098,0.3707081326689072,0.2115549013374619,0.6387637492198027,1,0.352729817188423,17,0.9947855885647144,False,False,Toy and Hobby Goods and Supplies Merchant Wholesalers,Wholesale Trade,"Merchant Wholesalers, Durable Goods",Miscellaneous Durable Goods Merchant Wholesalers,Toy and Hobby Goods and Supplies Merchant Wholesalers,top,2,560,6
15,Hawaii,711320,6,71,Arts/entertain,24,-0.1554725004810772,15,0.0627247644175156,21,-0.2253801147569297,17,0.3308999933918963,16,0.3102414389212288,0.3228438571166386,0.222015037326981,0.5638913953517477,0.5562801081488261,4,0.3308999933918963,16,0.8663288038301803,False,False,"Promoters of Performing Arts, Sports, and Similar Events without Facilities","Arts, Entertainment, and Recreation","Performing Arts, Spectator Sports, and Related Industries","Promoters of Performing Arts, Sports, and Similar Events","Promoters of Performing Arts, Sports, and Similar Events without Facilities",top,3,560,6
15,Hawaii,611710,6,61,Education,24,-0.2376097923474051,6,0.2229838273241828,6,-0.2038394482215846,6,0.3035983570028857,17,0.4041283222674729,0.5564173270561421,0.3931790865910657,0.6692110255411262,0.5412081493502908,4,0.3035983570028857,17,0.8428563268423468,False,False,Educational Support Services,Educational Services,Educational Services,Educational Support Services,Educational Support Services,top,4,560,6
15,Hawaii,624310,6,62,Healthcare,24,-0.0186799287009743,23,-0.1434754870109985,24,0.3069459363438841,24,-0.1494143306853683,23,0.1061590430074267,0.1239366801532531,0.4286652913210766,0.1195020298011317,0.4563602670292525,3,0.3069459363438841,24,0.7107175655925138,False,False,Vocational Rehabilitation Services,Health Care and Social Assistance,Social Assistance,Vocational Rehabilitation Services,Vocational Rehabilitation Services,top,5,560,6
15,Hawaii,713110,6,71,Arts/entertain,24,-0.0404924863282486,13,-0.1449277072187282,13,0.2794208741221264,13,-0.0802238218855531,11,0.271986414555685,0.2873714697976331,0.5926119394770377,0.3291421752552827,0.4243485813408547,3,0.2794208741221264,13,0.6608638229100632,False,False,Amusement and Theme Parks,"Arts, Entertainment, and Recreation","Amusement, Gambling, and Recreation Industries",Amusement Parks and Arcades,Amusement and Theme Parks,top,6,560,6
16,Idaho,111140,6,11,Agriculture,24,-0.4116280114333845,9,-0.0233171709617666,24,-0.2579999659155087,9,0.688620533784747,9,0.1153699123750557,0.1939764384201696,0.3192173063888169,0.8665630599102367,1.1002485452181316,4,0.688620533784747,9,1.0,False,False,Wheat Farming,"Agriculture, Forestry, Fishing and Hunting",Crop Production,Oilseed and Grain Farming,Wheat Farming,top,1,677,7
16,Idaho,115113,6,11,Agriculture,24,-0.384380183381096,8,-0.0203401542281389,24,-0.208815422124396,9,0.6018141798260115,8,0.1849219486506017,0.2600069041933086,0.3757721681922932,0.8885182372416358,0.9861943632071076,4,0.6018141798260115,8,1.0,True,False,"Crop Harvesting, Primarily by Machine","Agriculture, Forestry, Fishing and Hunting",Support Activities for Agriculture and Forestry,Support Activities for Crop Production,Support Activities for Crop Production,top,2,677,7
16,Idaho,713910,6,71,Arts/entertain,24,-0.3966767283065444,19,-0.1628745811563485,24,-0.0101474127250402,20,0.571459909812027,19,0.1146352287788126,0.1419534656478666,0.4950208648296177,0.88235449892057,0.9681366381185714,4,0.571459909812027,19,1.0,False,False,Golf Courses and Country Clubs,"Arts, Entertainment, and Recreation","Amusement, Gambling, and Recreation Industries",Other Amusement and Recreation Industries,Golf Courses and Country Clubs,top,3,677,7
16,Idaho,111150,6,11,Agriculture,24,-0.3884471121428466,16,0.0145266889656128,22,-0.171257337261756,17,0.5516699809418806,16,0.136812834976224,0.2768633206587036,0.3407935541469488,0.7462516902688536,0.9401170930847272,4,0.5516699809418806,16,1.0,False,False,Corn Farming,"Agriculture, Forestry, Fishing and Hunting",Crop Production,Oilseed and Grain Farming,Corn Farming,top,4,677,7
16,Idaho,111940,6,11,Agriculture,24,-0.3959947447710752,17,0.0301842198961511,24,-0.1614770294606396,18,0.5216620627122862,17,0.1885822650940912,0.3486441285432048,0.4483375522000163,0.7963123001238717,0.9176568074833614,4,0.5216620627122862,17,1.0,False,False,Hay Farming,"Agriculture, Forestry, Fishing and Hunting",Crop Production,Other Crop Farming,Hay Farming,top,5,677,7
16,Idaho,312113,6,31,Mfg-food,24,-0.180533353193349,9,-0.2710271005284405,5,0.4080725930447449,10,0.1036982052547799,5,0.2890860870447339,0.2505546501047138,0.6948592311571752,0.4666980091149286,0.6790996935731854,3,0.4080725930447449,10,1.0,False,False,Ice Manufacturing,Manufacturing,Beverage and Tobacco Product Manufacturing,Beverage Manufacturing,Soft Drink and Ice Manufacturing,top,6,677,7
16,Idaho,712130,6,71,Arts/entertain,24,-0.2520063582049386,10,-0.1137403604092119,14,-0.0928272725517047,11,0.4019533287409332,10,0.2445619943743677,0.2058779169375888,0.4005851451868404,0.6858674064515128,0.6539596869458719,4,0.4019533287409332,10,1.0,False,False,Zoos and Botanical Gardens,"Arts, Entertainment, and Recreation","Museums, Historical Sites, and Similar Institutions","Museums, Historical Sites, and Similar Institutions",Zoos and Botanical Gardens,top,7,677,7
17,Illinois,541320,6,54,Prof services,24,-0.3151977003451973,9,-0.0117845032240696,24,-0.3452444049426654,10,0.6964820246531596,9,0.2146320005817411,0.2076672123255178,0.2242714305174339,0.9005884792722405,1.0417264295958248,4,0.6964820246531596,9,1.0,False,False,Landscape Architectural Services,"Professional, Scientific, and Technical Services","Professional, Scientific, and Technical Services","Architectural, Engineering, and Related Services",Landscape Architectural Services,top,1,921,10
17,Illinois,561730,6,56,Admin/waste,24,-0.221955636493715,10,-0.0481973038019386,24,-0.3015266309232912,11,0.6030137384158623,10,0.2758660026899179,0.214762514552238,0.2500536340184354,0.8680881956847716,0.9045403693391536,4,0.6030137384158623,10,1.0,False,False,Landscaping Services,Administrative and Support and Waste Management and Remediation Services,Administrative and Support Services,Services to Buildings and Dwellings,Landscaping Services,top,2,921,10
17,Illinois,237310,6,23,Construction,24,-0.3814241362335431,12,-0.0289846771517072,24,-0.1612184562032931,13,0.5714628525508451,12,0.2007031250286429,0.2887989100155734,0.4348640493059184,0.8526780405266291,0.9528869887843884,4,0.5714628525508451,12,1.0,False,False,"Highway, Street, and Bridge Construction",Construction,Heavy and Civil Engineering Construction,"Highway, Street, and Bridge Construction","Highway, Street, and Bridge Construction",top,3,921,10
17,Illinois,324121,6,32,Mfg-chem,24,-0.3089116040306356,23,0.0005806004960438,24,-0.2254945417880139,24,0.5357930959143593,23,0.0594373738834133,0.1003477508613445,0.1400969268471879,0.6308351864090592,0.844704699944995,4,0.5357930959143593,23,1.0,False,False,Asphalt Paving Mixture and Block Manufacturing,Manufacturing,Petroleum and Coal Products Manufacturing,Petroleum and Coal Products Manufacturing,"Asphalt Paving, Roofing, and Saturated Materials Manufacturing",top,4,921,10
17,Illinois,238990,6,23,Construction,24,-0.3089883613314106,23,-0.0013766252078911,24,-0.2214171039670328,24,0.5343650050720102,23,0.2324878982270143,0.2720848570182781,0.3144350662253243,0.7996194833664362,0.843353366403421,4,0.5343650050720102,23,1.0,False,False,All Other Specialty Trade Contractors,Construction,Specialty Trade Contractors,Other Specialty Trade Contractors,All Other Specialty Trade Contractors,top,5,921,10
17,Illinois,713910,6,71,Arts/entertain,24,-0.3451690616632886,23,-0.1769014919988985,24,-0.003487664500761,24,0.5309000875285286,23,0.1298405358871852,0.121723401157834,0.4674092504262799,0.820070428696248,0.8760691491918171,4,0.5309000875285286,23,1.0,False,False,Golf Courses and Country Clubs,"Arts, Entertainment, and Recreation","Amusement, Gambling, and Recreation Industries",Other Amusement and Recreation Industries,Golf Courses and Country Clubs,top,6,921,10
17,Illinois,712190,6,71,Arts/entertain,24,-0.0503528166367655,23,-0.3056476439372897,24,0.5306872531996049,24,-0.1763918377463088,23,0.1406152664395913,0.1239527653033554,0.7185855520416992,0.2518438323808329,0.8363348971368947,3,0.5306872531996049,24,1.0,False,False,Nature Parks and Other Similar Institutions,"Arts, Entertainment, and Recreation","Museums, Historical Sites, and Similar Institutions","Museums, Historical Sites, and Similar Institutions",Nature Parks and Other Similar Institutions,top,7,921,10
17,Illinois,111421,6,11,Agriculture,24,-0.3718019276118057,23,0.0661081176623878,24,-0.2165574757541772,24,0.5244300076882342,23,0.0704914508495581,0.213198590432054,0.2236894946897742,0.667295350455849,0.8962319353000399,4,0.5244300076882342,23,1.0,False,False,Nursery and Tree Production,"Agriculture, Forestry, Fishing and Hunting",Crop Production,"Greenhouse, Nursery, and Floriculture Production",Nursery and Floriculture Production,top,8,921,10
17,Illinois,721211,6,72,Accommodation/food,24,-0.3896597856796788,8,-0.2225652670110164,15,0.1259599807547547,5,0.4970391016403431,5,0.1791321113738654,0.1671299893073242,0.6513964255293061,0.8571868841539976,0.8866988873200219,4,0.4970391016403431,5,1.0,False,False,RV (Recreational Vehicle) Parks and Campgrounds,Accommodation and Food Services,Accommodation,RV (Recreational Vehicle) Parks and Recreational Camps,RV (Recreational Vehicle) Parks and Recreational Camps,top,9,921,10
17,Illinois,111211,6,11,Agriculture,24,-0.3452936518189934,6,-0.1097006345669392,19,0.0294647493031761,8,0.4525301594941189,6,0.1137951137115557,0.1700067578739588,0.4523543136161463,0.7073890882378033,0.7978238113131124,4,0.4525301594941189,6,1.0,False,False,Potato Farming,"Agriculture, Forestry, Fishing and Hunting",Crop Production,Vegetable and Melon Farming,Vegetable and Melon Farming,top,10,921,10
18,Indiana,713910,6,71,Arts/entertain,24,-0.364933772517088,19,-0.1615309282919607,24,-0.0197231081063578,20,0.5571854630929366,19,0.1272405500444204,0.1352336004834639,0.4662885075064289,0.8400752356659001,0.9221192356100244,4,0.5571854630929366,19,1.0,False,False,Golf Courses and Country Clubs,"Arts, Entertainment, and Recreation","Amusement, Gambling, and Recreation Industries",Other Amusement and Recreation Industries,Golf Courses and Country Clubs,top,1,864,9
18,Indiana,711211,6,71,Arts/entertain,24,-0.0527558648912125,23,-0.1972049539943848,23,0.4929076434592326,23,-0.2463858256163305,22,0.1883877876834236,0.2620825397889314,0.7354956151585545,0.2174769535099731,0.7392934690755631,3,0.4929076434592326,23,1.0,False,False,Sports Teams and Clubs,"Arts, Entertainment, and Recreation","Performing Arts, Spectator Sports, and Related Industries",Spectator Sports,Spectator Sports,top,2,864,9
18,Indiana,237310,6,23,Construction,24,-0.3312677634215383,23,0.0167205965410074,24,-0.1536448956623076,24,0.4717551982734577,23,0.1096868866435964,0.2131212942095744,0.2831145086935376,0.6603975145021163,0.803022961694996,4,0.4717551982734577,23,1.0,False,False,"Highway, Street, and Bridge Construction",Construction,Heavy and Civil Engineering Construction,"Highway, Street, and Bridge Construction","Highway, Street, and Bridge Construction",top,3,864,9
18,Indiana,721310,6,72,Accommodation/food,24,-0.2485481828857865,23,0.4441042148181249,24,-0.2897628233300851,24,0.0948861145978295,23,0.1413700154659008,0.5650835954352896,0.1005887457684285,0.2156195427617377,0.73386703814821,2,0.4441042148181249,24,1.0,False,False,"Rooming and Boarding Houses, Dormitories, and Workers' Camps",Accommodation and Food Services,Accommodation,"Rooming and Boarding Houses, Dormitories, and Workers' Camps","Rooming and Boarding Houses, Dormitories, and Workers' Camps",top,4,864,9
18,Indiana,312113,6,31,Mfg-food,24,-0.2384398403732446,23,-0.244486502130714,15,0.431402894715945,15,0.0531810795062732,14,0.1701705070617649,0.2498038041405096,0.833846080003664,0.5491832357615528,0.675889396846659,3,0.431402894715945,15,1.0,False,False,Ice Manufacturing,Manufacturing,Beverage and Tobacco Product Manufacturing,Beverage Manufacturing,Soft Drink and Ice Manufacturing,top,5,864,9
18,Indiana,111110,6,11,Agriculture,24,-0.2837140552808848,19,0.0677062714010842,23,-0.1769579148766117,19,0.3753513663380797,18,0.1683880323909558,0.3143658551300015,0.3105656029850585,0.5680740488776836,0.6590654216189646,4,0.3753513663380797,18,1.0,False,False,Soybean Farming,"Agriculture, Forestry, Fishing and Hunting",Crop Production,Oilseed and Grain Farming,Soybean Farming,top,6,864,9
18,Indiana,713930,6,71,Arts/entertain,24,-0.3312077120723891,23,-0.2271273760397447,23,0.2141044318858791,23,0.3437997200544025,22,0.0909352639936348,0.1386098908124146,0.6320601937504119,0.703342797644036,0.6750074321267916,4,0.3437997200544025,22,1.0,False,False,Marinas,"Arts, Entertainment, and Recreation","Amusement, Gambling, and Recreation Industries",Other Amusement and Recreation Industries,Marinas,top,7,864,9
18,Indiana,111421,6,11,Agriculture,24,-0.361737479069055,23,0.130505600998203,24,-0.110301949044925,24,0.3377960784590872,23,0.108195709885777,0.3636117085612116,0.3580165052402401,0.5730252000091187,0.6995335575281423,4,0.3377960784590872,23,1.0,False,False,Nursery and Tree Production,"Agriculture, Forestry, Fishing and Hunting",Crop Production,"Greenhouse, Nursery, and Floriculture Production",Nursery and Floriculture Production,top,8,864,9
18,Indiana,488320,6,48,Transportation,24,-0.2666756176053996,19,0.0167837312686487,24,-0.0965556988419679,20,0.3654993457583812,19,0.105628437403735,0.1904839941011293,0.2417720882612259,0.5366052898608925,0.6321749633637808,4,0.3654993457583812,19,0.9845244721132635,False,False,Marine Cargo Handling,Transportation and Warehousing,Support Activities for Transportation,Support Activities for Water Transportation,Marine Cargo Handling,top,9,864,9
19,Iowa,324121,6,32,Mfg-chem,24,-0.3332157669210702,20,-0.004088632250345,21,-0.2899702853010009,24,0.630840595331847,20,0.0431349678804914,0.0591186186514018,0.0860752380783271,0.6929724281072543,0.9640563622529172,4,0.630840595331847,20,1.0,False,False,Asphalt Paving Mixture and Block Manufacturing,Manufacturing,Petroleum and Coal Products Manufacturing,Petroleum and Coal Products Manufacturing,"Asphalt Paving, Roofing, and Saturated Materials Manufacturing",top,1,762,8
19,Iowa,921120,6,92,Public admin,24,-0.4082436263593078,20,0.6052238627046408,20,-0.265916363451646,20,0.0748542816536899,23,0.0494487031423474,0.7273780672916791,0.190166631976057,0.2016080568709629,1.0134674890639486,2,0.6052238627046408,20,1.0,False,False,Legislative Bodies,Public Administration,"Executive, Legislative, and Other General Government Support","Executive, Legislative, and Other General Government Support",Legislative Bodies,top,2,762,8
19,Iowa,312113,6,31,Mfg-food,24,-0.1290548029075747,21,-0.2942613897339203,12,0.5515427386884468,13,-0.1428743515646029,10,0.136497616302526,0.1897786863792074,0.8190944673154846,0.3429173804986633,0.8458041284223672,3,0.5515427386884468,13,1.0,False,False,Ice Manufacturing,Manufacturing,Beverage and Tobacco Product Manufacturing,Beverage Manufacturing,Soft Drink and Ice Manufacturing,top,3,762,8
19,Iowa,111422,6,11,Agriculture,24,-0.3078884606838843,20,0.5466013905752358,20,-0.1571500780291083,20,-0.0844184629298621,23,0.1954532962209503,0.8105242084794512,0.347392215502762,0.1880671929841655,0.8544898512591201,2,0.5466013905752358,20,1.0,False,False,Floriculture Production,"Agriculture, Forestry, Fishing and Hunting",Crop Production,"Greenhouse, Nursery, and Floriculture Production",Nursery and Floriculture Production,top,4,762,8
19,Iowa,238990,6,23,Construction,24,-0.323730842763637,23,-0.0042333995475707,24,-0.2016581936152503,24,0.5343299048505822,23,0.1495747502036454,0.2036467307470681,0.2661855103856324,0.7320406772546972,0.8580607476142192,4,0.5343299048505822,23,1.0,False,False,All Other Specialty Trade Contractors,Construction,Specialty Trade Contractors,Other Specialty Trade Contractors,All Other Specialty Trade Contractors,top,5,762,8
19,Iowa,713910,6,71,Arts/entertain,24,-0.3773373548677666,7,-0.2562637856032768,24,0.1285845876295918,8,0.5247575844181964,7,0.1399267401304939,0.1340191981290948,0.6406392273342495,0.9079762700913844,0.9020949392859632,4,0.5247575844181964,7,1.0,False,False,Golf Courses and Country Clubs,"Arts, Entertainment, and Recreation","Amusement, Gambling, and Recreation Industries",Other Amusement and Recreation Industries,Golf Courses and Country Clubs,top,6,762,8
19,Iowa,713930,6,71,Arts/entertain,24,-0.376555999203847,15,-0.2068462245086748,24,0.1836435126467168,16,0.4249964265883971,15,0.1154904826035516,0.1744239471232454,0.6470498606602889,0.815842964340215,0.8015524257922442,4,0.4249964265883971,15,1.0,False,False,Marinas,"Arts, Entertainment, and Recreation","Amusement, Gambling, and Recreation Industries",Other Amusement and Recreation Industries,Marinas,top,7,762,8
19,Iowa,237310,6,23,Construction,24,-0.2376149180497095,23,-0.0156566874120773,24,-0.1676334475152531,24,0.4248513355433981,23,0.092987070237444,0.1113251898679174,0.1609766843225455,0.54589507380768,0.6624662535931076,4,0.4248513355433981,23,1.0,False,False,"Highway, Street, and Bridge Construction",Construction,Heavy and Civil Engineering Construction,"Highway, Street, and Bridge Construction","Highway, Street, and Bridge Construction",top,8,762,8
20,Kansas,111422,6,11,Agriculture,24,-0.4839603381892167,13,0.5097450668406656,5,0.1011440128183245,5,-0.078710111049376,14,0.1407098239397725,0.8740270166340683,0.573109311348803,0.3313396503580552,0.9937054050298824,2,0.5097450668406656,5,1.0,False,False,Floriculture Production,"Agriculture, Forestry, Fishing and Hunting",Crop Production,"Greenhouse, Nursery, and Floriculture Production",Nursery and Floriculture Production,top,1,774,8
20,Kansas,713990,6,71,Arts/entertain,24,-0.0656385195561903,23,-0.3013583222134512,23,0.467053527455753,23,-0.1034398707441188,22,0.2467580684883807,0.2128253064822656,0.7802000977444479,0.4140115429301615,0.7684118496692043,3,0.467053527455753,23,1.0,False,False,All Other Amusement and Recreation Industries,"Arts, Entertainment, and Recreation","Amusement, Gambling, and Recreation Industries",Other Amusement and Recreation Industries,All Other Amusement and Recreation Industries,top,2,774,8
20,Kansas,721214,6,72,Accommodation/food,24,-0.1947949691264718,18,-0.2453135015132534,12,0.3843699690313469,10,0.0615969260161635,9,0.2249862688850331,0.219509691116027,0.7384793127287684,0.5463707716777,0.6296834705446004,3,0.3843699690313469,10,0.9806443189994396,False,False,Recreational and Vacation Camps (except Campgrounds),Accommodation and Food Services,Accommodation,RV (Recreational Vehicle) Parks and Recreational Camps,RV (Recreational Vehicle) Parks and Recreational Camps,top,3,774,8
20,Kansas,713930,6,71,Arts/entertain,24,-0.2200502096566319,14,-0.2244621435135286,11,0.4052104042848794,19,0.0404142612249213,13,0.0977444548020209,0.157366972341598,0.7399227525949594,0.4998865018734209,0.6296725477984081,3,0.4052104042848794,19,0.9806273083432888,False,False,Marinas,"Arts, Entertainment, and Recreation","Amusement, Gambling, and Recreation Industries",Other Amusement and Recreation Industries,Marinas,top,4,774,8
20,Kansas,312113,6,31,Mfg-food,24,-0.1560266391171557,15,-0.1950942407284442,12,0.3922403488442182,16,-0.030867405329531,12,0.1200654197239174,0.1856762924156246,0.6854479602158059,0.374117683594161,0.5873345895726625,3,0.3922403488442182,16,0.9146918341657556,False,False,Ice Manufacturing,Manufacturing,Beverage and Tobacco Product Manufacturing,Beverage Manufacturing,Soft Drink and Ice Manufacturing,top,5,774,8
20,Kansas,423920,6,42,Wholesale,24,-0.0683511266290195,22,-0.1654363856019535,18,0.3740824262109802,17,-0.1556211654956245,16,0.1267794616443446,0.193457000105601,0.589955599254801,0.204218551769818,0.5395188118129337,3,0.3740824262109802,17,0.8402254188760809,False,False,Toy and Hobby Goods and Supplies Merchant Wholesalers,Wholesale Trade,"Merchant Wholesalers, Durable Goods",Miscellaneous Durable Goods Merchant Wholesalers,Toy and Hobby Goods and Supplies Merchant Wholesalers,top,6,774,8
20,Kansas,541922,6,54,Prof services,24,-0.1946595498544864,15,0.2481930457998532,16,-0.285690726899493,15,0.2296538790725039,15,0.2653417377465992,0.4402247356969659,0.1617392523797012,0.389808759264546,0.5338837726993462,2,0.2481930457998532,16,0.8314496301622689,False,False,Commercial Photography,"Professional, Scientific, and Technical Services","Professional, Scientific, and Technical Services","Other Professional, Scientific, and Technical Services",Photographic Services,top,7,774,8
20,Kansas,445230,6,44,Retail-gen,24,-0.253115352345638,9,0.0126397546950997,17,-0.0453286747694185,11,0.2637892030833547,9,0.1838246868925452,0.2701833523845514,0.3921943943633423,0.5398069322204002,0.5169045554289926,4,0.2637892030833547,9,0.8050068636992576,False,False,Fruit and Vegetable Retailers,Retail Trade,Food and Beverage Retailers,Specialty Food Retailers,Fruit and Vegetable Retailers,top,8,774,8
21,Kentucky,711212,6,71,Arts/entertain,23,-0.5668468087660917,7,0.5299559488480363,13,-0.2880159624261709,8,0.4372296132025092,8,0.125318099003541,0.8089914961685113,0.4260080313257707,0.7142241746424262,1.0968027576141282,2,0.5299559488480363,13,1.0,False,False,Racetracks,"Arts, Entertainment, and Recreation","Performing Arts, Spectator Sports, and Related Industries",Spectator Sports,Spectator Sports,top,1,813,9
21,Kentucky,424590,6,42,Wholesale,23,0.478800731100341,12,-0.2394551427457971,12,-0.0908114697074971,23,-0.2075738173041307,12,0.6193301360378421,0.2119976799216418,0.1406839440452473,0.2509931475838471,0.7182558738461381,1,0.478800731100341,12,1.0,False,False,Other Farm Product Raw Material Merchant Wholesalers,Wholesale Trade,"Merchant Wholesalers, Nondurable Goods",Farm Product Raw Material Merchant Wholesalers,Other Farm Product Raw Material Merchant Wholesalers,top,2,813,9
21,Kentucky,532284,6,53,Real estate,23,-0.3590925008175328,8,-0.2479851683537443,18,0.3207493173096186,7,0.1925999003567195,6,0.1346797118823721,0.2082909468977132,0.7969084513874505,0.708792888185199,0.6798418181271515,3,0.3207493173096186,7,1.0,True,False,Recreational Goods Rental,Real Estate and Rental and Leasing,Rental and Leasing Services,Consumer Goods Rental,Other Consumer Goods Rental,top,3,813,9
21,Kentucky,713930,6,71,Arts/entertain,23,-0.3538702428127673,22,-0.2297986467998061,23,0.3065769300943948,23,0.2744780589314872,22,0.1239427914439997,0.2240873018690862,0.7838291058937851,0.7304170497296939,0.6604471729071621,3,0.3065769300943948,23,1.0,False,False,Marinas,"Arts, Entertainment, and Recreation","Amusement, Gambling, and Recreation Industries",Other Amusement and Recreation Industries,Marinas,top,4,813,9
21,Kentucky,721211,6,72,Accommodation/food,23,-0.2910277195361847,16,-0.1548064281931604,23,0.0922645355078791,17,0.3268187761631613,16,0.1681523643022043,0.2388706015300421,0.6192016951442005,0.695956029195647,0.617846495699346,4,0.3268187761631613,16,0.9622098790321676,False,False,RV (Recreational Vehicle) Parks and Campgrounds,Accommodation and Food Services,Accommodation,RV (Recreational Vehicle) Parks and Recreational Camps,RV (Recreational Vehicle) Parks and Recreational Camps,top,5,813,9
21,Kentucky,111422,6,11,Agriculture,23,-0.2438333017452034,19,0.3699411413624444,21,-0.0875619598735184,21,-0.0549997560083487,21,0.2325508943096794,0.6602336368228897,0.3582747700094805,0.2440970510333252,0.6137744431076478,2,0.3699411413624444,21,0.9558682241730014,False,False,Floriculture Production,"Agriculture, Forestry, Fishing and Hunting",Crop Production,"Greenhouse, Nursery, and Floriculture Production",Nursery and Floriculture Production,top,6,813,9
21,Kentucky,711219,6,71,Arts/entertain,23,-0.2369221983014441,22,0.0314661191473989,23,-0.1691349404918273,23,0.3727753617519566,22,0.3053452948479241,0.368854869452429,0.369432205762136,0.7082794230554977,0.6096975600534007,4,0.3727753617519566,22,0.94951904654108,False,False,Other Spectator Sports,"Arts, Entertainment, and Recreation","Performing Arts, Spectator Sports, and Related Industries",Spectator Sports,Spectator Sports,top,7,813,9
21,Kentucky,487110,6,48,Transportation,23,-0.2004363099095269,16,-0.013678771473223,15,-0.1729399422182982,21,0.402179603707155,17,0.1669638410244481,0.1674089065989128,0.2024365524513232,0.5934746346990142,0.602615913616682,4,0.402179603707155,17,0.9384903683683392,False,False,"Scenic and Sightseeing Transportation, Land",Transportation and Warehousing,Scenic and Sightseeing Transportation,"Scenic and Sightseeing Transportation, Land","Scenic and Sightseeing Transportation, Land",top,8,813,9
21,Kentucky,111219,6,11,Agriculture,23,-0.2108450765467568,12,-0.1105862951806605,14,0.0245416651030421,6,0.3813183689014918,6,0.2122384531850552,0.2509433008622657,0.4359951961925435,0.6586086259933238,0.5921634454482487,4,0.3813183689014918,6,0.922212104751174,True,False,Other Vegetable (except Potato) and Melon Farming,"Agriculture, Forestry, Fishing and Hunting",Crop Production,Vegetable and Melon Farming,Vegetable and Melon Farming,top,9,813,9
22,Louisiana,114210,6,11,Agriculture,24,0.4058941129218463,9,-0.2478501231462985,8,0.0084890411473607,14,-0.2298658051307394,13,0.7000854346270485,0.309451619998659,0.3232137930858941,0.3015284553889201,0.6537442360681449,1,0.4058941129218463,9,1.0,False,False,Hunting and Trapping,"Agriculture, Forestry, Fishing and Hunting","Fishing, Hunting and Trapping",Hunting and Trapping,Hunting and Trapping,top,1,794,8
22,Louisiana,711110,6,71,Arts/entertain,24,-0.2816200976391382,7,0.3758399824941428,10,-0.4113871626580898,10,0.2323204356635423,19,0.4341461761097507,0.6384073523282449,0.2816531079687662,0.5935699497758795,0.7872271451522326,2,0.3758399824941428,10,1.0,False,False,Theater Companies and Dinner Theaters,"Arts, Entertainment, and Recreation","Performing Arts, Spectator Sports, and Related Industries",Performing Arts Companies,Theater Companies and Dinner Theaters,top,2,794,8
22,Louisiana,814110,6,81,Other services,24,-0.2022790751520515,16,-0.0135875195029393,24,-0.1944503048749508,16,0.4023778540057235,16,0.1465136922476877,0.1303764569981605,0.141414260754512,0.535674408561641,0.604656929157775,4,0.4023778540057235,16,0.941668965852614,False,False,Private Households,Other Services (except Public Administration),Private Households,Private Households,Private Households,top,3,794,8
22,Louisiana,541490,6,54,Prof services,24,0.3101003703495636,13,0.0547577764235127,15,-0.0525033271511261,22,-0.2354810257045119,13,0.5595126011937523,0.3582372394452116,0.2173294828129025,0.1765548090702456,0.5455813960540755,1,0.3101003703495636,13,0.8496670495883963,False,False,Other Specialized Design Services,"Professional, Scientific, and Technical Services","Professional, Scientific, and Technical Services",Specialized Design Services,Other Specialized Design Services,top,4,794,8
22,Louisiana,111998,6,11,Agriculture,24,-0.2240984849192715,19,0.0348973986653618,23,-0.0746801985799037,21,0.2958867129550166,19,0.1776209139475264,0.2673849602084116,0.2929588960332314,0.5046091933822251,0.5199851978742882,4,0.2958867129550166,19,0.80980453531391,True,False,All Other Miscellaneous Crop Farming,"Agriculture, Forestry, Fishing and Hunting",Crop Production,Other Crop Farming,All Other Crop Farming,top,5,794,8
22,Louisiana,311520,6,31,Mfg-food,14,-0.0718386657997717,6,-0.0414702329992274,7,0.306898148461236,6,-0.2033644537440119,6,0.3330116663593501,0.4708410165685707,0.6916108327762462,0.3285425304008754,0.510262602205248,3,0.306898148461236,6,0.7946629464763838,False,False,Ice Cream and Frozen Dessert Manufacturing,Manufacturing,Food Manufacturing,Dairy Product Manufacturing,Ice Cream and Frozen Dessert Manufacturing,top,6,794,8
22,Louisiana,311710,6,31,Mfg-food,24,-0.2601294994078134,23,0.1692378928900124,24,-0.1401461047919332,24,0.2352177212748656,23,0.2138538377146923,0.439202166381863,0.3260747092690086,0.4932394617400207,0.495347220682679,4,0.2352177212748656,23,0.7714343167917486,False,False,Seafood Product Preparation and Packaging,Manufacturing,Food Manufacturing,Seafood Product Preparation and Packaging,Seafood Product Preparation and Packaging,top,7,794,8
22,Louisiana,493130,6,49,Warehousing,24,-0.1207275060063443,23,-0.0276516038605742,24,-0.166309535725302,24,0.3216843701626932,23,0.2135822451013602,0.1634300277725169,0.1685810181648221,0.5063510800077313,0.4879939058879952,4,0.3216843701626932,23,0.759982552982569,False,False,Farm Product Warehousing and Storage,Transportation and Warehousing,Warehousing and Storage,Warehousing and Storage,Farm Product Warehousing and Storage,top,8,794,8
23,Maine,324121,6,32,Mfg-chem,24,-0.3087656160321284,12,-0.0377614506060901,23,-0.3042435082722786,13,0.6722341211507737,12,0.0749803296679662,0.0516386839939936,0.105290057291369,0.7409136540325416,0.9809997371829022,4,0.6722341211507737,12,1.0,False,False,Asphalt Paving Mixture and Block Manufacturing,Manufacturing,Petroleum and Coal Products Manufacturing,Petroleum and Coal Products Manufacturing,"Asphalt Paving, Roofing, and Saturated Materials Manufacturing",top,1,603,7
23,Maine,114112,6,11,Agriculture,24,-0.2546844017522506,10,-0.0435244504404119,24,-0.3603876063275584,10,0.6509217763566546,10,0.1817655171189787,0.1160318352306318,0.1373470542231089,0.815204055641695,1.011309382684213,4,0.6509217763566546,10,1.0,False,False,Shellfish Fishing,"Agriculture, Forestry, Fishing and Hunting","Fishing, Hunting and Trapping",Fishing,Fishing,top,2,603,7
23,Maine,812220,6,81,Other services,24,-0.3323331958808103,10,-0.0245448372018529,18,-0.1990153419375315,16,0.5415894156542923,10,0.0856428139973477,0.145423572226474,0.2648720793123609,0.7535171906621239,0.8739226115351026,4,0.5415894156542923,10,1.0,False,False,Cemeteries and Crematories,Other Services (except Public Administration),Personal and Laundry Services,Death Care Services,Cemeteries and Crematories,top,3,603,7
23,Maine,483114,6,48,Transportation,24,-0.262590298967453,5,-0.0900212928502383,11,-0.0829119384615031,7,0.5170755540763554,5,0.1817206667038656,0.1390915921233679,0.3743385445790131,0.7951482444157337,0.7796658530438084,4,0.5170755540763554,5,1.0,False,False,Coastal and Great Lakes Passenger Transportation,Transportation and Warehousing,Water Transportation,"Deep Sea, Coastal, and Great Lakes Water Transportation","Deep Sea, Coastal, and Great Lakes Water Transportation",top,4,603,7
23,Maine,311411,6,31,Mfg-food,24,-0.0561307347828287,23,-0.285639698836954,22,0.5095410845774707,22,-0.1755516460114271,21,0.118332207300662,0.113095503516484,0.6826264689076634,0.2318954275253634,0.7951807834144248,3,0.5095410845774707,22,1.0,False,False,"Frozen Fruit, Juice, and Vegetable Manufacturing",Manufacturing,Food Manufacturing,Fruit and Vegetable Preserving and Specialty Food Manufacturing,Frozen Food Manufacturing,top,5,603,7
23,Maine,713990,6,71,Arts/entertain,24,-0.1539328838503843,23,-0.3297169513177096,20,0.4970725988879926,20,-0.0241254133447306,19,0.1634749769055178,0.1577681758058178,0.8012200139045562,0.4694542751079328,0.8267895502057022,3,0.4970725988879926,20,1.0,False,False,All Other Amusement and Recreation Industries,"Arts, Entertainment, and Recreation","Amusement, Gambling, and Recreation Industries",Other Amusement and Recreation Industries,All Other Amusement and Recreation Industries,top,6,603,7
23,Maine,611620,6,61,Education,24,-0.1359722467131999,23,-0.1866034516900886,16,0.4611313177328239,16,-0.1620856642109436,15,0.1471085156599419,0.2442378548416547,0.707677431567937,0.3120134454497821,0.6477347694229125,3,0.4611313177328239,16,1.0,False,False,Sports and Recreation Instruction,Educational Services,Educational Services,Other Schools and Instruction,Sports and Recreation Instruction,top,7,603,7
24,Maryland,487210,6,48,Transportation,24,-0.3893055950731778,9,-0.1002047494796198,22,-0.075947087878669,10,0.5834178952284439,9,0.1363745840955758,0.1878245323449433,0.461665673932596,0.8956273890413121,0.9727234903016218,4,0.5834178952284439,9,1.0,False,False,"Scenic and Sightseeing Transportation, Water",Transportation and Warehousing,Scenic and Sightseeing Transportation,"Scenic and Sightseeing Transportation, Water","Scenic and Sightseeing Transportation, Water",top,1,817,9
24,Maryland,561790,6,56,Admin/waste,24,-0.0815074679792525,23,-0.3041657242985839,22,0.4830132239571041,22,-0.0889856790110196,21,0.2160816831542745,0.1902988093774826,0.7799048688871878,0.3978501323493307,0.7871789482556881,3,0.4830132239571041,22,1.0,False,False,Other Services to Buildings and Dwellings,Administrative and Support and Waste Management and Remediation Services,Administrative and Support Services,Services to Buildings and Dwellings,Other Services to Buildings and Dwellings,top,2,817,9
24,Maryland,311710,6,31,Mfg-food,24,-0.2490142374532662,23,0.0176443670041899,23,-0.2374249422453853,23,0.4705246945350904,22,0.1984101013886462,0.2165758399118428,0.2010318993972947,0.6660519923238245,0.7195389319883567,4,0.4705246945350904,22,1.0,False,False,Seafood Product Preparation and Packaging,Manufacturing,Food Manufacturing,Seafood Product Preparation and Packaging,Seafood Product Preparation and Packaging,top,3,817,9
24,Maryland,721211,6,72,Accommodation/food,24,-0.3674551756534984,16,-0.1622641015720225,24,0.0758326656150774,17,0.4645070627864724,16,0.0979824605481874,0.1447064811952969,0.5159587049864516,0.7869694414245539,0.8319622384399709,4,0.4645070627864724,16,1.0,False,False,RV (Recreational Vehicle) Parks and Campgrounds,Accommodation and Food Services,Accommodation,RV (Recreational Vehicle) Parks and Recreational Camps,RV (Recreational Vehicle) Parks and Recreational Camps,top,4,817,9
24,Maryland,115114,6,11,Agriculture,24,-0.250964944542409,6,-0.0933302663923577,19,-0.1283574644198759,8,0.433744613000404,6,0.1951054988601506,0.1525295389090652,0.307070051747878,0.6593231811217128,0.684709557542813,4,0.433744613000404,6,1.0,False,False,Postharvest Crop Activities (except Cotton Ginning),"Agriculture, Forestry, Fishing and Hunting",Support Activities for Agriculture and Forestry,Support Activities for Crop Production,Support Activities for Crop Production,top,5,817,9
24,Maryland,488310,6,48,Transportation,24,-0.2160355552671896,16,0.0473252850187568,20,-0.2311830815841248,18,0.4148086727321124,16,0.1536272749227659,0.1958000492087512,0.1557213130956837,0.499184403577069,0.6459917543162372,4,0.4148086727321124,16,1.0,False,False,Port and Harbor Operations,Transportation and Warehousing,Support Activities for Transportation,Support Activities for Water Transportation,Port and Harbor Operations,top,6,817,9
24,Maryland,532284,6,53,Real estate,24,-0.2133563775652968,11,-0.316688881142201,11,0.3797344307311084,10,0.1350353552564294,10,0.1839041345761643,0.1605936253135564,0.7901764000308187,0.674262147444425,0.6964233118733094,3,0.3797344307311084,10,1.0,True,False,Recreational Goods Rental,Real Estate and Rental and Leasing,Rental and Leasing Services,Consumer Goods Rental,Other Consumer Goods Rental,top,7,817,9
24,Maryland,711310,6,71,Arts/entertain,24,-0.284698821140202,14,-0.1825768382117383,19,0.0235724462087997,19,0.3422245004308165,14,0.2984610456306816,0.265682577784841,0.4976664765463729,0.670483994473087,0.6269233215710186,4,0.3422245004308165,14,0.9763457713367638,False,False,"Promoters of Performing Arts, Sports, and Similar Events with Facilities","Arts, Entertainment, and Recreation","Performing Arts, Spectator Sports, and Related Industries","Promoters of Performing Arts, Sports, and Similar Events","Promoters of Performing Arts, Sports, and Similar Events with Facilities",top,8,817,9
24,Maryland,711212,6,71,Arts/entertain,24,-0.2283794554260123,6,0.3939123381963468,7,-0.2082390736461629,7,0.1019498775390578,23,0.1028318397288752,0.5877353624625593,0.2610660080317548,0.2811013220538436,0.6222917936223592,2,0.3939123381963468,7,0.9691328115186956,False,False,Racetracks,"Arts, Entertainment, and Recreation","Performing Arts, Spectator Sports, and Related Industries",Spectator Sports,Spectator Sports,top,9,817,9
25,Massachusetts,711212,6,71,Arts/entertain,14,-0.3354991943700627,6,-0.0765393824049042,13,-0.2062640605613587,6,0.585077465729995,6,0.092378118452512,0.0746682921901694,0.2024368581080393,0.6994416031266485,0.9205766601000576,4,0.585077465729995,6,1.0,False,False,Racetracks,"Arts, Entertainment, and Recreation","Performing Arts, Spectator Sports, and Related Industries",Spectator Sports,Spectator Sports,top,1,793,8
25,Massachusetts,111421,6,11,Agriculture,14,-0.3225891808317674,13,0.0172611684481425,14,-0.2128489433169442,14,0.5194791315130467,13,0.0591444985382902,0.1315195227430232,0.169372210051471,0.6329227839938074,0.842068312344814,4,0.5194791315130467,13,1.0,False,False,Nursery and Tree Production,"Agriculture, Forestry, Fishing and Hunting",Crop Production,"Greenhouse, Nursery, and Floriculture Production",Nursery and Floriculture Production,top,2,793,8
25,Massachusetts,561730,6,56,Admin/waste,14,-0.2304254115508997,13,-0.0518424276142275,14,-0.2225942549134078,14,0.5149281973816993,13,0.2367373868551933,0.1854572234447192,0.2378619152627002,0.7354551169074969,0.745353608932599,4,0.5149281973816993,13,1.0,False,False,Landscaping Services,Administrative and Support and Waste Management and Remediation Services,Administrative and Support Services,Services to Buildings and Dwellings,Landscaping Services,top,3,793,8
25,Massachusetts,813990,6,81,Other services,14,-0.0360729781741149,13,-0.2718126518634191,14,0.4792932625728379,14,-0.1687103518536702,13,0.1090632271231444,0.0958502678458063,0.6262626122953066,0.1980884315991309,0.7511059144362571,3,0.4792932625728379,14,1.0,False,False,"Other Similar Organizations (except Business, Professional, Labor, and Political Organizations)",Other Services (except Public Administration),"Religious, Grantmaking, Civic, Professional, and Similar Organizations","Business, Professional, Labor, Political, and Similar Organizations","Other Similar Organizations (except Business, Professional, Labor, and Political Organizations)",top,4,793,8
25,Massachusetts,721191,6,72,Accommodation/food,14,-0.2511616594805195,12,-0.1516910890660837,14,-0.0640092703412046,13,0.4704718953228474,12,0.2188525876314331,0.1627851410109194,0.4100998725225731,0.7819499196996169,0.721633554803367,4,0.4704718953228474,12,1.0,False,False,Bed-and-Breakfast Inns,Accommodation and Food Services,Accommodation,Traveler Accommodation,Other Traveler Accommodation,top,5,793,8
25,Massachusetts,488320,6,48,Transportation,14,-0.2523716165017458,11,-0.005154752366371,14,-0.2044476603646614,12,0.4695393266518369,11,0.1559389671245241,0.1832288741458057,0.2208282858998293,0.676255473775523,0.7219109431535827,4,0.4695393266518369,11,1.0,False,False,Marine Cargo Handling,Transportation and Warehousing,Support Activities for Transportation,Support Activities for Water Transportation,Marine Cargo Handling,top,6,793,8
25,Massachusetts,112330,6,11,Agriculture,14,-0.2935878572425512,8,-0.0234015515048976,8,-0.1731720443279288,10,0.4637908182151034,9,0.1230133781718284,0.1301921122073802,0.1967714289182281,0.6524725531014536,0.7573786754576546,4,0.4637908182151034,9,1.0,False,False,Turkey Production,"Agriculture, Forestry, Fishing and Hunting",Animal Production and Aquaculture,Poultry and Egg Production,Turkey Production,top,7,793,8
25,Massachusetts,483114,6,48,Transportation,14,-0.3301952068990302,7,-0.191570096810328,14,0.0643337844074982,8,0.4601519910964031,7,0.0756193290352111,0.0713912054354037,0.4503032754562525,0.7345899242314106,0.7903471979954333,4,0.4601519910964031,7,1.0,False,False,Coastal and Great Lakes Passenger Transportation,Transportation and Warehousing,Water Transportation,"Deep Sea, Coastal, and Great Lakes Water Transportation","Deep Sea, Coastal, and Great Lakes Water Transportation",top,8,793,8
26,Michigan,311941,6,31,Mfg-food,22,-0.3049364484601917,17,-0.0290269339795325,21,-0.3024431874744253,16,0.6519695425168565,17,0.1080776329580721,0.0785192890229433,0.1077483537883671,0.7627912569995029,0.956905990977048,4,0.6519695425168565,17,1.0,False,False,"Mayonnaise, Dressing, and Other Prepared Sauce Manufacturing",Manufacturing,Food Manufacturing,Other Food Manufacturing,Seasoning and Dressing Manufacturing,top,1,896,9
26,Michigan,111211,6,11,Agriculture,22,-0.3446382206291731,13,0.0844266960564506,21,-0.3400849724234672,13,0.6082446600006417,13,0.1967536817344057,0.2809364019620671,0.2037404030106795,0.7717852767107514,0.9528828806298149,4,0.6082446600006417,13,1.0,False,False,Potato Farming,"Agriculture, Forestry, Fishing and Hunting",Crop Production,Vegetable and Melon Farming,Vegetable and Melon Farming,top,2,896,9
26,Michigan,311313,6,31,Mfg-food,22,-0.1348652175423759,17,-0.1326035418335371,20,-0.3485214078246484,16,0.589714025319589,16,0.305071588327016,0.0486379408526798,0.045211904011354,0.7004091005109789,0.9382354331442376,4,0.589714025319589,16,1.0,False,False,Beet Sugar Manufacturing,Manufacturing,Food Manufacturing,Sugar and Confectionery Product Manufacturing,Sugar Manufacturing,top,3,896,9
26,Michigan,487110,6,48,Transportation,22,-0.275875139376215,16,-0.1640068323994122,20,-0.1068113967196013,16,0.5545555362625856,16,0.1902092022728188,0.1146648789343425,0.371318947973646,0.8400324806317552,0.8304306756388007,4,0.5545555362625856,16,1.0,False,False,"Scenic and Sightseeing Transportation, Land",Transportation and Warehousing,Scenic and Sightseeing Transportation,"Scenic and Sightseeing Transportation, Land","Scenic and Sightseeing Transportation, Land",top,4,896,9
26,Michigan,114111,6,11,Agriculture,22,-0.2913905498320914,7,-0.0431914695413521,19,-0.1819999936597865,7,0.5420240750457966,7,0.1533649091173687,0.1500112091835877,0.2258167067667049,0.7041389324433142,0.833414624877888,4,0.5420240750457966,7,1.0,False,False,Finfish Fishing,"Agriculture, Forestry, Fishing and Hunting","Fishing, Hunting and Trapping",Fishing,Fishing,top,5,896,9
26,Michigan,111422,6,11,Agriculture,22,-0.3782269933174541,21,0.5236070564459206,21,-0.1465077653745259,20,0.0004604701438043,21,0.1488725349421794,0.78947826425366,0.3802473200826918,0.2647207922656068,0.9018340497633748,2,0.5236070564459206,21,1.0,False,False,Floriculture Production,"Agriculture, Forestry, Fishing and Hunting",Crop Production,"Greenhouse, Nursery, and Floriculture Production",Nursery and Floriculture Production,top,6,896,9
26,Michigan,111421,6,11,Agriculture,22,-0.5075941210769377,17,0.2063138277845312,21,-0.2107499089674505,17,0.5195993842128145,17,0.1152765963124937,0.4691359902454663,0.4094836891647464,0.7901394805627645,1.0271935052897525,4,0.5195993842128145,17,1.0,False,False,Nursery and Tree Production,"Agriculture, Forestry, Fishing and Hunting",Crop Production,"Greenhouse, Nursery, and Floriculture Production",Nursery and Floriculture Production,top,7,896,9
26,Michigan,238990,6,23,Construction,22,-0.2565274314057911,10,-0.0419020605942703,21,-0.2110661161774827,10,0.5021554899443925,10,0.1952340730606146,0.1792650596847558,0.2500346394547625,0.7155292377834307,0.7586829213501836,4,0.5021554899443925,10,1.0,False,False,All Other Specialty Trade Contractors,Construction,Specialty Trade Contractors,Other Specialty Trade Contractors,All Other Specialty Trade Contractors,top,8,896,9
26,Michigan,111991,6,11,Agriculture,22,-0.2496034287378152,11,-0.00791832496635,10,-0.1647293027586598,10,0.4885957227629467,10,0.1198741037704275,0.1161509099968031,0.2732593907865849,0.6275474087505969,0.738199151500762,4,0.4885957227629467,10,1.0,False,False,Sugar Beet Farming,"Agriculture, Forestry, Fishing and Hunting",Crop Production,Other Crop Farming,All Other Crop Farming,top,9,896,9
27,Minnesota,111150,6,11,Agriculture,24,-0.4508213017115088,13,-0.0175944384801625,24,-0.2022643668300334,14,0.6361840242879269,13,0.1565439288818191,0.272156549208505,0.4229580464955162,0.9155876458189022,1.0870053259994357,4,0.6361840242879269,13,1.0,False,False,Corn Farming,"Agriculture, Forestry, Fishing and Hunting",Crop Production,Oilseed and Grain Farming,Corn Farming,top,1,843,9
27,Minnesota,111421,6,11,Agriculture,24,-0.4484707948795901,16,0.0365874926008284,24,-0.1938143376657508,17,0.6291821339495121,16,0.1011083790674586,0.2729055203513776,0.3715276764336397,0.8414715825919596,1.077652928829102,4,0.6291821339495121,16,1.0,False,False,Nursery and Tree Production,"Agriculture, Forestry, Fishing and Hunting",Crop Production,"Greenhouse, Nursery, and Floriculture Production",Nursery and Floriculture Production,top,2,843,9
27,Minnesota,111998,6,11,Agriculture,24,-0.3515632960989561,5,-0.0400129690836943,24,-0.2769172323838968,6,0.6210444590893297,5,0.1572200542441,0.2044919713699627,0.3317898266632141,0.7683444661552933,0.9726077551882858,4,0.6210444590893297,5,1.0,True,False,All Other Miscellaneous Crop Farming,"Agriculture, Forestry, Fishing and Hunting",Crop Production,Other Crop Farming,All Other Crop Farming,top,3,843,9
27,Minnesota,713930,6,71,Arts/entertain,24,-0.4234789084119786,17,-0.1539220447696248,24,-0.0134814391022289,17,0.5898627330347899,17,0.0793722757476918,0.1413657162682046,0.5112032463279671,0.872565449835515,1.0133416414467686,4,0.5898627330347899,17,1.0,False,False,Marinas,"Arts, Entertainment, and Recreation","Amusement, Gambling, and Recreation Industries",Other Amusement and Recreation Industries,Marinas,top,4,843,9
27,Minnesota,238990,6,23,Construction,24,-0.3025786220960038,17,-0.0572359679475783,24,-0.1976995962735768,18,0.5574704670003392,17,0.1919918067081623,0.1891842502844097,0.3008486297558139,0.7992650186994292,0.860049089096343,4,0.5574704670003392,17,1.0,False,False,All Other Specialty Trade Contractors,Construction,Specialty Trade Contractors,Other Specialty Trade Contractors,All Other Specialty Trade Contractors,top,5,843,9
27,Minnesota,115112,6,11,Agriculture,24,-0.3799968775509466,21,0.0501952899008841,21,-0.2005442854304813,20,0.537516841605935,19,0.1284866851025717,0.2748005043158161,0.3012689152942874,0.7483071897552439,0.9175137191568816,4,0.537516841605935,19,1.0,False,False,"Soil Preparation, Planting, and Cultivating","Agriculture, Forestry, Fishing and Hunting",Support Activities for Agriculture and Forestry,Support Activities for Crop Production,Support Activities for Crop Production,top,6,843,9
27,Minnesota,237990,6,23,Construction,24,-0.3000898551930906,19,0.0025240343943458,24,-0.249179333896586,20,0.5343315030438935,19,0.2078189831386643,0.2385182366017498,0.2641694212761436,0.7652722524742911,0.8344213582369842,4,0.5343315030438935,19,1.0,False,False,Other Heavy and Civil Engineering Construction,Construction,Heavy and Civil Engineering Construction,Other Heavy and Civil Engineering Construction,Other Heavy and Civil Engineering Construction,top,7,843,9
27,Minnesota,237110,6,23,Construction,24,-0.2845945465427779,23,-0.0262821681332691,24,-0.2127880768041855,24,0.5257813842568876,23,0.1160543320435243,0.1244969483930622,0.1855039010091383,0.6720870072335855,0.8103759307996654,4,0.5257813842568876,23,1.0,False,False,Water and Sewer Line and Related Structures Construction,Construction,Heavy and Civil Engineering Construction,Utility System Construction,Water and Sewer Line and Related Structures Construction,top,8,843,9
27,Minnesota,237130,6,23,Construction,24,-0.2866554315273657,21,0.0103749035672245,24,-0.2178400868426016,22,0.5019211634570553,21,0.1839831413438736,0.2225157003730002,0.2402984522676778,0.7053354656066959,0.788576594984421,4,0.5019211634570553,21,1.0,False,False,Power and Communication Line and Related Structures Construction,Construction,Heavy and Civil Engineering Construction,Utility System Construction,Power and Communication Line and Related Structures Construction,top,9,843,9
28,Mississippi,721214,6,72,Accommodation/food,21,0.0495678275357454,20,-0.2838371856510063,10,0.5577174838886008,10,-0.3184343696422939,10,0.2451408300985131,0.2035895277676224,0.7644222360011834,0.1871117794733542,0.8761518535308948,3,0.5577174838886008,10,1.0,False,False,Recreational and Vacation Camps (except Campgrounds),Accommodation and Food Services,Accommodation,RV (Recreational Vehicle) Parks and Recreational Camps,RV (Recreational Vehicle) Parks and Recreational Camps,top,1,699,7
28,Mississippi,813110,6,81,Other services,21,-0.0503578542962529,20,-0.2545053680463531,18,0.520756148866631,18,-0.2315893786883841,18,0.1242574037692724,0.1645836083374736,0.7043518470558146,0.183499457837483,0.7752615169129842,3,0.520756148866631,18,1.0,False,False,Religious Organizations,Other Services (except Public Administration),"Religious, Grantmaking, Civic, Professional, and Similar Organizations",Religious Organizations,Religious Organizations,top,2,699,7
28,Mississippi,713930,6,71,Arts/entertain,21,-0.0683240098854014,20,-0.2523770853440034,20,0.4792762503200516,20,-0.1499663866477517,20,0.1346799954838894,0.1550700333382869,0.669843456346598,0.2486136765514461,0.7316533356640551,3,0.4792762503200516,20,1.0,False,False,Marinas,"Arts, Entertainment, and Recreation","Amusement, Gambling, and Recreation Industries",Other Amusement and Recreation Industries,Marinas,top,3,699,7
28,Mississippi,311613,6,31,Mfg-food,21,-0.246870193796918,14,0.0098649861569134,14,-0.2156322037829615,14,0.4628070436290809,14,0.0935025685818683,0.1139184248111487,0.1122696731505957,0.5549263700301792,0.709677237425999,4,0.4628070436290809,14,1.0,False,False,Rendering and Meat Byproduct Processing,Manufacturing,Food Manufacturing,Animal Slaughtering and Processing,Animal Slaughtering and Processing,top,4,699,7
28,Mississippi,487210,6,48,Transportation,21,-0.2973015641598735,8,0.0492797601941115,8,-0.1823866905029648,12,0.4535267272417368,8,0.214314530391866,0.2668713128013439,0.2695832157826905,0.6495677770407556,0.7508282914016103,4,0.4535267272417368,8,1.0,False,False,"Scenic and Sightseeing Transportation, Water",Transportation and Warehousing,Scenic and Sightseeing Transportation,"Scenic and Sightseeing Transportation, Water","Scenic and Sightseeing Transportation, Water",top,5,699,7
28,Mississippi,111920,6,11,Agriculture,21,-0.2569501550616606,20,0.0039981473306817,20,-0.1749135067211343,20,0.4346619691332427,20,0.1071586135299615,0.1474600345505287,0.1822004574998228,0.5697779675510435,0.6916121241949034,4,0.4346619691332427,20,1.0,False,False,Cotton Farming,"Agriculture, Forestry, Fishing and Hunting",Crop Production,Other Crop Farming,Cotton Farming,top,6,699,7
28,Mississippi,459999,6,45,Retail-spec,21,0.1389261183802703,20,-0.2861443115216663,20,0.3544892234214453,20,-0.2100832895022524,20,0.3826475928344027,0.2036302820502132,0.6042923719994353,0.2828849784453387,0.6406335349431116,3,0.3544892234214453,20,0.9976975194523447,False,False,All Other Miscellaneous Retailers,Retail Trade,"Sporting Goods, Hobby, Musical Instrument, Book, and Miscellaneous Retailers",Other Miscellaneous Retailers,All Other Miscellaneous Retailers,top,7,699,7
29,Missouri,541213,6,54,Prof services,24,-0.2439228357441294,8,0.57609750486953,8,-0.2796733773122676,8,-0.0993410490194894,22,0.2405631174594448,0.7248226484004083,0.1584788170742279,0.0999760574646379,0.8557708821817976,2,0.57609750486953,8,1.0,True,False,Tax Preparation Services,"Professional, Scientific, and Technical Services","Professional, Scientific, and Technical Services","Accounting, Tax Preparation, Bookkeeping, and Payroll Services","Accounting, Tax Preparation, Bookkeeping, and Payroll Services",top,1,868,9
29,Missouri,711320,6,71,Arts/entertain,24,-0.3115843669238394,9,-0.0548705311361717,21,-0.2111133323949957,10,0.514073689508241,9,0.2970583876711331,0.3046055707149478,0.4009444199182153,0.7249552525649154,0.8256580564320803,4,0.514073689508241,9,1.0,False,False,"Promoters of Performing Arts, Sports, and Similar Events without Facilities","Arts, Entertainment, and Recreation","Performing Arts, Spectator Sports, and Related Industries","Promoters of Performing Arts, Sports, and Similar Events","Promoters of Performing Arts, Sports, and Similar Events without Facilities",top,2,868,9
29,Missouri,111160,6,11,Agriculture,24,-0.3053821396597437,19,0.0945922420195348,23,-0.2256132395059022,20,0.448872711092492,19,0.1718409068954652,0.3099648803418277,0.2522457054825038,0.6447941813560126,0.7542548507522358,4,0.448872711092492,19,1.0,True,False,Rice Farming,"Agriculture, Forestry, Fishing and Hunting",Crop Production,Oilseed and Grain Farming,Rice Farming,top,3,868,9
29,Missouri,111422,6,11,Agriculture,24,-0.3606682568113252,23,0.4081691686653326,24,-0.1275619979426514,24,0.0820308044867269,23,0.1400871653865529,0.6622646933859113,0.3681038840546047,0.3290670706086009,0.7688374254766578,2,0.4081691686653326,24,1.0,False,False,Floriculture Production,"Agriculture, Forestry, Fishing and Hunting",Crop Production,"Greenhouse, Nursery, and Floriculture Production",Nursery and Floriculture Production,top,4,868,9
29,Missouri,721211,6,72,Accommodation/food,24,-0.3349245458188617,23,-0.2816591265658514,18,0.3824954635346414,18,0.2344135897356714,17,0.1324680985422544,0.2104875480836844,0.8495449081117253,0.7225532164943193,0.7174200093535031,3,0.3824954635346414,18,1.0,False,False,RV (Recreational Vehicle) Parks and Campgrounds,Accommodation and Food Services,Accommodation,RV (Recreational Vehicle) Parks and Recreational Camps,RV (Recreational Vehicle) Parks and Recreational Camps,top,5,868,9
29,Missouri,111920,6,11,Agriculture,24,-0.2954484135788512,12,-0.0541870035915322,24,0.0165959777048446,13,0.3391308674025462,12,0.1698454967114965,0.261530042858778,0.461588596189124,0.6435768129525284,0.6345792809813975,4,0.3391308674025462,12,0.9882688619902076,False,False,Cotton Farming,"Agriculture, Forestry, Fishing and Hunting",Crop Production,Other Crop Farming,Cotton Farming,top,6,868,9
29,Missouri,713930,6,71,Arts/entertain,24,-0.2542555617379536,23,-0.2488183968797398,24,0.3735145821058778,24,0.1296265501776801,23,0.1066171836436392,0.1719345581454695,0.7348887264067793,0.5508137304563334,0.6277701438438315,3,0.3735145821058778,24,0.9776645791027004,False,False,Marinas,"Arts, Entertainment, and Recreation","Amusement, Gambling, and Recreation Industries",Other Amusement and Recreation Industries,Marinas,top,7,868,9
29,Missouri,711130,6,71,Arts/entertain,24,-0.2356932749124473,23,0.0944763452692795,24,-0.1931271775255021,24,0.3350109758800682,23,0.2233833241329283,0.3346660093050855,0.2569960039386838,0.5655803536232864,0.5707042507925155,4,0.3350109758800682,23,0.8887923973682764,False,False,Musical Groups and Artists,"Arts, Entertainment, and Recreation","Performing Arts, Spectator Sports, and Related Industries",Performing Arts Companies,Musical Groups and Artists,top,8,868,9
29,Missouri,713110,6,71,Arts/entertain,24,-0.3196553593013397,21,-0.1503096824509142,23,0.2483356591524723,23,0.2368525847002194,21,0.1069409232198001,0.2303251838107592,0.6727168743094376,0.6169053412131447,0.5679910184538122,3,0.2483356591524723,23,0.8845669158310624,False,False,Amusement and Theme Parks,"Arts, Entertainment, and Recreation","Amusement, Gambling, and Recreation Industries",Amusement Parks and Arcades,Amusement and Theme Parks,top,9,868,9
30,Montana,713910,6,71,Arts/entertain,24,-0.4027703356692725,5,-0.2313037428211934,24,0.0389298820400989,5,0.6048989859629252,5,0.1349489222070462,0.1255007789741911,0.5786601213837227,0.9692356897385008,1.0076693216321977,4,0.6048989859629252,5,1.0,False,False,Golf Courses and Country Clubs,"Arts, Entertainment, and Recreation","Amusement, Gambling, and Recreation Industries",Other Amusement and Recreation Industries,Golf Courses and Country Clubs,top,1,584,6
30,Montana,111211,6,11,Agriculture,24,-0.661243242079325,6,0.6012677002873137,18,-0.574613081050847,7,0.5326565484751626,8,0.2178956747196475,0.8738364884596463,0.3606768403267139,0.8561675571456235,1.2625109423666387,2,0.6012677002873137,18,1.0,False,False,Potato Farming,"Agriculture, Forestry, Fishing and Hunting",Crop Production,Vegetable and Melon Farming,Vegetable and Melon Farming,top,2,584,6
30,Montana,711110,6,71,Arts/entertain,24,-0.113262953899704,23,-0.1081636221407418,6,0.5039828273566572,6,-0.2187164900091278,6,0.2561386693566421,0.3806545198519901,0.8681489838811557,0.3506904607969319,0.7226993173657851,3,0.5039828273566572,6,1.0,False,False,Theater Companies and Dinner Theaters,"Arts, Entertainment, and Recreation","Performing Arts, Spectator Sports, and Related Industries",Performing Arts Companies,Theater Companies and Dinner Theaters,top,3,584,6
30,Montana,445240,6,44,Retail-gen,24,-0.2232339742523126,18,-0.0353265633846542,24,-0.1865346520327767,19,0.465917044229534,18,0.2233394253696188,0.2116598475283834,0.2706333964564565,0.695593358868354,0.6891510184818467,4,0.465917044229534,18,1.0,False,False,Meat Retailers,Retail Trade,Food and Beverage Retailers,Specialty Food Retailers,Meat Retailers,top,4,584,6
30,Montana,111998,6,11,Agriculture,24,-0.3017146673636599,12,-0.0462709765682136,15,-0.0125029746917902,16,0.3711399581342194,12,0.2193585392537491,0.2502072230257924,0.4210317053359633,0.5835346852079205,0.6728546254978793,4,0.3711399581342194,12,1.0,True,False,All Other Miscellaneous Crop Farming,"Agriculture, Forestry, Fishing and Hunting",Crop Production,Other Crop Farming,All Other Crop Farming,top,5,584,6
30,Montana,238990,6,23,Construction,24,-0.2929319706927445,23,-0.0141074491862803,24,-0.0484469606003141,24,0.3595506776484387,23,0.2094108847490167,0.3162518010869886,0.4513076157975211,0.683257351708682,0.6524826483411833,4,0.3595506776484387,23,1.0,False,False,All Other Specialty Trade Contractors,Construction,Specialty Trade Contractors,Other Specialty Trade Contractors,All Other Specialty Trade Contractors,top,6,584,6
31,Nebraska,111211,6,11,Agriculture,24,-0.3929707004622347,5,0.1026669788869134,24,-0.3719316885248445,6,0.7566222572423085,5,0.216716203347788,0.3287774752241533,0.2355047893266917,0.9097152089710192,1.1495929577045432,4,0.7566222572423085,5,1.0,False,False,Potato Farming,"Agriculture, Forestry, Fishing and Hunting",Crop Production,Vegetable and Melon Farming,Vegetable and Melon Farming,top,1,677,7
31,Nebraska,115113,6,11,Agriculture,24,-0.3706854634681404,8,-0.0456788732481916,20,-0.2268797984385618,7,0.6453252099721806,6,0.1563830104554693,0.1786803338389238,0.2709744648676142,0.8608817979563397,1.016010673440321,4,0.6453252099721806,6,1.0,True,False,"Crop Harvesting, Primarily by Machine","Agriculture, Forestry, Fishing and Hunting",Support Activities for Agriculture and Forestry,Support Activities for Crop Production,Support Activities for Crop Production,top,2,677,7
31,Nebraska,237310,6,23,Construction,24,-0.2828550007008104,23,0.00210560293488,24,-0.1412397913403429,24,0.4269423451798655,23,0.1060064294966888,0.1766216295750433,0.2430256237836376,0.5919092006729179,0.7097973458806759,4,0.4269423451798655,23,1.0,False,False,"Highway, Street, and Bridge Construction",Construction,Heavy and Civil Engineering Construction,"Highway, Street, and Bridge Construction","Highway, Street, and Bridge Construction",top,3,677,7
31,Nebraska,312113,6,31,Mfg-food,24,-0.1193607352649348,11,-0.2654714818156742,10,0.4168428818701113,14,-0.0705743308529059,10,0.1258275514567342,0.1294627513693517,0.6929813524869936,0.3553407726198058,0.6823143636857856,3,0.4168428818701113,14,1.0,False,False,Ice Manufacturing,Manufacturing,Beverage and Tobacco Product Manufacturing,Beverage Manufacturing,Soft Drink and Ice Manufacturing,top,4,677,7
31,Nebraska,713910,6,71,Arts/entertain,24,-0.3163088338336107,23,-0.2248928513754259,24,0.1311635571809472,24,0.4129070092024449,23,0.1279154460189547,0.1256294136197688,0.5731290839714346,0.7583016399612061,0.7292158430360556,4,0.4129070092024449,23,1.0,False,False,Golf Courses and Country Clubs,"Arts, Entertainment, and Recreation","Amusement, Gambling, and Recreation Industries",Other Amusement and Recreation Industries,Golf Courses and Country Clubs,top,5,677,7
31,Nebraska,721214,6,72,Accommodation/food,24,-0.0258954345117368,21,-0.2641234579876395,18,0.3900295510317666,20,-0.0241284277988188,17,0.2188464413117121,0.1351806145728754,0.6478242966820293,0.3593240609284287,0.6541530090194061,3,0.3900295510317666,20,1.0,False,False,Recreational and Vacation Camps (except Campgrounds),Accommodation and Food Services,Accommodation,RV (Recreational Vehicle) Parks and Recreational Camps,RV (Recreational Vehicle) Parks and Recreational Camps,top,6,677,7
31,Nebraska,111421,6,11,Agriculture,24,-0.3601949534493172,23,0.0769252022327818,24,-0.0871896846494694,24,0.3751100015861411,23,0.1069275244256304,0.3193403719601692,0.3779028150291443,0.6108446273970585,0.7353049550354583,4,0.3751100015861411,23,1.0,False,False,Nursery and Tree Production,"Agriculture, Forestry, Fishing and Hunting",Crop Production,"Greenhouse, Nursery, and Floriculture Production",Nursery and Floriculture Production,top,7,677,7
32,Nevada,111219,6,11,Agriculture,24,-0.2258380602283603,11,-0.0813108635233932,23,-0.1690101738628676,12,0.4347866501572161,11,0.2375220515158253,0.2252253619479944,0.3822733968703137,0.761771278213564,0.6606247103855765,4,0.4347866501572161,11,1.0,True,False,Other Vegetable (except Potato) and Melon Farming,"Agriculture, Forestry, Fishing and Hunting",Crop Production,Vegetable and Melon Farming,Vegetable and Melon Farming,top,1,700,7
32,Nevada,525120,6,52,Finance,20,-0.1851496497062914,10,-0.0145256003143447,12,-0.1735356426668944,11,0.388949086402624,10,0.2340246819280081,0.1782981452870412,0.1979102261316403,0.5179354813933185,0.5740987361089155,4,0.388949086402624,10,0.8940788355505835,False,False,Health and Welfare Funds,Finance and Insurance,"Funds, Trusts, and Other Financial Vehicles",Insurance and Employee Benefit Funds,Health and Welfare Funds,top,2,700,7
32,Nevada,444240,6,44,Retail-gen,24,-0.2217326958373052,23,0.0207305454676931,24,-0.1133902740209914,24,0.3166399922053071,23,0.1761867504899013,0.248878836542083,0.2801098316588785,0.5381213748176569,0.5383726880426123,4,0.3166399922053071,23,0.8384404907069107,False,False,"Nursery, Garden Center, and Farm Supply Retailers",Retail Trade,Building Material and Garden Equipment and Supplies Dealers,Lawn and Garden Equipment and Supplies Retailers,"Nursery, Garden Center, and Farm Supply Retailers",top,3,700,7
32,Nevada,532284,6,53,Real estate,24,-0.2597363262117824,20,-0.1788622491592321,18,0.2339281274390441,15,0.2368425539209275,14,0.303356165656105,0.3802422624428658,0.7719844015291325,0.7203844443869825,0.49657888013271,4,0.2368425539209275,14,0.7733524548708223,True,False,Recreational Goods Rental,Real Estate and Rental and Leasing,Rental and Leasing Services,Consumer Goods Rental,Other Consumer Goods Rental,top,4,700,7
32,Nevada,813410,6,81,Other services,24,-0.0256599327438865,23,-0.1590080868145724,24,0.3195466985217594,24,-0.139577074688277,23,0.2107559585787081,0.222758385046787,0.5527769851440106,0.2437021881977155,0.4785547853363318,3,0.3195466985217594,24,0.7452824371651189,False,False,Civic and Social Organizations,Other Services (except Public Administration),"Religious, Grantmaking, Civic, Professional, and Similar Organizations",Civic and Social Organizations,Civic and Social Organizations,top,5,700,7
32,Nevada,212290,6,21,Mining,20,-0.2332478991479467,6,0.1197302680439512,6,-0.099309322168398,5,0.2236847326612443,6,0.2609062626758581,0.320644330117637,0.2379870012222953,0.4457069030823077,0.4569326318091911,4,0.2236847326612443,6,0.7116089440327906,False,False,Other Metal Ore Mining,"Mining, Quarrying, and Oil and Gas Extraction",Mining (except Oil and Gas),Metal Ore Mining,Other Metal Ore Mining,top,6,700,7
32,Nevada,445240,6,44,Retail-gen,24,-0.1515481202004848,23,0.1789311090750155,24,-0.2385753381542974,24,0.2141427086809003,23,0.3704716053479755,0.5038191743583037,0.2793045252186008,0.5319405523874926,0.4527180468351978,4,0.2141427086809003,23,0.7050453148365019,False,False,Meat Retailers,Retail Trade,Food and Beverage Retailers,Specialty Food Retailers,Meat Retailers,top,7,700,7
33,New Hampshire,712120,6,71,Arts/entertain,21,-0.3446386261457445,7,-0.1085826404435792,18,-0.2164429555496582,9,0.6516862497973953,7,0.1225376812357449,0.079563917487702,0.2499015563277339,0.8362262500243807,0.9963248759431398,4,0.6516862497973953,7,1.0,False,False,Historical Sites,"Arts, Entertainment, and Recreation","Museums, Historical Sites, and Similar Institutions","Museums, Historical Sites, and Similar Institutions",Historical Sites,top,1,638,7
33,New Hampshire,813312,6,81,Other services,21,-0.0612958151534289,20,-0.3526617309079466,21,0.6475494107274633,21,-0.2394882829125051,20,0.1071444806458276,0.1076106881609468,0.8134003574919594,0.2240912053680452,1.0002111416354098,3,0.6475494107274633,21,1.0,False,False,"Environment, Conservation and Wildlife Organizations",Other Services (except Public Administration),"Religious, Grantmaking, Civic, Professional, and Similar Organizations",Social Advocacy Organizations,Social Advocacy Organizations,top,2,638,7
33,New Hampshire,238990,6,23,Construction,21,-0.3191146526005969,12,-0.0312975452554071,21,-0.2303190189459187,13,0.5770617665147731,12,0.1599044133025426,0.1693184039148426,0.241327485037957,0.7464216604528671,0.89617641911537,4,0.5770617665147731,12,1.0,False,False,All Other Specialty Trade Contractors,Construction,Specialty Trade Contractors,Other Specialty Trade Contractors,All Other Specialty Trade Contractors,top,3,638,7
33,New Hampshire,111421,6,11,Agriculture,21,-0.4696126737176699,8,0.056572304505561,19,-0.1833760425823774,11,0.5519776212449103,8,0.1051789051833177,0.2873382667479499,0.3506597206859962,0.7438604727048491,1.0215902949625804,4,0.5519776212449103,8,1.0,False,False,Nursery and Tree Production,"Agriculture, Forestry, Fishing and Hunting",Crop Production,"Greenhouse, Nursery, and Floriculture Production",Nursery and Floriculture Production,top,4,638,7
33,New Hampshire,324121,6,32,Mfg-chem,21,-0.2700579300082116,9,-0.0064599021304234,11,-0.2696960826463326,16,0.5163769566573977,9,0.0650541837287074,0.0782229870884376,0.108733942688748,0.6523230165474674,0.7864348866656093,4,0.5163769566573977,9,1.0,False,False,Asphalt Paving Mixture and Block Manufacturing,Manufacturing,Petroleum and Coal Products Manufacturing,Petroleum and Coal Products Manufacturing,"Asphalt Paving, Roofing, and Saturated Materials Manufacturing",top,5,638,7
33,New Hampshire,813110,6,81,Other services,21,0.0122390116657156,18,-0.2690642234813513,10,0.4608941355744628,11,-0.2655695925310679,9,0.185906286678084,0.1327452076977934,0.6278635605473114,0.2259588676246897,0.7299583590558141,3,0.4608941355744628,11,1.0,False,False,Religious Organizations,Other Services (except Public Administration),"Religious, Grantmaking, Civic, Professional, and Similar Organizations",Religious Organizations,Religious Organizations,top,6,638,7
33,New Hampshire,922160,6,92,Public admin,21,-0.2110062206477886,20,0.0081580902672378,21,-0.2195245567033595,21,0.4262839774619996,20,0.1000740596949194,0.1062053705003527,0.0960205007713103,0.524884744448987,0.6458085341653592,4,0.4262839774619996,20,1.0,False,False,Fire Protection,Public Administration,"Justice, Public Order, and Safety Activities","Justice, Public Order, and Safety Activities",Fire Protection,top,7,638,7
34,New Jersey,813920,6,81,Other services,24,-0.4678703476220548,23,0.6892695397982868,24,-0.3893868540894645,24,0.1677613166229184,23,0.1190053670015707,0.8464190133227781,0.1952935800474123,0.3229418549509753,1.1571398874203416,2,0.6892695397982868,24,1.0,False,False,Professional Organizations,Other Services (except Public Administration),"Religious, Grantmaking, Civic, Professional, and Similar Organizations","Business, Professional, Labor, Political, and Similar Organizations",Professional Organizations,top,1,878,9
34,New Jersey,611710,6,61,Education,24,-0.3748870085251406,17,0.4889045991363126,17,-0.3006818692695304,17,0.2321673531717609,23,0.1895536920142797,0.6946507989712579,0.2526019188101198,0.4473379130523544,0.8637916076614532,2,0.4889045991363126,17,1.0,False,False,Educational Support Services,Educational Services,Educational Services,Educational Support Services,Educational Support Services,top,2,878,9
34,New Jersey,111998,6,11,Agriculture,24,-0.3728276646501692,7,-0.1318912022651109,21,0.0143977514791376,7,0.4607392300346264,7,0.1490577354091479,0.2020624709231623,0.5194614221188596,0.7791510852573563,0.8335668946847956,4,0.4607392300346264,7,1.0,True,False,All Other Miscellaneous Crop Farming,"Agriculture, Forestry, Fishing and Hunting",Crop Production,Other Crop Farming,All Other Crop Farming,top,3,878,9
34,New Jersey,813940,6,81,Other services,24,-0.1870993925128116,8,-0.005689766542432,21,-0.2571241296262267,8,0.4572850320642854,9,0.2838841950897772,0.2564845717410736,0.244490696601034,0.7302207605388703,0.7144091616905122,4,0.4572850320642854,9,1.0,False,False,Political Organizations,Other Services (except Public Administration),"Religious, Grantmaking, Civic, Professional, and Similar Organizations","Business, Professional, Labor, Political, and Similar Organizations",Political Organizations,top,4,878,9
34,New Jersey,611620,6,61,Education,24,-0.0773716278802695,22,-0.2316125639410367,14,0.4513740143661284,15,-0.172126044229803,13,0.1464049778454916,0.2051449447711873,0.6711738346718871,0.2473141096394552,0.6829865783071651,3,0.4513740143661284,15,1.0,False,False,Sports and Recreation Instruction,Educational Services,Educational Services,Other Schools and Instruction,Sports and Recreation Instruction,top,5,878,9
34,New Jersey,561730,6,56,Admin/waste,24,-0.2135104886310129,23,-0.0165313304308125,24,-0.207340668793542,24,0.4429035237583004,23,0.225271886396677,0.2098144265038514,0.2274196274726507,0.6597061660285343,0.6564140123893134,4,0.4429035237583004,23,1.0,False,False,Landscaping Services,Administrative and Support and Waste Management and Remediation Services,Administrative and Support Services,Services to Buildings and Dwellings,Landscaping Services,top,6,878,9
34,New Jersey,561790,6,56,Admin/waste,24,-0.1361451602995521,23,-0.3409090661924488,20,0.4138981294469769,20,0.063769624242464,19,0.2600762144542437,0.187274019819527,0.8068194709784923,0.6008983216005152,0.7548071956394258,3,0.4138981294469769,20,1.0,False,False,Other Services to Buildings and Dwellings,Administrative and Support and Waste Management and Remediation Services,Administrative and Support Services,Services to Buildings and Dwellings,Other Services to Buildings and Dwellings,top,7,878,9
34,New Jersey,722330,6,72,Accommodation/food,24,-0.1449816442404176,16,-0.2769713133289709,11,0.4097754021211572,12,-0.0206816848661209,10,0.2517967524335212,0.285470729699411,0.7625813978350147,0.5591397926535596,0.6867467154501281,3,0.4097754021211572,12,1.0,False,False,Mobile Food Services,Accommodation and Food Services,Food Services and Drinking Places,Special Food Services,Mobile Food Services,top,8,878,9
34,New Jersey,813930,6,81,Other services,24,-0.2850156386816338,23,0.356960833912936,24,-0.2929728277218503,24,0.2168289977913124,23,0.2350130045366493,0.5861939454820516,0.223453218601582,0.4466581471648129,0.6499336616347863,2,0.356960833912936,24,1.0,False,False,Labor Unions and Similar Labor Organizations,Other Services (except Public Administration),"Religious, Grantmaking, Civic, Professional, and Similar Organizations","Business, Professional, Labor, Political, and Similar Organizations",Labor Unions and Similar Labor Organizations,top,9,878,9
35,New Mexico,813410,6,81,Other services,24,-0.0329178652400196,23,-0.2722881065469285,14,0.4989738199999136,14,-0.1926814224870006,13,0.1830405055951142,0.1739875442883617,0.7086011655459793,0.2522236554580545,0.7712619265468421,3,0.4989738199999136,14,1.0,False,False,Civic and Social Organizations,Other Services (except Public Administration),"Religious, Grantmaking, Civic, Professional, and Similar Organizations",Civic and Social Organizations,Civic and Social Organizations,top,1,669,7
35,New Mexico,111140,6,11,Agriculture,24,-0.2240789462195378,7,-0.0014392305683449,8,-0.21724900857714,7,0.4824318664659885,6,0.1968004435035898,0.1916152764164749,0.2148942839075228,0.5750077778777969,0.7065108126855264,4,0.4824318664659885,6,1.0,False,False,Wheat Farming,"Agriculture, Forestry, Fishing and Hunting",Crop Production,Oilseed and Grain Farming,Wheat Farming,top,2,669,7
35,New Mexico,311421,6,31,Mfg-food,24,-0.2911960599286633,5,-0.1488508606035148,23,-0.0762508784358557,7,0.4722872075283519,5,0.2152314591626868,0.1600482797364998,0.4098080129685339,0.7748723558323574,0.7634832674570153,4,0.4722872075283519,5,1.0,False,False,Fruit and Vegetable Canning,Manufacturing,Food Manufacturing,Fruit and Vegetable Preserving and Specialty Food Manufacturing,"Fruit and Vegetable Canning, Pickling, and Drying",top,3,669,7
35,New Mexico,111335,6,11,Agriculture,24,0.4591152766025733,19,-0.2428640509618583,19,-0.1011321714048453,24,-0.1169659852771332,19,0.7292755189387616,0.2182030695653178,0.1779141414520058,0.3398895561483845,0.7019793275644317,1,0.4591152766025733,19,1.0,False,False,Tree Nut Farming,"Agriculture, Forestry, Fishing and Hunting",Crop Production,Fruit and Tree Nut Farming,Noncitrus Fruit and Tree Nut Farming,top,4,669,7
35,New Mexico,711320,6,71,Arts/entertain,24,-0.2090612432158232,10,-0.0703050273657893,21,-0.1363252926401318,10,0.422776613099328,11,0.2934144733615054,0.2300633210666891,0.3455302627609124,0.754705934572133,0.6318378563151513,4,0.422776613099328,11,0.9839994748287594,False,False,"Promoters of Performing Arts, Sports, and Similar Events without Facilities","Arts, Entertainment, and Recreation","Performing Arts, Spectator Sports, and Related Industries","Promoters of Performing Arts, Sports, and Similar Events","Promoters of Performing Arts, Sports, and Similar Events without Facilities",top,5,669,7
35,New Mexico,487110,6,48,Transportation,24,-0.2317565457245492,9,-0.0601768590447391,12,-0.1620401432769006,11,0.3850557064773594,9,0.2132764354353294,0.1851854323483141,0.2964825940530158,0.7572470345284036,0.6168122522019087,4,0.3850557064773594,9,0.9605991888081622,False,False,"Scenic and Sightseeing Transportation, Land",Transportation and Warehousing,Scenic and Sightseeing Transportation,"Scenic and Sightseeing Transportation, Land","Scenic and Sightseeing Transportation, Land",top,6,669,7
35,New Mexico,712190,6,71,Arts/entertain,24,-0.0917918633928793,23,-0.2033011752901947,24,0.3476029262404623,24,-0.0540420228170647,23,0.086786032230845,0.1049103295173038,0.5296369773841522,0.259157772770076,0.550904101530657,3,0.3476029262404623,24,0.8579564221564939,False,False,Nature Parks and Other Similar Institutions,"Arts, Entertainment, and Recreation","Museums, Historical Sites, and Similar Institutions","Museums, Historical Sites, and Similar Institutions",Nature Parks and Other Similar Institutions,top,7,669,7
36,New York,111211,6,11,Agriculture,24,-0.2901625111801596,5,-0.0479849225190512,24,-0.3429871675164324,6,0.6757749017756859,5,0.3237971924265853,0.2599736159280461,0.2921198844676093,0.9119552566193304,1.0187620692921184,4,0.6757749017756859,5,1.0,False,False,Potato Farming,"Agriculture, Forestry, Fishing and Hunting",Crop Production,Vegetable and Melon Farming,Vegetable and Melon Farming,top,1,920,10
36,New York,111336,6,11,Agriculture,24,-0.3008984063781916,8,-0.0516232409938693,23,-0.2660283629267248,9,0.6112440667386809,8,0.2417789231520799,0.1906760541980103,0.2490094553901978,0.8604783533087851,0.9121424731168726,4,0.6112440667386809,8,1.0,True,False,Fruit and Tree Nut Combination Farming,"Agriculture, Forestry, Fishing and Hunting",Crop Production,Fruit and Tree Nut Farming,Noncitrus Fruit and Tree Nut Farming,top,2,920,10
36,New York,324121,6,32,Mfg-chem,24,-0.2661815302645705,23,-0.0144839592383761,24,-0.2111918121702658,24,0.4989313297432684,23,0.0833608564850719,0.0926296431775864,0.1308663483468533,0.5914866778566518,0.765112860007839,4,0.4989313297432684,23,1.0,False,False,Asphalt Paving Mixture and Block Manufacturing,Manufacturing,Petroleum and Coal Products Manufacturing,Petroleum and Coal Products Manufacturing,"Asphalt Paving, Roofing, and Saturated Materials Manufacturing",top,3,920,10
36,New York,561730,6,56,Admin/waste,24,-0.2724469426403471,23,-0.0176080617381708,24,-0.2010629087284369,24,0.4970653494241451,23,0.1854593712546558,0.2014244902137464,0.2526057326491787,0.7059127925414849,0.7695122920644921,4,0.4970653494241451,23,1.0,False,False,Landscaping Services,Administrative and Support and Waste Management and Remediation Services,Administrative and Support Services,Services to Buildings and Dwellings,Landscaping Services,top,4,920,10
36,New York,312113,6,31,Mfg-food,24,-0.1830487439809185,23,-0.2696834329230674,16,0.4718207249544041,16,-0.0126891088912213,15,0.1458030134142175,0.2050418596926674,0.8114564286591495,0.4541375619298844,0.7415041578774715,3,0.4718207249544041,16,1.0,False,False,Ice Manufacturing,Manufacturing,Beverage and Tobacco Product Manufacturing,Beverage Manufacturing,Soft Drink and Ice Manufacturing,top,5,920,10
36,New York,111421,6,11,Agriculture,24,-0.3441922850020906,23,0.0589443656395883,24,-0.1851627436976791,24,0.4698368200162441,23,0.1062569264825183,0.244557370725239,0.2649690836887829,0.6557062840476853,0.8140291050183348,4,0.4698368200162441,23,1.0,False,False,Nursery and Tree Production,"Agriculture, Forestry, Fishing and Hunting",Crop Production,"Greenhouse, Nursery, and Floriculture Production",Nursery and Floriculture Production,top,6,920,10
36,New York,611710,6,61,Education,24,-0.4083401614623178,19,0.4499571490721275,19,-0.2243907928310742,19,0.2439427784810782,23,0.1831293982811449,0.7040736760394379,0.3543311943013385,0.4992222408550235,0.8582973105344454,2,0.4499571490721275,19,1.0,False,False,Educational Support Services,Educational Services,Educational Services,Educational Support Services,Educational Support Services,top,7,920,10
36,New York,237310,6,23,Construction,24,-0.2652750525563694,19,-0.0105409865546299,24,-0.1641763354444832,20,0.4472735294661848,19,0.2403491469357288,0.2770471397994464,0.3348271057724238,0.7066802562242334,0.7125485820225543,4,0.4472735294661848,19,1.0,False,False,"Highway, Street, and Bridge Construction",Construction,Heavy and Civil Engineering Construction,"Highway, Street, and Bridge Construction","Highway, Street, and Bridge Construction",top,8,920,10
36,New York,238990,6,23,Construction,24,-0.2408766134411214,23,-0.040655347931636,24,-0.1455651114057953,24,0.4309856988184298,23,0.2284064691215424,0.2322124435176418,0.3173291137770133,0.6935760068479757,0.6718623122595513,4,0.4309856988184298,23,1.0,False,False,All Other Specialty Trade Contractors,Construction,Specialty Trade Contractors,Other Specialty Trade Contractors,All Other Specialty Trade Contractors,top,9,920,10
36,New York,111150,6,11,Agriculture,24,-0.2683216918085159,22,-0.001995652747646,24,-0.1441224596425763,23,0.420347050571682,22,0.1548297072750935,0.210247654201522,0.2696569066232427,0.6130890611772412,0.6886687423801979,4,0.420347050571682,22,1.0,False,False,Corn Farming,"Agriculture, Forestry, Fishing and Hunting",Crop Production,Oilseed and Grain Farming,Corn Farming,top,10,920,10
37,North Carolina,711212,6,71,Arts/entertain,24,-0.548661675864947,14,0.421833508630218,24,-0.4441396209880899,15,0.6046818142775736,14,0.1768850413466619,0.6272487155817862,0.2339453725564745,0.762889146641785,1.1533434901425206,4,0.6046818142775736,14,1.0,False,False,Racetracks,"Arts, Entertainment, and Recreation","Performing Arts, Spectator Sports, and Related Industries",Spectator Sports,Spectator Sports,top,1,914,10
37,North Carolina,487210,6,48,Transportation,24,-0.3879265898996134,9,-0.1189368300716662,23,0.0189329241675409,10,0.4728086378481503,9,0.18338414832232,0.2887774976289364,0.6090335254924563,0.8241587151783261,0.8607352277477638,4,0.4728086378481503,9,1.0,False,False,"Scenic and Sightseeing Transportation, Water",Transportation and Warehousing,Scenic and Sightseeing Transportation,"Scenic and Sightseeing Transportation, Water","Scenic and Sightseeing Transportation, Water",top,2,914,10
37,North Carolina,493130,6,49,Warehousing,24,-0.2086190763939192,23,-0.0254519348757937,24,-0.2073121599200393,24,0.4393281493718651,23,0.1777731285823646,0.1530074970333481,0.1791457352359191,0.6199082932785688,0.6479472257657843,4,0.4393281493718651,23,1.0,False,False,Farm Product Warehousing and Storage,Transportation and Warehousing,Warehousing and Storage,Warehousing and Storage,Farm Product Warehousing and Storage,top,3,914,10
37,North Carolina,711310,6,71,Arts/entertain,24,-0.2600337296685184,14,0.005620905481508,24,-0.1599579119723681,15,0.4016543365853854,14,0.258693430768897,0.3384626124757113,0.4069899832195094,0.6858615625497381,0.6616880662539038,4,0.4016543365853854,14,1.0,False,False,"Promoters of Performing Arts, Sports, and Similar Events with Facilities","Arts, Entertainment, and Recreation","Performing Arts, Spectator Sports, and Related Industries","Promoters of Performing Arts, Sports, and Similar Events","Promoters of Performing Arts, Sports, and Similar Events with Facilities",top,4,914,10
37,North Carolina,713110,6,71,Arts/entertain,24,-0.3233776346991849,12,-0.2940053829837232,9,0.3771768758220235,9,0.2101671021979644,7,0.1696290753968746,0.2866863100654644,0.8857727528349759,0.7822057952925798,0.7005545105212084,3,0.3771768758220235,9,1.0,False,False,Amusement and Theme Parks,"Arts, Entertainment, and Recreation","Amusement, Gambling, and Recreation Industries",Amusement Parks and Arcades,Amusement and Theme Parks,top,5,914,10
37,North Carolina,111421,6,11,Agriculture,24,-0.2921976581782403,14,0.13862007985506,24,-0.181972005992757,15,0.3469220229731155,14,0.3605509581218111,0.5429360470490215,0.4480809762661118,0.7135883820807456,0.6391196811513558,4,0.3469220229731155,14,0.995339902982919,False,False,Nursery and Tree Production,"Agriculture, Forestry, Fishing and Hunting",Crop Production,"Greenhouse, Nursery, and Floriculture Production",Nursery and Floriculture Production,top,6,914,10
37,North Carolina,445230,6,44,Retail-gen,24,-0.3058022360362606,15,0.0405480634321155,24,-0.0461900273105275,16,0.271259306582185,15,0.3060505078876748,0.4879544475017119,0.5887622602515181,0.704804049388142,0.5770615426184457,4,0.271259306582185,15,0.8986929941044876,False,False,Fruit and Vegetable Retailers,Retail Trade,Food and Beverage Retailers,Specialty Food Retailers,Fruit and Vegetable Retailers,top,7,914,10
37,North Carolina,711211,6,71,Arts/entertain,24,0.0298974418079919,22,-0.1671663307227633,23,0.354168032256162,23,-0.2124107337615265,22,0.2640632361665312,0.2563056490500827,0.5688933745266457,0.2060789843206276,0.5665787660176885,3,0.354168032256162,23,0.882367529324569,False,False,Sports Teams and Clubs,"Arts, Entertainment, and Recreation","Performing Arts, Spectator Sports, and Related Industries",Spectator Sports,Spectator Sports,top,8,914,10
37,North Carolina,111422,6,11,Agriculture,24,-0.2086831199906799,23,0.3480660852744124,23,-0.1647429855414923,23,0.0271108436018137,23,0.2483534968717331,0.6150921232020916,0.2869112236162844,0.2899939550413249,0.5567492052650924,2,0.3480660852744124,23,0.8670593572647937,False,False,Floriculture Production,"Agriculture, Forestry, Fishing and Hunting",Crop Production,"Greenhouse, Nursery, and Floriculture Production",Nursery and Floriculture Production,top,9,914,10
37,North Carolina,713940,6,71,Arts/entertain,24,-0.0431218530704087,23,-0.2017056575861354,24,0.351948909253728,24,-0.1083979811259113,23,0.2228787907941972,0.217983845034114,0.6165002144463019,0.3111187653510337,0.5536545668398635,3,0.351948909253728,24,0.8622398888604007,False,False,Fitness and Recreational Sports Centers,"Arts, Entertainment, and Recreation","Amusement, Gambling, and Recreation Industries",Other Amusement and Recreation Industries,Fitness and Recreational Sports Centers,top,10,914,10
38,North Dakota,111150,6,11,Agriculture,24,-0.3542370710463787,8,0.0443815764627351,17,-0.3520444716405507,8,0.6863390835531558,8,0.1801578882811777,0.2251362529540268,0.2035105848695435,0.8165152949969577,1.0405761545995345,4,0.6863390835531558,8,1.0,False,False,Corn Farming,"Agriculture, Forestry, Fishing and Hunting",Crop Production,Oilseed and Grain Farming,Corn Farming,top,1,518,6
38,North Dakota,111110,6,11,Agriculture,24,-0.3969508395269407,6,0.1355970004483934,14,-0.3082541142656375,10,0.6347197505508133,5,0.1092479401295369,0.258451784466141,0.1686546862889344,0.7847140996625942,1.031670590077754,4,0.6347197505508133,5,1.0,False,False,Soybean Farming,"Agriculture, Forestry, Fishing and Hunting",Crop Production,Oilseed and Grain Farming,Soybean Farming,top,2,518,6
38,North Dakota,238110,6,23,Construction,24,-0.4064921590247237,14,-0.055940444803097,24,-0.1577911236199444,15,0.6123880438970651,14,0.1987304255529832,0.2798663855512477,0.4728832351557064,0.9272817790098536,1.018880202921789,4,0.6123880438970651,14,1.0,False,False,Poured Concrete Foundation and Structure Contractors,Construction,Specialty Trade Contractors,"Foundation, Structure, and Building Exterior Contractors",Poured Concrete Foundation and Structure Contractors,top,3,518,6
38,North Dakota,237310,6,23,Construction,24,-0.341257175130025,22,-0.0698660056873943,24,-0.1443481272933396,23,0.5570169851110971,22,0.1068710246494358,0.1361667387231208,0.3051944641715944,0.7576372807131131,0.8982741602411222,4,0.5570169851110971,22,1.0,False,False,"Highway, Street, and Bridge Construction",Construction,Heavy and Civil Engineering Construction,"Highway, Street, and Bridge Construction","Highway, Street, and Bridge Construction",top,4,518,6
38,North Dakota,713940,6,71,Arts/entertain,24,0.0114074841470194,23,-0.338163246787001,10,0.540156632195113,10,-0.2068195393845442,9,0.2751310453029652,0.1746673222215366,0.7738126307105322,0.3419718787377754,0.878319878982114,3,0.540156632195113,10,1.0,False,False,Fitness and Recreational Sports Centers,"Arts, Entertainment, and Recreation","Amusement, Gambling, and Recreation Industries",Other Amusement and Recreation Industries,Fitness and Recreational Sports Centers,top,5,518,6
38,North Dakota,459999,6,45,Retail-spec,24,0.0130636414744001,23,-0.2433917541582928,6,0.4613480122297117,6,-0.1965208419287849,6,0.233002093674627,0.1829137616251365,0.6927596284805576,0.2477751691304562,0.7047397663880045,3,0.4613480122297117,6,1.0,False,False,All Other Miscellaneous Retailers,Retail Trade,"Sporting Goods, Hobby, Musical Instrument, Book, and Miscellaneous Retailers",Other Miscellaneous Retailers,All Other Miscellaneous Retailers,top,6,518,6
39,Ohio,238990,6,23,Construction,24,-0.3480814641873492,21,-0.0185445832243032,24,-0.2572779383087031,22,0.628358733448221,21,0.1777564663613478,0.2009518381828675,0.2612363764529937,0.8370563680664289,0.9764401976355704,4,0.628358733448221,21,1.0,False,False,All Other Specialty Trade Contractors,Construction,Specialty Trade Contractors,Other Specialty Trade Contractors,All Other Specialty Trade Contractors,top,1,913,10
39,Ohio,721214,6,72,Accommodation/food,24,-0.1717035123624023,23,-0.3464974078750394,14,0.5990205786228687,14,-0.1001490098377278,14,0.1179595007249975,0.157614418512116,0.8693915888934937,0.4153959720159849,0.9455179864979082,3,0.5990205786228687,14,1.0,False,False,Recreational and Vacation Camps (except Campgrounds),Accommodation and Food Services,Accommodation,RV (Recreational Vehicle) Parks and Recreational Camps,RV (Recreational Vehicle) Parks and Recreational Camps,top,2,913,10
39,Ohio,713910,6,71,Arts/entertain,24,-0.3720880131134043,15,-0.1640220755060263,24,-0.024259058534263,16,0.5722687196447835,15,0.1277087197854761,0.1313536621014289,0.4630427554294344,0.8588330807280187,0.944356732758188,4,0.5722687196447835,15,1.0,False,False,Golf Courses and Country Clubs,"Arts, Entertainment, and Recreation","Amusement, Gambling, and Recreation Industries",Other Amusement and Recreation Industries,Golf Courses and Country Clubs,top,3,913,10
39,Ohio,111199,6,11,Agriculture,24,-0.2828394817078956,16,0.0624260941402804,24,-0.2017740999204001,17,0.4519947595462207,16,0.1314775726002046,0.2299769286091958,0.2036240963376261,0.5999962202125539,0.7348342412541164,4,0.4519947595462207,16,1.0,True,False,All Other Grain Farming,"Agriculture, Forestry, Fishing and Hunting",Crop Production,Oilseed and Grain Farming,Other Grain Farming,top,4,913,10
39,Ohio,111998,6,11,Agriculture,24,-0.2886233679792732,15,-0.058204237989506,24,-0.1114830537452809,16,0.4349860397432069,15,0.1406412489185281,0.2343798383307406,0.4445269037219652,0.6286608569880795,0.7236094077224802,4,0.4349860397432069,15,1.0,True,False,All Other Miscellaneous Crop Farming,"Agriculture, Forestry, Fishing and Hunting",Crop Production,Other Crop Farming,All Other Crop Farming,top,5,913,10
39,Ohio,813990,6,81,Other services,24,-0.0414956569547868,23,-0.237949303666257,24,0.4286286619486695,24,-0.1507834228004546,23,0.0996443405172552,0.0956055980545371,0.5674654629243329,0.1820680038967896,0.6665779656149264,3,0.4286286619486695,24,1.0,False,False,"Other Similar Organizations (except Business, Professional, Labor, and Political Organizations)",Other Services (except Public Administration),"Religious, Grantmaking, Civic, Professional, and Similar Organizations","Business, Professional, Labor, Political, and Similar Organizations","Other Similar Organizations (except Business, Professional, Labor, and Political Organizations)",top,6,913,10
39,Ohio,713930,6,71,Arts/entertain,24,-0.3313422888129416,23,-0.1700571637938597,24,0.0946672226099418,24,0.4120207568719182,23,0.0996863034668314,0.1410367665769198,0.5225015572747277,0.714631902752652,0.7433630456848599,4,0.4120207568719182,23,1.0,False,False,Marinas,"Arts, Entertainment, and Recreation","Amusement, Gambling, and Recreation Industries",Other Amusement and Recreation Industries,Marinas,top,7,913,10
39,Ohio,711212,6,71,Arts/entertain,24,-0.368927920967817,16,-0.2142896758883354,24,0.2177721059583646,16,0.3205073732800753,16,0.1164059745629026,0.2087141279149678,0.7296016330437038,0.7166896626405905,0.6894352942478923,4,0.3205073732800753,16,1.0,False,False,Racetracks,"Arts, Entertainment, and Recreation","Performing Arts, Spectator Sports, and Related Industries",Spectator Sports,Spectator Sports,top,8,913,10
39,Ohio,561520,6,56,Admin/waste,24,-0.2455735364784357,22,0.0566781807113882,24,-0.1989740859731114,23,0.3942897515655659,22,0.1181617350691823,0.1957762027665462,0.1600343090411335,0.5281374235377199,0.6398632880440016,4,0.3942897515655659,22,0.9964979671674709,False,False,Tour Operators,Administrative and Support and Waste Management and Remediation Services,Administrative and Support Services,Travel Arrangement and Reservation Services,Tour Operators,top,9,913,10
39,Ohio,561730,6,56,Admin/waste,24,-0.2629446672236185,23,0.0010459633287315,24,-0.1028829317827258,24,0.3687869886920109,23,0.1836086798676821,0.2633291577512384,0.3409577089773316,0.6243521237688765,0.6317316559156294,4,0.3687869886920109,23,0.9838340824954072,False,False,Landscaping Services,Administrative and Support and Waste Management and Remediation Services,Administrative and Support Services,Services to Buildings and Dwellings,Landscaping Services,top,10,913,10
40,Oklahoma,713930,6,71,Arts/entertain,24,-0.1942136300132587,23,-0.2212904808799081,18,0.4928761337322192,18,-0.0899634041011192,17,0.1435051587622449,0.264999888109539,0.8318540186104617,0.4141830291333085,0.7141666146121274,3,0.4928761337322192,18,1.0,False,False,Marinas,"Arts, Entertainment, and Recreation","Amusement, Gambling, and Recreation Industries",Other Amusement and Recreation Industries,Marinas,top,1,805,9
40,Oklahoma,532284,6,53,Real estate,24,-0.3206947815786351,10,-0.2076279835033383,6,0.3664109784853995,6,0.2161851721233592,5,0.1643540698714894,0.2625310019797383,0.8613434314075125,0.7310030750980535,0.6871057600640347,3,0.3664109784853995,6,1.0,True,False,Recreational Goods Rental,Real Estate and Rental and Leasing,Rental and Leasing Services,Consumer Goods Rental,Other Consumer Goods Rental,top,2,805,9
40,Oklahoma,711320,6,71,Arts/entertain,24,-0.3973043985512125,18,0.350317102059354,21,-0.2185373187568776,18,0.2595737265328878,20,0.3399350741615432,0.7719480749205675,0.4967376828075,0.669464384202276,0.7476215006105665,2,0.350317102059354,21,1.0,False,False,"Promoters of Performing Arts, Sports, and Similar Events without Facilities","Arts, Entertainment, and Recreation","Performing Arts, Spectator Sports, and Related Industries","Promoters of Performing Arts, Sports, and Similar Events","Promoters of Performing Arts, Sports, and Similar Events without Facilities",top,3,805,9
40,Oklahoma,423920,6,42,Wholesale,24,0.1471417409865609,16,-0.3011818509433254,13,0.3396734149281655,14,-0.1897560207867177,13,0.3672288133920688,0.1740782509719748,0.600707034678601,0.3104804153281378,0.640855265871491,3,0.3396734149281655,14,0.998042834496225,False,False,Toy and Hobby Goods and Supplies Merchant Wholesalers,Wholesale Trade,"Merchant Wholesalers, Durable Goods",Miscellaneous Durable Goods Merchant Wholesalers,Toy and Hobby Goods and Supplies Merchant Wholesalers,top,4,805,9
40,Oklahoma,115114,6,11,Agriculture,24,-0.2000172838129434,22,-0.0556985766684754,24,-0.1266740912054305,23,0.3898576936983263,22,0.2679015729994598,0.2515611830233264,0.3466179463841439,0.6819481819243088,0.5898749775112697,4,0.3898576936983263,22,0.9186481346192124,False,False,Postharvest Crop Activities (except Cotton Ginning),"Agriculture, Forestry, Fishing and Hunting",Support Activities for Agriculture and Forestry,Support Activities for Crop Production,Support Activities for Crop Production,top,5,805,9
40,Oklahoma,312113,6,31,Mfg-food,24,-0.2302097732353865,16,-0.1573399157074203,15,0.3535578153184385,17,0.0148035789782083,15,0.1595745397887059,0.2899006445754358,0.7615622975950297,0.5166353942070476,0.5837675885538252,3,0.3535578153184385,17,0.9091367268005222,False,False,Ice Manufacturing,Manufacturing,Beverage and Tobacco Product Manufacturing,Beverage Manufacturing,Soft Drink and Ice Manufacturing,top,6,805,9
40,Oklahoma,711219,6,71,Arts/entertain,24,-0.2156830386880775,22,-0.0094755641177718,24,-0.1231858328670287,23,0.3510462028470187,22,0.1538019649289658,0.1852691623997528,0.2356874881060835,0.5465240876141182,0.5667292415350963,4,0.3510462028470187,22,0.8826018739885106,False,False,Other Spectator Sports,"Arts, Entertainment, and Recreation","Performing Arts, Spectator Sports, and Related Industries",Spectator Sports,Spectator Sports,top,7,805,9
40,Oklahoma,115111,6,11,Agriculture,24,0.3259685534795802,9,-0.0517333158689561,11,-0.2389174091096729,21,0.0352649529294421,9,0.7046234902770726,0.368185002041295,0.1831463265545563,0.4715286257833049,0.5648859625892532,1,0.3259685534795802,9,0.8797312237155902,True,False,Cotton Ginning,"Agriculture, Forestry, Fishing and Hunting",Support Activities for Agriculture and Forestry,Support Activities for Crop Production,Support Activities for Crop Production,top,8,805,9
40,Oklahoma,812922,6,81,Other services,24,-0.2137898420681541,11,0.0221162293753884,11,-0.1676438121989204,12,0.3455422168070915,11,0.1873961318743777,0.2440892274274508,0.2605349870432375,0.5305971006229999,0.5593320588752457,4,0.3455422168070915,11,0.8710817920881397,False,False,One-Hour Photofinishing,Other Services (except Public Administration),Personal and Laundry Services,Other Personal Services,Photofinishing,top,9,805,9
41,Oregon,111422,6,11,Agriculture,24,-0.4979477208504375,21,0.19264592279754,24,-0.2872694794137055,22,0.59380040135547,21,0.1330934189939276,0.4304426815036112,0.3425000984182147,0.8178203134408638,1.0917481222059076,4,0.59380040135547,21,1.0,False,False,Floriculture Production,"Agriculture, Forestry, Fishing and Hunting",Crop Production,"Greenhouse, Nursery, and Floriculture Production",Nursery and Floriculture Production,top,1,826,9
41,Oregon,721310,6,72,Accommodation/food,24,-0.3122176442908637,14,0.5742070159726269,14,-0.3149391287802245,14,0.097460759107872,23,0.1640092698184787,0.7293293994655914,0.161299567788899,0.2564300909333115,0.8891461447528515,2,0.5742070159726269,14,1.0,False,False,"Rooming and Boarding Houses, Dormitories, and Workers' Camps",Accommodation and Food Services,Accommodation,"Rooming and Boarding Houses, Dormitories, and Workers' Camps","Rooming and Boarding Houses, Dormitories, and Workers' Camps",top,2,826,9
41,Oregon,111211,6,11,Agriculture,24,-0.4403095671314377,16,0.0706032442124302,24,-0.1137415910404672,17,0.5239885884447206,16,0.1844900617907861,0.4013874740087948,0.477078397801943,0.8289329992049757,0.9642981555761584,4,0.5239885884447206,16,1.0,False,False,Potato Farming,"Agriculture, Forestry, Fishing and Hunting",Crop Production,Vegetable and Melon Farming,Vegetable and Melon Farming,top,3,826,9
41,Oregon,111331,6,11,Agriculture,24,-0.3375459111212543,5,-0.1672502004135112,18,-0.0339379094903185,5,0.495204304812503,5,0.3213634072783745,0.3776911408963581,0.7505348397765741,0.9268834024358238,0.8327502159337573,4,0.495204304812503,5,1.0,False,False,Apple Orchards,"Agriculture, Forestry, Fishing and Hunting",Crop Production,Fruit and Tree Nut Farming,Noncitrus Fruit and Tree Nut Farming,top,4,826,9
41,Oregon,712190,6,71,Arts/entertain,24,-0.2750648360762823,21,-0.0595993608968831,24,-0.1355368990305512,22,0.4757460346405817,21,0.0628480047792577,0.0769113759567212,0.210173468927951,0.5868343283430035,0.7508108707168639,4,0.4757460346405817,21,1.0,False,False,Nature Parks and Other Similar Institutions,"Arts, Entertainment, and Recreation","Museums, Historical Sites, and Similar Institutions","Museums, Historical Sites, and Similar Institutions",Nature Parks and Other Similar Institutions,top,5,826,9
41,Oregon,115116,6,11,Agriculture,24,-0.3256314609569838,13,-0.0685252867674615,24,-0.0742677483787929,14,0.4686887754199336,13,0.2227946874710098,0.2607318498378009,0.435719585739515,0.7845813943177401,0.7943202363769174,4,0.4686887754199336,13,1.0,False,False,Farm Management Services,"Agriculture, Forestry, Fishing and Hunting",Support Activities for Agriculture and Forestry,Support Activities for Crop Production,Support Activities for Crop Production,top,6,826,9
41,Oregon,111219,6,11,Agriculture,24,-0.3757757177897768,10,-0.0673195848265026,19,-0.0897275291225899,11,0.4631037744857435,10,0.2312104795157914,0.3682987978801229,0.5881715988540158,0.7952092228307568,0.8388794922755204,4,0.4631037744857435,10,1.0,True,False,Other Vegetable (except Potato) and Melon Farming,"Agriculture, Forestry, Fishing and Hunting",Crop Production,Vegetable and Melon Farming,Vegetable and Melon Farming,top,7,826,9
41,Oregon,713990,6,71,Arts/entertain,24,-0.1545548897275774,23,-0.2551701845023268,9,0.4611944830025928,9,-0.1367823676199103,8,0.2520871040430212,0.3520881316572513,0.7924931541463237,0.4508326439440706,0.7163646675049197,3,0.4611944830025928,9,1.0,False,False,All Other Amusement and Recreation Industries,"Arts, Entertainment, and Recreation","Amusement, Gambling, and Recreation Industries",Other Amusement and Recreation Industries,All Other Amusement and Recreation Industries,top,8,826,9
41,Oregon,339999,6,33,Mfg-metals,24,-0.2365932885422106,22,-0.0056322704155363,24,-0.1865015052338606,23,0.4369058913909736,22,0.1459331766980979,0.1626774879130681,0.190686339959111,0.5823009001315007,0.6734991799331842,4,0.4369058913909736,22,1.0,False,False,All Other Miscellaneous Manufacturing,Manufacturing,Miscellaneous Manufacturing,Other Miscellaneous Manufacturing,All Other Miscellaneous Manufacturing,top,9,826,9
42,Pennsylvania,111336,6,11,Agriculture,20,-0.2968336682234275,10,-0.0671950048209815,19,-0.2105554063351384,10,0.5713070588853131,9,0.1696375906097185,0.1297293981080983,0.2242112152484412,0.8071910729746633,0.8681407271087406,4,0.5713070588853131,9,1.0,True,False,Fruit and Tree Nut Combination Farming,"Agriculture, Forestry, Fishing and Hunting",Crop Production,Fruit and Tree Nut Farming,Noncitrus Fruit and Tree Nut Farming,top,1,935,10
42,Pennsylvania,111421,6,11,Agriculture,24,-0.3617096154350098,23,0.0863758452689717,24,-0.2165651924079304,24,0.4939422829130355,23,0.1510788117442484,0.309909564732341,0.2959886271824901,0.7151980744485001,0.8556518983480454,4,0.4939422829130355,23,1.0,False,False,Nursery and Tree Production,"Agriculture, Forestry, Fishing and Hunting",Crop Production,"Greenhouse, Nursery, and Floriculture Production",Nursery and Floriculture Production,top,2,935,10
42,Pennsylvania,611710,6,61,Education,24,-0.3516345556917064,15,0.4857665556782761,15,-0.3086123437577693,15,0.2263245512681553,22,0.2649373844601011,0.7279147562566503,0.2718870891855255,0.4806159374706123,0.8374011113699825,2,0.4857665556782761,15,1.0,False,False,Educational Support Services,Educational Services,Educational Services,Educational Support Services,Educational Support Services,top,3,935,10
42,Pennsylvania,813990,6,81,Other services,24,-0.0122408757304586,23,-0.2586874379328289,24,0.4647251067875308,24,-0.1955082456086554,23,0.123066168447132,0.1027078170139039,0.5997243414463336,0.1672906523037016,0.7234125447203598,3,0.4647251067875308,24,1.0,False,False,"Other Similar Organizations (except Business, Professional, Labor, and Political Organizations)",Other Services (except Public Administration),"Religious, Grantmaking, Civic, Professional, and Similar Organizations","Business, Professional, Labor, Political, and Similar Organizations","Other Similar Organizations (except Business, Professional, Labor, and Political Organizations)",top,4,935,10
42,Pennsylvania,713940,6,71,Arts/entertain,24,-0.0020629927514031,23,-0.2486577180315924,24,0.4441826304581927,24,-0.1924319950426292,23,0.2083529515003697,0.1823623705014844,0.6536872255657838,0.2366468197136979,0.692840348489785,3,0.4441826304581927,24,1.0,False,False,Fitness and Recreational Sports Centers,"Arts, Entertainment, and Recreation","Amusement, Gambling, and Recreation Industries",Other Amusement and Recreation Industries,Fitness and Recreational Sports Centers,top,5,935,10
42,Pennsylvania,424590,6,42,Wholesale,24,-0.2051891190453007,18,0.0105520099947682,24,-0.2280958328307897,18,0.4287209062051924,18,0.1784539738264959,0.1742613490949652,0.148964704373898,0.5878101370863092,0.6568167390359823,4,0.4287209062051924,18,1.0,False,False,Other Farm Product Raw Material Merchant Wholesalers,Wholesale Trade,"Merchant Wholesalers, Nondurable Goods",Farm Product Raw Material Merchant Wholesalers,Other Farm Product Raw Material Merchant Wholesalers,top,6,935,10
42,Pennsylvania,111998,6,11,Agriculture,24,-0.2480712170903809,21,-0.0377267863483381,24,-0.139674772082685,22,0.428199388045967,21,0.1864808482908027,0.2056003257356365,0.3001733758771467,0.6591103045179664,0.676270605136348,4,0.428199388045967,21,1.0,True,False,All Other Miscellaneous Crop Farming,"Agriculture, Forestry, Fishing and Hunting",Crop Production,Other Crop Farming,All Other Crop Farming,top,7,935,10
42,Pennsylvania,713910,6,71,Arts/entertain,24,-0.2838881657478645,23,-0.1528062373149332,24,0.0147281567518208,24,0.426074979495478,23,0.1379783207690682,0.133075781767292,0.4337857173953823,0.7050393395198308,0.7099631452433426,4,0.426074979495478,23,1.0,False,False,Golf Courses and Country Clubs,"Arts, Entertainment, and Recreation","Amusement, Gambling, and Recreation Industries",Other Amusement and Recreation Industries,Golf Courses and Country Clubs,top,8,935,10
42,Pennsylvania,713110,6,71,Arts/entertain,24,-0.3804473057455626,12,-0.2552263136012738,23,0.2332386809642437,14,0.4254243682721663,12,0.0976358649841558,0.138194693009762,0.6938282337869318,0.8292995031593497,0.805871674017729,4,0.4254243682721663,12,1.0,False,False,Amusement and Theme Parks,"Arts, Entertainment, and Recreation","Amusement, Gambling, and Recreation Industries",Amusement Parks and Arcades,Amusement and Theme Parks,top,9,935,10
42,Pennsylvania,713990,6,71,Arts/entertain,24,-0.2592361054609734,22,-0.3385719805514925,15,0.4157073959197272,16,0.1690487056201144,14,0.1990689699888653,0.1965007134620354,0.8532113788121264,0.697967710182328,0.7542793764712198,3,0.4157073959197272,16,1.0,False,False,All Other Amusement and Recreation Industries,"Arts, Entertainment, and Recreation","Amusement, Gambling, and Recreation Industries",Other Amusement and Recreation Industries,All Other Amusement and Recreation Industries,top,10,935,10
44,Rhode Island,111421,6,11,Agriculture,24,-0.4076660026232093,9,0.0261103465010431,24,-0.3056942275493816,10,0.6955467390215567,9,0.0701988411351683,0.1536087509227056,0.1847979677081565,0.8186322796861836,1.103212741644766,4,0.6955467390215567,9,1.0,False,False,Nursery and Tree Production,"Agriculture, Forestry, Fishing and Hunting",Crop Production,"Greenhouse, Nursery, and Floriculture Production",Nursery and Floriculture Production,top,1,605,7
44,Rhode Island,238990,6,23,Construction,24,-0.3341998171616352,13,-0.0325203834306079,24,-0.2463819841350966,14,0.618079980798906,13,0.1815291158905004,0.1930572834986909,0.2696262179680974,0.7999181963799348,0.9522797979605412,4,0.618079980798906,13,1.0,False,False,All Other Specialty Trade Contractors,Construction,Specialty Trade Contractors,Other Specialty Trade Contractors,All Other Specialty Trade Contractors,top,2,605,7
44,Rhode Island,561730,6,56,Admin/waste,24,-0.3214267978837002,7,-0.0092049260567002,24,-0.2625550179963691,8,0.6136871076790547,7,0.1774120765083467,0.2043714821437025,0.2497407398924588,0.7820307964123094,0.9351139055627548,4,0.6136871076790547,7,1.0,False,False,Landscaping Services,Administrative and Support and Waste Management and Remediation Services,Administrative and Support Services,Services to Buildings and Dwellings,Landscaping Services,top,3,605,7
44,Rhode Island,722514,6,72,Accommodation/food,24,-0.2604567991725515,16,-0.0229232602591246,23,-0.2252637758277285,17,0.5008855631994826,16,0.1609747254281869,0.1573296868873223,0.2053473464545771,0.6828739442939087,0.7613423623720341,4,0.5008855631994826,16,1.0,False,False,"Cafeterias, Grill Buffets, and Buffets",Accommodation and Food Services,Food Services and Drinking Places,Restaurants and Other Eating Places,Restaurants and Other Eating Places,top,4,605,7
44,Rhode Island,324121,6,32,Mfg-chem,24,-0.2778608539414627,9,0.0487032250710873,9,-0.2051804853645699,15,0.499207999483047,8,0.0903172327963734,0.1242523301028466,0.1476860156597151,0.5429792241724611,0.7770688534245098,4,0.499207999483047,8,1.0,False,False,Asphalt Paving Mixture and Block Manufacturing,Manufacturing,Petroleum and Coal Products Manufacturing,Petroleum and Coal Products Manufacturing,"Asphalt Paving, Roofing, and Saturated Materials Manufacturing",top,5,605,7
44,Rhode Island,713930,6,71,Arts/entertain,24,-0.3533197345305232,22,-0.1667714637934783,24,0.0376825052672772,23,0.4902701608992477,22,0.0838128978563707,0.1095280847001937,0.4687861991309734,0.7590952798502861,0.8435898954297709,4,0.4902701608992477,22,1.0,False,False,Marinas,"Arts, Entertainment, and Recreation","Amusement, Gambling, and Recreation Industries",Other Amusement and Recreation Industries,Marinas,top,6,605,7
44,Rhode Island,722320,6,72,Accommodation/food,24,-0.3510587545410424,21,-0.1327790131275178,23,0.0453829780018822,23,0.4316095872847797,21,0.1938614097403888,0.2593330936188905,0.5836313773594761,0.8052428703722269,0.7826683418258222,4,0.4316095872847797,21,1.0,False,False,Caterers,Accommodation and Food Services,Food Services and Drinking Places,Special Food Services,Caterers,top,7,605,7
45,South Carolina,721214,6,72,Accommodation/food,24,-0.0667000259146787,22,-0.3364004258605229,12,0.5886844522435005,12,-0.2032138507801796,12,0.1566483731873742,0.1839105910278501,0.7806483917513276,0.2664461194693605,0.9250848781040236,3,0.5886844522435005,12,1.0,False,False,Recreational and Vacation Camps (except Campgrounds),Accommodation and Food Services,Accommodation,RV (Recreational Vehicle) Parks and Recreational Camps,RV (Recreational Vehicle) Parks and Recreational Camps,top,1,866,9
45,South Carolina,115111,6,11,Agriculture,24,0.4879487068688212,5,-0.1963981845043186,13,-0.2882766632460419,15,0.1009060734845236,5,0.7430185516548037,0.2317825403621561,0.102174686035014,0.5380710312279454,0.7762253701148631,1,0.4879487068688212,5,1.0,True,False,Cotton Ginning,"Agriculture, Forestry, Fishing and Hunting",Support Activities for Agriculture and Forestry,Support Activities for Crop Production,Support Activities for Crop Production,top,2,866,9
45,South Carolina,711130,6,71,Arts/entertain,24,-0.1944153490362601,16,0.4120789660496469,17,-0.3179833894730611,17,0.0788994986501242,23,0.3371347081741589,0.6705946108047629,0.1934077826977361,0.3453460712560246,0.730062355522708,2,0.4120789660496469,17,1.0,False,False,Musical Groups and Artists,"Arts, Entertainment, and Recreation","Performing Arts, Spectator Sports, and Related Industries",Performing Arts Companies,Musical Groups and Artists,top,3,866,9
45,South Carolina,711310,6,71,Arts/entertain,24,-0.3420123516842127,19,0.2674534345052102,22,-0.2835562647977205,21,0.3477913548236811,20,0.209966691877422,0.4896299438848435,0.2475970850016965,0.5718376012778105,0.6898037065078938,4,0.3477913548236811,20,1.0,False,False,"Promoters of Performing Arts, Sports, and Similar Events with Facilities","Arts, Entertainment, and Recreation","Performing Arts, Spectator Sports, and Related Industries","Promoters of Performing Arts, Sports, and Similar Events","Promoters of Performing Arts, Sports, and Similar Events with Facilities",top,4,866,9
45,South Carolina,711320,6,71,Arts/entertain,24,-0.2300964753462921,9,0.0741271514668045,9,-0.1857911463349971,10,0.389988829453551,18,0.1955646598715175,0.2482681187189442,0.2849431237454163,0.5767734668422227,0.6200853047998431,4,0.389988829453551,18,0.9656965124415344,False,False,"Promoters of Performing Arts, Sports, and Similar Events without Facilities","Arts, Entertainment, and Recreation","Performing Arts, Spectator Sports, and Related Industries","Promoters of Performing Arts, Sports, and Similar Events","Promoters of Performing Arts, Sports, and Similar Events without Facilities",top,5,866,9
45,South Carolina,424590,6,42,Wholesale,24,-0.0966533149384863,21,-0.0222185674871587,24,-0.233729383950392,22,0.3654391033336586,21,0.27426449302074,0.1839132962964569,0.1379992345464914,0.5659227589684477,0.5991684872840507,4,0.3654391033336586,21,0.9331214819255363,False,False,Other Farm Product Raw Material Merchant Wholesalers,Wholesale Trade,"Merchant Wholesalers, Nondurable Goods",Farm Product Raw Material Merchant Wholesalers,Other Farm Product Raw Material Merchant Wholesalers,top,6,866,9
45,South Carolina,111339,6,11,Agriculture,24,-0.1439394529060889,23,-0.1717656072236978,15,0.3607380846990894,15,-0.1176414444926133,14,0.1715627930897251,0.2903772310386901,0.5947396942296523,0.349343424664617,0.5325036919227872,3,0.3607380846990894,15,0.8293003465354932,False,False,Other Noncitrus Fruit Farming,"Agriculture, Forestry, Fishing and Hunting",Crop Production,Fruit and Tree Nut Farming,Noncitrus Fruit and Tree Nut Farming,top,7,866,9
45,South Carolina,493130,6,49,Warehousing,24,-0.1870085487755208,16,0.0058888834152206,21,-0.1543734249035977,19,0.342915189412903,17,0.1293648974509428,0.147440398533121,0.1586616008295016,0.4404046049046053,0.5299237381884239,4,0.342915189412903,17,0.8252824278648686,False,False,Farm Product Warehousing and Storage,Transportation and Warehousing,Warehousing and Storage,Warehousing and Storage,Farm Product Warehousing and Storage,top,8,866,9
45,South Carolina,512110,6,51,Information,24,-0.0292357855528161,5,0.0143280835864381,9,-0.2549831881578673,6,0.2629656467406659,5,0.5713632383566212,0.5663474812556747,0.4686266722965843,0.6374068493225542,0.5179488348985333,4,0.2629656467406659,5,0.8066331835522578,False,False,Motion Picture and Video Production,Information,Motion Picture and Sound Recording Industries,Motion Picture and Video Industries,Motion Picture and Video Production,top,9,866,9
46,South Dakota,111421,6,11,Agriculture,24,-0.569225452218118,6,0.64337615444102,6,-0.2669522664084175,6,0.1129548085578146,21,0.088278191372156,0.8916752996633548,0.4255793539772988,0.417922543752832,1.212601606659138,2,0.64337615444102,6,1.0,False,False,Nursery and Tree Production,"Agriculture, Forestry, Fishing and Hunting",Crop Production,"Greenhouse, Nursery, and Floriculture Production",Nursery and Floriculture Production,top,1,561,6
46,South Dakota,441227,6,44,Retail-gen,24,-0.0418313824844212,23,-0.3217703398015518,23,0.6367374949277226,23,-0.2810634983562208,22,0.1125313552113795,0.1272933869500477,0.7888433298334526,0.1782973829474759,0.9585078347292744,3,0.6367374949277226,23,1.0,False,False,"Motorcycle, ATV, and All Other Motor Vehicle Dealers",Retail Trade,Motor Vehicle and Parts Dealers,Other Motor Vehicle Dealers,"Motorcycle, Boat, and Other Motor Vehicle Dealers",top,2,561,6
46,South Dakota,111150,6,11,Agriculture,24,-0.1988835128104648,9,-0.0004288088714469,8,-0.2721594226748993,9,0.5234477707537403,7,0.2767384162058771,0.2491834815291062,0.2019743732853307,0.6334544441128437,0.7956071934286395,4,0.5234477707537403,7,1.0,False,False,Corn Farming,"Agriculture, Forestry, Fishing and Hunting",Crop Production,Oilseed and Grain Farming,Corn Farming,top,3,561,6
46,South Dakota,459999,6,45,Retail-spec,24,-0.0324021631887393,23,-0.2725718902929439,21,0.4815531588141366,21,-0.1717748106757622,20,0.1852880496874562,0.1608664521024629,0.6877799010572951,0.2620852192255078,0.7541250491070806,3,0.4815531588141366,21,1.0,False,False,All Other Miscellaneous Retailers,Retail Trade,"Sporting Goods, Hobby, Musical Instrument, Book, and Miscellaneous Retailers",Other Miscellaneous Retailers,All Other Miscellaneous Retailers,top,4,561,6
46,South Dakota,488490,6,48,Transportation,24,0.4767691836605723,22,-0.2408493177130695,23,-0.144091384499154,24,-0.0846143103500631,22,0.7909308115683441,0.2485855282700142,0.1905847399391658,0.4207667206066254,0.7176185013736418,1,0.4767691836605723,22,1.0,False,False,Other Support Activities for Road Transportation,Transportation and Warehousing,Support Activities for Transportation,Support Activities for Road Transportation,Other Support Activities for Road Transportation,top,5,561,6
46,South Dakota,711310,6,71,Arts/entertain,24,-0.0081880790433505,23,-0.2072021928419763,10,0.4758284668971512,10,-0.2977437062100396,10,0.3140626006745816,0.360209104781754,0.8031696725466191,0.2933349359269501,0.7735721731071908,3,0.4758284668971512,10,1.0,False,False,"Promoters of Performing Arts, Sports, and Similar Events with Facilities","Arts, Entertainment, and Recreation","Performing Arts, Spectator Sports, and Related Industries","Promoters of Performing Arts, Sports, and Similar Events","Promoters of Performing Arts, Sports, and Similar Events with Facilities",top,6,561,6
47,Tennessee,713930,6,71,Arts/entertain,24,-0.317790159989625,23,-0.267600559205999,14,0.4176329283726329,14,0.1855688289072634,13,0.1411275293617415,0.2514385522522968,0.8939856508655414,0.6611091971338592,0.7354230883622579,3,0.4176329283726329,14,1.0,False,False,Marinas,"Arts, Entertainment, and Recreation","Amusement, Gambling, and Recreation Industries",Other Amusement and Recreation Industries,Marinas,top,1,884,9
47,Tennessee,721214,6,72,Accommodation/food,24,-0.1037280533149308,22,-0.3380016535235823,20,0.3782371962195338,19,0.0562485923869692,19,0.2183925066769046,0.1408292583745789,0.6903916624221921,0.4847250794185924,0.7162388497431161,3,0.3782371962195338,19,1.0,False,False,Recreational and Vacation Camps (except Campgrounds),Accommodation and Food Services,Accommodation,RV (Recreational Vehicle) Parks and Recreational Camps,RV (Recreational Vehicle) Parks and Recreational Camps,top,2,884,9
47,Tennessee,111920,6,11,Agriculture,24,-0.1917375588565621,23,0.0043627238208121,24,-0.1932108476577198,24,0.3868421349763904,23,0.1508572204405082,0.1509784518554077,0.1423742356286828,0.5201917147173977,0.5800529826341102,4,0.3868421349763904,23,0.903351745356846,False,False,Cotton Farming,"Agriculture, Forestry, Fishing and Hunting",Crop Production,Other Crop Farming,Cotton Farming,top,3,884,9
47,Tennessee,111998,6,11,Agriculture,24,-0.1949875463973201,22,0.0125115430948966,23,-0.1807855819786254,24,0.3632886281375684,22,0.1637961208773626,0.1805149904447203,0.1752640894175409,0.5315843523476121,0.5582761745348885,4,0.3632886281375684,22,0.8694373992648753,True,False,All Other Miscellaneous Crop Farming,"Agriculture, Forestry, Fishing and Hunting",Crop Production,Other Crop Farming,All Other Crop Farming,top,4,884,9
47,Tennessee,713110,6,71,Arts/entertain,24,-0.116433721060905,23,-0.195024681105038,24,0.3611079484886987,24,-0.0500146625116235,23,0.1271524095993945,0.1707249777646018,0.6043469081398851,0.315752941537771,0.5561326295937368,3,0.3611079484886987,24,0.8660991265177085,False,False,Amusement and Theme Parks,"Arts, Entertainment, and Recreation","Amusement, Gambling, and Recreation Industries",Amusement Parks and Arcades,Amusement and Theme Parks,top,5,884,9
47,Tennessee,512132,6,51,Information,24,-0.2289389281003636,16,-0.1917450113456125,14,0.3201542312955789,17,0.1106660039080442,14,0.1665109981156907,0.2409015471360721,0.7071661906868711,0.5311834533709254,0.5490931593959426,3,0.3201542312955789,17,0.855136131963854,True,False,Drive-In Motion Picture Theaters,Information,Motion Picture and Sound Recording Industries,Motion Picture and Video Industries,Motion Picture and Video Exhibition,top,6,884,9
47,Tennessee,111199,6,11,Agriculture,24,-0.2344741907068996,12,0.0696778209624791,14,-0.1057572961825668,17,0.3146078784022147,12,0.231175317630426,0.3047876647176223,0.3418153416303222,0.5533925727041388,0.5490820691091144,4,0.3146078784022147,12,0.8551188603864934,True,False,All Other Grain Farming,"Agriculture, Forestry, Fishing and Hunting",Crop Production,Oilseed and Grain Farming,Other Grain Farming,top,7,884,9
47,Tennessee,713990,6,71,Arts/entertain,24,-0.1812430917191106,23,-0.2029322063235824,24,0.2905931579307765,24,0.0907688613340591,23,0.2339265709895003,0.2671406657476273,0.7062191731529192,0.5641113646966581,0.493525364254359,3,0.2905931579307765,24,0.7685970291066845,False,False,All Other Amusement and Recreation Industries,"Arts, Entertainment, and Recreation","Amusement, Gambling, and Recreation Industries",Other Amusement and Recreation Industries,All Other Amusement and Recreation Industries,top,8,884,9
47,Tennessee,445240,6,44,Retail-gen,24,-0.0110854435631124,15,0.2430941494177487,23,-0.2482754021951729,17,0.0997686509079801,15,0.3858598424935365,0.523166916710573,0.1967028754261522,0.4076540314246131,0.4913695516129217,2,0.2430941494177487,23,0.7652396511246576,False,False,Meat Retailers,Retail Trade,Food and Beverage Retailers,Specialty Food Retailers,Meat Retailers,top,9,884,9
48,Texas,711212,6,71,Arts/entertain,24,-0.5127245181479859,18,0.3778321396115798,24,-0.3552820139698505,19,0.5181798117968808,18,0.1876604393881763,0.644500410203833,0.3456761017963299,0.7786539774156643,1.0309043299448666,4,0.5181798117968808,18,1.0,False,False,Racetracks,"Arts, Entertainment, and Recreation","Performing Arts, Spectator Sports, and Related Industries",Spectator Sports,Spectator Sports,top,1,976,10
48,Texas,532284,6,53,Real estate,24,-0.1146572189028255,23,-0.2336995813307699,21,0.4814199366649622,21,-0.1450995238497883,20,0.1531248906436216,0.2306622536285375,0.7588773765938853,0.3252820380202108,0.7151195179957321,3,0.4814199366649622,21,1.0,True,False,Recreational Goods Rental,Real Estate and Rental and Leasing,Rental and Leasing Services,Consumer Goods Rental,Other Consumer Goods Rental,top,2,976,10
48,Texas,115114,6,11,Agriculture,24,-0.2526526396294214,13,0.3620858713705501,13,-0.0896071174301167,13,-0.0082759266652359,23,0.2665253572432587,0.661311290262985,0.4550498597665434,0.3461643936037782,0.6147385109999717,2,0.3620858713705501,13,0.9573696256643244,False,False,Postharvest Crop Activities (except Cotton Ginning),"Agriculture, Forestry, Fishing and Hunting",Support Activities for Agriculture and Forestry,Support Activities for Crop Production,Support Activities for Crop Production,top,3,976,10
48,Texas,111211,6,11,Agriculture,24,-0.3612674678325959,18,0.2373434340014903,14,-0.0024090944258972,15,0.0521200483937801,15,0.2352810988039214,0.6347428710856692,0.5115807376836433,0.4744494483060947,0.5986109018340863,2,0.2373434340014903,14,0.9322531202336032,False,False,Potato Farming,"Agriculture, Forestry, Fishing and Hunting",Crop Production,Vegetable and Melon Farming,Vegetable and Melon Farming,top,4,976,10
48,Texas,111150,6,11,Agriculture,24,-0.3566863642188728,19,0.2248087453805534,20,-0.099689216864643,18,0.2397916284144903,19,0.1646272384816683,0.4883709698370306,0.4168152263814845,0.5175813814537096,0.5964779926333632,4,0.2397916284144903,19,0.9289314111710776,False,False,Corn Farming,"Agriculture, Forestry, Fishing and Hunting",Crop Production,Oilseed and Grain Farming,Corn Farming,top,5,976,10
48,Texas,115113,6,11,Agriculture,24,-0.2438407851674691,7,0.1241257326924099,13,-0.0972710976041117,8,0.3296362998548037,8,0.394315079465004,0.4871801796580158,0.5482413635632744,0.6654955637045534,0.5734770850222728,4,0.3296362998548037,8,0.8931107005509642,True,False,"Crop Harvesting, Primarily by Machine","Agriculture, Forestry, Fishing and Hunting",Support Activities for Agriculture and Forestry,Support Activities for Crop Production,Support Activities for Crop Production,top,6,976,10
48,Texas,814110,6,81,Other services,24,-0.190944311774894,19,0.0148582073111798,24,-0.1787240250231309,20,0.3638118456421595,19,0.1581358188376659,0.1737929721886804,0.1597337109173353,0.4982036311738124,0.5547561574170535,4,0.3638118456421595,19,0.8639554627827247,False,False,Private Households,Other Services (except Public Administration),Private Households,Private Households,Private Households,top,7,976,10
48,Texas,111339,6,11,Agriculture,24,0.065844635298411,21,-0.2167619700920205,17,0.3372272169949675,14,-0.1404310736393025,14,0.3917627400514285,0.2835913544098916,0.6042352637591113,0.3704057367255351,0.5539891870869881,3,0.3372272169949675,14,0.86276101329786,False,False,Other Noncitrus Fruit Farming,"Agriculture, Forestry, Fishing and Hunting",Crop Production,Fruit and Tree Nut Farming,Noncitrus Fruit and Tree Nut Farming,top,8,976,10
48,Texas,111219,6,11,Agriculture,24,-0.261618943554506,15,0.1856913626439536,14,-0.0252457923502237,14,0.1103207024971455,19,0.3177357423971014,0.5915229924580617,0.576629529584069,0.5896954695938487,0.4473103061984597,2,0.1856913626439536,14,0.696623511848005,True,False,Other Vegetable (except Potato) and Melon Farming,"Agriculture, Forestry, Fishing and Hunting",Crop Production,Vegetable and Melon Farming,Vegetable and Melon Farming,top,9,976,10
48,Texas,611710,6,61,Education,24,-0.2047818821369228,18,0.2361600679365155,18,-0.012946997018834,18,-0.0154520665878508,22,0.2479516817589656,0.496065728908897,0.4002530230192788,0.303082987257982,0.4409419500734384,2,0.2361600679365155,18,0.686705684006715,False,False,Educational Support Services,Educational Services,Educational Services,Educational Support Services,Educational Support Services,top,10,976,10
49,Utah,711510,6,71,Arts/entertain,24,0.4562020979961582,21,-0.3060234982685714,22,0.0690345141441071,24,-0.224885669159765,21,0.6603381503179059,0.1819790384888634,0.2956274871573872,0.2712069075376968,0.7622255962647296,1,0.4562020979961582,21,1.0,False,False,"Independent Artists, Writers, and Performers","Arts, Entertainment, and Recreation","Performing Arts, Spectator Sports, and Related Industries","Independent Artists, Writers, and Performers","Independent Artists, Writers, and Performers",top,1,801,9
49,Utah,713930,6,71,Arts/entertain,24,-0.3720572442825003,8,-0.2598701646273494,16,0.1334703684903118,11,0.4556814982373991,8,0.0925132187739273,0.1156281929333938,0.6553459920230232,0.8233021464202278,0.8277387425198994,4,0.4556814982373991,8,1.0,False,False,Marinas,"Arts, Entertainment, and Recreation","Amusement, Gambling, and Recreation Industries",Other Amusement and Recreation Industries,Marinas,top,2,801,9
49,Utah,721211,6,72,Accommodation/food,24,-0.3693402824034091,16,-0.2710439778952547,21,0.213296463261596,15,0.4148838903439156,14,0.1538420785468527,0.1826590485691991,0.7548617110537508,0.8612007772689241,0.7842241727473247,4,0.4148838903439156,14,1.0,False,False,RV (Recreational Vehicle) Parks and Campgrounds,Accommodation and Food Services,Accommodation,RV (Recreational Vehicle) Parks and Recreational Camps,RV (Recreational Vehicle) Parks and Recreational Camps,top,3,801,9
49,Utah,512132,6,51,Information,24,-0.3433435042364749,9,-0.1136473888162268,12,0.0621875671487197,18,0.407730539692958,9,0.092777639935511,0.186002195706006,0.5368181697942447,0.7418435185210822,0.751074043929433,4,0.407730539692958,9,1.0,True,False,Drive-In Motion Picture Theaters,Information,Motion Picture and Sound Recording Industries,Motion Picture and Video Industries,Motion Picture and Video Exhibition,top,4,801,9
49,Utah,711190,6,71,Arts/entertain,23,-0.262266283042098,9,-0.1021617621180841,7,-0.1250821866875019,9,0.3996207529891465,8,0.2147446556680126,0.3458291234493991,0.3944538548037212,0.6720486922167652,0.6618870360312445,4,0.3996207529891465,8,1.0,False,False,Other Performing Arts Companies,"Arts, Entertainment, and Recreation","Performing Arts, Spectator Sports, and Related Industries",Performing Arts Companies,Other Performing Arts Companies,top,5,801,9
49,Utah,722330,6,72,Accommodation/food,24,-0.1013952145891726,19,-0.2630451424747225,10,0.3887601439334289,10,-0.0180242743977965,9,0.2592841167469089,0.2480343225808852,0.7987570305335614,0.5206000405570649,0.6518052864081514,3,0.3887601439334289,10,1.0,False,False,Mobile Food Services,Accommodation and Food Services,Food Services and Drinking Places,Special Food Services,Mobile Food Services,top,6,801,9
49,Utah,111421,6,11,Agriculture,24,-0.4249502267926542,23,0.2960807850609396,24,-0.1453115920902932,24,0.2745219285730508,23,0.1202948500866213,0.5513420624957189,0.3902277047829374,0.5197365312507422,0.7210310118535939,2,0.2960807850609396,24,1.0,False,False,Nursery and Tree Production,"Agriculture, Forestry, Fishing and Hunting",Crop Production,"Greenhouse, Nursery, and Floriculture Production",Nursery and Floriculture Production,top,7,801,9
49,Utah,111422,6,11,Agriculture,24,-0.259934201204497,23,0.3651708475462707,24,-0.0861110602016333,24,-0.0151458233931333,23,0.1502292079889678,0.6032782845939345,0.3259856661063596,0.2209151680220515,0.6251050487507677,2,0.3651708475462707,24,0.9735140646222332,False,False,Floriculture Production,"Agriculture, Forestry, Fishing and Hunting",Crop Production,"Greenhouse, Nursery, and Floriculture Production",Nursery and Floriculture Production,top,8,801,9
49,Utah,561730,6,56,Admin/waste,24,-0.2278372837291395,22,-0.0358107182183553,24,-0.1009311509192653,23,0.3698025220295434,22,0.2536138990307292,0.2844367785428331,0.3868810944916478,0.6809446132934888,0.5976398057586829,4,0.3698025220295434,22,0.9307407733258414,False,False,Landscaping Services,Administrative and Support and Waste Management and Remediation Services,Administrative and Support Services,Services to Buildings and Dwellings,Landscaping Services,top,9,801,9
50,Vermont,238990,6,23,Construction,24,-0.334710816339039,10,-0.0051310513521468,24,-0.2328897755679645,11,0.6000301666232774,10,0.1852246729714401,0.2203806540892661,0.2657987379113857,0.7863211303997267,0.9347409829623164,4,0.6000301666232774,10,1.0,False,False,All Other Specialty Trade Contractors,Construction,Specialty Trade Contractors,Other Specialty Trade Contractors,All Other Specialty Trade Contractors,top,1,552,6
50,Vermont,111331,6,11,Agriculture,24,-0.3035930679663751,11,-0.0329259486219206,24,-0.2131412300300395,11,0.5619844336585138,11,0.2722234658933655,0.2505130671330991,0.2946545656166739,0.8511107117398424,0.8655775016248889,4,0.5619844336585138,11,1.0,False,False,Apple Orchards,"Agriculture, Forestry, Fishing and Hunting",Crop Production,Fruit and Tree Nut Farming,Noncitrus Fruit and Tree Nut Farming,top,2,552,6
50,Vermont,424990,6,42,Wholesale,24,-0.3144956706897883,16,-0.0250572285492576,24,-0.2015454365372996,17,0.5456437636577013,16,0.1059285454145225,0.1398417128950959,0.2238693374741846,0.6835364878382768,0.8601394343474896,4,0.5456437636577013,16,1.0,False,False,Other Miscellaneous Nondurable Goods Merchant Wholesalers,Wholesale Trade,"Merchant Wholesalers, Nondurable Goods",Miscellaneous Nondurable Goods Merchant Wholesalers,Other Miscellaneous Nondurable Goods Merchant Wholesalers,top,3,552,6
50,Vermont,212321,6,21,Mining,24,-0.2737340957427673,19,-0.0184223392688817,23,-0.212569174286732,21,0.5161720559689363,19,0.0702908536716309,0.0794927245736685,0.1198436054171038,0.5891406699265886,0.7899061517117036,4,0.5161720559689363,19,1.0,False,False,Construction Sand and Gravel Mining,"Mining, Quarrying, and Oil and Gas Extraction",Mining (except Oil and Gas),Nonmetallic Mineral Mining and Quarrying,"Sand, Gravel, Clay, and Ceramic and Refractory Minerals Mining and Quarrying",top,4,552,6
50,Vermont,541213,6,54,Prof services,24,-0.2604427906497953,5,0.4908297620554105,5,-0.1387571933333269,5,-0.0351508905802677,23,0.15929204517831,0.6658812828493148,0.1584350992109719,0.1221068484085229,0.7512725527052059,2,0.4908297620554105,5,1.0,True,False,Tax Preparation Services,"Professional, Scientific, and Technical Services","Professional, Scientific, and Technical Services","Accounting, Tax Preparation, Bookkeeping, and Payroll Services","Accounting, Tax Preparation, Bookkeeping, and Payroll Services",top,5,552,6
50,Vermont,713930,6,71,Arts/entertain,24,-0.3457418287708297,9,-0.1402790378635261,18,-0.0169436055547981,13,0.4866708438514997,9,0.0981595095588415,0.1216224667129383,0.4339402571305018,0.7727337729626805,0.8324126726223295,4,0.4866708438514997,9,1.0,False,False,Marinas,"Arts, Entertainment, and Recreation","Amusement, Gambling, and Recreation Industries",Other Amusement and Recreation Industries,Marinas,top,6,552,6
51,Virginia,114111,6,11,Agriculture,24,-0.4341553579523661,5,-0.0308831689463661,18,-0.1703970860250285,7,0.6436331890993945,5,0.1371789643962472,0.1656048285364303,0.270491059071012,0.7748371680613643,1.0777885470517607,4,0.6436331890993945,5,1.0,False,False,Finfish Fishing,"Agriculture, Forestry, Fishing and Hunting","Fishing, Hunting and Trapping",Fishing,Fishing,top,1,886,9
51,Virginia,713940,6,71,Arts/entertain,24,-0.0193307328519611,23,-0.2653915334754076,24,0.4861424482031878,24,-0.2017350056042957,23,0.1845949738506906,0.1714294844136143,0.6890470619273534,0.2343797430347166,0.7515339816785954,3,0.4861424482031878,24,1.0,False,False,Fitness and Recreational Sports Centers,"Arts, Entertainment, and Recreation","Amusement, Gambling, and Recreation Industries",Other Amusement and Recreation Industries,Fitness and Recreational Sports Centers,top,2,886,9
51,Virginia,445230,6,44,Retail-gen,24,-0.3098113800493509,11,-0.0071323297308636,24,-0.1280569792583298,11,0.4765761380022384,11,0.2237666852469337,0.2437145053517485,0.2779269849182907,0.7540076631647413,0.7863875180515894,4,0.4765761380022384,11,1.0,False,False,Fruit and Vegetable Retailers,Retail Trade,Food and Beverage Retailers,Specialty Food Retailers,Fruit and Vegetable Retailers,top,3,886,9
51,Virginia,111331,6,11,Agriculture,24,-0.1397135650051504,8,-0.0695933099338699,23,-0.2885123189615844,9,0.4389419868847193,8,0.4490147201120812,0.2831470751450141,0.2591599086765854,0.7163023124141157,0.7274543058463038,4,0.4389419868847193,8,1.0,False,False,Apple Orchards,"Agriculture, Forestry, Fishing and Hunting",Crop Production,Fruit and Tree Nut Farming,Noncitrus Fruit and Tree Nut Farming,top,4,886,9
51,Virginia,115111,6,11,Agriculture,24,0.2410833311470351,8,-0.1929185889865026,11,-0.3300341302564109,9,0.3185363376280458,6,0.5215870439050412,0.1914996562313339,0.14841345815435,0.7578600277628397,0.6485704678844567,4,0.3185363376280458,6,1.0,True,False,Cotton Ginning,"Agriculture, Forestry, Fishing and Hunting",Support Activities for Agriculture and Forestry,Support Activities for Crop Production,Support Activities for Crop Production,top,5,886,9
51,Virginia,711320,6,71,Arts/entertain,24,-0.258095000097913,7,-0.1823044402374949,17,0.063424888791781,6,0.3660641344213707,5,0.2820331353066103,0.3166206119472837,0.6950104442195185,0.6636738050686208,0.6241591345192838,4,0.3660641344213707,5,0.972040934929686,False,False,"Promoters of Performing Arts, Sports, and Similar Events without Facilities","Arts, Entertainment, and Recreation","Performing Arts, Spectator Sports, and Related Industries","Promoters of Performing Arts, Sports, and Similar Events","Promoters of Performing Arts, Sports, and Similar Events without Facilities",top,6,886,9
51,Virginia,711130,6,71,Arts/entertain,24,-0.1286671772854213,23,-0.1575313540680077,19,0.4249146866385166,19,-0.1368389208148127,18,0.2569790104509424,0.3828422851979363,0.8014786550307185,0.3948526556966996,0.5824460407065244,3,0.4249146866385166,19,0.9070786000600812,False,False,Musical Groups and Artists,"Arts, Entertainment, and Recreation","Performing Arts, Spectator Sports, and Related Industries",Performing Arts Companies,Musical Groups and Artists,top,7,886,9
51,Virginia,721211,6,72,Accommodation/food,24,-0.2831539782362336,23,-0.1645034906399743,24,0.1743475736304125,24,0.2711235909350219,23,0.1455814620716491,0.2069683233101757,0.5973621658286511,0.6390608610863014,0.5542775691712556,4,0.2711235909350219,23,0.8632101282355501,False,False,RV (Recreational Vehicle) Parks and Campgrounds,Accommodation and Food Services,Accommodation,RV (Recreational Vehicle) Parks and Recreational Camps,RV (Recreational Vehicle) Parks and Recreational Camps,top,8,886,9
51,Virginia,115112,6,11,Agriculture,24,-0.1900262189231673,21,-0.0225150145026231,24,-0.1491768531217445,22,0.3642447669553541,21,0.2474063861988033,0.2386692284804046,0.2749620997672522,0.6060019579632442,0.5542709858785215,4,0.3642447669553541,21,0.8631998756738712,False,False,"Soil Preparation, Planting, and Cultivating","Agriculture, Forestry, Fishing and Hunting",Support Activities for Agriculture and Forestry,Support Activities for Crop Production,Support Activities for Crop Production,top,9,886,9
53,Washington,312113,6,31,Mfg-food,24,-0.1261351610065749,23,-0.2672341231239495,15,0.4883590609300666,15,-0.095917250470421,14,0.1704865965604583,0.2176213121620419,0.7881622017998277,0.3659951187603405,0.7555931840540161,3,0.4883590609300666,15,1.0,False,False,Ice Manufacturing,Manufacturing,Beverage and Tobacco Product Manufacturing,Beverage Manufacturing,Soft Drink and Ice Manufacturing,top,1,863,9
53,Washington,311421,6,31,Mfg-food,24,-0.3068496025565165,15,-0.001799139958294,24,-0.1373745422686732,16,0.4440895914380826,15,0.1525992558248906,0.2385147941443358,0.3280286123803692,0.6888485908996407,0.7509391939945991,4,0.4440895914380826,15,1.0,False,False,Fruit and Vegetable Canning,Manufacturing,Food Manufacturing,Fruit and Vegetable Preserving and Specialty Food Manufacturing,"Fruit and Vegetable Canning, Pickling, and Drying",top,2,863,9
53,Washington,424510,6,42,Wholesale,24,-0.0234519048908651,23,-0.2223942527704611,24,0.4238549804446039,24,-0.1801099837408975,23,0.0826871312999141,0.0842029507011418,0.5305072756432918,0.1291016396962338,0.6462492332150651,3,0.4238549804446039,24,1.0,False,False,Grain and Field Bean Merchant Wholesalers,Wholesale Trade,"Merchant Wholesalers, Nondurable Goods",Farm Product Raw Material Merchant Wholesalers,Grain and Field Bean Merchant Wholesalers,top,3,863,9
53,Washington,611620,6,61,Education,24,0.2042791480111538,20,-0.285013805727959,14,0.4138418160309544,15,-0.274764613751987,13,0.5042402148230796,0.3180149846583737,0.690008893341808,0.2972496787615582,0.6988556217589135,3,0.4138418160309544,15,1.0,False,False,Sports and Recreation Instruction,Educational Services,Educational Services,Other Schools and Instruction,Sports and Recreation Instruction,top,4,863,9
53,Washington,115114,6,11,Agriculture,24,-0.1661523084824665,23,-0.2468481005830547,20,0.4051102423272459,20,0.0004065037238233,19,0.2444799933016471,0.2853741454508023,0.8111559365854355,0.5309243409367375,0.6519583429103006,3,0.4051102423272459,20,1.0,False,False,Postharvest Crop Activities (except Cotton Ginning),"Agriculture, Forestry, Fishing and Hunting",Support Activities for Agriculture and Forestry,Support Activities for Crop Production,Support Activities for Crop Production,top,5,863,9
53,Washington,512132,6,51,Information,24,-0.1208139480241673,13,-0.3223024435823852,11,0.4035522585622493,7,0.0373449827053255,7,0.2093312813887327,0.1719658719125694,0.7444943332707171,0.4700883455112604,0.7258547021446344,3,0.4035522585622493,7,1.0,True,False,Drive-In Motion Picture Theaters,Information,Motion Picture and Sound Recording Industries,Motion Picture and Video Industries,Motion Picture and Video Exhibition,top,6,863,9
53,Washington,111998,6,11,Agriculture,24,-0.3619466049831299,7,0.0554076231356046,11,-0.0686112756098806,6,0.3844503508589896,6,0.3735605340598587,0.6447569403818085,0.6895068543965628,0.9285715887319336,0.7463969558421195,4,0.3844503508589896,6,1.0,True,False,All Other Miscellaneous Crop Farming,"Agriculture, Forestry, Fishing and Hunting",Crop Production,Other Crop Farming,All Other Crop Farming,top,7,863,9
53,Washington,541921,6,54,Prof services,24,-0.2073190951861599,23,0.1116509166162395,24,-0.2800746579775901,24,0.3788670577155557,23,0.3941564167592584,0.4684853994156617,0.3195125488395861,0.7306890142186907,0.6589417156931459,4,0.3788670577155557,23,1.0,False,False,"Photography Studios, Portrait","Professional, Scientific, and Technical Services","Professional, Scientific, and Technical Services","Other Professional, Scientific, and Technical Services",Photographic Services,top,8,863,9
53,Washington,711212,6,71,Arts/entertain,24,-0.3936103947911746,13,-0.2239116121247271,20,0.2584017180254181,12,0.3571348787620719,11,0.0863030062360645,0.2013905463578052,0.7544064687329579,0.7907653031582399,0.7507452735532465,4,0.3571348787620719,11,1.0,False,False,Racetracks,"Arts, Entertainment, and Recreation","Performing Arts, Spectator Sports, and Related Industries",Spectator Sports,Spectator Sports,top,9,863,9
54,West Virginia,111219,6,11,Agriculture,24,-0.3509028617870136,7,0.0078390812007455,10,-0.1970213316933022,8,0.5762776032840948,5,0.218146545872429,0.2571942776431524,0.3761589620942336,0.8067938476487639,0.9271804650711084,4,0.5762776032840948,5,1.0,True,False,Other Vegetable (except Potato) and Melon Farming,"Agriculture, Forestry, Fishing and Hunting",Crop Production,Vegetable and Melon Farming,Vegetable and Melon Farming,top,1,604,7
54,West Virginia,721211,6,72,Accommodation/food,24,-0.3342141965910222,12,-0.1091665423313377,18,-0.0082851752647093,11,0.4415804524084318,10,0.167172616048142,0.2366822495253995,0.4688638875249931,0.7479596786494634,0.775794648999454,4,0.4415804524084318,10,1.0,False,False,RV (Recreational Vehicle) Parks and Campgrounds,Accommodation and Food Services,Accommodation,RV (Recreational Vehicle) Parks and Recreational Camps,RV (Recreational Vehicle) Parks and Recreational Camps,top,2,604,7
54,West Virginia,487110,6,48,Transportation,24,-0.2413289559254722,18,-0.0213726304212254,19,-0.1678613893935024,21,0.4212086221721287,18,0.1328263281445726,0.1584556116135729,0.2096252726529254,0.5925743508811484,0.6625375780976009,4,0.4212086221721287,18,1.0,False,False,"Scenic and Sightseeing Transportation, Land",Transportation and Warehousing,Scenic and Sightseeing Transportation,"Scenic and Sightseeing Transportation, Land","Scenic and Sightseeing Transportation, Land",top,3,604,7
54,West Virginia,541320,6,54,Prof services,24,-0.3792571728275309,18,0.1117531579167277,19,-0.0964146352886184,24,0.3878791382062884,18,0.160237616383928,0.3932888022462021,0.4069226603289677,0.6133857889889703,0.7671363110338194,4,0.3878791382062884,18,1.0,False,False,Landscape Architectural Services,"Professional, Scientific, and Technical Services","Professional, Scientific, and Technical Services","Architectural, Engineering, and Related Services",Landscape Architectural Services,top,4,604,7
54,West Virginia,541921,6,54,Prof services,24,-0.334811126735725,22,0.3201816880101414,23,-0.3355423502875314,24,0.3348979215200142,22,0.2877765526410959,0.5988137331283983,0.2878819525979054,0.6480348726424753,0.6704402718075457,4,0.3348979215200142,22,1.0,False,False,"Photography Studios, Portrait","Professional, Scientific, and Technical Services","Professional, Scientific, and Technical Services","Other Professional, Scientific, and Technical Services",Photographic Services,top,5,604,7
54,West Virginia,111421,6,11,Agriculture,24,-0.4304956859278808,18,0.3339445211881965,18,-0.1881149354352124,18,0.2759206401971121,22,0.1700519519938569,0.5847824899268856,0.3957987055491064,0.5478706156756094,0.7644402071160774,2,0.3339445211881965,18,1.0,False,False,Nursery and Tree Production,"Agriculture, Forestry, Fishing and Hunting",Crop Production,"Greenhouse, Nursery, and Floriculture Production",Nursery and Floriculture Production,top,6,604,7
54,West Virginia,713940,6,71,Arts/entertain,24,-0.0321945843854275,23,-0.2164175728474806,24,0.4147140129734901,24,-0.1669701195560536,23,0.1833612033172496,0.1906806940974716,0.6308353305726547,0.2415619411008576,0.6311315858209707,3,0.4147140129734901,24,0.9828995568855488,False,False,Fitness and Recreational Sports Centers,"Arts, Entertainment, and Recreation","Amusement, Gambling, and Recreation Industries",Other Amusement and Recreation Industries,Fitness and Recreational Sports Centers,top,7,604,7
55,Wisconsin,311421,6,31,Mfg-food,24,-0.3939776475052109,9,-0.0988807888187968,24,-0.2132665473351809,10,0.6964804634220152,9,0.0747966616918475,0.0739475483216634,0.2708600125890731,0.8621413338221642,1.0904581109272262,4,0.6964804634220152,9,1.0,False,False,Fruit and Vegetable Canning,Manufacturing,Food Manufacturing,Fruit and Vegetable Preserving and Specialty Food Manufacturing,"Fruit and Vegetable Canning, Pickling, and Drying",top,1,864,9
55,Wisconsin,115113,6,11,Agriculture,24,-0.2878885632621326,9,-0.052041393292641,19,-0.2976494353663359,10,0.6264822765653796,9,0.200043219558627,0.1610599602555568,0.237989449849352,0.8069955291173786,0.9241317119317156,4,0.6264822765653796,9,1.0,True,False,"Crop Harvesting, Primarily by Machine","Agriculture, Forestry, Fishing and Hunting",Support Activities for Agriculture and Forestry,Support Activities for Crop Production,Support Activities for Crop Production,top,2,864,9
55,Wisconsin,111211,6,11,Agriculture,24,-0.3227578632434956,21,0.0550390371581674,24,-0.3034063171151626,22,0.5774444353541677,21,0.1585503965562146,0.2214682873032392,0.1743081037339288,0.734001258415505,0.9002022985976632,4,0.5774444353541677,21,1.0,False,False,Potato Farming,"Agriculture, Forestry, Fishing and Hunting",Crop Production,Vegetable and Melon Farming,Vegetable and Melon Farming,top,3,864,9
55,Wisconsin,487110,6,48,Transportation,24,-0.2395511806425829,12,-0.0933609711420812,18,-0.1855309092263651,15,0.5770445033099638,13,0.2164119699399295,0.1441463512211563,0.266634472461061,0.8035545077880386,0.8165956839525468,4,0.5770445033099638,13,1.0,False,False,"Scenic and Sightseeing Transportation, Land",Transportation and Warehousing,Scenic and Sightseeing Transportation,"Scenic and Sightseeing Transportation, Land","Scenic and Sightseeing Transportation, Land",top,4,864,9
55,Wisconsin,712120,6,71,Arts/entertain,24,-0.3166265380266505,14,-0.0966641437958782,23,-0.1315339068622937,15,0.5641244120490975,14,0.0930779902737045,0.0925268503914542,0.2818350574295838,0.7353571257449849,0.880750950075748,4,0.5641244120490975,14,1.0,False,False,Historical Sites,"Arts, Entertainment, and Recreation","Museums, Historical Sites, and Similar Institutions","Museums, Historical Sites, and Similar Institutions",Historical Sites,top,5,864,9
55,Wisconsin,111998,6,11,Agriculture,24,-0.328752496734811,10,-0.0157938355340062,24,-0.2154428921865034,11,0.5628037075625075,10,0.1523085310017514,0.2123428196849478,0.3039647794361567,0.7276499716031062,0.8915562042973186,4,0.5628037075625075,10,1.0,True,False,All Other Miscellaneous Crop Farming,"Agriculture, Forestry, Fishing and Hunting",Crop Production,Other Crop Farming,All Other Crop Farming,top,6,864,9
55,Wisconsin,238990,6,23,Construction,24,-0.3167184063907027,17,-0.0371436417416081,24,-0.1918393606696287,18,0.5462923309986987,17,0.139140015780827,0.1556895500673614,0.2465263678371121,0.7250171851693338,0.8630107373894014,4,0.5462923309986987,17,1.0,False,False,All Other Specialty Trade Contractors,Construction,Specialty Trade Contractors,Other Specialty Trade Contractors,All Other Specialty Trade Contractors,top,7,864,9
55,Wisconsin,115112,6,11,Agriculture,24,-0.3567392067744849,19,-0.027320540516561,24,-0.1062332748096954,20,0.4959382505377632,19,0.1259184890121952,0.2259942370831775,0.3807110661872818,0.7293795303488506,0.8526774573122482,4,0.4959382505377632,19,1.0,False,False,"Soil Preparation, Planting, and Cultivating","Agriculture, Forestry, Fishing and Hunting",Support Activities for Agriculture and Forestry,Support Activities for Crop Production,Support Activities for Crop Production,top,8,864,9
55,Wisconsin,237310,6,23,Construction,24,-0.2558821166312723,23,-0.0187146543009765,24,-0.1748040607690016,24,0.4541589234749546,23,0.0744943724561804,0.0940278184825294,0.1509905731108315,0.5575614492771369,0.7100410401062269,4,0.4541589234749546,23,1.0,False,False,"Highway, Street, and Bridge Construction",Construction,Heavy and Civil Engineering Construction,"Highway, Street, and Bridge Construction","Highway, Street, and Bridge Construction",top,9,864,9
56,Wyoming,926140,6,92,Public admin,23,-0.0244639372531351,22,-0.3022991255780211,20,0.6211060950566731,20,-0.3044920062692102,19,0.0525598751982246,0.0766037065630114,0.6897056944160614,0.0753030218302038,0.9255981013258834,3,0.6211060950566731,20,1.0,False,False,Regulation of Agricultural Marketing and Commodities,Public Administration,Administration of Economic Programs,Administration of Economic Programs,Regulation of Agricultural Marketing and Commodities,top,1,475,5
56,Wyoming,111991,6,11,Agriculture,23,-0.3538937827905375,16,-0.0698116485300852,17,-0.1548468006947965,15,0.5672340735005068,14,0.1489865838522274,0.2313261788897272,0.3493578209139071,0.8026038800092327,0.9211278562910444,4,0.5672340735005068,14,1.0,False,False,Sugar Beet Farming,"Agriculture, Forestry, Fishing and Hunting",Crop Production,Other Crop Farming,All Other Crop Farming,top,2,475,5
56,Wyoming,713910,6,71,Arts/entertain,23,-0.3600177054070699,9,-0.2523306658563044,23,0.1096737790037982,9,0.516287435068959,9,0.1514322116493634,0.1513873979114797,0.656003915886205,0.9256350939523876,0.8763051404760289,4,0.516287435068959,9,1.0,False,False,Golf Courses and Country Clubs,"Arts, Entertainment, and Recreation","Amusement, Gambling, and Recreation Industries",Other Amusement and Recreation Industries,Golf Courses and Country Clubs,top,3,475,5
56,Wyoming,311313,6,31,Mfg-food,23,0.4910213836968067,15,-0.293614923828644,15,-0.1452874921396971,23,-0.0206667004589576,15,0.7661603650352661,0.1071596726705628,0.0895009347230345,0.3624171810549004,0.7846363075254508,1,0.4910213836968067,15,1.0,False,False,Beet Sugar Manufacturing,Manufacturing,Food Manufacturing,Sugar and Confectionery Product Manufacturing,Sugar Manufacturing,top,4,475,5
56,Wyoming,111998,6,11,Agriculture,23,-0.3116898826407633,17,-0.0590977722558387,21,-0.1255443385528412,18,0.481850711684362,17,0.1313210935373282,0.1976153773326656,0.3617912798087343,0.695158589220524,0.7935405943251254,4,0.481850711684362,17,1.0,True,False,All Other Miscellaneous Crop Farming,"Agriculture, Forestry, Fishing and Hunting",Crop Production,Other Crop Farming,All Other Crop Farming,top,5,475,5
