state,state_name,naics_code,naics_level,sector_2d,sector_label,n_years,excessQ1,n_excessQ1,excessQ2,n_excessQ2,excessQ3,n_excessQ3,excessQ4,n_excessQ4,sep_rate_Q1,sep_rate_Q2,sep_rate_Q3,sep_rate_Q4,seasonal_amplitude,peak_quarter,peak_excess,n_excess_obs,seasonal_index,emp_excessQ1,n_emp_excessQ1,emp_excessQ2,n_emp_excessQ2,emp_excessQ3,n_emp_excessQ3,emp_excessQ4,n_emp_excessQ4,emp_share_Q1,emp_share_Q2,emp_share_Q3,emp_share_Q4,emp_seasonal_amplitude,peak_quarter_emp,peak_excess_emp,n_emp_excess_obs,seasonal_index_emp,national_industry_title,sector_title,subsector_title,industry_group_title,naics_industry_title,in_national_top_percentile,in_national_bottom_percentile,tail,rank_in_state,state_industries_ranked,state_industries_selected
01,Alabama,922140,6,92,Public admin,23,-0.0017341729209674,22,5.166065495083378e-05,23,0.0017458459234169,23,-8.716728829826536e-05,22,0.0468646707354287,0.0489119902466799,0.0508559884480295,0.0493082948025452,0.0034800188443843,3.0,0.0017458459234169,23.0,0.0053912206915126,5.902853612072495e-05,22,-0.0025757982192044,23,-0.0007253762111388,23,0.0024016626669612,22,1.0001097535607149,0.9972189942306544,0.9994798313390024,1.0031914208696282,0.0049774608861657,4.0,0.0024016626669612,22.0,0.0046164766041961,Correctional Institutions,Public Administration,"Justice, Public Order, and Safety Activities","Justice, Public Order, and Safety Activities",Correctional Institutions,False,False,bottom,1,812,9
01,Alabama,212319,6,21,Mining,23,-0.0009303385087049,22,0.0017128406495402,23,0.0011913761974744,23,-0.0022087226720941,22,0.0452260525920896,0.0479236216756616,0.0471955094601531,0.0440846448496958,0.0039215633216343,2.0,0.0017128406495402,23.0,0.0060752582868305,0.0045934160648252,22,-0.0040776299715453,23,0.005883675278026,23,-0.0066378973209342,22,1.0028078474688196,0.9988195442774028,1.0029865010290775,0.9953861072246996,0.0125215725989603,3.0,0.005883675278026,23.0,0.0116134608132246,Other Crushed and Broken Stone Mining and Quarrying,"Mining, Quarrying, and Oil and Gas Extraction",Mining (except Oil and Gas),Nonmetallic Mineral Mining and Quarrying,Stone Mining and Quarrying,False,False,bottom,2,812,9
01,Alabama,332510,6,33,Mfg-metals,23,-0.0011304185647108,21,0.0008489971188821,23,0.0020930058033768,22,-0.00215944974448,21,0.0479432312666516,0.0504510151811018,0.0512608048577878,0.0480893949467489,0.0042524555478568,3.0,0.0020930058033768,22.0,0.0065878741939397,0.0024225092540868,22,0.0023011579222246,23,-0.0031653027458626,23,-0.0008543498381287,22,1.0032058387688507,1.0023146699298875,0.9968211852464748,0.9976583060547872,0.0055878119999495,1.0,0.0024225092540868,22.0,0.0051825627476271,Hardware Manufacturing,Manufacturing,Fabricated Metal Product Manufacturing,Hardware Manufacturing,Hardware Manufacturing,False,False,bottom,3,812,9
01,Alabama,327215,6,32,Mfg-chem,23,-0.0021833220627281,22,0.0010949467548898,23,0.0028076896177511,23,-0.0012931324041159,22,0.0693840596768405,0.0730126719877595,0.0744513907888986,0.0702747303545356,0.0049910116804792,3.0,0.0028076896177511,23.0,0.007732040154553,-0.0047108662219006,22,-0.0001614582457399,23,-0.0109244883915679,23,0.0165905648311809,22,0.9992742917259008,0.9959551428657044,0.9929589104969876,1.0118116549114071,0.0275150532227489,4.0,0.0165905648311809,22.0,0.0255195575356658,Glass Product Manufacturing Made of Purchased Glass,Manufacturing,Nonmetallic Mineral Product Manufacturing,Glass and Glass Product Manufacturing,Glass and Glass Product Manufacturing,False,False,bottom,4,812,9
01,Alabama,335220,6,33,Mfg-metals,23,-0.0018365804416769,22,-0.0006040422344373,23,0.003166847703597,23,-0.0017519926630014,22,0.0388284140494062,0.0412356728178461,0.0448510160551607,0.0421326638852811,0.005003428145274,3.0,0.003166847703597,23.0,0.0077512756543909,0.0069568360491271,22,-0.0026134992882989,23,0.0028997297105758,23,-0.0054459594644657,22,1.002526987901329,0.999195406582336,1.001090823839941,0.997186781676394,0.0124027955135928,1.0,0.0069568360491271,22.0,0.0115032978911537,Major Household Appliance Manufacturing,Manufacturing,"Electrical Equipment, Appliance, and Component Manufacturing",Household Appliance Manufacturing,Major Household Appliance Manufacturing,False,False,bottom,5,812,9
01,Alabama,922190,6,92,Public admin,23,-0.0008300634885261,22,0.0032214002240345,23,-0.0003765832294679,23,-0.0024427538333398,22,0.0486188702371326,0.0528292599799433,0.050596849274685,0.0491176050283626,0.0056641540573743,2.0,0.0032214002240345,23.0,0.0087748675853604,0.0290491048642865,22,-0.0176333710233999,23,-0.0021281249289974,23,-0.0076718437445209,22,1.0198154931765124,0.9882624183924388,0.9919760856551642,0.9999460027758847,0.0466824758876864,1.0,0.0290491048642865,22.0,0.0432968862418259,"Other Justice, Public Order, and Safety Activities",Public Administration,"Justice, Public Order, and Safety Activities","Justice, Public Order, and Safety Activities","Other Justice, Public Order, and Safety Activities",False,False,bottom,6,812,9
01,Alabama,322120,6,32,Mfg-chem,23,0.002229722042532,22,-0.0010682155395485,23,0.0010197858955192,23,-0.0035149537771844,22,0.0421522294237649,0.0391322972684115,0.0382487961921553,0.0353257233248604,0.0057446758197165,1.0,0.002229722042532,22.0,0.0088996113326413,0.0086901494892062,22,0.0042830166387061,23,0.0017484203940245,23,-0.012481943361943,22,1.0033535218136802,1.0059836640412745,1.000047772991456,0.9906150411535892,0.0211720928511492,1.0,0.0086901494892062,22.0,0.0196366126313232,Paper Mills,Manufacturing,Paper Manufacturing,"Pulp, Paper, and Paperboard Mills",Paper Mills,False,False,bottom,7,812,9
01,Alabama,323111,6,32,Mfg-chem,23,-0.0019053528887864,22,-0.0018367641367631,23,-0.0001777467751098,23,0.0038987212917529,22,0.0939252100043045,0.0923431368789105,0.0944345920270429,0.096881540725395,0.0058040741805394,4.0,0.0038987212917529,22.0,0.0089916308550145,0.0167830019748816,22,0.0034561848911714,23,0.0053001662026359,23,-0.0255476070285139,22,1.0116594838457351,1.0091094015739617,0.999646949519846,0.9795841650604578,0.0423306090033956,1.0,0.0167830019748816,22.0,0.039260633197278,Commercial Printing (except Screen and Books),Manufacturing,Printing and Related Support Activities,Printing and Related Support Activities,Printing,False,False,bottom,8,812,9
01,Alabama,541713,6,54,Prof services,23,0.0003190614575799,22,-0.0046627694249928,23,0.001478399065583,23,0.0021568413426456,22,0.0506196674301486,0.0455565081934451,0.0498188878067273,0.0511244692888434,0.0068196107676385,4.0,0.0021568413426456,22.0,0.0105648929855319,-0.0104767679789679,22,0.0134975047561061,23,-0.0102480633384824,23,0.0071012062124086,22,0.994538151248219,1.0082608673926854,0.9949885740249388,1.0022124073341574,0.023974272735074,2.0,0.0134975047561061,23.0,0.0222355678357413,Research and Development in Nanotechnology,"Professional, Scientific, and Technical Services","Professional, Scientific, and Technical Services",Scientific Research and Development Services,"Research and Development in the Physical, Engineering, and Life Sciences",False,False,bottom,9,812,9
02,Alaska,492110,6,49,Warehousing,17,-0.0043784312563132,15,0.0035564860587229,16,-0.0053516675553755,16,0.0073380782372905,16,0.0995669101018121,0.1039732608381729,0.100215362505302,0.1071607992831821,0.012689745792666,4.0,0.0073380782372905,16.0,0.0196588648357045,-0.0162486158130982,15,0.0003755269256047,16,-0.020826590399198,16,0.0370867831890996,16,0.9922953058390062,0.9907045842771868,0.98884435224922,1.0286373010196492,0.0579133735882977,4.0,0.0370867831890996,16.0,0.053713276780041,Couriers and Express Delivery Services,Transportation and Warehousing,Couriers and Messengers,Couriers and Express Delivery Services,Couriers and Express Delivery Services,False,False,bottom,1,410,5
02,Alaska,524291,6,52,Finance,17,0.0011764232294428,15,-0.0111101357257481,16,0.0061706046993681,16,0.0066475324755834,15,0.1285657317634107,0.1222833739484271,0.1382212875849399,0.1418179918227164,0.0177576682013316,4.0,0.0066475324755834,15.0,0.0275100545488486,0.0147239045477423,15,0.0007833673750312,16,0.0178013782157066,16,-0.0345736734781367,16,1.0055679359045038,1.008689137413112,1.0098956081776258,0.9754993225107268,0.0523750516938433,3.0,0.0178013782157066,16.0,0.0485766149283492,Claims Adjusting,Finance and Insurance,Insurance Carriers and Related Activities,"Agencies, Brokerages, and Other Insurance Related Activities",Other Insurance Related Activities,False,False,bottom,2,410,5
02,Alaska,517121,6,51,Information,17,-0.0100599212402164,15,0.0018023061144285,16,0.0014500416195557,16,0.0085856313166071,16,0.0587699401297984,0.0680377113650304,0.0727533130230674,0.0745688314419928,0.0186455525568235,4.0,0.0085856313166071,16.0,0.0288855587409374,0.0162290698942009,15,-0.0058457049755092,16,0.0086194911636088,16,-0.0203400809906784,16,1.0110245102983308,1.000931972809686,1.001841813378414,0.985512671619924,0.0365691508848793,1.0,0.0162290698942009,15.0,0.0339170178041141,Telecommunications Resellers,Information,Telecommunications,Wired and Wireless Telecommunications (except Satellite),Telecommunications Resellers and Agents for Wireless Telecommunication Services,False,False,bottom,3,410,5
02,Alaska,423450,6,42,Wholesale,17,-0.0027246892782381,15,-0.0060699214321088,16,0.0133142684918623,16,-0.0035608849620848,16,0.0589325285740296,0.061298860562875,0.0761242154342485,0.0643210333218973,0.0193841899239711,3.0,0.0133142684918623,16.0,0.0300298505495052,-0.0236388025104025,15,0.0028730715971574,16,-0.0087148421655189,16,0.027011667310818,16,0.987107094573682,0.9954018868701636,0.9987563425614748,1.019540482583824,0.0506504698212205,4.0,0.027011667310818,16.0,0.0469771062533314,"Medical, Dental, and Hospital Equipment and Supplies Merchant Wholesalers",Wholesale Trade,"Merchant Wholesalers, Durable Goods",Professional and Commercial Equipment and Supplies Merchant Wholesalers,"Medical, Dental, and Hospital Equipment and Supplies Merchant Wholesalers",False,False,bottom,4,410,5
02,Alaska,449210,6,44,Retail-gen,17,-0.0067086424087002,15,0.0095775524055928,16,-0.0100832358397715,16,0.0084978100247599,16,0.2485537042729325,0.2611979318610823,0.2494513172647684,0.2578711743479976,0.0196607882453644,2.0,0.0095775524055928,16.0,0.0304583547215269,-0.0376945145995822,15,-0.0296812133053216,16,-0.0127625755175406,16,0.0790232712435595,16,0.9762822667656124,0.9576645643349858,0.999891646842152,1.067643880384399,0.1167177858431417,4.0,0.0790232712435595,16.0,0.1082529707337415,Electronics and Appliance Retailers,Retail Trade,"Furniture, Home Furnishings, Electronics, and Appliance Retailers",Electronics and Appliance Retailers,Electronics and Appliance Retailers,False,False,bottom,5,410,5
04,Arizona,621610,6,62,Healthcare,20,-0.0016934523802767,19,0.00125073134735,20,0.0010060475915509,20,5.901695635480182e-05,19,0.1753812738994749,0.1781681988263692,0.1784536610585633,0.1767270281076556,0.0029441837276268,2.0,0.00125073134735,20.0,0.0045611087013537,-0.0351308258277058,19,-0.0011576772446651,20,0.0004650492335167,20,0.036505575353616,19,0.9719139488988514,0.989635322132791,1.0096720498560603,1.0287786791122966,0.0716364011813218,4.0,0.036505575353616,19.0,0.0664410585287664,Home Health Care Services,Health Care and Social Assistance,Ambulatory Health Care Services,Home Health Care Services,Home Health Care Services,False,False,bottom,1,818,9
04,Arizona,324121,6,32,Mfg-chem,20,-0.0041435526575862,16,-0.0010743621985593,19,-0.0009866994403299,17,-0.0014707720297304,17,0.0873409906479571,0.0885097027569011,0.0978838157236773,0.0911643658166681,0.0031568532172563,3.0,-0.0009866994403299,17.0,0.0048905747773189,-0.0318277686879956,19,0.0295455548521878,20,-0.0034292661622881,20,0.0120490876607955,19,0.9793066447720652,1.021504681055447,1.004611607634453,0.9945770665380348,0.0613733235401835,2.0,0.0295455548521878,20.0,0.0569222980802314,Asphalt Paving Mixture and Block Manufacturing,Manufacturing,Petroleum and Coal Products Manufacturing,Petroleum and Coal Products Manufacturing,"Asphalt Paving, Roofing, and Saturated Materials Manufacturing",False,False,bottom,2,818,9
04,Arizona,325510,6,32,Mfg-chem,20,-0.0021140541157818,19,0.0011008637875828,20,0.0008010417538574,20,0.0011327054535207,19,0.1172700523769911,0.1201200939082957,0.1207684078644346,0.1198146383128587,0.0032467595693026,4.0,0.0011327054535207,19.0,0.005029857064894,-0.0389368261642005,19,0.0199652159369134,20,-0.0054236515733388,20,0.0246467490531027,19,0.9734343579080192,1.0093021180484736,1.0052394463151009,1.0120240777284062,0.0635835752173033,4.0,0.0246467490531027,19.0,0.058972253949331,Paint and Coating Manufacturing,Manufacturing,Chemical Manufacturing,"Paint, Coating, and Adhesive Manufacturing",Paint and Coating Manufacturing,False,False,bottom,3,818,9
04,Arizona,327991,6,32,Mfg-chem,20,0.001085960121725,19,-0.0005388743846036,19,-0.0011427793554898,19,0.0030285463110132,18,0.1870071034088843,0.1792622381147748,0.174635545099089,0.1909288007566726,0.004171325666503,4.0,0.0030285463110132,18.0,0.0064621883529678,0.0061016207489197,19,0.0089661004418249,20,0.0014764937565988,20,-0.0141980217226276,19,1.0012272440598364,1.0098673463806365,1.0005752478177872,0.98833016174174,0.0231641221644525,2.0,0.0089661004418249,20.0,0.021484172447473,Cut Stone and Stone Product Manufacturing,Manufacturing,Nonmetallic Mineral Product Manufacturing,Other Nonmetallic Mineral Product Manufacturing,All Other Nonmetallic Mineral Product Manufacturing,False,False,bottom,4,818,9
04,Arizona,339112,6,33,Mfg-metals,20,-0.0033252742826538,19,0.0001815614643536,20,0.0009904479614552,20,0.001281391873877,19,0.076455998023312,0.078145202614463,0.0794712842769066,0.0788164700164397,0.0046066661565308,4.0,0.001281391873877,19.0,0.0071366147749622,-0.019668682524899,19,-0.0035663417176866,20,0.0129455783300881,20,0.0094411410069795,19,0.9830727723740864,0.9951064418503714,1.01427279476203,1.0075479910135123,0.0326142608549872,3.0,0.0129455783300881,20.0,0.0302489513516161,Surgical and Medical Instrument Manufacturing,Manufacturing,Miscellaneous Manufacturing,Medical Equipment and Supplies Manufacturing,Medical Equipment and Supplies Manufacturing,False,False,bottom,5,818,9
04,Arizona,311611,6,31,Mfg-food,20,-0.0012604790355541,19,0.002337331538043,20,0.001116742157797,20,-0.0026356439554098,19,0.1025343945875409,0.1041945591021493,0.1011800605406717,0.0959320776636,0.0049729754934528,2.0,0.002337331538043,20.0,0.0077040986206013,-0.0138875009754578,19,-0.0046846517203671,20,0.0060274699336208,20,0.0122802338034516,19,0.9877933036632472,0.9932556061452557,1.008087212067998,1.010863878123499,0.0261677347789094,4.0,0.0122802338034516,19.0,0.0242699517192395,Animal (except Poultry) Slaughtering,Manufacturing,Food Manufacturing,Animal Slaughtering and Processing,Animal Slaughtering and Processing,False,False,bottom,6,818,9
04,Arizona,321918,6,32,Mfg-chem,20,-0.0020974277842566,19,-0.000522678288486,20,0.0041764043178871,20,-0.0016527858979696,19,0.1790427672341631,0.1821299968644718,0.1862625830717527,0.1820423606432592,0.0062738321021438,3.0,0.0041764043178871,20.0,0.0097193765196802,-0.0065156569777051,19,0.0186828217920478,20,-0.0022694505808548,20,-0.013547496552303,19,0.9905487143334804,1.01477590970959,1.0016374615016033,0.9930379144553264,0.0322303183443509,2.0,0.0186828217920478,20.0,0.0298928538034394,Other Millwork (including Flooring),Manufacturing,Wood Product Manufacturing,Other Wood Product Manufacturing,Millwork,False,False,bottom,7,818,9
04,Arizona,621493,6,62,Healthcare,20,0.0036384080918584,19,-0.0028392237849982,20,-0.0028320282722515,20,0.0032228059514975,19,0.1114737651764498,0.105478953748579,0.1051625898907045,0.1105102825773332,0.0064776318768566,1.0,0.0036384080918584,19.0,0.0100351016957466,-0.0368816748450392,19,0.0074385494032228,20,-0.005588821745578,20,0.0350125633241381,19,0.9728454924347822,0.9965241062996242,1.0053256213580204,1.0253047799075734,0.0718942381691774,4.0,0.0350125633241381,19.0,0.066680196203447,Freestanding Ambulatory Surgical and Emergency Centers,Health Care and Social Assistance,Ambulatory Health Care Services,Outpatient Care Centers,Other Outpatient Care Centers,False,False,bottom,8,818,9
04,Arizona,621512,6,62,Healthcare,20,-0.0031041447782043,19,0.0044348942762836,20,-0.0027632505288061,20,0.0016694711742184,19,0.1327604796732264,0.1382955537610791,0.1349608392963645,0.1371526258892621,0.0075390390544879,2.0,0.0044348942762836,20.0,0.0116794262221496,-0.0161169785322941,19,-0.0044008525509933,20,0.0045598709628473,20,0.0186618224497117,19,0.98480404508647,0.9920537861321124,1.0081052322797417,1.015036936501676,0.0347788009820059,4.0,0.0186618224497117,19.0,0.0322565108450515,Diagnostic Imaging Centers,Health Care and Social Assistance,Ambulatory Health Care Services,Medical and Diagnostic Laboratories,Medical and Diagnostic Laboratories,False,False,bottom,9,818,9
05,Arkansas,611512,6,61,Education,22,0.0016283464892201,21,-2.3889312386725765e-05,21,-0.0005534396240998,21,0.0003945675234036,21,0.0512169352631915,0.0496542014753195,0.0479564463461575,0.0499746344083884,0.00218178611332,1.0,0.0016283464892201,21.0,0.0033800076851787,-0.0183106300449477,21,-0.0028161764565164,21,0.0012484282891842,21,0.0202364761506852,21,0.9864430474681304,0.993080982129255,1.004886300681417,1.0146589437938056,0.038547106195633,4.0,0.0202364761506852,21.0,0.0357515243175895,Flight Training,Educational Services,Educational Services,Technical and Trade Schools,Technical and Trade Schools,False,False,bottom,1,754,8
05,Arkansas,517111,6,51,Information,22,0.0010725442510939,21,0.0001552798064883,21,0.0010399776478636,21,-0.0026685437886553,21,0.0716127061371019,0.0721872972438372,0.0721611075975608,0.0698545886571219,0.0037410880397492,1.0,0.0010725442510939,21.0,0.0057956672508291,0.0082894130597649,21,0.0009757701530782,21,-0.0004603117699914,21,-0.0085129531889395,21,1.0066540892893132,1.0030403626595188,0.9976893797900764,0.9930568251678564,0.0168023662487045,1.0,0.0082894130597649,21.0,0.0155837951229049,Wired Telecommunications Carriers,Information,Telecommunications,Wired and Wireless Telecommunications (except Satellite),Wired and Wireless Telecommunications Carriers (except Satellite),False,False,bottom,2,754,8
05,Arkansas,336412,6,33,Mfg-metals,22,-0.0011130437990015,18,0.001378886514113,18,0.0030261718038307,20,-0.0017371731953241,19,0.0521380874869238,0.0516284299041506,0.0526671306710825,0.0494356881103406,0.0047633449991548,3.0,0.0030261718038307,20.0,0.0073793405348068,0.0092764910253943,21,0.004756763238924,21,-0.0095466337134861,21,-0.0087864918377376,21,1.0071992482129888,1.0039743014054248,0.994506791661026,0.9948275473395788,0.0188231247388804,1.0,0.0092764910253943,21.0,0.017458000567403,Aircraft Engine and Engine Parts Manufacturing,Manufacturing,Transportation Equipment Manufacturing,Aerospace Product and Parts Manufacturing,Aerospace Product and Parts Manufacturing,False,False,bottom,3,754,8
05,Arkansas,449210,6,44,Retail-gen,22,-2.1913577910036352e-05,21,-0.0033975496260208,21,0.0007842966793464,21,0.0017561622201192,21,0.2062748311344873,0.2023659346677425,0.2094644640544334,0.2091522055843796,0.00515371184614,4.0,0.0017561622201192,21.0,0.0079840941056511,0.002839781685426,21,-0.0198138978367816,21,-0.0184759423109353,21,0.0364050403803116,21,1.0071313684370629,0.976404577538594,0.9847717572445738,1.0309439306877537,0.0562189382170933,4.0,0.0364050403803116,21.0,0.0521417282681825,Electronics and Appliance Retailers,Retail Trade,"Furniture, Home Furnishings, Electronics, and Appliance Retailers",Electronics and Appliance Retailers,Electronics and Appliance Retailers,False,False,bottom,4,754,8
05,Arkansas,611511,6,61,Education,22,0.001559900183316,21,0.0020918378716364,21,-0.0001389173973843,21,-0.0033115057070077,21,0.1660961815262691,0.1663465471154919,0.1646610174077245,0.1598748330444864,0.0054033435786441,2.0,0.0020918378716364,21.0,0.0083708218280328,-0.0147051045289895,21,-0.0125243890222173,21,0.0200023771893439,21,0.0064327279109296,21,0.9832450875661262,0.988558099229606,1.017677923015609,1.009237216861192,0.0347074817183334,3.0,0.0200023771893439,21.0,0.0321903639240205,Cosmetology and Barber Schools,Educational Services,Educational Services,Technical and Trade Schools,Technical and Trade Schools,False,False,bottom,5,754,8
05,Arkansas,335312,6,33,Mfg-metals,22,-0.0013251777001011,21,-0.0028432435115106,21,0.0012078141334147,21,0.0030171065615681,21,0.0411917483230261,0.0397108597541166,0.043607277374879,0.0451631941166968,0.0058603500730788,4.0,0.0030171065615681,21.0,0.0090788130715078,0.0151834139269932,21,0.0017808354849791,21,0.0001342056374464,21,-0.0170163423358002,21,1.011688650800389,1.0057217876309243,0.9965691562272572,0.9868117889064888,0.0321997562627935,1.0,0.0151834139269932,21.0,0.029864508199584,Motor and Generator Manufacturing,Manufacturing,"Electrical Equipment, Appliance, and Component Manufacturing",Electrical Equipment Manufacturing,Electrical Equipment Manufacturing,False,False,bottom,6,754,8
05,Arkansas,325998,6,32,Mfg-chem,22,-0.0042045751720675,21,0.002281082937356,21,0.0014229043368701,21,-0.0036400401665988,21,0.0714084520442179,0.0756541915698865,0.0874412716577273,0.0750931713874035,0.0064856581094236,2.0,0.002281082937356,21.0,0.010047535878728,0.015612765444819,21,-0.0113935713359891,21,0.0008032282781404,21,-0.0064815913928231,21,1.0109615786368842,0.9925280309690192,0.9986916954826952,0.9979773135298516,0.0270063367808081,1.0,0.015612765444819,21.0,0.0250477351334211,All Other Miscellaneous Chemical Product and Preparation Manufacturing,Manufacturing,Chemical Manufacturing,Other Chemical Product and Preparation Manufacturing,All Other Chemical Product and Preparation Manufacturing,False,False,bottom,7,754,8
05,Arkansas,484230,6,48,Transportation,22,-0.0033548202273997,21,-0.0021081139485643,21,0.0034104984367036,21,0.001750888678636,21,0.1737283229551836,0.1739544807252407,0.1815116080230439,0.1778431260201881,0.0067653186641033,3.0,0.0034104984367036,21.0,0.0104807840409965,-0.0017550546080102,21,0.0015403102021496,21,0.0104187710090901,21,-0.0107883700398823,21,0.9953096568943788,1.0034497861699727,1.0085177658200235,0.9926664021640044,0.0212071410489724,3.0,0.0104187710090901,21.0,0.019669119001332,"Specialized Freight (except Used Goods) Trucking, Long-Distance",Transportation and Warehousing,Truck Transportation,Specialized Freight Trucking,"Specialized Freight (except Used Goods) Trucking, Long-Distance",False,False,bottom,8,754,8
06,California,336413,6,33,Mfg-metals,24,-0.0008986720064049,23,0.0005343665190743,24,0.0001407591597564,24,0.0002647736872655,23,0.0633478302340224,0.063930525124253,0.063444486976335,0.062676930508904,0.0014330385254792,2.0,0.0005343665190743,24.0,0.0022200531938973,0.0079085840366256,23,-0.0017244437477267,24,0.0005963763214693,24,-0.0074269866828895,23,1.0061746898507224,1.0005325783096704,0.9983393542640724,0.994953377575535,0.0153355707195152,1.0,0.0079085840366256,23.0,0.0142233771510707,Other Aircraft Parts and Auxiliary Equipment Manufacturing,Manufacturing,Transportation Equipment Manufacturing,Aerospace Product and Parts Manufacturing,Aerospace Product and Parts Manufacturing,False,False,bottom,1,936,10
06,California,486910,6,48,Transportation,24,0.0019946361444604,23,-0.0008109153258878,24,-0.0010246475199884,24,0.0004266703830369,23,0.0484725978997322,0.0465035752902774,0.0461563833325984,0.0478584864148964,0.0030192836644489,1.0,0.0019946361444604,23.0,0.0046774529947129,-0.0020040999213892,23,0.0037702561244573,24,0.0022830982820027,24,-0.0017385336164274,23,0.9944446177197982,1.0026794947917244,1.0033738596147357,0.9995020278737416,0.0057743560458466,2.0,0.0037702561244573,24.0,0.0053555779140404,Pipeline Transportation of Refined Petroleum Products,Transportation and Warehousing,Pipeline Transportation,Other Pipeline Transportation,Pipeline Transportation of Refined Petroleum Products,False,False,bottom,2,936,10
06,California,332811,6,33,Mfg-metals,24,0.0013928613477113,23,-0.002995394335279,24,0.0007239727366393,24,0.0012373464596228,23,0.0776348733016845,0.0742880957207157,0.0769321068103049,0.0781281724266156,0.0043882556829903,1.0,0.0013928613477113,23.0,0.0067982548071433,0.0068251768933857,23,-0.0027237784373732,24,0.0078137086141345,24,-0.0117890359495174,23,1.0031119880607575,1.0009181204542577,1.004171809722504,0.9917980817624809,0.019602744563652,3.0,0.0078137086141345,24.0,0.0181810794149392,Metal Heat Treating,Manufacturing,Fabricated Metal Product Manufacturing,"Coating, Engraving, Heat Treating, and Allied Activities","Coating, Engraving, Heat Treating, and Allied Activities",False,False,bottom,3,936,10
06,California,522110,6,52,Finance,24,-0.0026237153176531,23,-0.0013407532372254,24,0.0028763582929395,24,0.0012883966731501,23,0.0684477265688994,0.0694879550929315,0.0732096900914145,0.0711787085040185,0.0055000736105926,3.0,0.0028763582929395,24.0,0.0085206753124682,0.0068279963907218,23,-0.002082879132359,24,-0.0003292369886018,24,-0.0040342769060352,23,1.0054617186877126,0.9996279481006778,0.9979599357783612,0.9969503974332484,0.0108622732967571,1.0,0.0068279963907218,23.0,0.0100745001698028,Commercial Banking,Finance and Insurance,Credit Intermediation and Related Activities,Depository Credit Intermediation,Commercial Banking,False,False,bottom,4,936,10
06,California,331313,6,33,Mfg-metals,24,-0.0014360531278315,22,-0.0008137691436524,23,0.0004493713090992,23,0.0049073242911381,22,0.0953714808439784,0.0950114555222867,0.096948992740979,0.0980770989235257,0.0063433774189697,4.0,0.0049073242911381,22.0,0.0098271156348504,0.0272049198569544,23,-0.0115420575415226,24,0.0032594286458022,24,-0.0272286837093383,23,1.031566588273204,1.000066614764813,0.9916507563394668,0.9767160406225164,0.0544336035662927,1.0,0.0272049198569544,23.0,0.0504858728361511,Alumina Refining and Primary Aluminum Production,Manufacturing,Primary Metal Manufacturing,Alumina and Aluminum Production and Processing,Alumina and Aluminum Production and Processing,False,False,bottom,5,936,10
06,California,332912,6,33,Mfg-metals,24,0.0002096874269359,23,-0.001145779196258,24,0.0036067554770821,24,-0.0029012970310048,23,0.0619936308429664,0.0624309592379418,0.0651598460254332,0.0606752218587605,0.0065080525080869,3.0,0.0036067554770821,24.0,0.0100822291234621,0.0007766850809913,23,-0.0015736426318253,24,0.0006010527530066,24,0.0005649624722899,23,0.9994928599273706,0.998457661594967,1.0005697485262142,1.0014797299514482,0.0023503277128167,1.0,0.0007766850809913,23.0,0.0021798730610961,Fluid Power Valve and Hose Fitting Manufacturing,Manufacturing,Fabricated Metal Product Manufacturing,Other Fabricated Metal Product Manufacturing,Metal Valve Manufacturing,False,False,bottom,6,936,10
06,California,336992,6,33,Mfg-metals,24,-0.0029328063458369,22,-0.0011089685574604,23,-0.0016900661174045,22,0.0037726651664026,21,0.0578694101995629,0.0577151845780658,0.0595908031726097,0.0613967980015102,0.0067054715122395,4.0,0.0037726651664026,21.0,0.0103880692547025,0.0122816967336645,22,-0.0060615561609149,23,-0.0015912633488143,22,-0.0008978447099993,21,1.0095630156136834,0.9955400688962888,0.9944854357338506,1.0001896065166134,0.0183432528945794,1.0,0.0122816967336645,22.0,0.0170129308435232,"Military Armored Vehicle, Tank, and Tank Component Manufacturing",Manufacturing,Transportation Equipment Manufacturing,Other Transportation Equipment Manufacturing,Other Transportation Equipment Manufacturing,False,False,bottom,7,936,10
06,California,488999,6,48,Transportation,24,-0.0030603759070928,23,-0.0029740971166266,24,0.0029774344152067,24,0.0038247730203782,23,0.0845301751667994,0.0845518010874451,0.0905216212413441,0.0905365725648294,0.006885148927471,4.0,0.0038247730203782,23.0,0.0106664242413017,-0.016592646621697,23,-0.0034865723642119,24,0.0036433977968074,24,0.0165045865340559,23,0.985866447287696,0.9930167093306226,1.0071401161019728,1.0139767272797084,0.0330972331557529,4.0,0.0165045865340559,23.0,0.0306968966751357,All Other Support Activities for Transportation,Transportation and Warehousing,Support Activities for Transportation,Other Support Activities for Transportation,Other Support Activities for Transportation,False,False,bottom,8,936,10
06,California,332911,6,33,Mfg-metals,24,-0.0039211438674446,23,0.0004146394035292,24,0.000325504931139,24,0.0030341965616795,23,0.0632098901190186,0.0657021927153778,0.0673652165046785,0.0683772304317012,0.0069553404291242,4.0,0.0030341965616795,23.0,0.0107751644214565,0.0147673535549554,23,-0.0005805360770711,24,0.0032751790098565,24,-0.0181902905452077,23,1.0110332767764427,1.0041889491850289,0.9985056937477568,0.9862720802907716,0.0329576441001632,1.0,0.0147673535549554,23.0,0.0305674311456078,Industrial Valve Manufacturing,Manufacturing,Fabricated Metal Product Manufacturing,Other Fabricated Metal Product Manufacturing,Metal Valve Manufacturing,False,False,bottom,9,936,10
06,California,524126,6,52,Finance,24,-0.0034068586056404,23,0.0015142508344333,24,-0.0018965014212716,24,0.0036890402099944,23,0.0664006041734921,0.0684739678065868,0.0675188297708149,0.0703566945775862,0.0070958988156348,4.0,0.0036890402099944,23.0,0.0109929164841917,0.0141464903720545,23,0.0001215011965832,24,-0.0010475260908681,24,-0.0133681093911457,23,1.0107445614350274,1.0033538463113032,0.995720128794412,0.9901814634592572,0.0275145997632003,1.0,0.0141464903720545,23.0,0.0255191369627181,Direct Property and Casualty Insurance Carriers,Finance and Insurance,Insurance Carriers and Related Activities,Insurance Carriers,"Direct Insurance (except Life, Health, and Medical) Carriers",False,False,bottom,10,936,10
08,Colorado,334516,6,33,Mfg-metals,24,-0.0022946984551941,23,-0.0004861854744516,24,0.0038820948039389,24,-0.0009538605619939,23,0.0477402970487816,0.0499003386687184,0.0530327512375585,0.0484009741985208,0.006176793259133,3.0,0.0038820948039389,24.0,0.0095690446273216,-0.0106319878663767,23,0.0043599796204182,24,-0.0035560436853983,24,0.012219679692212,23,0.9905979642547894,1.0000406198102152,1.0007633161248048,1.0085980998101909,0.0228516675585887,4.0,0.012219679692212,23.0,0.0211943782309374,Analytical Laboratory Instrument Manufacturing,Manufacturing,Computer and Electronic Product Manufacturing,"Navigational, Measuring, Electromedical, and Control Instruments Manufacturing","Navigational, Measuring, Electromedical, and Control Instruments Manufacturing",False,False,bottom,1,796,8
08,Colorado,336360,6,33,Mfg-metals,24,0.0037991241700428,23,-0.0026701784639629,24,0.0019395545177376,24,-0.0027844007113266,23,0.0623999601720057,0.0585325209147352,0.0600054385853907,0.0575992472205709,0.0065835248813695,1.0,0.0037991241700428,23.0,0.0101991503927636,-0.011472429192113,23,0.0011745029274592,24,-0.0050530522593217,24,0.0126621962525943,23,0.9957601529878436,0.9980768698369664,0.9980445808311712,1.0081183963440192,0.0241346254447073,4.0,0.0126621962525943,23.0,0.0223842911606194,Motor Vehicle Seating and Interior Trim Manufacturing,Manufacturing,Transportation Equipment Manufacturing,Motor Vehicle Parts Manufacturing,Motor Vehicle Seating and Interior Trim Manufacturing,False,False,bottom,2,796,8
08,Colorado,424720,6,42,Wholesale,24,-0.0039060553654186,23,0.0034689412707532,24,0.0036534147085937,24,-0.0028617358890236,23,0.1383710852831479,0.1457164328259216,0.1461238978271887,0.1392245334112684,0.0075594700740123,3.0,0.0036534147085937,24.0,0.0117110778137455,-0.0101303677296254,23,-0.0023373639784541,24,0.0091578535222396,24,0.0027679720113138,23,0.9925151760179612,0.998220312534946,1.0086001770088393,1.000664334438253,0.0192882212518651,3.0,0.0091578535222396,24.0,0.0178893665228552,Petroleum and Petroleum Products Merchant Wholesalers (except Bulk Stations and Terminals),Wholesale Trade,"Merchant Wholesalers, Nondurable Goods",Petroleum and Petroleum Products Merchant Wholesalers,Petroleum and Petroleum Products Merchant Wholesalers (except Bulk Stations and Terminals),False,False,bottom,3,796,8
08,Colorado,424820,6,42,Wholesale,24,-0.0036891102367047,23,-0.001574713321294,24,0.0041295388753514,24,0.0015876596241144,23,0.0764959173946359,0.078530011986627,0.0837135332212061,0.0806379767050823,0.0078186491120561,3.0,0.0041295388753514,24.0,0.0121125961546484,-0.0202555419177344,23,-0.0001731996302958,24,-0.0018512419780566,24,0.021871179785622,23,0.9870083038789912,0.9948791543366824,1.0030964040549653,1.0150161377293614,0.0421267217033565,4.0,0.021871179785622,23.0,0.0390715325750834,Wine and Distilled Alcoholic Beverage Merchant Wholesalers,Wholesale Trade,"Merchant Wholesalers, Nondurable Goods","Beer, Wine, and Distilled Alcoholic Beverage Merchant Wholesalers",Wine and Distilled Alcoholic Beverage Merchant Wholesalers,False,False,bottom,4,796,8
08,Colorado,334413,6,33,Mfg-metals,24,-0.0055945868986327,23,-0.0015169401104996,24,-0.0091054062955631,24,-0.0011935365239736,23,0.0597101710304393,0.0649487188171294,0.0732211468248187,0.0997043874236343,0.0079118697715894,4.0,-0.0011935365239736,23.0,0.0122570129440469,0.0188557893604797,23,0.0018528037151661,24,0.0079892383968663,24,-0.0164571097566979,23,1.0150279323921063,1.0095251939781569,1.0003168481338756,0.9751300254958613,0.0353128991171777,1.0,0.0188557893604797,23.0,0.0327518741641724,Semiconductor and Related Device Manufacturing,Manufacturing,Computer and Electronic Product Manufacturing,Semiconductor and Other Electronic Component Manufacturing,Semiconductor and Other Electronic Component Manufacturing,False,False,bottom,5,796,8
08,Colorado,333415,6,33,Mfg-metals,24,5.432891491286716e-05,23,-0.0032313212925949,24,0.0061622593983089,24,-0.0017015483093675,23,0.0534569574877588,0.0538409876702871,0.0606876604380054,0.0552098144091059,0.0093935806909039,3.0,0.0061622593983089,24.0,0.0145524690677799,-0.0258945647692986,23,0.0033968788905673,24,-0.0222785568900048,24,0.0462716685038661,23,0.9811766937668046,0.9896962578495008,0.9914220641510618,1.037704984232633,0.0721662332731647,4.0,0.0462716685038661,23.0,0.0669324651941493,Air-Conditioning and Warm Air Heating Equipment and Commercial and Industrial Refrigeration Equipment Manufacturing,Manufacturing,Machinery Manufacturing,"Ventilation, Heating, Air-Conditioning, and Commercial Refrigeration Equipment Manufacturing","Ventilation, Heating, Air-Conditioning, and Commercial Refrigeration Equipment Manufacturing",False,False,bottom,6,796,8
08,Colorado,212114,6,21,Mining,24,-0.0075283982967318,15,0.0015202896328954,16,0.0019643934460795,14,0.0021794103442094,15,0.0541490883306054,0.0604886393199272,0.0656824574526665,0.0622825808783248,0.0097078086409413,4.0,0.0021794103442094,15.0,0.0150392687955535,-0.0091233414954917,15,0.0190627609316293,16,0.0428819054121707,16,0.0347763599056571,15,0.9976606885430196,1.0325769589166929,0.9994539207157088,0.9736378326931971,0.0520052469076624,3.0,0.0428819054121707,16.0,0.0482336297833993,Surface Coal Mining,"Mining, Quarrying, and Oil and Gas Extraction",Mining (except Oil and Gas),Coal Mining,Coal Mining,False,False,bottom,7,796,8
08,Colorado,336414,6,33,Mfg-metals,24,0.0024977565306883,23,-0.0043446826541501,24,0.00584439955974,24,-0.004083423087479,23,0.0326061560058358,0.0297393019242231,0.0355618131509107,0.0296955252581183,0.0101890822138901,3.0,0.00584439955974,24.0,0.0157848544262023,-0.0067031104655048,23,0.0047507048933049,24,0.0003247050570002,24,0.0008663970228503,23,0.9962357000279536,1.003604173254956,1.001471236695349,0.9986888900217412,0.0114538153588098,2.0,0.0047507048933049,24.0,0.0106231413650465,Guided Missile and Space Vehicle Manufacturing,Manufacturing,Transportation Equipment Manufacturing,Aerospace Product and Parts Manufacturing,Aerospace Product and Parts Manufacturing,False,False,bottom,8,796,8
09,Connecticut,326299,6,32,Mfg-chem,24,-0.0025925633024663,23,-0.0006250345240638,24,0.0022083412597594,24,0.0013088551218682,23,0.0872687336618946,0.0889889389307705,0.0919592132477742,0.0905128050452589,0.0048009045622258,3.0,0.0022083412597594,24.0,0.0074375275454659,0.018511120332293,23,0.0013580687926202,24,-0.0025959477402297,24,-0.0176966036612057,23,1.0140917817283714,1.0051900134553342,0.9935721075970564,0.9871460972192382,0.0362077239934987,1.0,0.018511120332293,23.0,0.0335818029573589,All Other Rubber Product Manufacturing,Manufacturing,Plastics and Rubber Products Manufacturing,Rubber Product Manufacturing,Other Rubber Product Manufacturing,False,False,bottom,1,758,8
09,Connecticut,922130,6,92,Public admin,24,-0.0011969292976695,23,0.0037590845614603,24,-0.0005442330943633,24,-0.0019884360452554,23,0.0688399226534651,0.0734887572015813,0.0706194226267769,0.0688385542406991,0.0057475206067157,2.0,0.0037590845614603,24.0,0.0089040184566308,-0.0089362777890097,23,-0.0007456126548859,24,-0.0006438353530098,24,0.0100994177207435,23,0.9932252462030112,0.9967815242951148,1.0018290276969897,1.0081642018048846,0.0190356955097532,4.0,0.0100994177207435,23.0,0.0176551549022964,Legal Counsel and Prosecution,Public Administration,"Justice, Public Order, and Safety Activities","Justice, Public Order, and Safety Activities",Legal Counsel and Prosecution,False,False,bottom,2,758,8
09,Connecticut,334510,6,33,Mfg-metals,24,2.420667233521472e-05,23,0.0030335360442252,24,-3.95534735099194e-05,24,-0.0030413355806632,23,0.0691479436087801,0.072355377035,0.0694957383727695,0.0667152066575588,0.0060748716248884,2.0,0.0030335360442252,24.0,0.0094111483491622,0.0392428924005756,23,-0.0005095676428964,24,-0.0065452728793355,24,-0.0321864925817028,23,1.0309301545793008,1.007618726257092,0.985326433220676,0.9761246859429314,0.0714293849822785,1.0,0.0392428924005756,23.0,0.0662490559271528,Electromedical and Electrotherapeutic Apparatus Manufacturing,Manufacturing,Computer and Electronic Product Manufacturing,"Navigational, Measuring, Electromedical, and Control Instruments Manufacturing","Navigational, Measuring, Electromedical, and Control Instruments Manufacturing",False,False,bottom,3,758,8
09,Connecticut,532210,6,53,Real estate,24,-0.0034598494600721,20,-0.0008892153620858,21,-0.0070803248761234,21,-0.0013864730823561,20,0.2014491622135269,0.2021036444626696,0.2009621125756633,0.193860921211702,0.0061911095140376,2.0,-0.0008892153620858,21.0,0.0095912232686214,0.0150597062034946,23,0.0077925057273902,24,-0.005304456411644,24,-0.0156427088274385,23,1.0111963707327656,1.009756477167764,0.9927315721479822,0.986315579951488,0.0307024150309332,1.0,0.0150597062034946,23.0,0.0284757598149219,Consumer Electronics and Appliances Rental,Real Estate and Rental and Leasing,Rental and Leasing Services,Consumer Goods Rental,Consumer Electronics and Appliances Rental,False,False,bottom,4,758,8
09,Connecticut,333514,6,33,Mfg-metals,24,-0.000739852541786,23,-0.003121687924597,24,0.0021482085088702,24,0.0030943089385825,23,0.0683601742091513,0.0669186721653889,0.0717205459708207,0.0722260027585119,0.0062159968631796,4.0,0.0030943089385825,23.0,0.0096297785746847,0.0014772745851951,23,0.0056656988268634,24,-0.0041670031963663,24,-0.0040162925730213,23,1.003653355355474,1.0054944828798993,0.9960042127505976,0.9948479490140288,0.0098327020232298,2.0,0.0056656988268634,24.0,0.0091195972975771,"Special Die and Tool, Die Set, Jig, and Fixture Manufacturing",Manufacturing,Machinery Manufacturing,Metalworking Machinery Manufacturing,Metalworking Machinery Manufacturing,False,False,bottom,5,758,8
09,Connecticut,423310,6,42,Wholesale,24,-0.0017716024215232,23,-0.002502760119721,24,0.0041115836960441,24,5.482529407971578e-05,23,0.075255222294211,0.0756980014869425,0.0811463009191163,0.0783714329592017,0.0066143438157652,3.0,0.0041115836960441,24.0,0.0102468948689387,0.0101115009671373,23,-0.0012751068517457,24,0.0048965813679676,24,-0.013661258860837,23,1.0060164358182508,1.0023625655436603,1.0012589089725614,0.9903620896655272,0.0237727598279743,1.0,0.0101115009671373,23.0,0.0220486694065332,"Lumber, Plywood, Millwork, and Wood Panel Merchant Wholesalers",Wholesale Trade,"Merchant Wholesalers, Durable Goods",Lumber and Other Construction Materials Merchant Wholesalers,"Lumber, Plywood, Millwork, and Wood Panel Merchant Wholesalers",False,False,bottom,6,758,8
09,Connecticut,333241,6,33,Mfg-metals,24,-0.0025062311237041,17,0.0032502806671415,18,-0.0039168620038004,18,0.0012749639187324,17,0.0345738255978576,0.0372241692314469,0.0321166528690295,0.0338270917439331,0.0071671426709419,2.0,0.0032502806671415,18.0,0.0111032869632179,-0.0098808904262738,19,0.0001248424269357,21,-0.0036187497148862,21,0.0133112890993009,19,0.994085660749255,0.9970859121911924,0.999558946606991,1.0094082465386958,0.0231921795255748,4.0,0.0133112890993009,19.0,0.0215101949826891,Food Product Machinery Manufacturing,Manufacturing,Machinery Manufacturing,Industrial Machinery Manufacturing,Industrial Machinery Manufacturing,False,False,bottom,7,758,8
09,Connecticut,332721,6,33,Mfg-metals,24,-0.0027023418740488,23,-0.0024813047553476,24,0.0046083307341568,24,-0.0003553548053576,23,0.07052066335793,0.0718982029577021,0.0782383520681695,0.0753618397103232,0.0073106726082056,3.0,0.0046083307341568,24.0,0.0113256425314575,0.0135723247047209,23,0.0024125781092017,24,0.0031375968274962,24,-0.0178331912572713,23,1.0099114241671665,1.006762251774089,0.9987879231626088,0.984538400896136,0.0314055159619923,1.0,0.0135723247047209,23.0,0.0291278692082161,Precision Turned Product Manufacturing,Manufacturing,Fabricated Metal Product Manufacturing,"Machine Shops; Turned Product; and Screw, Nut, and Bolt Manufacturing","Turned Product and Screw, Nut, and Bolt Manufacturing",False,False,bottom,8,758,8
11,DC,524292,6,52,Finance,19,-0.007010496042489,18,-0.0009449048700581,18,0.0049967177854282,19,0.0042724355096544,18,0.0635425599625888,0.0710809682226501,0.0779655971419369,0.0748567904903673,0.0120072138279172,3.0,0.0049967177854282,19.0,0.0186014911215045,0.0268770931894147,18,0.0139306955401854,18,-0.0077538080912926,19,-0.0353162918387857,18,1.0203619667201302,1.0207064885680757,0.9884006998520796,0.9716025273186688,0.0621933850282005,1.0,0.0268770931894147,18.0,0.057682885608695,Pharmacy Benefit Management and Other Third Party Administration of Insurance and Pension Funds,Finance and Insurance,Insurance Carriers and Related Activities,"Agencies, Brokerages, and Other Insurance Related Activities",Other Insurance Related Activities,False,False,bottom,1,350,4
11,DC,813990,6,81,Other services,19,-0.0072791327549306,18,0.0050076128334739,18,0.0030986833802105,19,0.0022740547896347,18,0.096002842899705,0.1049934817518751,0.1057467714081079,0.1003026943039196,0.0122867455884046,2.0,0.0050076128334739,18.0,0.019034539756717,0.0007672320711082,18,-0.0064839648308622,18,0.0030176558080551,19,0.0024484422709269,18,1.0000895283520863,0.9951681973405108,1.0019834984275182,1.002763487898415,0.0095016206389174,3.0,0.0030176558080551,19.0,0.0088125271869889,"Other Similar Organizations (except Business, Professional, Labor, and Political Organizations)",Other Services (except Public Administration),"Religious, Grantmaking, Civic, Professional, and Similar Organizations","Business, Professional, Labor, Political, and Similar Organizations","Other Similar Organizations (except Business, Professional, Labor, and Political Organizations)",False,False,bottom,2,350,4
11,DC,812210,6,81,Other services,19,-0.0038830933371581,18,-0.001464280170036,18,-0.0041232249935277,19,0.0089239968941322,18,0.0770287766271107,0.0758985433622597,0.0768168669427108,0.0859816405102174,0.01304722188766,4.0,0.0089239968941322,18.0,0.0202126642851421,0.0157406499063711,18,0.0001104564196603,18,0.001157472156629,19,-0.0176867560334123,18,1.0113734892347206,1.004954441767871,0.997180019925034,0.9870906537689385,0.0334274059397834,1.0,0.0157406499063711,18.0,0.0310031240805696,Funeral Homes and Funeral Services,Other Services (except Public Administration),Personal and Laundry Services,Death Care Services,Funeral Homes and Funeral Services,False,False,bottom,3,350,4
11,DC,522130,6,52,Finance,19,-0.0010744264943002,18,-0.0055760551544018,17,0.0091872231831113,18,-0.0015158490924656,17,0.0676825118706398,0.0660264425367654,0.0797031171613427,0.0718726211040832,0.0147632783375132,3.0,0.0091872231831113,18.0,0.0228711668547996,-0.0041098488959154,18,0.0038493368108779,18,0.0018800037856735,19,-0.0016701194983002,18,0.9965930424499472,1.0033073392679,1.0023292171887117,0.997591087538176,0.0079591857067933,2.0,0.0038493368108779,18.0,0.0073819554676939,Credit Unions,Finance and Insurance,Credit Intermediation and Related Activities,Depository Credit Intermediation,Credit Unions,False,False,bottom,4,350,4
10,Delaware,524298,6,52,Finance,24,-0.0024010461799433,12,0.0030651847020913,12,0.0023726909238838,19,-0.002342200773231,12,0.1046271775530257,0.098763674071604,0.1114350028191191,0.111342176686335,0.0054662308820346,2.0,0.0030651847020913,12.0,0.0084682463956669,-0.0619432561675413,23,-0.0126160947534381,24,-0.0379497487603713,24,0.1192972689129958,23,0.9521507510393356,0.95878423933955,0.9906499171466404,1.0984150924744738,0.1812405250805372,4.0,0.1192972689129958,23.0,0.1680962769776889,All Other Insurance Related Activities,Finance and Insurance,Insurance Carriers and Related Activities,"Agencies, Brokerages, and Other Insurance Related Activities",Other Insurance Related Activities,False,False,bottom,1,498,5
10,Delaware,423610,6,42,Wholesale,24,-0.0038308666559502,23,-0.003228897796413,24,0.0025108459897564,24,0.0011559733948365,23,0.0742432816214362,0.0705347185776023,0.0732839511265945,0.0710114916960738,0.0063417126457066,3.0,0.0025108459897564,24.0,0.0098245365798327,-0.0075918196758556,23,0.0006237689926219,24,0.0068721296695304,24,-0.0004049355897043,23,0.9906140740947688,0.999785836914055,1.0077100617480974,1.0018900272430786,0.0144639493453861,3.0,0.0068721296695304,24.0,0.0134149690543706,"Electrical Apparatus and Equipment, Wiring Supplies, and Related Equipment Merchant Wholesalers",Wholesale Trade,"Merchant Wholesalers, Durable Goods",Household Appliances and Electrical and Electronic Goods Merchant Wholesalers,"Electrical Apparatus and Equipment, Wiring Supplies, and Related Equipment Merchant Wholesalers",False,False,bottom,2,498,5
10,Delaware,522310,6,52,Finance,24,-0.0020170280798015,23,-0.0014371396841336,24,0.0012836601041076,24,0.0046173284805144,23,0.1565068394825237,0.155483911155275,0.1573352621962937,0.1566192930290971,0.0066343565603159,4.0,0.0046173284805144,23.0,0.0102778984718905,-0.0226272064035618,23,0.0151510517035315,24,-0.0009532484172524,24,0.0088310014512691,23,0.982077929714837,1.0088592788027262,1.0053385244835529,1.003724266998884,0.0377782581070934,2.0,0.0151510517035315,24.0,0.0350384359992484,Mortgage and Nonmortgage Loan Brokers,Finance and Insurance,Credit Intermediation and Related Activities,Activities Related to Credit Intermediation,Mortgage and Nonmortgage Loan Brokers,False,False,bottom,3,498,5
10,Delaware,322291,6,32,Mfg-chem,24,0.0014715480904801,23,-0.0047802836740405,24,0.0012285345404436,24,0.0023182586984039,23,0.0407245350317688,0.0360297328021473,0.040895497920607,0.0433041939581794,0.0070985423724444,4.0,0.0023182586984039,23.0,0.0109970118637883,0.0102289329247866,23,0.0004710248410959,24,0.0018060010192893,24,-0.0123724676545061,23,1.0068301351524942,1.003349736898357,0.9989272889620282,0.9908928389871208,0.0226014005792927,1.0,0.0102289329247866,23.0,0.0209622615591753,Sanitary Paper Product Manufacturing,Manufacturing,Paper Manufacturing,Converted Paper Product Manufacturing,Other Converted Paper Product Manufacturing,False,False,bottom,4,498,5
10,Delaware,333310,6,33,Mfg-metals,24,0.0020906114561117,12,-0.0035341094235012,13,-0.0007329083742181,13,0.0035910256174348,12,0.0732480037780276,0.0749677741014429,0.0501248906207815,0.0551691062226334,0.0071251350409361,4.0,0.0035910256174348,12.0,0.0110382090385813,0.0560945942650809,19,-0.0153071674541958,19,-0.0003985189461538,19,-0.0091573306640086,18,1.040341109958851,0.9786180484044966,0.9936437363317592,0.9857735586890842,0.0714017617192768,1.0,0.0560945942650809,19.0,0.0662234360076205,Commercial and Service Industry Machinery Manufacturing,Manufacturing,Machinery Manufacturing,Commercial and Service Industry Machinery Manufacturing,Commercial and Service Industry Machinery Manufacturing,False,False,bottom,5,498,5
12,Florida,339113,6,33,Mfg-metals,24,0.0003451912293168,23,-0.0008469165135484,24,9.81150915335853e-05,24,-0.000902652613367,23,0.0939094562524465,0.0917195991190064,0.0912235750126632,0.0905313207232529,0.0012478438426838,1.0,0.0003451912293168,23.0,0.0019331508952342,0.000987754967138,23,-0.0087314884092676,24,0.0107055416178357,24,-0.0030185604207342,23,0.9990202035163877,0.9945104266354736,1.0074636265730943,0.9990057432750444,0.0194370300271033,3.0,0.0107055416178357,24.0,0.0180273831231053,Surgical Appliance and Supplies Manufacturing,Manufacturing,Miscellaneous Manufacturing,Medical Equipment and Supplies Manufacturing,Medical Equipment and Supplies Manufacturing,False,False,bottom,1,913,10
12,Florida,424470,6,42,Wholesale,24,-0.0016863127945404,23,0.000913597390527,24,0.0002451246087712,24,-0.0025527419619176,23,0.1459844153385369,0.1439724128386179,0.1401332155576449,0.1358037690591293,0.0034663393524446,2.0,0.000913597390527,24.0,0.0053700285189146,0.0012552115913584,23,0.0001004380052632,24,-0.0049689525381071,24,0.004333599200563,23,1.0009919060324508,0.9987747558367112,0.9963567296304452,1.0038766085003932,0.0093025517386701,4.0,0.004333599200563,23.0,0.0086278955160161,Meat and Meat Product Merchant Wholesalers,Wholesale Trade,"Merchant Wholesalers, Nondurable Goods",Grocery and Related Product Merchant Wholesalers,Meat and Meat Product Merchant Wholesalers,False,False,bottom,2,913,10
12,Florida,622310,6,62,Healthcare,24,0.0006020636509214,23,-0.0025865772620444,24,0.0018128653381159,24,0.000729632010293,23,0.1030671551237535,0.1011674963870203,0.1044409921743761,0.1040887572855,0.0043994426001604,3.0,0.0018128653381159,24.0,0.0068155855004582,-0.0144356853404369,23,-0.0159185979636202,24,0.0168055315186723,24,0.0131075705731251,23,0.9827405433778962,0.9839300936685692,1.0169568398864828,1.016372523067052,0.0327241294822925,3.0,0.0168055315186723,24.0,0.0303508518906841,Specialty (except Psychiatric and Substance Abuse) Hospitals,Health Care and Social Assistance,Hospitals,Specialty (except Psychiatric and Substance Abuse) Hospitals,Specialty (except Psychiatric and Substance Abuse) Hospitals,False,False,bottom,3,913,10
12,Florida,335313,6,33,Mfg-metals,24,0.0004023111767397,23,-0.0024457724546492,24,0.0009494644799906,24,0.0020462287304706,23,0.0621249210604651,0.0602002280702144,0.0631670799892621,0.0642350029483286,0.0044920011851198,4.0,0.0020462287304706,23.0,0.0069589766085883,-0.0021885300993617,23,0.0010489386752019,24,0.0032150480817335,24,-0.0036075952675363,23,0.9940152102912926,1.0001256914662109,1.0041382952907247,1.0017208029517717,0.0068226433492699,3.0,0.0032150480817335,24.0,0.0063278394589137,Switchgear and Switchboard Apparatus Manufacturing,Manufacturing,"Electrical Equipment, Appliance, and Component Manufacturing",Electrical Equipment Manufacturing,Electrical Equipment Manufacturing,False,False,bottom,4,913,10
12,Florida,336419,6,33,Mfg-metals,24,0.0001385068492221,16,-0.0019330899206129,18,0.0025644299037618,19,0.0015321867933465,16,0.0664685393088399,0.0639581182761501,0.0671191393153247,0.0650567765409762,0.0044975198243748,3.0,0.0025644299037618,19.0,0.0069675260456664,-0.0675182468673564,16,0.039890335272257,18,-0.0022734430746908,19,0.0212438743261293,16,0.9557124726216604,1.0208996277800162,1.0124699062451203,1.0074870904501316,0.1074085821396134,2.0,0.039890335272257,18.0,0.0996189056785081,Other Guided Missile and Space Vehicle Parts and Auxiliary Equipment Manufacturing,Manufacturing,Transportation Equipment Manufacturing,Aerospace Product and Parts Manufacturing,Aerospace Product and Parts Manufacturing,False,False,bottom,5,913,10
12,Florida,333993,6,33,Mfg-metals,24,-0.0027091136693604,23,0.0021483139377425,24,0.0017376407991215,24,-0.0011017375260835,23,0.0731993243443869,0.076763279722931,0.07603060722599,0.0718226531308059,0.004857427607103,2.0,0.0021483139377425,24.0,0.0075250926486207,-0.0011460880006454,23,-0.00133192350086,24,0.0020783527152491,24,0.000440559087364,23,0.9986076438888316,0.9988967420338334,1.0018496871805558,1.0006459268967791,0.0034102762161092,3.0,0.0020783527152491,24.0,0.0031629500915359,Packaging Machinery Manufacturing,Manufacturing,Machinery Manufacturing,Other General Purpose Machinery Manufacturing,All Other General Purpose Machinery Manufacturing,False,False,bottom,6,913,10
12,Florida,331210,6,33,Mfg-metals,24,0.0032083400698705,23,0.002263955121587,24,-0.0025259378558739,24,-0.0021566858812717,23,0.082991411686073,0.0826803331626885,0.0778413443961301,0.0780542313413195,0.0057342779257444,1.0,0.0032083400698705,23.0,0.0088835029885094,0.0028876317245449,23,-0.0062692760981381,24,0.0041201235400857,24,-0.0027128633096452,23,0.9997657821565248,0.995026025800732,1.0028248216412157,1.0023833704015277,0.0103893996382239,3.0,0.0041201235400857,24.0,0.0096359210968007,Iron and Steel Pipe and Tube Manufacturing from Purchased Steel,Manufacturing,Primary Metal Manufacturing,Steel Product Manufacturing from Purchased Steel,Iron and Steel Pipe and Tube Manufacturing from Purchased Steel,False,False,bottom,7,913,10
12,Florida,622110,6,62,Healthcare,24,-0.0031339344535402,23,-0.0005627034966223,24,0.0011468074950587,24,0.0026825879631491,23,0.0731492262433964,0.0744591902579002,0.0768945612656487,0.0770363172832797,0.0058165224166894,4.0,0.0026825879631491,23.0,0.0090109155748122,-0.0093464003651711,23,-0.0027415503899319,24,0.0008350858731143,24,0.0111003633645674,23,0.9927944920367624,0.9951349755800272,1.0029585599031554,1.0091119724800552,0.0204467637297386,4.0,0.0111003633645674,23.0,0.0189638871200809,General Medical and Surgical Hospitals,Health Care and Social Assistance,Hospitals,General Medical and Surgical Hospitals,General Medical and Surgical Hospitals,False,False,bottom,8,913,10
12,Florida,327410,6,32,Mfg-chem,14,0.0007777563081847,8,0.0044220019477524,9,-0.0018190577538245,9,-0.0003978450210207,8,0.070595657528036,0.0752334859997218,0.0710273105759026,0.0704592506597326,0.006241059701577,2.0,0.0044220019477524,9.0,0.0096686057474668,-0.022132530014842,8,-0.0036672198727396,9,0.0009377992221882,9,0.0225671188641457,8,0.9878776357132104,0.9926045917723934,1.0046659875770552,1.014851784937341,0.0446996488789877,4.0,0.0225671188641457,8.0,0.0414578613443592,Lime Manufacturing,Manufacturing,Nonmetallic Mineral Product Manufacturing,Lime and Gypsum Product Manufacturing,Lime Manufacturing,False,False,bottom,9,913,10
12,Florida,311119,6,31,Mfg-food,24,-0.0001516695931242,23,0.0016023861386158,24,0.0027401064116325,24,-0.003732187669716,23,0.1221626621444018,0.1244629496225905,0.1235584648235475,0.1171737672012394,0.0064722940813485,3.0,0.0027401064116325,24.0,0.0100268324205279,0.0182588827795106,23,-0.0100807242466306,24,-0.0036408716536656,24,-0.0065055031326082,23,1.0145706960110614,0.993562550539168,0.9927158535605356,0.9991508998892348,0.0283396070261413,1.0,0.0182588827795106,23.0,0.0262843115798094,Other Animal Food Manufacturing,Manufacturing,Food Manufacturing,Animal Food Manufacturing,Animal Food Manufacturing,False,False,bottom,10,913,10
13,Georgia,922120,6,92,Public admin,24,0.0013331180957933,23,0.0010444130616918,23,-0.0021219403797112,23,-0.0006606902562073,22,0.0458415624391488,0.0434321699744678,0.0384637619554121,0.0384444086807279,0.0034550584755046,1.0,0.0013331180957933,23.0,0.0053525522637857,0.0067265826045786,23,-0.0016932868651338,24,0.0033177701725515,24,-0.0085598901139227,23,1.005187659996415,1.0011418565245216,1.000482626782896,0.9931878566961676,0.0152864727185013,1.0,0.0067265826045786,23.0,0.0141778399227173,Police Protection,Public Administration,"Justice, Public Order, and Safety Activities","Justice, Public Order, and Safety Activities",Police Protection,False,False,bottom,1,880,9
13,Georgia,485111,6,48,Transportation,24,6.273342604504347e-05,17,0.0005103508398521,19,-0.0041786850126671,20,-0.0010150348706433,19,0.04821110051131,0.0496551604760045,0.046173175742777,0.0533659952491253,0.0046890358525192,2.0,0.0005103508398521,19.0,0.0072642213280366,-0.0022227067853409,17,-2.977370544011178e-06,19,0.001126002707017,20,0.0030482483319123,19,0.997931904331114,1.000795546475607,1.001551201417924,0.999699665833642,0.0052709551172532,4.0,0.0030482483319123,19.0,0.0048886855240187,Mixed Mode Transit Systems,Transportation and Warehousing,Transit and Ground Passenger Transportation,Urban Transit Systems,Urban Transit Systems,False,False,bottom,2,880,9
13,Georgia,325910,6,32,Mfg-chem,24,-0.0020448579739468,23,0.0027036376166827,24,-0.0008296659009181,24,0.0003070195016326,23,0.0601669005215289,0.0630172449937412,0.0604603142325881,0.0595627152732713,0.0047484955906296,2.0,0.0027036376166827,24.0,0.0073563359356715,0.0123889256889182,23,-0.0024951873744585,24,-0.0005522107208883,24,-0.0089108728331274,23,1.0084100850250088,1.0001241040602482,0.996828497844405,0.994637313070338,0.0212997985220456,1.0,0.0123889256889182,23.0,0.0197550566041438,Printing Ink Manufacturing,Manufacturing,Chemical Manufacturing,Other Chemical Product and Preparation Manufacturing,Printing Ink Manufacturing,False,False,bottom,3,880,9
13,Georgia,336411,6,33,Mfg-metals,24,-0.0029873990273855,23,-0.0003248206617711,24,0.0024306798379495,24,0.000556050906779,23,0.0425116269275254,0.0447890910715281,0.047716196539073,0.045781942330719,0.005418078865335,3.0,0.0024306798379495,24.0,0.0083936496304258,-0.0037698973156913,23,-0.0001738931764099,24,0.002244203225581,24,0.001481214792111,23,0.9955992580069236,0.9991072605677584,1.0029630494814128,1.0023304319439053,0.0060141005412724,3.0,0.002244203225581,24.0,0.0055779352322454,Aircraft Manufacturing,Manufacturing,Transportation Equipment Manufacturing,Aerospace Product and Parts Manufacturing,Aerospace Product and Parts Manufacturing,False,False,bottom,4,880,9
13,Georgia,311821,6,31,Mfg-food,24,0.0010817440959188,22,-0.0020514377475045,23,-0.0019180482527233,23,0.0035465661761721,23,0.0719777728887875,0.0697231091845745,0.0693525331655632,0.074026074765957,0.0055980039236767,4.0,0.0035465661761721,23.0,0.0086723882639877,0.0249897111136251,23,-0.0069158372419579,24,0.0065461781869612,24,-0.0233025303880795,23,1.0157959362504274,1.0005315342371714,0.9990988067078316,0.9845737228045692,0.0482922415017047,1.0,0.0249897111136251,23.0,0.0447899055674041,Cookie and Cracker Manufacturing,Manufacturing,Food Manufacturing,Bakeries and Tortilla Manufacturing,"Cookie, Cracker, and Pasta Manufacturing",False,False,bottom,5,880,9
13,Georgia,339112,6,33,Mfg-metals,24,-0.003606565663007,23,0.0026286746034358,24,0.0025058320787277,24,-0.0010700989796844,23,0.0725371479151547,0.0783449118950569,0.0788953266680876,0.0744340772836627,0.0062352402664428,2.0,0.0026286746034358,24.0,0.0096595903195306,-0.0039129029915116,23,0.0047995365689153,24,0.0041502524764423,24,-0.0054112540847571,23,0.9953571019411628,1.0046353213747838,1.004314467670574,0.9956931090134796,0.0102107906536724,2.0,0.0047995365689153,24.0,0.0094702655110837,Surgical and Medical Instrument Manufacturing,Manufacturing,Miscellaneous Manufacturing,Medical Equipment and Supplies Manufacturing,Medical Equipment and Supplies Manufacturing,False,False,bottom,6,880,9
13,Georgia,621511,6,62,Healthcare,24,0.0002539543332257,23,-0.0021270764094684,24,0.0044769995267735,24,-0.0017475432013114,23,0.0920290239562668,0.0920851588712486,0.0963954466051674,0.0917517352855392,0.006604075936242,3.0,0.0044769995267735,24.0,0.0102309879422757,-0.0100890395007292,23,-0.003057813554741,24,0.0002155111349034,24,0.0131148389581149,23,0.992392330640052,0.9944781337035774,1.002679563876585,1.0104499717797857,0.0232038784588441,4.0,0.0131148389581149,23.0,0.021521045465087,Medical Laboratories,Health Care and Social Assistance,Ambulatory Health Care Services,Medical and Diagnostic Laboratories,Medical and Diagnostic Laboratories,False,False,bottom,7,880,9
13,Georgia,522130,6,52,Finance,24,-0.0030297253784038,23,0.0024662394315862,24,0.0036964294831506,24,-0.0034381307293401,23,0.0634776026869688,0.068922709650886,0.0694353377516306,0.0625551068860739,0.0071345602124908,3.0,0.0036964294831506,24.0,0.0110528104479928,-0.0135106105832106,23,-0.0021660698487719,24,0.0037193550355535,24,0.0119035947804396,23,0.9885470775764784,0.9952560743552388,1.0062972108315429,1.00989963723674,0.0254142053636503,4.0,0.0119035947804396,23.0,0.0235710711060767,Credit Unions,Finance and Insurance,Credit Intermediation and Related Activities,Depository Credit Intermediation,Credit Unions,False,False,bottom,8,880,9
13,Georgia,522180,6,52,Finance,24,0.0006678455711386,23,-0.0047016476372104,24,0.0025134814153331,24,-0.0001664948184571,23,0.0759722277119818,0.0706784118078693,0.0747878911781778,0.07387040771782,0.0072151290525436,3.0,0.0025134814153331,24.0,0.0111776271277314,-0.0203144560153107,23,0.006386255327403,24,-0.007620464344178,24,0.0205290751535134,23,0.9887071530499484,1.0000818182293263,0.9986839727538984,1.0125270559668265,0.0408435311688242,4.0,0.0205290751535134,23.0,0.0378814038695302,Savings Institutions and Other Depository Credit Intermediation,Finance and Insurance,Credit Intermediation and Related Activities,Depository Credit Intermediation,Savings Institutions and Other Depository Credit Intermediation,False,False,bottom,9,880,9
15,Hawaii,516120,6,51,Information,24,0.0016642818452294,23,-0.0013306809957361,24,0.0025181733995676,24,-0.0018702968150834,23,0.0966514890299666,0.0956021038409734,0.0972140806434525,0.0937897106467962,0.0043884702146511,3.0,0.0025181733995676,24.0,0.0067985871580818,-0.0110232900988158,23,-0.0020247805184303,24,-0.0310869161786285,24,0.0393866981057328,23,1.006337599161127,0.9897254471424024,0.9771628561605388,1.026774097535932,0.0704736142843614,4.0,0.0393866981057328,23.0,0.0653626013337729,Television Broadcasting Stations,Information,Broadcasting and Content Providers,Radio and Television Broadcasting Stations,Television Broadcasting Stations,False,False,bottom,1,536,6
15,Hawaii,561599,6,56,Admin/waste,24,-0.0031719870759987,22,-0.0020178950323134,23,0.0019904500807279,23,-0.0004648060973549,23,0.1904886297771399,0.1802336572627973,0.1862982506839139,0.1845295552744089,0.0051624371567267,3.0,0.0019904500807279,23.0,0.0079976112953786,0.0153932367773938,23,-0.009587543724863,24,-0.0024355099020008,24,-0.0041139176455897,23,1.0137979608475385,0.9941999399236496,0.9937770064494869,0.9982250927793256,0.0249807805022569,1.0,0.0153932367773938,23.0,0.0231690798543,All Other Travel Arrangement and Reservation Services,Administrative and Support and Waste Management and Remediation Services,Administrative and Support Services,Travel Arrangement and Reservation Services,Other Travel Arrangement and Reservation Services,False,False,bottom,2,536,6
15,Hawaii,516110,6,51,Information,24,-4.479678250011213e-05,23,-0.0016749330751634,24,-0.0010880570393867,24,0.0038783051629956,23,0.0994028268642148,0.0973104482563389,0.0985679357987899,0.1020015374200145,0.0055532382381591,4.0,0.0038783051629956,23.0,0.0086030375791712,0.0060357849131336,23,-0.0007234162302341,24,0.0039346967460487,24,-0.008742379190123,23,1.0042305690140727,1.0019983390231395,1.001212941492675,0.9925581504701128,0.0147781641032567,1.0,0.0060357849131336,23.0,0.0137063957700349,Radio Broadcasting Stations,Information,Broadcasting and Content Providers,Radio and Television Broadcasting Stations,Radio Broadcasting Stations,False,False,bottom,3,536,6
15,Hawaii,221112,6,22,Utilities,24,-0.0042355864440707,23,0.0018633592432668,24,0.0008449777238978,24,0.0014283757144459,23,0.0226946584976314,0.0267366021791508,0.0270518273741366,0.0256770971213266,0.0060989456873375,2.0,0.0018633592432668,24.0,0.0094484437172072,-0.0076877798748682,23,0.0049491884253704,24,-0.002533401387886,24,0.0054343294994088,23,0.9948785599641856,1.0023975746174705,1.000018212420014,1.0027056529983298,0.0131221093742771,4.0,0.0054343294994088,23.0,0.0121704443911197,Fossil Fuel Electric Power Generation,Utilities,Utilities,"Electric Power Generation, Transmission and Distribution",Electric Power Generation,False,False,bottom,4,536,6
15,Hawaii,424480,6,42,Wholesale,24,-0.0046146005607685,23,0.001549183341104,24,0.0015227166371999,24,0.0014029269146199,23,0.1204727489431838,0.1246251004210709,0.1256790852167497,0.1236876367380288,0.0061637839018726,2.0,0.001549183341104,24.0,0.0095488906226503,-0.0049292085876108,23,-0.0054850857971512,24,0.006136981043578,24,0.0044259166687061,23,0.9935672669093631,0.9944163301871626,1.0062355650592645,1.00578083784421,0.0116220668407293,3.0,0.006136981043578,24.0,0.0107791906133814,Fresh Fruit and Vegetable Merchant Wholesalers,Wholesale Trade,"Merchant Wholesalers, Nondurable Goods",Grocery and Related Product Merchant Wholesalers,Fresh Fruit and Vegetable Merchant Wholesalers,False,False,bottom,5,536,6
15,Hawaii,423830,6,42,Wholesale,24,0.0031308953554906,23,-0.0009704336839464,24,-0.003247754784648,24,0.0015501094215458,23,0.0704066757562562,0.0663963648005624,0.0643269212127615,0.0687529871942568,0.0063786501401387,1.0,0.0031308953554906,23.0,0.0098817598861363,0.0029344324284511,23,-0.0057866652898195,24,0.0076465218005921,24,-0.0047960185151222,23,0.9999060840422072,0.9967308699911136,1.005128986519659,0.99823405944702,0.0134331870904117,3.0,0.0076465218005921,24.0,0.012458961575175,Industrial Machinery and Equipment Merchant Wholesalers,Wholesale Trade,"Merchant Wholesalers, Durable Goods","Machinery, Equipment, and Supplies Merchant Wholesalers",Industrial Machinery and Equipment Merchant Wholesalers,False,False,bottom,6,536,6
16,Idaho,524126,6,52,Finance,24,-0.0021463739627192,23,-0.0022878777731928,24,0.0030059285384942,24,0.0006180549745203,23,0.0601500672652349,0.0606086932048151,0.065643074690781,0.0646655990997585,0.005293806311687,3.0,0.0030059285384942,24.0,0.0082011274652958,-0.0091396312075113,23,0.0053986169276437,24,-0.0024728458132547,24,0.0066533820400672,23,0.9945783980695708,1.0027671343464155,1.0001586367679731,1.00249583081604,0.0157930132475786,4.0,0.0066533820400672,23.0,0.0146476442175258,Direct Property and Casualty Insurance Carriers,Finance and Insurance,Insurance Carriers and Related Activities,Insurance Carriers,"Direct Insurance (except Life, Health, and Medical) Carriers",False,False,bottom,1,647,7
16,Idaho,561599,6,56,Admin/waste,24,-0.0025626359049362,23,0.0016518509955937,24,0.0001566073966892,24,0.0034190972285306,23,0.0784785468175647,0.0820940830180256,0.082405917227299,0.0824045366431938,0.0059817331334668,4.0,0.0034190972285306,23.0,0.0092668588540239,-0.0374729315261635,23,0.0229616328461572,24,-0.0063755774425651,24,0.0206505207157539,23,0.9723531933696952,1.0116208381552008,1.0049652172483914,1.011060751226713,0.0604345643723208,2.0,0.0229616328461572,24.0,0.0560516212764301,All Other Travel Arrangement and Reservation Services,Administrative and Support and Waste Management and Remediation Services,Administrative and Support Services,Travel Arrangement and Reservation Services,Other Travel Arrangement and Reservation Services,False,False,bottom,2,647,7
16,Idaho,561421,6,56,Admin/waste,24,0.0011205900926631,23,-0.0053419798784579,24,0.001778314609457,24,0.0019210542465734,23,0.2124286587907435,0.2071762403430625,0.2126077816522974,0.2144826937426181,0.0072630341250313,4.0,0.0019210542465734,23.0,0.011251841328738,0.0102837115570122,23,-0.0026769513165124,24,-0.008512771889336,24,0.0044789598407779,23,1.009079575752023,0.9975119833043832,0.9912982934897684,1.0021101474538254,0.0187964834463482,1.0,0.0102837115570122,23.0,0.0174332914021291,Telephone Answering Services,Administrative and Support and Waste Management and Remediation Services,Administrative and Support Services,Business Support Services,Telephone Call Centers,False,False,bottom,3,647,7
16,Idaho,424480,6,42,Wholesale,24,-0.0007879557982783,23,-0.0028367998272833,24,-0.0010038751534817,24,0.0045820332694296,23,0.2573726311960173,0.2527355774114404,0.2537721232814303,0.2568164194583838,0.007418833096713,4.0,0.0045820332694296,23.0,0.0114932039987138,-0.0112713390028336,23,-0.0225533312855042,24,0.0260928305235341,24,0.0063737487383928,23,0.9863159875044634,0.9815829413904948,1.021956557847535,1.0101445132575069,0.0486461618090384,3.0,0.0260928305235341,24.0,0.0451181582359679,Fresh Fruit and Vegetable Merchant Wholesalers,Wholesale Trade,"Merchant Wholesalers, Nondurable Goods",Grocery and Related Product Merchant Wholesalers,Fresh Fruit and Vegetable Merchant Wholesalers,False,False,bottom,4,647,7
16,Idaho,449210,6,44,Retail-gen,24,-0.002826053644733,23,0.0037963605750107,24,0.0028565871835084,24,-0.0040418634969627,23,0.1985683505470564,0.204028594093661,0.201896116490244,0.1940504645198102,0.0078382240719734,2.0,0.0037963605750107,24.0,0.0121429215447284,-0.0032876403245831,23,-0.0096403506485532,24,-0.0228995980704542,24,0.0366087826447487,23,1.0030901946755106,0.9837565148864656,0.9837035363945272,1.0294497540434968,0.0595083807152029,4.0,0.0366087826447487,23.0,0.0551926079597896,Electronics and Appliance Retailers,Retail Trade,"Furniture, Home Furnishings, Electronics, and Appliance Retailers",Electronics and Appliance Retailers,Electronics and Appliance Retailers,False,False,bottom,5,647,7
16,Idaho,336320,6,33,Mfg-metals,24,0.006334118389032,16,0.0002392481243107,18,-0.0019616882993136,18,1.1431795524501425e-05,16,0.0565972427960517,0.0543039623929465,0.0505423921646991,0.0506738179577889,0.0082958066883456,1.0,0.006334118389032,16.0,0.0128518053122525,0.0008137700775768,18,0.0001657017352195,19,0.0009457167708736,19,-0.0021991137169031,18,0.999558931365114,1.0003339177805488,1.0007775007255444,0.9993296501287928,0.0031448304877768,3.0,0.0009457167708736,19.0,0.0029167554910045,Motor Vehicle Electrical and Electronic Equipment Manufacturing,Manufacturing,Transportation Equipment Manufacturing,Motor Vehicle Parts Manufacturing,Motor Vehicle Electrical and Electronic Equipment Manufacturing,False,False,bottom,6,647,7
16,Idaho,311213,6,31,Mfg-food,24,0.0015321794468141,11,-0.0068710260872826,12,-0.0002515621263444,11,0.0009321279755275,8,0.0386758304740494,0.0363456468412259,0.0418609877797182,0.0394406534094277,0.0084032055340968,1.0,0.0015321794468141,11.0,0.0130181868479137,-0.0039951257532979,19,-0.0130209920365618,20,0.0042344202732901,20,0.0134269598924825,19,0.9965106788923808,0.9874709392305192,1.0040487670475091,1.0123936295156892,0.0264479519290444,4.0,0.0134269598924825,19.0,0.0245298464622174,Malt Manufacturing,Manufacturing,Food Manufacturing,Grain and Oilseed Milling,Flour Milling and Malt Manufacturing,False,False,bottom,7,647,7
17,Illinois,524292,6,52,Finance,24,0.0010328808280552,23,-0.0021927884405925,24,0.0001496715808743,24,0.0012510698617841,23,0.1189042474148383,0.1157376213692363,0.1169565722048194,0.1178761798786538,0.0034438583023767,4.0,0.0012510698617841,23.0,0.0053352010344344,-0.0079151282553388,23,0.0046370194209613,24,-0.0032856790167895,24,0.0064917547423168,23,0.9950285543408628,1.0018846445289855,0.9994666958751862,1.0036201052549654,0.0144068829976557,4.0,0.0064917547423168,23.0,0.0133620413739309,Pharmacy Benefit Management and Other Third Party Administration of Insurance and Pension Funds,Finance and Insurance,Insurance Carriers and Related Activities,"Agencies, Brokerages, and Other Insurance Related Activities",Other Insurance Related Activities,False,False,bottom,1,897,9
17,Illinois,325130,6,32,Mfg-chem,24,-0.0015189039519067,23,0.0025805020538338,24,0.0004128739508952,24,-0.0017925686891952,23,0.0613428428648287,0.0638764999786788,0.0612491529848613,0.0577960580892531,0.0043730707430291,2.0,0.0025805020538338,24.0,0.0067747304050699,0.0207485943932183,23,-0.0025128071864891,24,-0.0014321712955589,24,-0.0166412523032078,23,1.0153427724949389,1.0021240598799708,0.9939309616379812,0.9886022059871092,0.0373898466964261,1.0,0.0207485943932183,23.0,0.0346781936525669,Synthetic Dye and Pigment Manufacturing,Manufacturing,Chemical Manufacturing,Basic Chemical Manufacturing,Synthetic Dye and Pigment Manufacturing,False,False,bottom,2,897,9
17,Illinois,313220,6,31,Mfg-food,24,0.0003034165008143,21,-0.0004905830632275,23,-0.0013245788392428,23,0.0030729684984425,21,0.1085245422410895,0.1025519691921806,0.1020977665938914,0.1052501752280831,0.0043975473376853,4.0,0.0030729684984425,21.0,0.0068126493731759,0.0114701141737902,23,0.0046359683713958,24,0.0009167912625909,24,-0.016513915196328,23,1.0080834540738504,1.0076360501502095,0.9979167094837772,0.9863637862921628,0.0279840293701182,1.0,0.0114701141737902,23.0,0.0259545217597492,Narrow Fabric Mills and Schiffli Machine Embroidery,Manufacturing,Textile Mills,Fabric Mills,Narrow Fabric Mills and Schiffli Machine Embroidery,False,False,bottom,3,897,9
17,Illinois,486210,6,48,Transportation,24,-3.858780441886681e-05,21,0.0031639966737063,24,-0.00204526484298,22,-0.0009707122527685,21,0.0372184352068509,0.0388796630870491,0.0342128976198346,0.0357361096558341,0.0052092615166863,2.0,0.0031639966737063,24.0,0.0080701512641459,-0.0034859431103579,23,0.0014741739524937,24,-0.0064190328199652,24,0.0082730234087525,23,0.9997093451295188,0.9992376113890116,0.9958175297435168,1.0052355137379527,0.0146920562287177,4.0,0.0082730234087525,23.0,0.0136265327641093,Pipeline Transportation of Natural Gas,Transportation and Warehousing,Pipeline Transportation,Pipeline Transportation of Natural Gas,Pipeline Transportation of Natural Gas,False,False,bottom,4,897,9
17,Illinois,486110,6,48,Transportation,24,-0.0002224819860702,23,-0.0040144436991607,24,0.0012081060599571,24,0.000314827884346,23,0.0496845275272253,0.0432182419189113,0.0447808437089188,0.0439272333790121,0.0052225497591178,3.0,0.0012081060599571,24.0,0.0080907373157605,-0.0045261785787573,23,0.0038408073088288,24,-0.0015030819541888,24,0.0024175083191073,23,0.9969944133962462,1.0023379177895146,0.9999998075651252,1.0006678612491138,0.0083669858875862,2.0,0.0038408073088288,24.0,0.0077601804375877,Pipeline Transportation of Crude Oil,Transportation and Warehousing,Pipeline Transportation,Pipeline Transportation of Crude Oil,Pipeline Transportation of Crude Oil,False,False,bottom,5,897,9
17,Illinois,423840,6,42,Wholesale,24,-0.0030648299283329,23,-0.0017862408414222,24,0.0028948630620734,24,0.0019426930699038,23,0.0635942830445025,0.0645478640555394,0.0690739267494206,0.067810263319155,0.0059596929904063,3.0,0.0028948630620734,24.0,0.0092327144195753,-0.0065290518096004,23,0.004084664682561,24,-0.0007937963256301,24,0.0033602547886434,23,0.995555454735432,1.0023385508191618,1.0009523175377693,1.001153676907637,0.0106137164921614,2.0,0.004084664682561,24.0,0.0098439696444061,Industrial Supplies Merchant Wholesalers,Wholesale Trade,"Merchant Wholesalers, Durable Goods","Machinery, Equipment, and Supplies Merchant Wholesalers",Industrial Supplies Merchant Wholesalers,False,False,bottom,6,897,9
17,Illinois,326220,6,32,Mfg-chem,24,-0.002412364191292,23,0.0036238551000902,24,-0.0019369214731157,24,0.001098233645704,23,0.0693223705865026,0.0732799841532709,0.0699898875198586,0.0705736338326778,0.0060362192913823,2.0,0.0036238551000902,24.0,0.009351268426239,0.0038649719133471,23,-0.0084954933993966,24,0.0094555060700017,24,-0.0052790387572385,23,0.9989265615067364,0.9942985291261828,1.0066614835444223,1.0001134258226585,0.0179509994693983,3.0,0.0094555060700017,24.0,0.016649125119746,Rubber and Plastics Hoses and Belting Manufacturing,Manufacturing,Plastics and Rubber Products Manufacturing,Rubber Product Manufacturing,Rubber and Plastics Hoses and Belting Manufacturing,False,False,bottom,7,897,9
17,Illinois,333993,6,33,Mfg-metals,24,-0.0028852943323762,23,-0.0001806548192154,24,-5.4778105263160286e-05,24,0.0031690773220696,23,0.0721453599395195,0.0740201420172504,0.0762562337334122,0.0786018816601002,0.0060543716544458,4.0,0.0031690773220696,23.0,0.0093793899392894,-3.386376720811942e-05,23,-0.0013636928995044,24,0.0077280051883511,24,-0.0066686448148593,23,0.998544225268461,1.0007270505860997,1.0056372617027471,0.9950914624426924,0.0143966500032104,3.0,0.0077280051883511,24.0,0.0133525505149311,Packaging Machinery Manufacturing,Manufacturing,Machinery Manufacturing,Other General Purpose Machinery Manufacturing,All Other General Purpose Machinery Manufacturing,False,False,bottom,8,897,9
17,Illinois,517112,6,51,Information,24,-0.0021104442278115,23,-0.002359099720049,24,0.0007811687732499,24,0.0037293313397827,23,0.1161011067208416,0.115231522077135,0.1190801368735265,0.1213664141234183,0.0060884310598317,4.0,0.0037293313397827,23.0,0.0094321545303069,-0.0038482799192052,23,0.0012679286654471,24,-0.0023940829078704,24,0.006510545524833,23,0.9963518340846312,0.9992538457243674,0.9996200000332092,1.004774320157792,0.0103588254440382,4.0,0.006510545524833,23.0,0.0096075642587706,Wireless Telecommunications Carriers (except Satellite),Information,Telecommunications,Wired and Wireless Telecommunications (except Satellite),Wired and Wireless Telecommunications Carriers (except Satellite),False,False,bottom,9,897,9
18,Indiana,335931,6,33,Mfg-metals,24,-0.0002542787068363,23,0.0015599704132889,24,0.0014112044933485,24,-0.0008758675836685,23,0.1008925937241589,0.102508405459243,0.1010042763677491,0.0966777382895581,0.0024358379969575,2.0,0.0015599704132889,24.0,0.0037735830745748,0.0139799413794314,23,-0.0061404769752936,24,0.0005576239559564,24,-0.0072927890894488,23,1.009262699949722,0.9971329643265991,0.9972841826540636,0.996320153069615,0.0212727304688802,1.0,0.0139799413794314,23.0,0.0197299516285313,Current-Carrying Wiring Device Manufacturing,Manufacturing,"Electrical Equipment, Appliance, and Component Manufacturing",Other Electrical Equipment and Component Manufacturing,Wiring Device Manufacturing,False,False,bottom,1,836,9
18,Indiana,333517,6,33,Mfg-metals,24,-0.003224887275598,23,0.002616344737571,24,0.0007539669764156,24,0.0003941056400088,23,0.0926630734943911,0.0977423762348473,0.0975889895001613,0.0959276688126441,0.0058412320131691,2.0,0.002616344737571,24.0,0.0090491955077026,0.0301048877801538,23,-0.0040998029448528,24,0.0024998421995524,24,-0.0281311787578482,23,1.0211958107161303,1.0037987480270416,0.9946012912276584,0.98040415002917,0.0582360665380021,1.0,0.0301048877801538,23.0,0.0540125668170135,Machine Tool Manufacturing,Manufacturing,Machinery Manufacturing,Metalworking Machinery Manufacturing,Metalworking Machinery Manufacturing,False,False,bottom,2,836,9
18,Indiana,325510,6,32,Mfg-chem,24,-0.0033956564806261,23,0.002460229822045,24,0.0042206239785844,24,-0.0027970344491522,23,0.0709384289477449,0.0774250311654738,0.0789911737391126,0.0721160683555824,0.0076162804592106,3.0,0.0042206239785844,24.0,0.0117990880625027,0.0018310595654958,23,0.0023701864961877,24,6.884853116821225e-06,24,-0.0043588486612422,23,1.0020696658449493,1.00306237006221,0.9993147012870948,0.9955532628057462,0.00672903515743,2.0,0.0023701864961877,24.0,0.0062410200870546,Paint and Coating Manufacturing,Manufacturing,Chemical Manufacturing,"Paint, Coating, and Adhesive Manufacturing",Paint and Coating Manufacturing,False,False,bottom,3,836,9
18,Indiana,331315,6,33,Mfg-metals,24,-0.0037436138090027,23,0.0012217709955272,23,0.0040184513720614,23,-0.0003390126835842,22,0.0598719667552805,0.0650555092404686,0.0677955097346022,0.0612719093077402,0.0077620651810641,3.0,0.0040184513720614,23.0,0.0120249367271533,-0.0111997246389494,23,0.0086790080523528,23,-0.000904511537411,23,0.0038526698321454,22,0.9916764476529089,1.005602986757519,1.002171509757423,1.0005261785058095,0.0198787326913022,2.0,0.0086790080523528,23.0,0.0184370518401318,"Aluminum Sheet, Plate, and Foil Manufacturing",Manufacturing,Primary Metal Manufacturing,Alumina and Aluminum Production and Processing,Alumina and Aluminum Production and Processing,False,False,bottom,4,836,9
18,Indiana,621492,6,62,Healthcare,24,-0.0036711967701567,23,-0.0040108496619518,24,0.0037381491186497,24,0.0040210551179627,23,0.0900232749335386,0.0900443369710377,0.0980870983324405,0.0986535614565439,0.0080319047799145,4.0,0.0040210551179627,23.0,0.0124429703337986,-0.0091807084800204,23,-0.0061447971348189,24,0.0039615176657759,24,0.0115589629642893,23,0.9922958558815206,0.99260766071428,1.0052090598166772,1.0098874235875226,0.0207396714443098,4.0,0.0115589629642893,23.0,0.0192355520597823,Kidney Dialysis Centers,Health Care and Social Assistance,Ambulatory Health Care Services,Outpatient Care Centers,Other Outpatient Care Centers,False,False,bottom,5,836,9
18,Indiana,423490,6,42,Wholesale,24,-0.0057067115201767,23,0.0024659296176465,24,6.304441466842917e-06,24,0.001801047000732,23,0.0812868702490439,0.0853501709328248,0.0844816123813125,0.0836004449468666,0.0081726411378232,2.0,0.0024659296176465,24.0,0.0126609981085705,-0.0160632731387395,23,0.001538481864913,24,0.0004633714546144,24,0.0146147390583585,23,0.9876395918128672,0.9975728029540736,1.0044290503654538,1.0103585548676055,0.030678012197098,4.0,0.0146147390583585,23.0,0.0284531267668573,Other Professional Equipment and Supplies Merchant Wholesalers,Wholesale Trade,"Merchant Wholesalers, Durable Goods",Professional and Commercial Equipment and Supplies Merchant Wholesalers,Other Professional Equipment and Supplies Merchant Wholesalers,False,False,bottom,6,836,9
18,Indiana,485113,6,48,Transportation,24,-0.0051802077447809,23,0.0031001509520763,24,0.0004366234065462,24,0.0020893457530697,23,0.0556369741935557,0.0613518400310846,0.0608664039644607,0.0595077210847444,0.0082803586968573,2.0,0.0031001509520763,24.0,0.0128278733926055,-0.0042785467379041,23,-0.0076696157319158,24,0.0011414594067959,24,0.0097781692818434,23,0.9960219279661336,0.9913848467257276,1.0020869969491526,1.0105062283589863,0.0174477850137593,4.0,0.0097781692818434,23.0,0.0161824056789549,Bus and Other Motor Vehicle Transit Systems,Transportation and Warehousing,Transit and Ground Passenger Transportation,Urban Transit Systems,Urban Transit Systems,False,False,bottom,7,836,9
18,Indiana,324110,6,32,Mfg-chem,24,0.003863142148776,23,-0.0046125641206474,24,0.0033204855537186,24,-0.0001995031574884,23,0.0534783894520233,0.0487357424006169,0.0532182235905054,0.0510597336729565,0.0084757062694234,1.0,0.003863142148776,23.0,0.0131305044766166,-0.0153411809484886,23,0.005037045247554,24,0.0028443330782036,24,0.0065925164917985,23,0.988474611197215,1.002143360006027,1.0057380183197309,1.0036440104770274,0.0219336974402871,4.0,0.0065925164917985,23.0,0.0203429827762249,Petroleum Refineries,Manufacturing,Petroleum and Coal Products Manufacturing,Petroleum and Coal Products Manufacturing,Petroleum Refineries,False,False,bottom,8,836,9
18,Indiana,622110,6,62,Healthcare,24,-0.0029453491295011,23,-0.0037300004434151,24,0.0020317257299583,24,0.0050086952215198,23,0.0615819923301207,0.0602324540547372,0.066342916666184,0.0683899278177141,0.008738695664935,4.0,0.0050086952215198,23.0,0.0135379257964805,-0.0148834289837219,23,0.0022909339444057,24,0.0006884786272937,24,0.0121047463491823,23,0.9889770509701324,0.998846110476881,1.0041333020948184,1.0080435364581684,0.0269881753329042,4.0,0.0121047463491823,23.0,0.0250308908223831,General Medical and Surgical Hospitals,Health Care and Social Assistance,Hospitals,General Medical and Surgical Hospitals,General Medical and Surgical Hospitals,False,False,bottom,9,836,9
19,Iowa,311920,6,31,Mfg-food,23,-1.5689823729969324e-05,9,-0.0027069867488886,10,0.0003693517159834,9,0.0022692737352364,8,0.1243012461531096,0.1275044461251141,0.1186368286490521,0.1193926839659751,0.004976260484125,4.0,0.0022692737352364,8.0,0.0077091877050217,-0.0082949663602532,10,-0.0176826219000743,11,0.0210965163269679,11,-0.0013062696467221,10,0.9864144345865208,0.9848210284044218,1.0185928660224717,1.0101716709865856,0.0387791382270423,3.0,0.0210965163269679,11.0,0.0359667285088273,Coffee and Tea Manufacturing,Manufacturing,Food Manufacturing,Other Food Manufacturing,Coffee and Tea Manufacturing,False,False,bottom,1,738,8
19,Iowa,334513,6,33,Mfg-metals,24,-0.0033261765571941,23,0.0020756992302374,24,0.0020406581082347,24,0.0011767636018654,23,0.0597140191317608,0.0655531101767603,0.0672408027612849,0.0648471791293399,0.0054018757874316,2.0,0.0020756992302374,24.0,0.0083685479362209,-0.0018074429272284,23,0.005058093153616,24,-0.000376622212971,24,-0.0038764716377637,23,0.9999675270200972,1.0049217280893246,0.9997597428513202,0.995351002039258,0.0089345647913797,2.0,0.005058093153616,24.0,0.0082865963734076,"Instruments and Related Products Manufacturing for Measuring, Displaying, and Controlling Industrial Process Variables",Manufacturing,Computer and Electronic Product Manufacturing,"Navigational, Measuring, Electromedical, and Control Instruments Manufacturing","Navigational, Measuring, Electromedical, and Control Instruments Manufacturing",False,False,bottom,2,738,8
19,Iowa,311111,6,31,Mfg-food,24,-0.0014695501109687,23,-0.0008053452645728,24,0.0037658427641646,24,-0.0021937247037508,23,0.0618989350191015,0.0643574961253876,0.0684267477608193,0.0649643138679217,0.0059595674679155,3.0,0.0037658427641646,24.0,0.0092325199610164,-0.0204857586186294,23,0.0045280482885202,24,-0.0048683384138223,24,0.0218941474137421,23,0.9873682130500364,0.998694673167258,1.0009650367074396,1.012972077075266,0.0423799060323716,4.0,0.0218941474137421,23.0,0.0393063550193332,Dog and Cat Food Manufacturing,Manufacturing,Food Manufacturing,Animal Food Manufacturing,Animal Food Manufacturing,False,False,bottom,3,738,8
19,Iowa,424950,6,42,Wholesale,24,0.0034207611174817,14,-0.0006632942438173,15,-0.0006741050253684,16,-0.0027563375477625,14,0.0995539598727065,0.0921655583354294,0.096297415622715,0.0964336968993048,0.0061770986652443,1.0,0.0034207611174817,14.0,0.0095695177603188,-0.018293621909067,23,-0.0299094630956375,24,0.0652868647159349,24,-0.0211888778283069,23,0.9739746026753237,0.9831776927014486,1.0521997089188488,0.990647995704379,0.0951963278115725,3.0,0.0652868647159349,24.0,0.0882923302057426,"Paint, Varnish, and Supplies Merchant Wholesalers",Wholesale Trade,"Merchant Wholesalers, Nondurable Goods",Miscellaneous Nondurable Goods Merchant Wholesalers,"Paint, Varnish, and Supplies Merchant Wholesalers",False,False,bottom,4,738,8
19,Iowa,331315,6,33,Mfg-metals,24,0.0012364644431264,23,-0.0023257424003351,24,0.003587736191601,24,-0.0026530451170192,23,0.034834342836597,0.0337921962312749,0.037401534426623,0.033835400238769,0.0062407813086202,3.0,0.003587736191601,24.0,0.0096681744630584,-0.0012616029460927,23,0.0004621125240072,24,-0.0033008178333487,24,0.004050180822213,23,0.9997043097893212,0.9992632765093312,0.9978980181813272,1.0031343955200205,0.0073509986555618,4.0,0.004050180822213,23.0,0.0068178764408172,"Aluminum Sheet, Plate, and Foil Manufacturing",Manufacturing,Primary Metal Manufacturing,Alumina and Aluminum Production and Processing,Alumina and Aluminum Production and Processing,False,False,bottom,5,738,8
19,Iowa,333120,6,33,Mfg-metals,24,-0.0028100549875286,23,-0.0031961558432455,24,0.0024678604178803,24,0.0035059917875266,23,0.0578178712438646,0.0570490160923135,0.0626724726272535,0.0633602083264328,0.0067021476307722,4.0,0.0035059917875266,23.0,0.0103829199209362,-0.0141571197179793,23,0.0152844186897083,24,-0.003378972440169,24,0.0018518189592752,23,0.9904998965368657,1.010991393388607,1.0009140528609322,0.9975946572135952,0.0294415384076877,2.0,0.0152844186897083,24.0,0.0273063267314457,Construction Machinery Manufacturing,Manufacturing,Machinery Manufacturing,"Agriculture, Construction, and Mining Machinery Manufacturing",Construction Machinery Manufacturing,False,False,bottom,6,738,8
19,Iowa,423110,6,42,Wholesale,24,-0.0050378939744017,23,0.0007033204266173,24,0.0025663517069595,24,0.0022122179554212,23,0.0885352200852368,0.0927483171754977,0.0955547734125239,0.093228526235631,0.0076042456813612,3.0,0.0025663517069595,24.0,0.0117804438693931,-0.0018587332092661,23,0.0020072042861882,24,-0.0018254083843687,24,0.0011585115400764,23,0.9997755938956812,1.001323932789959,0.9988578631118604,1.0000426102024995,0.0038659374954543,2.0,0.0020072042861882,24.0,0.0035855650921644,Automobile and Other Motor Vehicle Merchant Wholesalers,Wholesale Trade,"Merchant Wholesalers, Durable Goods",Motor Vehicle and Motor Vehicle Parts and Supplies Merchant Wholesalers,Automobile and Other Motor Vehicle Merchant Wholesalers,False,False,bottom,7,738,8
19,Iowa,423510,6,42,Wholesale,24,-0.0049896828791976,23,-0.002280709606725,24,0.0024139295898025,24,0.002715741666839,23,0.0683205744162794,0.0704976064460451,0.0772360576892609,0.0791466497528716,0.0077054245460366,4.0,0.002715741666839,23.0,0.0119371894541655,0.0011628982662171,23,0.0053920542515348,24,0.0011968279114503,24,-0.0056489972897647,23,0.9998296332643748,1.00573420797681,1.0008546741861757,0.99358148457264,0.0110410515412995,2.0,0.0053920542515348,24.0,0.0102403127401363,Metal Service Centers and Other Metal Merchant Wholesalers,Wholesale Trade,"Merchant Wholesalers, Durable Goods",Metal and Mineral (except Petroleum) Merchant Wholesalers,Metal Service Centers and Other Metal Merchant Wholesalers,False,False,bottom,8,738,8
20,Kansas,221111,6,22,Utilities,24,0.0013213417091004,9,0.000557919947392,10,0.0017266827311387,10,-0.0028698582494495,9,0.0274140048684031,0.0286420575435239,0.0273416874790401,0.0225784469660295,0.0045965409805882,3.0,0.0017266827311387,10.0,0.0071209289236815,-0.0158608971188709,14,0.0053849669732132,15,-0.0047587325900076,15,0.0136839815181328,14,0.98768435917607,0.9996935091685674,1.0009327252146385,1.0116894064407245,0.0295448786370037,4.0,0.0136839815181328,14.0,0.0274021723366289,Hydroelectric Power Generation,Utilities,Utilities,"Electric Power Generation, Transmission and Distribution",Electric Power Generation,False,False,bottom,1,752,8
20,Kansas,325412,6,32,Mfg-chem,24,-0.0018947774057139,23,-0.002260063055711,24,0.0042165334983255,24,-0.0004330687365135,23,0.0484039856273801,0.0485351349986527,0.0531864104813475,0.0494046189673911,0.0064765965540366,3.0,0.0042165334983255,24.0,0.0100334977809232,-0.0135616156958119,23,0.0028781957183963,24,-0.0008456978912573,24,0.0110974742528933,23,0.9905492404468402,0.999446043236924,1.002586454590215,1.0074182617260208,0.0246590899487052,4.0,0.0110974742528933,23.0,0.0228707195159215,Pharmaceutical Preparation Manufacturing,Manufacturing,Chemical Manufacturing,Pharmaceutical and Medicine Manufacturing,Pharmaceutical and Medicine Manufacturing,False,False,bottom,2,752,8
20,Kansas,311511,6,31,Mfg-food,24,-0.0005838265310375,21,-9.179727876552882e-05,23,0.0042189234499506,22,-0.0027816704216812,21,0.0774538011764057,0.0811860338314018,0.0851018610439288,0.079065952989883,0.0070005938716318,3.0,0.0042189234499506,22.0,0.0108452707359678,-0.0461589292350349,21,0.0073924793975746,23,0.000641585664107,22,0.0377946965516562,21,0.9695884003897448,0.9973866473471974,1.0103999355095008,1.0236534266059911,0.0839536257866912,4.0,0.0377946965516562,21.0,0.0778649914374826,Fluid Milk Manufacturing,Manufacturing,Food Manufacturing,Dairy Product Manufacturing,Dairy Product (except Frozen) Manufacturing,False,False,bottom,3,752,8
20,Kansas,335910,6,33,Mfg-metals,24,-0.0040355075130764,23,-0.0037316866557483,24,0.0038284763842829,24,0.002641100933483,23,0.0783889741939979,0.0771879703088889,0.0834503397352766,0.0820557563930983,0.0078639838973594,3.0,0.0038284763842829,24.0,0.0121828284848459,0.0078805255763694,23,-0.0064705016058596,24,0.0056406290141139,24,-0.0077352372726856,23,1.0040362970422858,0.9967551404129402,1.002414986995314,0.99679357554946,0.0156157628490551,1.0,0.0078805255763694,23.0,0.0144832486880416,Battery Manufacturing,Manufacturing,"Electrical Equipment, Appliance, and Component Manufacturing",Other Electrical Equipment and Component Manufacturing,Battery Manufacturing,False,False,bottom,4,752,8
20,Kansas,523150,6,52,Finance,24,-0.0049275095752522,23,0.0030964221377196,24,-0.0009309385099699,24,0.0033206052981478,23,0.0757955611571122,0.0819022734463326,0.0818161414601138,0.0835918864938349,0.0082481148734,4.0,0.0033206052981478,23.0,0.0127779214883287,0.0025152493208041,23,0.0049634149874808,24,-0.0004978915808231,24,-0.0063507502819652,23,1.0025953020062168,1.0056625517959452,0.9988029716107124,0.9929391745871256,0.011314165269446,2.0,0.0049634149874808,24.0,0.0104936192281445,Investment Banking and Securities Intermediation,Finance and Insurance,"Securities, Commodity Contracts, and Other Financial Investments and Related Activities",Securities and Commodity Contracts Intermediation and Brokerage,Investment Banking and Securities Intermediation,False,False,bottom,5,752,8
20,Kansas,334511,6,33,Mfg-metals,24,-0.0046393902560061,23,0.0017433807179464,24,0.0037424528164388,24,-0.0003266011537526,23,0.0475455045065346,0.0527772919458265,0.0545223179492255,0.0487824383197468,0.008381843072445,3.0,0.0037424528164388,24.0,0.0129850922727321,0.0093550533440135,23,0.0015992347410901,24,-0.0030928332017995,24,-0.0072884821753504,23,1.0065110859030677,1.0027386523081796,0.9957677492311112,0.9949825125576418,0.016643535519364,1.0,0.0093550533440135,23.0,0.0154364833985545,"Search, Detection, Navigation, Guidance, Aeronautical, and Nautical System and Instrument Manufacturing",Manufacturing,Computer and Electronic Product Manufacturing,"Navigational, Measuring, Electromedical, and Control Instruments Manufacturing","Navigational, Measuring, Electromedical, and Control Instruments Manufacturing",False,False,bottom,6,752,8
20,Kansas,423430,6,42,Wholesale,24,-0.0004329635393747,23,0.0053384929859837,24,-0.0033856843578576,24,-0.0014590342119903,23,0.0945538850292398,0.0980843295016363,0.0909377880020654,0.0905626152182098,0.0087241773438414,2.0,0.0053384929859837,24.0,0.0135154341156633,-0.0395752189795723,23,-0.0186306589776838,24,0.0177484481618695,24,0.0433592302809194,23,0.9646442046301708,0.9755002252863294,1.0236175638978562,1.0362380061856438,0.0829344492604918,4.0,0.0433592302809194,23.0,0.0769197294462086,Computer and Computer Peripheral Equipment and Software Merchant Wholesalers,Wholesale Trade,"Merchant Wholesalers, Durable Goods",Professional and Commercial Equipment and Supplies Merchant Wholesalers,Computer and Computer Peripheral Equipment and Software Merchant Wholesalers,False,False,bottom,7,752,8
20,Kansas,423490,6,42,Wholesale,24,-0.0048335312338274,23,0.0039788898425959,24,0.0042631779119076,24,-0.0026711421295999,23,0.0818257010541782,0.0905354202653457,0.0912873597913213,0.0835129434934816,0.009096709145735,3.0,0.0042631779119076,24.0,0.0140925577602253,-0.0422473320482253,23,0.0108473919291413,24,0.0025095734830924,24,0.029524524452202,23,0.9665537573509164,1.0005351688738109,1.0128217965384227,1.0200892772368495,0.0717718565004273,4.0,0.029524524452202,23.0,0.0665666901160084,Other Professional Equipment and Supplies Merchant Wholesalers,Wholesale Trade,"Merchant Wholesalers, Durable Goods",Professional and Commercial Equipment and Supplies Merchant Wholesalers,Other Professional Equipment and Supplies Merchant Wholesalers,False,False,bottom,8,752,8
21,Kentucky,322220,6,32,Mfg-chem,23,-0.0027505785274436,22,0.0011781407549348,23,0.001367935212614,23,0.0003425127012409,22,0.0778711729611288,0.0808666225544072,0.081505790637816,0.0794090882959966,0.0041185137400577,3.0,0.001367935212614,23.0,0.0063803724883582,-0.003650515624777,22,0.0016142826282508,23,0.0024505127213992,23,0.0001895973611983,22,0.9963548504690516,1.0012160703584012,1.0028487249912488,0.9995803541812982,0.0061010283461763,3.0,0.0024505127213992,23.0,0.0056585587040859,Paper Bag and Coated and Treated Paper Manufacturing,Manufacturing,Paper Manufacturing,Converted Paper Product Manufacturing,Paper Bag and Coated and Treated Paper Manufacturing,False,False,bottom,1,789,8
21,Kentucky,333415,6,33,Mfg-metals,23,-0.0007883526292491,22,0.0010138489884911,23,0.0043502353811848,23,0.0021749394808095,22,0.0658805075357265,0.07306324715059,0.0782182887884713,0.0746728596639829,0.005138588010434,3.0,0.0043502353811848,23.0,0.0079606643658596,0.0407584362164201,22,-0.0031317738455202,23,0.0078686133532269,23,-0.0492956568704692,22,1.038645284485917,1.0123728587675276,0.992363980740179,0.9566178760063764,0.0900540930868893,1.0,0.0407584362164201,22.0,0.0835230297847659,Air-Conditioning and Warm Air Heating Equipment and Commercial and Industrial Refrigeration Equipment Manufacturing,Manufacturing,Machinery Manufacturing,"Ventilation, Heating, Air-Conditioning, and Commercial Refrigeration Equipment Manufacturing","Ventilation, Heating, Air-Conditioning, and Commercial Refrigeration Equipment Manufacturing",False,False,bottom,2,789,8
21,Kentucky,522291,6,52,Finance,23,-0.0021959715916018,22,0.0026465105612974,23,-0.0020893378657759,23,0.0035789712094341,22,0.0889012306928037,0.0933029618013858,0.092411671787373,0.0956990575049122,0.0057749428010359,4.0,0.0035789712094341,22.0,0.0089465007269967,0.001415623716011,22,-0.0054068554114967,23,-0.0008223453926065,23,0.0077932327902581,22,0.9987375134365256,0.9938982006031426,0.999872598592754,1.007491687367578,0.0132000882017549,4.0,0.0077932327902581,22.0,0.0122427678992108,Consumer Lending,Finance and Insurance,Credit Intermediation and Related Activities,Nondepository Credit Intermediation,Other Nondepository Credit Intermediation,False,False,bottom,3,789,8
21,Kentucky,423930,6,42,Wholesale,23,0.0050661719648318,22,-0.0013443349678504,23,-0.0011798504206314,23,-0.0016928693708292,22,0.1560291217764148,0.1503625344923486,0.1473846171439834,0.146766400636881,0.0067590413356611,1.0,0.0050661719648318,22.0,0.0104710592479713,-0.0149285806337632,22,-0.0018677971161419,23,0.0117952612646884,23,0.0053220868170433,22,0.9845844460058372,0.9969254386407,1.013002025507847,1.005488089845616,0.0267238418984517,3.0,0.0117952612646884,23.0,0.024785727847974,Recyclable Material Merchant Wholesalers,Wholesale Trade,"Merchant Wholesalers, Durable Goods",Miscellaneous Durable Goods Merchant Wholesalers,Recyclable Material Merchant Wholesalers,False,False,bottom,4,789,8
21,Kentucky,311615,6,31,Mfg-food,23,0.0003483066075396,22,-0.0014891122475438,23,0.0035373119730098,23,-0.0037084754498855,22,0.1790637847288922,0.1758784353399295,0.1756713104460546,0.16838956160616,0.0072457874228953,3.0,0.0035373119730098,23.0,0.0112251228592201,-0.0073076585538273,22,-0.0075513721949975,23,0.0019153135410226,23,0.0126721246873778,22,0.9936336631977404,0.99096495338459,1.003398987961435,1.0120023954562347,0.0202234968823753,4.0,0.0126721246873778,22.0,0.0187568124286032,Poultry Processing,Manufacturing,Food Manufacturing,Animal Slaughtering and Processing,Animal Slaughtering and Processing,False,False,bottom,5,789,8
21,Kentucky,333924,6,33,Mfg-metals,23,-0.0027704179194801,19,-0.0005014631086827,20,-0.0034494997797632,20,0.0038023855400078,20,0.0409349342726942,0.0380462580370808,0.0357556362036173,0.0392889585167722,0.0072518853197711,4.0,0.0038023855400078,20.0,0.0112345696781258,-0.0148097621728802,19,-0.0033973986436864,20,0.0107379312120557,20,0.0083751552172823,20,0.983731351305732,0.9972188260176852,1.0118863902171489,1.007938130016304,0.025547693384936,3.0,0.0107379312120557,20.0,0.0236948780713748,"Industrial Truck, Tractor, Trailer, and Stacker Machinery Manufacturing",Manufacturing,Machinery Manufacturing,Other General Purpose Machinery Manufacturing,Material Handling Equipment Manufacturing,False,False,bottom,6,789,8
21,Kentucky,331491,6,33,Mfg-metals,23,-0.001617737808286,14,-0.0019272360549651,17,0.0057107477290139,15,0.0021943329029267,13,0.0584425378984452,0.0636485242358137,0.0721804629743718,0.0644200331970504,0.0076379837839791,3.0,0.0057107477290139,15.0,0.0118327107004246,0.0008579777292961,15,0.0082829887366537,17,-0.008752835087909,16,-0.0002478112676522,14,1.005022732830135,1.00421511876865,0.9935495608781088,0.9966691844878836,0.0170358238245627,2.0,0.0082829887366537,17.0,0.0158003214727186,"Nonferrous Metal (except Copper and Aluminum) Rolling, Drawing, and Extruding",Manufacturing,Primary Metal Manufacturing,Nonferrous Metal (except Aluminum) Production and Processing,"Nonferrous Metal (except Copper and Aluminum) Rolling, Drawing, Extruding, and Alloying",False,False,bottom,7,789,8
21,Kentucky,423830,6,42,Wholesale,23,-0.0015897162162197,22,-0.0042747704210432,23,0.0034129725938466,23,0.0021684496475628,22,0.0801689864144843,0.0781462919665382,0.0846731383606787,0.0843740395671259,0.0076877430148899,3.0,0.0034129725938466,23.0,0.0119097973506055,-0.0029921657336212,22,0.002105097444032,23,0.0037681937128814,23,-0.0024330102229916,22,0.9966508139439628,1.00224476666298,1.0036285244939334,0.9974758948991236,0.0067603594465027,3.0,0.0037681937128814,23.0,0.0062700726202546,Industrial Machinery and Equipment Merchant Wholesalers,Wholesale Trade,"Merchant Wholesalers, Durable Goods","Machinery, Equipment, and Supplies Merchant Wholesalers",Industrial Machinery and Equipment Merchant Wholesalers,False,False,bottom,8,789,8
22,Louisiana,424820,6,42,Wholesale,24,-0.0006649986257534,23,0.0022183193400022,24,0.0002807761633358,24,-0.0017451171007158,23,0.0786391064673041,0.0803493622642869,0.0776229793812651,0.0743350441715717,0.0039634364407181,2.0,0.0022183193400022,24.0,0.0061401278280936,-0.0085056427925855,23,0.0023301652979979,24,-0.0101684986628671,24,0.0159050566487551,23,0.9965920344967006,0.997804677242609,0.9943569893925218,1.0112462988681683,0.0260735553116222,4.0,0.0159050566487551,23.0,0.0241826025029884,Wine and Distilled Alcoholic Beverage Merchant Wholesalers,Wholesale Trade,"Merchant Wholesalers, Nondurable Goods","Beer, Wine, and Distilled Alcoholic Beverage Merchant Wholesalers",Wine and Distilled Alcoholic Beverage Merchant Wholesalers,False,False,bottom,1,765,8
22,Louisiana,522220,6,52,Finance,24,0.0008450168169401,23,-0.0027828754737503,24,-0.0010542512735816,24,0.002769407669073,23,0.1175722251165544,0.1129183140142471,0.1138301538594405,0.1168504962517971,0.0055522831428234,4.0,0.002769407669073,23.0,0.0086015579522018,0.0277629419242042,23,-0.014454884458033,24,0.0034993987860156,24,-0.01605436404618,23,1.0189144345623629,0.9930163933247598,0.9960281210032228,0.9920410511096543,0.0438173059703842,1.0,0.0277629419242042,23.0,0.0406395092794001,Sales Financing,Finance and Insurance,Credit Intermediation and Related Activities,Nondepository Credit Intermediation,Sales Financing,False,False,bottom,2,765,8
22,Louisiana,483113,6,48,Transportation,24,-0.0006823993915922,22,0.0030713874184379,23,-0.002663928833954,23,0.0034340997814278,22,0.1834603801432085,0.1598927335973296,0.155485465339123,0.1590569647783134,0.0060980286153818,4.0,0.0034340997814278,22.0,0.0094470229957903,-0.0417933745787803,23,-0.0176862988353586,24,-0.0042326963600828,24,0.046510611087032,23,0.993372656648344,0.9786936879273952,0.9993873168771632,1.0285463385470974,0.0883039856658123,4.0,0.046510611087032,23.0,0.0818998467705734,Coastal and Great Lakes Freight Transportation,Transportation and Warehousing,Water Transportation,"Deep Sea, Coastal, and Great Lakes Water Transportation","Deep Sea, Coastal, and Great Lakes Water Transportation",False,False,bottom,3,765,8
22,Louisiana,541380,6,54,Prof services,24,-0.0033603761105063,23,0.0028472446137413,24,0.0003096959226907,24,0.0012152618633986,23,0.1331431831136719,0.1380735292158718,0.137309386090589,0.1359258511199248,0.0062076207242476,2.0,0.0028472446137413,24.0,0.0096168023192263,-0.0078326665431233,23,0.0019149828950122,24,0.0036832294803921,24,0.0013004053827997,23,0.9937906976043628,1.0010729585899305,1.004525253785474,1.000611090020233,0.0115158960235155,3.0,0.0036832294803921,24.0,0.0106807197052366,Testing Laboratories and Services,"Professional, Scientific, and Technical Services","Professional, Scientific, and Technical Services","Architectural, Engineering, and Related Services",Testing Laboratories and Services,False,False,bottom,4,765,8
22,Louisiana,522130,6,52,Finance,24,-0.003118578032663,23,-0.0023839914529122,24,0.0034420469682042,24,0.0025928395469798,23,0.0719694217841288,0.0726566591764566,0.0781118794746088,0.0766830058363525,0.0065606250008673,3.0,0.0034420469682042,24.0,0.0101636740591237,-0.0069418427994898,23,-0.0014208195234919,24,0.0018301445968881,24,0.0064827796051946,23,0.9941260571200022,0.9972312477154714,1.0031780773579246,1.0054646178066016,0.0134246224046845,4.0,0.0064827796051946,23.0,0.0124510180328376,Credit Unions,Finance and Insurance,Credit Intermediation and Related Activities,Depository Credit Intermediation,Credit Unions,False,False,bottom,5,765,8
22,Louisiana,423420,6,42,Wholesale,24,-0.0026092473380152,23,-0.0025471012757345,24,0.0004385054735227,24,0.004124105144693,23,0.0862646859090071,0.0838322612209969,0.0864940390844558,0.0882788060008692,0.0067333524827082,4.0,0.004124105144693,23.0,0.0104312622578476,0.0148574944328559,23,0.0014179649589391,24,-0.0007344578476252,24,-0.013718782470817,23,1.0112478493698436,1.0049224287996787,0.9957610783116354,0.9880686435188424,0.0285762769036729,1.0,0.0148574944328559,23.0,0.0265038172630343,Office Equipment Merchant Wholesalers,Wholesale Trade,"Merchant Wholesalers, Durable Goods",Professional and Commercial Equipment and Supplies Merchant Wholesalers,Office Equipment Merchant Wholesalers,False,False,bottom,6,765,8
22,Louisiana,423310,6,42,Wholesale,24,0.0035791335168162,23,0.0006531861492614,24,0.0027289944784434,24,-0.0033682942032274,23,0.1275341692494495,0.1289061194726543,0.1289716973973362,0.1235792863651312,0.0069474277200436,1.0,0.0035791335168162,23.0,0.0107629061082609,0.0063279169557218,23,-0.0009230935076116,24,0.0015436667909641,24,-0.0092144726555881,23,1.0077149213191736,1.002163102529101,0.9984574707542516,0.991664505397474,0.01554238961131,1.0,0.0063279169557218,23.0,0.0144151967549032,"Lumber, Plywood, Millwork, and Wood Panel Merchant Wholesalers",Wholesale Trade,"Merchant Wholesalers, Durable Goods",Lumber and Other Construction Materials Merchant Wholesalers,"Lumber, Plywood, Millwork, and Wood Panel Merchant Wholesalers",False,False,bottom,7,765,8
22,Louisiana,326160,6,32,Mfg-chem,24,0.0003232530362996,23,0.0010109557650066,24,0.0033202289579366,24,-0.0037395175486909,23,0.0809717941299572,0.0842958511659228,0.0855979966718752,0.0802596842619543,0.0070597465066275,3.0,0.0033202289579366,24.0,0.0109369095816198,-0.0229539324324819,23,-0.0044685811365269,24,0.007349270657262,24,0.0172598545619358,23,0.9853470600111338,0.993096862419605,1.00978382710113,1.011772250468131,0.0402137869944178,4.0,0.0172598545619358,23.0,0.0372973311235532,Plastics Bottle Manufacturing,Manufacturing,Plastics and Rubber Products Manufacturing,Plastics Product Manufacturing,Plastics Bottle Manufacturing,False,False,bottom,8,765,8
23,Maine,516210,6,51,Information,24,7.41935847674828e-05,23,0.0009992829126686,24,-0.000315453998433,24,-0.0017577046189373,23,0.0838631053567148,0.0851810985395987,0.0845005258971452,0.0844508612515577,0.002756987531606,2.0,0.0009992829126686,24.0,0.0042711056724942,0.0129055814758558,23,-0.0065273308019635,24,0.0017106701819219,24,-0.0057396389239359,23,1.004037245471115,0.995388641082382,0.9997946982975762,1.0007794151489264,0.0194329122778194,1.0,0.0129055814758558,23.0,0.0180235640085676,"Media Streaming Distribution Services, Social Networks, and Other Media Networks and Content Providers",Information,Broadcasting and Content Providers,"Media Streaming Distribution Services, Social Networks, and Other Media Networks and Content Providers","Media Streaming Distribution Services, Social Networks, and Other Media Networks and Content Providers",False,False,bottom,1,587,6
23,Maine,221210,6,22,Utilities,24,0.0028128223193117,10,0.0014725126491293,8,-0.000603898122726,8,0.0014471050248822,11,0.0666777937848438,0.0622839226499704,0.0609550859073364,0.0890438540265935,0.0034167204420377,1.0,0.0028128223193117,10.0,0.0052931592522703,-0.0330370914011542,22,0.0152110307647709,23,0.0146760330958784,23,0.0081474115491906,22,0.957257839281958,1.0104918172373731,1.019395246623276,1.0141003911849198,0.0482481221659252,2.0,0.0152110307647709,23.0,0.0447489859326592,Natural Gas Distribution,Utilities,Utilities,Natural Gas Distribution,Natural Gas Distribution,False,False,bottom,2,587,6
23,Maine,423720,6,42,Wholesale,24,-0.0013019496255576,23,0.0009323563062517,24,-0.002244043505302,24,0.0018332924574003,23,0.0576868908747503,0.0562317645213476,0.0529119255554413,0.0540801736001391,0.0040773359627023,4.0,0.0018332924574003,23.0,0.0063165801656048,-0.0062976631838053,23,0.0003319308176604,24,-0.0014253847264173,24,0.0088905510931629,23,0.9937918072716764,0.9977874049994132,1.0011191410918296,1.0073016466370803,0.0151882142769682,4.0,0.0088905510931629,23.0,0.0140867075548542,Plumbing and Heating Equipment and Supplies (Hydronics) Merchant Wholesalers,Wholesale Trade,"Merchant Wholesalers, Durable Goods","Hardware, and Plumbing and Heating Equipment and Supplies Merchant Wholesalers",Plumbing and Heating Equipment and Supplies (Hydronics) Merchant Wholesalers,False,False,bottom,3,587,6
23,Maine,524126,6,52,Finance,24,0.0009891000168025,22,-0.000297772669863,22,0.0023191924761502,22,-0.002766357033644,22,0.0447324836150262,0.0448965437824966,0.0459230111032735,0.0422813353044416,0.0050855495097943,3.0,0.0023191924761502,22.0,0.0078784974941034,-0.0009854069558059,22,0.0026418849379298,22,0.0001860095681125,22,-0.0020793348114941,22,0.9996846475899828,1.002742210369184,1.0001371379891553,0.9974360040516776,0.004721219749424,2.0,0.0026418849379298,22.0,0.004378819043473,Direct Property and Casualty Insurance Carriers,Finance and Insurance,Insurance Carriers and Related Activities,Insurance Carriers,"Direct Insurance (except Life, Health, and Medical) Carriers",False,False,bottom,4,587,6
23,Maine,423830,6,42,Wholesale,24,-0.004819633619156,23,0.0011527290649868,24,0.001798928505615,24,0.0018579840307255,23,0.0590317590899002,0.062808542794353,0.0642798683688321,0.062153336932081,0.0066776176498816,4.0,0.0018579840307255,23.0,0.0103449182472518,0.0074519250201858,23,0.0018766425064487,24,-0.0002418592308803,24,-0.0094607797874678,23,1.0056482822456518,1.0036787835113727,0.9979559997641956,0.9927169344787796,0.0169127048076536,1.0,0.0074519250201858,23.0,0.0156861315123972,Industrial Machinery and Equipment Merchant Wholesalers,Wholesale Trade,"Merchant Wholesalers, Durable Goods","Machinery, Equipment, and Supplies Merchant Wholesalers",Industrial Machinery and Equipment Merchant Wholesalers,False,False,bottom,5,587,6
23,Maine,334513,6,33,Mfg-metals,24,-0.0057878334807966,14,0.0024573935755953,17,-0.0009111602914964,17,-0.0022417668074914,16,0.0686125192726396,0.0754311940486462,0.077076786673191,0.082342067302585,0.008245227056392,2.0,0.0024573935755953,17.0,0.0127734477025524,0.0139210186102585,23,0.0115259330716403,24,0.0026783073544282,24,-0.0273887688137512,23,1.006934942639713,1.014730349736354,0.9994738906897144,0.9788608169342184,0.0413097874240097,1.0,0.0139210186102585,23.0,0.0383138454582941,"Instruments and Related Products Manufacturing for Measuring, Displaying, and Controlling Industrial Process Variables",Manufacturing,Computer and Electronic Product Manufacturing,"Navigational, Measuring, Electromedical, and Control Instruments Manufacturing","Navigational, Measuring, Electromedical, and Control Instruments Manufacturing",False,False,bottom,6,587,6
24,Maryland,221210,6,22,Utilities,24,0.0009824999646292,23,-0.003248994249492,24,0.0020306814914672,24,-0.0006392673958036,23,0.0574190138865361,0.0532493514638474,0.0555776775401429,0.0538446406335038,0.0052796757409593,3.0,0.0020306814914672,24.0,0.0081792364846153,-0.0014248116477566,23,0.0024483229664058,24,-0.0039057492260572,24,0.0029872653331447,23,1.0000910618440133,1.0011767605057245,0.997365813234624,1.001366364415638,0.006893014559202,4.0,0.0029872653331447,23.0,0.006393107082646,Natural Gas Distribution,Utilities,Utilities,Natural Gas Distribution,Natural Gas Distribution,False,False,bottom,1,790,8
24,Maryland,488991,6,48,Transportation,24,-0.0025252055207398,23,0.0027984374689942,24,-0.001019286085017,24,0.000216106826611,23,0.1766150620457179,0.179928800299074,0.1776456636144416,0.1774010990998433,0.005323642989734,2.0,0.0027984374689942,24.0,0.0082473502368513,0.0024340559806137,23,0.0041396725782025,24,-0.0136129191866327,24,0.0082095423720739,23,1.004708989373331,1.0011716959737686,0.9893550574178012,1.0047642572350992,0.0218224615587066,4.0,0.0082095423720739,23.0,0.020239814141331,Packing and Crating,Transportation and Warehousing,Support Activities for Transportation,Other Support Activities for Transportation,Other Support Activities for Transportation,False,False,bottom,2,790,8
24,Maryland,311991,6,31,Mfg-food,24,-0.0009174328827586,23,0.0023474804684109,24,0.0017514166635747,24,-0.0036618433641798,23,0.1874189264864632,0.1938223063820766,0.1955307253408683,0.1937363109725103,0.0060093238325907,2.0,0.0023474804684109,24.0,0.0093096021708454,0.0220346534146658,23,-0.017887874427663,24,0.0022278982461954,24,-0.0107065922727982,23,1.014031016360294,0.9875317637745002,0.9968082600440322,1.0016289598211734,0.0399225278423289,1.0,0.0220346534146658,23.0,0.03702719518635,Perishable Prepared Food Manufacturing,Manufacturing,Food Manufacturing,Other Food Manufacturing,All Other Food Manufacturing,False,False,bottom,3,790,8
24,Maryland,332111,6,33,Mfg-metals,24,-0.0117434378128157,7,-0.0054747518628635,11,-0.006242273687977,12,-0.0080850705006662,10,0.1462101293410294,0.1377630129481458,0.1497277248487932,0.147492817206159,0.0062686859499522,2.0,-0.0054747518628635,11.0,0.0097114041369381,0.0646903473832442,13,-0.0217027156484087,17,-0.0023614002163952,16,-0.0643275993232406,16,1.0680672075238316,0.992392518129672,0.9762343264476574,0.9605738944334804,0.1290179467064849,1.0,0.0646903473832442,13.0,0.119661077427517,Iron and Steel Forging,Manufacturing,Fabricated Metal Product Manufacturing,Forging and Stamping,Forging and Stamping,False,True,bottom,4,790,8
24,Maryland,332321,6,33,Mfg-metals,24,-0.0047817574299108,23,0.0027168030992328,24,0.0017199390126802,24,0.0010637559388207,23,0.0892116568448305,0.0941622306118842,0.0936791981804722,0.0897562877236997,0.0074985605291437,2.0,0.0027168030992328,24.0,0.0116167171756885,0.0028808253492357,23,-0.0014541005829862,24,-0.0032754177889524,24,-0.0003031653058865,23,1.004085764832782,0.9988160150982904,0.9964544665297712,1.0006437535391566,0.0061562431381881,1.0,0.0028808253492357,23.0,0.0057097691106281,Metal Window and Door Manufacturing,Manufacturing,Fabricated Metal Product Manufacturing,Architectural and Structural Metals Manufacturing,Ornamental and Architectural Metal Products Manufacturing,False,False,bottom,5,790,8
24,Maryland,333514,6,33,Mfg-metals,24,-0.0036545893986558,23,0.0032406119877312,24,0.0039375359591173,24,-0.0025465183360462,23,0.0846202850025348,0.0907972092460057,0.0904929095140141,0.0823135378637878,0.0075921253577731,3.0,0.0039375359591173,24.0,0.0117616671494276,0.0003158804802952,23,0.013460862156856,24,0.0040422126877328,24,-0.019277523082757,23,0.999722780768832,1.0147158599757111,1.002787214868878,0.9827741443865792,0.032738385239613,2.0,0.013460862156856,24.0,0.0303640737665863,"Special Die and Tool, Die Set, Jig, and Fixture Manufacturing",Manufacturing,Machinery Manufacturing,Metalworking Machinery Manufacturing,Metalworking Machinery Manufacturing,False,False,bottom,6,790,8
24,Maryland,323117,6,32,Mfg-chem,24,-0.0034442241496458,23,-0.001499705235873,24,0.0046526960904517,24,0.0009819102887724,23,0.0706267558812658,0.072872697001854,0.0781180485941882,0.0740580080056189,0.0080969202400976,3.0,0.0046526960904517,24.0,0.0125436918269517,0.0442151497618947,23,-0.0079556519707295,24,0.0052119682513746,24,-0.0404052128986347,23,1.0304362492338093,1.0039270871909982,0.9933292290896466,0.9723074344855456,0.0846203626605295,1.0,0.0442151497618947,23.0,0.0784833740324688,Books Printing,Manufacturing,Printing and Related Support Activities,Printing and Related Support Activities,Printing,False,False,bottom,7,790,8
24,Maryland,423460,6,42,Wholesale,24,-0.0059677988820235,23,0.0008688468023103,23,-0.001088285293846,23,0.0031582052859274,22,0.1177354084402621,0.1242262066635278,0.1210287355418777,0.1212135304260808,0.009126004167951,4.0,0.0031582052859274,22.0,0.0141379414023811,0.0080248175095071,23,0.0046383109519288,24,-4.695299856056582e-05,24,-0.0125842719467787,23,1.0048497263796334,1.0062392354122864,0.998352122541082,0.9905589156669984,0.0206090894562858,1.0,0.0080248175095071,23.0,0.0191144403712269,Ophthalmic Goods Merchant Wholesalers,Wholesale Trade,"Merchant Wholesalers, Durable Goods",Professional and Commercial Equipment and Supplies Merchant Wholesalers,Ophthalmic Goods Merchant Wholesalers,False,False,bottom,8,790,8
25,Massachusetts,334513,6,33,Mfg-metals,14,3.675187222849636e-05,13,-0.0035592248125003,14,0.001905953540463,14,-0.0006138536802841,13,0.0462656323867409,0.0449655150379298,0.0507838473141192,0.0527902725093825,0.0054651783529633,3.0,0.001905953540463,14.0,0.0084666158250403,0.0012914736469783,13,0.0076792282817572,14,0.0006670987164228,14,-0.0068169207051285,13,1.0013824666673758,1.0083624167430234,0.9999839102551568,0.9902712063344442,0.0144961489868857,2.0,0.0076792282817572,14.0,0.01344483345613,"Instruments and Related Products Manufacturing for Measuring, Displaying, and Controlling Industrial Process Variables",Manufacturing,Computer and Electronic Product Manufacturing,"Navigational, Measuring, Electromedical, and Control Instruments Manufacturing","Navigational, Measuring, Electromedical, and Control Instruments Manufacturing",False,False,bottom,1,776,8
25,Massachusetts,517111,6,51,Information,14,0.0036494191517657,13,-0.0014785564592782,14,-0.0018499077875323,14,-0.0012518226015616,13,0.0509499392332766,0.0463397742851551,0.04468672225559,0.0467334858010896,0.0054993269392981,1.0,0.0036494191517657,13.0,0.0085195185745558,0.0224983071721764,13,-0.0022824834107476,14,0.0032472746880032,14,-0.0233224574485989,13,1.016618149352504,1.0043393246027548,0.9966254666745008,0.9824170593702404,0.0458207646207754,1.0,0.0224983071721764,13.0,0.0424976695339009,Wired Telecommunications Carriers,Information,Telecommunications,Wired and Wireless Telecommunications (except Satellite),Wired and Wireless Telecommunications Carriers (except Satellite),False,False,bottom,2,776,8
25,Massachusetts,488410,6,48,Transportation,14,0.003931904904839,13,-0.0016194696454451,14,0.0005154333127766,14,-0.0016294628311074,13,0.1553743758498908,0.1520919730514142,0.152048509543828,0.1509741794106885,0.0055613677359465,1.0,0.003931904904839,13.0,0.008615631739905,-0.0115237734916314,13,-0.0063833964939222,14,0.0044869743936898,14,0.0142938113215579,13,0.9895587557641504,0.9916318468920244,1.0064717310077431,1.012337666336082,0.0258175848131893,4.0,0.0142938113215579,13.0,0.0239451959528608,Motor Vehicle Towing,Transportation and Warehousing,Support Activities for Transportation,Support Activities for Road Transportation,Motor Vehicle Towing,False,False,bottom,3,776,8
25,Massachusetts,331420,6,33,Mfg-metals,14,0.0014971911446226,13,0.0009787486125465,14,-0.0045137489936564,14,0.0014889485050552,13,0.0642401370394541,0.061792061221968,0.0573864881793888,0.0620084131241226,0.0060109401382791,1.0,0.0014971911446226,13.0,0.0093121061402376,0.0145237855801243,13,-0.0029909764429301,14,-0.0020542715762661,14,-0.0096529503486511,13,1.011277777874844,1.000083525656596,0.994871226324208,0.9937674701443522,0.0241767359287755,1.0,0.0145237855801243,13.0,0.022423347633174,"Copper Rolling, Drawing, Extruding, and Alloying",Manufacturing,Primary Metal Manufacturing,Nonferrous Metal (except Aluminum) Production and Processing,"Copper Rolling, Drawing, Extruding, and Alloying",False,False,bottom,4,776,8
25,Massachusetts,336412,6,33,Mfg-metals,14,-0.0043945708318566,13,6.401065284108731e-05,13,0.0011628116350034,13,0.0017432934247592,13,0.0497943543585909,0.0529374018784754,0.0545719073216548,0.0565858513294556,0.0061378642566159,4.0,0.0017432934247592,13.0,0.0095087360907144,0.0296324756157998,13,0.0460100977529926,14,-0.0399990298070294,14,-0.0357395714394473,13,1.0468828775539705,1.0483047136686396,0.9577063542773236,0.9471060545000662,0.086009127560022,2.0,0.0460100977529926,14.0,0.0797714204508858,Aircraft Engine and Engine Parts Manufacturing,Manufacturing,Transportation Equipment Manufacturing,Aerospace Product and Parts Manufacturing,Aerospace Product and Parts Manufacturing,False,False,bottom,5,776,8
25,Massachusetts,339991,6,33,Mfg-metals,14,-0.0003423275953242,13,-0.0024039625061221,14,0.0037631722758672,14,0.0004297089671819,13,0.0474096814150726,0.0477536794626201,0.0529056025224118,0.0505311810304692,0.0061671347819893,3.0,0.0037631722758672,14.0,0.0095540817825342,0.010130181151193,13,0.00191590503574,14,-0.0024799700520986,14,-0.0094274292045372,13,1.0082211932406993,1.003829646098607,0.9956062888850344,0.9923428717756588,0.0195576103557303,1.0,0.010130181151193,13.0,0.0181392185104169,"Gasket, Packing, and Sealing Device Manufacturing",Manufacturing,Miscellaneous Manufacturing,Other Miscellaneous Manufacturing,All Other Miscellaneous Manufacturing,False,False,bottom,6,776,8
25,Massachusetts,339910,6,33,Mfg-metals,14,0.0026747359088882,13,-4.395015591197573e-05,14,0.0020139202213548,14,-0.0038855406154881,13,0.0686109824511413,0.0694656637808708,0.0704082454224241,0.0673229866212678,0.0065602765243763,1.0,0.0026747359088882,13.0,0.0101631342017975,0.0277815034302605,13,-0.0038195328058089,14,-0.0031577394301921,14,-0.0212662068372539,13,1.0210288281115725,1.0021374967546512,0.990885231009348,0.9859484441244286,0.0490477102675145,1.0,0.0277815034302605,13.0,0.0454905848820835,Jewelry and Silverware Manufacturing,Manufacturing,Miscellaneous Manufacturing,Other Miscellaneous Manufacturing,Jewelry and Silverware Manufacturing,False,False,bottom,7,776,8
25,Massachusetts,423850,6,42,Wholesale,14,-0.002666613834607,13,-0.003229088913242,14,0.0037327189452281,14,0.0023575611277054,13,0.0685555716302543,0.0683694564360781,0.074641519068386,0.0734481438102377,0.0069618078584702,3.0,0.0037327189452281,14.0,0.0107851837174634,-0.0049768466855196,13,-0.0008751233020342,14,0.0010623734026686,14,0.005555147883569,13,0.9950163867270844,0.9978177967412168,1.0023694533594176,1.0047963631722812,0.0105319945690887,4.0,0.005555147883569,13.0,0.0097681745041643,Service Establishment Equipment and Supplies Merchant Wholesalers,Wholesale Trade,"Merchant Wholesalers, Durable Goods","Machinery, Equipment, and Supplies Merchant Wholesalers",Service Establishment Equipment and Supplies Merchant Wholesalers,False,False,bottom,8,776,8
26,Michigan,333515,6,33,Mfg-metals,22,-0.0013130989281542,21,0.0009703175481914,21,9.698117054526348e-05,20,-0.0002710676961046,21,0.0678563197285375,0.0692021067743986,0.0706935056001682,0.0691367305389848,0.0022834164763457,2.0,0.0009703175481914,21.0,0.0035374527280164,0.0205702937749752,21,0.0028378657026929,21,-0.0032598422221657,20,-0.0209652975065622,21,1.0159432407071305,1.007208902385489,0.9936149169999888,0.9835369914788208,0.0415355912815375,1.0,0.0205702937749752,21.0,0.0385232731663675,Cutting Tool and Machine Tool Accessory Manufacturing,Manufacturing,Machinery Manufacturing,Metalworking Machinery Manufacturing,Metalworking Machinery Manufacturing,False,True,bottom,1,864,9
26,Michigan,423720,6,42,Wholesale,22,-0.0031592988256119,21,-0.0007376898017909,21,0.001418518283614,20,0.0015726912455867,21,0.0586109076896924,0.0601193542800121,0.0656637205860701,0.0634210587505967,0.0047319900711987,4.0,0.0015726912455867,21.0,0.0073307657011817,-0.0016890881057933,21,0.0033172676639825,21,0.0003478406096942,20,-0.0035354620030807,21,0.997959294365766,1.0034289070488942,1.002619216114247,0.9958678578942238,0.0068527296670632,2.0,0.0033172676639825,21.0,0.006355743803192,Plumbing and Heating Equipment and Supplies (Hydronics) Merchant Wholesalers,Wholesale Trade,"Merchant Wholesalers, Durable Goods","Hardware, and Plumbing and Heating Equipment and Supplies Merchant Wholesalers",Plumbing and Heating Equipment and Supplies (Hydronics) Merchant Wholesalers,False,False,bottom,2,864,9
26,Michigan,488410,6,48,Transportation,22,0.0019672290221342,21,-0.0025708432267839,21,0.0003803517917944,20,0.0022150606001018,21,0.1776825563714394,0.1719305187384348,0.1759588465252192,0.1795001359601757,0.0047859038268857,4.0,0.0022150606001018,21.0,0.0074142885118947,0.0048457631029762,21,-0.0141130104571735,21,0.0017557113984054,20,0.0073233558463897,21,1.0030675334779413,0.9879977544165978,1.0004667018733957,1.0084457863333325,0.0214363663035632,4.0,0.0073233558463897,21.0,0.0198817199738179,Motor Vehicle Towing,Transportation and Warehousing,Support Activities for Transportation,Support Activities for Road Transportation,Motor Vehicle Towing,False,False,bottom,3,864,9
26,Michigan,333519,6,33,Mfg-metals,22,3.723021590783513e-05,21,0.0015664417562062,21,-0.0037296235935856,20,0.0024047698182778,21,0.0743708285342207,0.0737779763853667,0.070831228736095,0.0748892202512591,0.0061343934118635,4.0,0.0024047698182778,21.0,0.0095033590824615,0.0088455664224464,21,-0.0011925408714054,21,0.0045956228370697,20,-0.0130036244688195,21,1.0051593417206353,1.0020028298687795,1.002112511879215,0.9906247207275982,0.021849190891266,1.0,0.0088455664224464,21.0,0.0202646049616365,Rolling Mill and Other Metalworking Machinery Manufacturing,Manufacturing,Machinery Manufacturing,Metalworking Machinery Manufacturing,Metalworking Machinery Manufacturing,False,False,bottom,4,864,9
26,Michigan,325414,6,32,Mfg-chem,22,-0.0046762728522039,21,2.026193443581156e-05,21,0.0021540156303748,20,0.0011808971758566,21,0.0472138295142035,0.0504506222459007,0.0567742587670494,0.0533295824869143,0.0068302884825788,3.0,0.0021540156303748,20.0,0.0105814348263374,-0.0063402675917497,21,0.000884998482839,21,-0.005028855797173,20,0.0106377500959557,21,0.9965646162234868,0.9980769013497544,0.9977335426848556,1.0077328662807188,0.0169780176877054,4.0,0.0106377500959557,21.0,0.0157467076554564,Biological Product (except Diagnostic) Manufacturing,Manufacturing,Chemical Manufacturing,Pharmaceutical and Medicine Manufacturing,Pharmaceutical and Medicine Manufacturing,False,False,bottom,5,864,9
26,Michigan,926150,6,92,Public admin,22,-0.0024451262133618,15,-0.0009295897654863,14,-0.0062895053029971,14,0.0008524492622408,15,0.0443349725894895,0.0586940026410597,0.0492916711136401,0.0516850654219502,0.007141954565238,4.0,0.0008524492622408,15.0,0.0110642657272065,0.004802917040118,21,-0.0054808172042003,21,0.0001050076554936,20,0.0003241783337071,21,1.0033948286321377,0.9962364857987092,0.9994476505391044,1.0009473373853297,0.0102837342443183,1.0,0.004802917040118,21.0,0.009537918956755,"Regulation, Licensing, and Inspection of Miscellaneous Commercial Sectors",Public Administration,Administration of Economic Programs,Administration of Economic Programs,"Regulation, Licensing, and Inspection of Miscellaneous Commercial Sectors",False,False,bottom,6,864,9
26,Michigan,333241,6,33,Mfg-metals,22,0.0014708735590464,21,0.0017627722447542,21,0.0017321029632397,20,-0.0055647595394223,21,0.0700216590262877,0.0720925046328685,0.0721585221818283,0.0650090663016139,0.0073275317841765,2.0,0.0017627722447542,21.0,0.0113517606481691,0.0030076393456207,21,-0.0011967166106806,21,0.0003138239740515,20,-0.0021548382932687,21,1.0021318032100175,0.9997623696081726,0.9996371477402254,0.9984859581206216,0.0051624776388894,1.0,0.0030076393456207,21.0,0.0047880752425114,Food Product Machinery Manufacturing,Manufacturing,Machinery Manufacturing,Industrial Machinery Manufacturing,Industrial Machinery Manufacturing,False,False,bottom,7,864,9
26,Michigan,333511,6,33,Mfg-metals,22,-0.001636185769214,21,-0.000190522568451,21,0.0043381358268201,20,-0.0030483841669312,21,0.0886852713935347,0.0911278305049245,0.0963745927160249,0.0895150838205731,0.0073865199937514,3.0,0.0043381358268201,20.0,0.0114431447671167,0.0127289033937983,21,-0.0023212683347496,21,-0.0006243231667918,20,-0.0103984592183967,21,1.009468866729475,1.000690822261194,0.9971852426628458,0.9927891044101592,0.023127362612195,1.0,0.0127289033937983,21.0,0.0214500788369238,Industrial Mold Manufacturing,Manufacturing,Machinery Manufacturing,Metalworking Machinery Manufacturing,Metalworking Machinery Manufacturing,False,False,bottom,8,864,9
26,Michigan,334512,6,33,Mfg-metals,22,-0.0004796741487551,21,-0.0028036005263421,21,0.0043158725495664,20,-0.0031797253983504,21,0.0745647321711494,0.0762352590441017,0.0842098817737162,0.0738535535957074,0.0074955979479168,3.0,0.0043158725495664,20.0,0.0116121275657109,0.0175354336241077,21,-0.0037375040595366,21,-0.0025071141213243,20,-0.0112310020774394,21,1.013822517563453,0.9998525241362948,0.9938940729870448,0.9927216437423958,0.0287664357015472,1.0,0.0175354336241077,21.0,0.026680185025945,"Automatic Environmental Control Manufacturing for Residential, Commercial, and Appliance Use",Manufacturing,Computer and Electronic Product Manufacturing,"Navigational, Measuring, Electromedical, and Control Instruments Manufacturing","Navigational, Measuring, Electromedical, and Control Instruments Manufacturing",False,False,bottom,9,864,9
27,Minnesota,334515,6,33,Mfg-metals,24,-0.0003319807914695,23,-0.000826095277885,24,0.0001275438812387,24,0.0014923275658567,23,0.0601133228810369,0.0593113900487857,0.0601616477723047,0.0607568177333461,0.0023184228437417,4.0,0.0014923275658567,23.0,0.0035916843459125,0.0009282841475856,23,0.0088786248559746,24,-0.0010561317432493,24,-0.0073329947541048,23,0.999747057176014,1.0084422666668962,0.9993802264458292,0.9924304497112608,0.0162116196100794,2.0,0.0088786248559746,24.0,0.0150358916639747,Instrument Manufacturing for Measuring and Testing Electricity and Electrical Signals,Manufacturing,Computer and Electronic Product Manufacturing,"Navigational, Measuring, Electromedical, and Control Instruments Manufacturing","Navigational, Measuring, Electromedical, and Control Instruments Manufacturing",False,False,bottom,1,818,9
27,Minnesota,481111,6,48,Transportation,24,-0.0014623652808587,22,-0.0011697339001303,23,-0.0011353902534827,24,0.0035581226174419,22,0.1033445162849595,0.103567209190095,0.1045495924256566,0.1078027561681836,0.0050204878983006,4.0,0.0035581226174419,22.0,0.0077777045036649,0.0132288648953454,23,-0.0017116781383809,24,-0.0082472932334481,24,-0.0026415455815538,23,1.0101564591952317,0.9989247105155468,0.991116318112624,0.9998025121765972,0.0214761581287935,1.0,0.0132288648953454,23.0,0.0199186259454398,Scheduled Passenger Air Transportation,Transportation and Warehousing,Air Transportation,Scheduled Air Transportation,Scheduled Air Transportation,False,False,bottom,2,818,9
27,Minnesota,316110,6,31,Mfg-food,24,0.002530346179715,23,-0.0028115647422991,24,0.0006506113583597,24,0.0005611570864842,23,0.0757918608876625,0.0712173359537051,0.072265940504346,0.0720133223382674,0.0053419109220141,1.0,0.002530346179715,23.0,0.0082756507889183,0.0097299491336152,23,0.0025922874842794,24,-0.0073926232023017,24,-0.0035673788849552,23,1.008204185127321,1.0028628081259523,0.9923368561560252,0.9965961505907014,0.0171225723359169,1.0,0.0097299491336152,23.0,0.0158807786540555,Leather and Hide Tanning and Finishing,Manufacturing,Leather and Allied Product Manufacturing,Leather and Hide Tanning and Finishing,Leather and Hide Tanning and Finishing,False,False,bottom,3,818,9
27,Minnesota,311613,6,31,Mfg-food,24,-0.0002979362228249,23,0.001282879490995,24,0.0037385320824748,24,-0.0029189896715508,23,0.0685989857306014,0.0721288415245377,0.0730929383364839,0.0665799709834804,0.0066575217540257,3.0,0.0037385320824748,24.0,0.0103137858268835,-0.0133744817134499,23,0.0019512371616182,24,-0.0171377315019078,24,0.0271348946020626,23,0.9951560483677294,0.9946240094502254,0.990189496209485,1.0200304459725602,0.0442726261039704,4.0,0.0271348946020626,23.0,0.0410618078754499,Rendering and Meat Byproduct Processing,Manufacturing,Food Manufacturing,Animal Slaughtering and Processing,Animal Slaughtering and Processing,False,False,bottom,4,818,9
27,Minnesota,423420,6,42,Wholesale,24,-0.0035878419539261,23,-0.0021939697692366,24,0.0021224047688996,24,0.0041894443629489,23,0.0661396538199525,0.0666122788514247,0.07147284342137,0.0720885984535161,0.0077772863168751,4.0,0.0041894443629489,23.0,0.0120485172035822,0.0110072617771751,23,0.0070311323384537,24,-0.0044709929675981,24,-0.0134030089000752,23,1.0092207701343936,1.0086143913940522,0.9939457479768034,0.9882190904947508,0.0244102706772503,1.0,0.0110072617771751,23.0,0.0226399455587544,Office Equipment Merchant Wholesalers,Wholesale Trade,"Merchant Wholesalers, Durable Goods",Professional and Commercial Equipment and Supplies Merchant Wholesalers,Office Equipment Merchant Wholesalers,False,False,bottom,5,818,9
27,Minnesota,336120,6,33,Mfg-metals,24,-0.002164949389876,13,0.0014616962712493,16,0.0061445140098031,14,0.0023183059640735,13,0.0770638214572637,0.0833359800021451,0.0866847460045279,0.0808303477493252,0.0083094633996792,3.0,0.0061445140098031,14.0,0.012872962193296,0.0516347917229656,15,-0.0026600634020303,17,0.0303743825049669,16,-0.0805706570491305,15,1.0211227583624023,1.0142532113477798,1.0127037911372176,0.9489152540996376,0.1322054487720962,1.0,0.0516347917229656,15.0,0.1226174097922012,Heavy Duty Truck Manufacturing,Manufacturing,Transportation Equipment Manufacturing,Motor Vehicle Manufacturing,Heavy Duty Truck Manufacturing,False,False,bottom,6,818,9
27,Minnesota,336310,6,33,Mfg-metals,24,-0.0001617292212149,23,-0.0035440661442984,23,0.0048396686950768,24,-0.0015259632394671,23,0.069949950400931,0.0696822994487751,0.075537320076056,0.0717130033131833,0.0083837348393752,3.0,0.0048396686950768,24.0,0.0129880229847408,-0.0204509706382382,23,0.0039381999495517,24,-0.0452415806512787,24,0.0632806115019859,23,0.9895273522511812,0.9853667904828524,0.9733298288154204,1.051776028450546,0.1085221921532647,4.0,0.0632806115019859,23.0,0.1006517524836951,Motor Vehicle Gasoline Engine and Engine Parts Manufacturing,Manufacturing,Transportation Equipment Manufacturing,Motor Vehicle Parts Manufacturing,Motor Vehicle Gasoline Engine and Engine Parts Manufacturing,False,False,bottom,7,818,9
27,Minnesota,327215,6,32,Mfg-chem,24,-0.0045524146937022,23,-0.0020300611076929,24,0.0040222623472703,24,0.0026593616488282,23,0.0790623046443868,0.0805818257380709,0.0861614690471408,0.0836965876616701,0.0085746770409726,3.0,0.0040222623472703,24.0,0.0132838292990646,-0.0007555051126488,23,0.0053226348138464,24,-0.00114375622169,24,-0.0032780438591454,23,1.000537639804752,1.0051205960082006,0.999058282583956,0.9952834816030918,0.0086006786729918,2.0,0.0053226348138464,24.0,0.0079769249386631,Glass Product Manufacturing Made of Purchased Glass,Manufacturing,Nonmetallic Mineral Product Manufacturing,Glass and Glass Product Manufacturing,Glass and Glass Product Manufacturing,False,False,bottom,8,818,9
27,Minnesota,339113,6,33,Mfg-metals,24,-0.0036895069248684,23,-0.005485744229301,24,0.0024733491527928,24,0.0038118877110094,23,0.0655207746178932,0.0647939718221087,0.0750386574849263,0.0803366448421582,0.0092976319403104,4.0,0.0038118877110094,23.0,0.0144038259389191,0.0059311395916647,23,0.0129237527701468,24,0.0012960210408516,24,-0.0173344748445393,23,1.0046371687554254,1.0149014827022391,0.9993182911087594,0.981143057433576,0.0302582276146861,2.0,0.0129237527701468,24.0,0.0280637865494599,Surgical Appliance and Supplies Manufacturing,Manufacturing,Miscellaneous Manufacturing,Medical Equipment and Supplies Manufacturing,Medical Equipment and Supplies Manufacturing,False,False,bottom,9,818,9
28,Mississippi,517111,6,51,Information,21,-0.0010664954821499,19,-0.0015075064375914,19,0.0026309386205381,20,-0.0005508253208519,19,0.0624273907144301,0.0642725002613963,0.0672158360588965,0.0640515452494493,0.0041384450581296,3.0,0.0026309386205381,20.0,0.0064112499459823,-0.0114181243713607,20,-0.0172515681177275,20,0.0199547994000281,20,0.0089893195756423,20,0.9869247916275236,0.9850416288914566,1.0170506174138705,1.0096480297109105,0.0372063675177556,3.0,0.0199547994000281,20.0,0.0345080210776213,Wired Telecommunications Carriers,Information,Telecommunications,Wired and Wireless Telecommunications (except Satellite),Wired and Wireless Telecommunications Carriers (except Satellite),False,False,bottom,1,673,7
28,Mississippi,621910,6,62,Healthcare,21,0.0026126015969077,20,-0.0010068116556156,20,-0.0020406371545597,20,0.0001012021830868,20,0.1282374972874211,0.1247590897333092,0.1245708347469936,0.1266662641784404,0.0046532387514675,1.0,0.0026126015969077,20.0,0.0072087647111285,-0.0116853351563431,20,-0.0077066155565352,20,0.0038203759598845,20,0.0152881743320764,20,0.9899386546555758,0.9902130613152852,1.0060419832801286,1.0128611443666702,0.0269735094884195,4.0,0.0152881743320764,20.0,0.0250172886003881,Ambulance Services,Health Care and Social Assistance,Ambulatory Health Care Services,Other Ambulatory Health Care Services,Ambulance Services,False,False,bottom,2,673,7
28,Mississippi,333132,6,33,Mfg-metals,21,0.0013691252595007,15,0.0026887235031969,16,-0.0019520822948234,18,0.0033584877721284,16,0.1260738608548534,0.1204506147960837,0.1176670740163688,0.1227451057264972,0.0053105700669518,4.0,0.0033584877721284,16.0,0.0082270977569213,0.0129658331595269,18,-0.0098677281278368,19,0.018134329943152,19,-0.020314280162929,18,1.0025611700183752,0.9970307718593387,1.0112358299559767,0.98917222816631,0.038448610106081,3.0,0.018134329943152,19.0,0.0356601715368403,Oil and Gas Field Machinery and Equipment Manufacturing,Manufacturing,Machinery Manufacturing,"Agriculture, Construction, and Mining Machinery Manufacturing",Mining and Oil and Gas Field Machinery Manufacturing,False,False,bottom,3,673,7
28,Mississippi,423830,6,42,Wholesale,21,-0.0003001155461161,20,1.477868751795508e-05,20,-0.0028902836049115,20,0.0034415508657501,20,0.0918291744035847,0.0901489812678609,0.0892079742312049,0.094171991426622,0.0063318344706617,4.0,0.0034415508657501,20.0,0.0098092333806035,-0.0046745231170528,20,0.001148739812243,20,0.004620718573539,20,-0.0005545383724018,20,0.9956122871000772,1.0012264083701152,1.0042011440021965,0.998809622216668,0.0092952416905919,3.0,0.004620718573539,20.0,0.008621115620262,Industrial Machinery and Equipment Merchant Wholesalers,Wholesale Trade,"Merchant Wholesalers, Durable Goods","Machinery, Equipment, and Supplies Merchant Wholesalers",Industrial Machinery and Equipment Merchant Wholesalers,False,False,bottom,4,673,7
28,Mississippi,336120,6,33,Mfg-metals,17,-0.0005936853437227,13,0.0050444114620284,14,-0.0013147648013883,14,-0.0024251726242317,13,0.1141760397884213,0.1175493311842495,0.1108337996560209,0.1067477977305691,0.0074695840862601,2.0,0.0050444114620284,14.0,0.0115718270743914,-0.0525771756271808,13,-0.005172252597245,14,-0.0018122674291241,14,0.050745120270963,13,0.9574876131962878,0.9800528626584764,1.0129626173151542,1.049496906830081,0.1033222958981439,4.0,0.050745120270963,13.0,0.0958289723644717,Heavy Duty Truck Manufacturing,Manufacturing,Transportation Equipment Manufacturing,Motor Vehicle Manufacturing,Heavy Duty Truck Manufacturing,False,False,bottom,5,673,7
28,Mississippi,449210,6,44,Retail-gen,21,0.0016885658607666,20,-0.0032786348611889,20,0.0044151774111807,20,-0.0019663993714319,20,0.201921498268761,0.1999699730514294,0.2056014750685568,0.2014790230638004,0.0076938122723697,3.0,0.0044151774111807,20.0,0.0119191998015607,-0.0149407061130828,20,-0.0086987016615131,20,-0.0180405090687357,20,0.0430040414680397,20,0.9940718600475222,0.983311748664749,0.9889673020794996,1.0325721181945275,0.0610445505367755,4.0,0.0430040414680397,20.0,0.0566173689380371,Electronics and Appliance Retailers,Retail Trade,"Furniture, Home Furnishings, Electronics, and Appliance Retailers",Electronics and Appliance Retailers,Electronics and Appliance Retailers,False,False,bottom,6,673,7
28,Mississippi,524292,6,52,Finance,21,0.0024878429013226,20,-0.0045894505386868,20,0.0031909969325869,20,-0.0009822940409178,20,0.0660892693951794,0.0614858981569864,0.066968330614384,0.0652719831254357,0.0077804474712737,3.0,0.0031909969325869,20.0,0.0120534144417194,-0.002925733632708,20,0.0033794840292502,20,-0.0023111897999023,20,0.0011349014625998,20,0.9975501651530518,1.0017924758136334,0.9994514385453526,1.001174617676852,0.0063052176619582,2.0,0.0033794840292502,20.0,0.0058479394386999,Pharmacy Benefit Management and Other Third Party Administration of Insurance and Pension Funds,Finance and Insurance,Insurance Carriers and Related Activities,"Agencies, Brokerages, and Other Insurance Related Activities",Other Insurance Related Activities,False,False,bottom,7,673,7
29,Missouri,325199,6,32,Mfg-chem,24,-0.0015305577001494,23,0.0004850839575994,24,0.0019183243155758,24,-0.0009601039365271,23,0.0384926951758923,0.0405840778346967,0.0417052925783023,0.0389898586907562,0.0034488820157252,3.0,0.0019183243155758,24.0,0.0053429837357829,-0.0042690217766439,23,0.0027676028838391,24,0.0040020724726226,24,-0.002360716721348,23,0.9959341187449584,1.0027463332896993,1.0040233420667624,0.99729620589858,0.0082710942492665,3.0,0.0040020724726226,24.0,0.0076712432234207,All Other Basic Organic Chemical Manufacturing,Manufacturing,Chemical Manufacturing,Basic Chemical Manufacturing,Other Basic Organic Chemical Manufacturing,False,False,bottom,1,837,9
29,Missouri,332114,6,33,Mfg-metals,24,-0.0023052967902013,10,0.0012611386539468,11,0.0012353166335604,12,-0.0005514319265089,10,0.2073476620330573,0.2089433893745747,0.2081448899088332,0.1987314681624346,0.0035664354441482,2.0,0.0012611386539468,11.0,0.0055250966794226,-0.019204349664249,12,-0.0122504032934482,12,0.0043894444689883,12,0.0251405163793728,12,0.9867488419268916,0.987475864322229,1.007425067884878,1.0189213849340688,0.0443448660436219,4.0,0.0251405163793728,12.0,0.0411288087015571,Custom Roll Forming,Manufacturing,Fabricated Metal Product Manufacturing,Forging and Stamping,Forging and Stamping,False,False,bottom,2,837,9
29,Missouri,524126,6,52,Finance,24,0.0015879800696692,23,-0.0015703985400491,24,-0.0021017989884004,24,0.0027541064977469,23,0.0586252567912558,0.0552651647893317,0.055045869867506,0.0590301729224813,0.0048559054861474,4.0,0.0027541064977469,23.0,0.0075227345895533,0.0007343160158771,23,0.0026214702503202,24,0.0014371047029384,24,-0.005111514208728,23,1.0005294390935326,1.0032769848491438,1.0007815901041148,0.9954119859532088,0.0077329844590482,2.0,0.0026214702503202,24.0,0.0071721591896443,Direct Property and Casualty Insurance Carriers,Finance and Insurance,Insurance Carriers and Related Activities,Insurance Carriers,"Direct Insurance (except Life, Health, and Medical) Carriers",False,False,bottom,3,837,9
29,Missouri,333511,6,33,Mfg-metals,24,-0.0012709862282925,23,0.0015980226860315,24,0.0025270443206127,24,-0.0023698243288332,23,0.0765451436229585,0.0803159857976369,0.0808907826002523,0.0764114907616422,0.004896868649446,3.0,0.0025270443206127,24.0,0.007586194433721,0.0088630403685044,23,-0.0002163369085989,24,0.001074170832018,24,-0.0094362793614226,23,1.0074285275635972,1.0026178958899394,0.9982399380334795,0.9917136385129836,0.0182993197299271,1.0,0.0088630403685044,23.0,0.0169721838780715,Industrial Mold Manufacturing,Manufacturing,Machinery Manufacturing,Metalworking Machinery Manufacturing,Metalworking Machinery Manufacturing,False,False,bottom,4,837,9
29,Missouri,325998,6,32,Mfg-chem,24,0.002981448463507,23,-0.0007943068368814,24,-0.0017833425954273,24,-0.0022594993101436,23,0.0976813775972379,0.0901917207804709,0.0842906776374669,0.0819563196853174,0.0052409477736507,1.0,0.002981448463507,23.0,0.0081192393903376,0.0146806577093234,23,-0.0155595041427282,24,0.0256838869138392,24,-0.0270180652924524,23,0.9981737011603494,0.9923930252153346,1.0177313575557765,0.9917019160685396,0.0527019522062916,3.0,0.0256838869138392,24.0,0.0488798073797076,All Other Miscellaneous Chemical Product and Preparation Manufacturing,Manufacturing,Chemical Manufacturing,Other Chemical Product and Preparation Manufacturing,All Other Chemical Product and Preparation Manufacturing,False,False,bottom,5,837,9
29,Missouri,424110,6,42,Wholesale,24,-0.0035576213279988,23,0.0029866158803663,24,0.0019005998464945,24,0.0005852291309687,23,0.0677167514979747,0.0737590269012551,0.0738280705438029,0.0700959144933617,0.0065442372083652,2.0,0.0029866158803663,24.0,0.010138286206363,0.0084184794120886,23,-0.0243895662367717,24,0.028159138008523,24,-0.0119466227260746,23,0.997254434952871,0.9840816247503597,1.0196879470213915,0.9989759932753776,0.0525487042452947,3.0,0.028159138008523,24.0,0.0487376735402335,Printing and Writing Paper Merchant Wholesalers,Wholesale Trade,"Merchant Wholesalers, Nondurable Goods",Paper and Paper Product Merchant Wholesalers,Printing and Writing Paper Merchant Wholesalers,False,False,bottom,6,837,9
29,Missouri,335311,6,33,Mfg-metals,24,-0.0037400675752341,22,2.463719758088317e-05,23,0.003402547841324,24,0.0004245093470166,22,0.0486643978941702,0.0526729502037186,0.0555310704040126,0.0515840949216586,0.0071426154165581,3.0,0.003402547841324,24.0,0.0110652895134186,-0.0241191938148549,23,-0.0119177770128844,24,0.0147255402873689,24,0.0203613961853692,23,0.9790776351565836,0.9860166148017664,1.016791148472718,1.018114601568932,0.0444805900002241,4.0,0.0203613961853692,23.0,0.041254689443689,"Power, Distribution, and Specialty Transformer Manufacturing",Manufacturing,"Electrical Equipment, Appliance, and Component Manufacturing",Electrical Equipment Manufacturing,Electrical Equipment Manufacturing,False,False,bottom,7,837,9
29,Missouri,334511,6,33,Mfg-metals,24,-0.0024763679495189,23,0.0049729479840799,24,-0.0018811024419808,24,-0.0012772694951202,23,0.0703381578279574,0.0750207928185468,0.0697575318409763,0.0682564757473676,0.0074493159335989,2.0,0.0049729479840799,24.0,0.0115404277949931,-0.0307506689217711,23,-0.0047194859116485,24,0.0009678614060246,24,0.0336147780643671,23,0.9781065846043364,0.9883053294251386,1.0079430460692376,1.0256450399012873,0.0643654469861383,4.0,0.0336147780643671,23.0,0.0596974214214331,"Search, Detection, Navigation, Guidance, Aeronautical, and Nautical System and Instrument Manufacturing",Manufacturing,Computer and Electronic Product Manufacturing,"Navigational, Measuring, Electromedical, and Control Instruments Manufacturing","Navigational, Measuring, Electromedical, and Control Instruments Manufacturing",False,False,bottom,8,837,9
29,Missouri,423610,6,42,Wholesale,24,-0.0038350230391494,23,-0.0016170319164487,24,0.0037112711163838,24,0.0020705206614294,23,0.0622702276263941,0.0641971621149072,0.0693581604363178,0.0670966165249607,0.0075462941555332,3.0,0.0037112711163838,24.0,0.0116906657736071,-0.0028182906198201,23,0.002319872233478,24,0.0024507565754208,24,-0.0018033065875334,23,0.9965879825700686,1.0019994519486413,1.002771176860258,0.9986413886210324,0.005269047195241,3.0,0.0024507565754208,24.0,0.0048869159717241,"Electrical Apparatus and Equipment, Wiring Supplies, and Related Equipment Merchant Wholesalers",Wholesale Trade,"Merchant Wholesalers, Durable Goods",Household Appliances and Electrical and Electronic Goods Merchant Wholesalers,"Electrical Apparatus and Equipment, Wiring Supplies, and Related Equipment Merchant Wholesalers",False,False,bottom,9,837,9
30,Montana,321212,6,32,Mfg-chem,24,0.0014767807526805,15,-0.00105536734787,14,0.0009007887025712,16,0.0047764361062027,14,0.0594400567990962,0.0627167472626296,0.0644372580135295,0.0608813621837303,0.0058318034540728,4.0,0.0047764361062027,14.0,0.0090345888503354,0.0138665974026986,16,-0.0081430944919765,16,-0.004871251061391,17,-0.003203177772517,16,1.0121449270650429,0.9961121590286912,0.9929423260955296,0.9995149952851504,0.0220096918946752,1.0,0.0138665974026986,16.0,0.0204134658254652,Softwood Veneer and Plywood Manufacturing,Manufacturing,Wood Product Manufacturing,"Veneer, Plywood, and Engineered Wood Product Manufacturing","Veneer, Plywood, and Engineered Wood Product Manufacturing",False,False,bottom,1,563,6
30,Montana,486910,6,48,Transportation,24,-0.0021537999308361,20,0.0057248828122155,24,-0.0026630529427498,21,0.000974288662632,20,0.063402476058825,0.0698479465987427,0.0648436515142293,0.0669279034437583,0.0083879357549653,2.0,0.0057248828122155,24.0,0.012994531013595,-0.0357751852141673,23,0.0219604056437118,24,-0.0077147843719652,24,0.0193290897118298,23,0.9774543372027744,1.0118735899206484,1.0023720313510982,1.008300041525479,0.0577355908578792,2.0,0.0219604056437118,24.0,0.0535483875253835,Pipeline Transportation of Refined Petroleum Products,Transportation and Warehousing,Pipeline Transportation,Other Pipeline Transportation,Pipeline Transportation of Refined Petroleum Products,False,False,bottom,2,563,6
30,Montana,524114,6,52,Finance,24,0.00421414622677,21,-0.0048911808991588,23,0.0011573852769625,23,-0.0001293990991036,22,0.0592213335556514,0.0525055536732461,0.0547579945857568,0.0559860891097366,0.0091053271259288,1.0,0.00421414622677,21.0,0.0141059086744639,0.07296392587342,23,-0.0618998504663476,24,0.0630383077026784,24,-0.0744512678062902,23,1.0359605154929727,0.971099757265536,1.030038699970795,0.9629010272706964,0.1474151936797103,1.0,0.07296392587342,23.0,0.136724086494965,Direct Health and Medical Insurance Carriers,Finance and Insurance,Insurance Carriers and Related Activities,Insurance Carriers,"Direct Life, Health, and Medical Insurance Carriers",False,False,bottom,3,563,6
30,Montana,541713,6,54,Prof services,24,-0.0016470100475462,22,0.001417108750614,23,0.0076056082539884,24,-0.0016787305089782,22,0.0552907185161215,0.0605326626321489,0.0664145523370349,0.057085225533944,0.0092843387629667,3.0,0.0076056082539884,24.0,0.0143832322421731,-0.031617307915088,23,-0.0008726831284077,24,-0.0032272354772932,24,0.0346303291186532,23,0.9788698439480172,0.9910081863618336,1.0048918950324657,1.0252300746576837,0.0662476370337413,4.0,0.0346303291186532,23.0,0.0614431079307054,Research and Development in Nanotechnology,"Professional, Scientific, and Technical Services","Professional, Scientific, and Technical Services",Scientific Research and Development Services,"Research and Development in the Physical, Engineering, and Life Sciences",False,False,bottom,4,563,6
30,Montana,922140,6,92,Public admin,24,-0.0051945519471964,23,0.0027581730754852,24,0.0056187537164396,24,-0.0031590658487644,23,0.0422735713148199,0.0504295899881148,0.0530692625104391,0.0444714275998841,0.010813305663636,3.0,0.0056187537164396,24.0,0.0167518969994999,0.0007175945192537,23,-0.0008749878932947,24,-0.0082159870204399,24,0.0080716085095251,23,1.0014489457542248,0.9968693316846334,0.9940396934016316,1.0076420291595098,0.0162875955299651,4.0,0.0080716085095251,23.0,0.0151063575229047,Correctional Institutions,Public Administration,"Justice, Public Order, and Safety Activities","Justice, Public Order, and Safety Activities",Correctional Institutions,False,False,bottom,5,563,6
30,Montana,423730,6,42,Wholesale,24,0.001473189207057,21,0.0040009960206541,23,-0.0021960607881114,23,-0.0068232056823987,21,0.0698706228246169,0.0697794152350572,0.0620364167604841,0.0592929675856449,0.0108242017030529,2.0,0.0040009960206541,23.0,0.0167687770670474,-0.0126148045661382,23,-0.0044509156993241,24,6.273784103255631e-06,24,0.0168162670023752,23,0.9907609089467893,0.9924714785443068,1.0030838795404724,1.0136837329684314,0.0294310715685134,4.0,0.0168162670023752,23.0,0.0272966189870208,Warm Air Heating and Air-Conditioning Equipment and Supplies Merchant Wholesalers,Wholesale Trade,"Merchant Wholesalers, Durable Goods","Hardware, and Plumbing and Heating Equipment and Supplies Merchant Wholesalers",Warm Air Heating and Air-Conditioning Equipment and Supplies Merchant Wholesalers,False,False,bottom,6,563,6
31,Nebraska,339112,6,33,Mfg-metals,24,-0.0012725460082861,23,0.0004800093608958,24,0.0027881557563282,24,-0.0021621604024101,23,0.0404411906549158,0.0436200929013189,0.0458389764259303,0.0424815484378851,0.0049503161587384,3.0,0.0027881557563282,24.0,0.0076689949388021,-0.0104496757499736,23,0.0062276497721246,24,-0.0057428849595018,24,0.0107055351018377,23,0.9946404318626112,1.002526832073161,0.9979579327394617,1.004874803324766,0.0211552108518114,4.0,0.0107055351018377,23.0,0.0196209549784038,Surgical and Medical Instrument Manufacturing,Manufacturing,Miscellaneous Manufacturing,Medical Equipment and Supplies Manufacturing,Medical Equipment and Supplies Manufacturing,False,False,bottom,1,656,7
31,Nebraska,334416,6,33,Mfg-metals,24,-0.0007010987561911,23,-0.0023831382121814,24,0.0032172966532042,24,-6.0343913393540295e-05,23,0.0627579813611717,0.0625927854314003,0.0671938659259919,0.0653603531141752,0.0056004348653857,3.0,0.0032172966532042,24.0,0.0086761542617674,0.0129777542370263,23,0.0035700700570205,24,-0.0030680730020783,24,-0.0129758356182447,23,1.0098488520343905,1.005830329734458,0.9946716673204844,0.9896491509106672,0.025953589855271,1.0,0.0129777542370263,23.0,0.0240713373950905,"Capacitor, Resistor, Coil, Transformer, and Other Inductor Manufacturing",Manufacturing,Computer and Electronic Product Manufacturing,Semiconductor and Other Electronic Component Manufacturing,Semiconductor and Other Electronic Component Manufacturing,False,False,bottom,2,656,7
31,Nebraska,325412,6,32,Mfg-chem,24,-0.0033053363659334,23,0.0024170857271521,24,-0.0009272922167942,24,0.0013135622161573,23,0.046906811858759,0.0504484560900588,0.0491559288670542,0.0497179860776381,0.0057224220930856,2.0,0.0024170857271521,24.0,0.0088651360160292,-0.0064879376293683,23,0.0009264108256201,24,0.0018796103074454,24,0.0050109176434333,23,0.9942946114458008,0.9996511514100356,1.00315486972303,1.0028993674211335,0.0114988552728017,4.0,0.0050109176434333,23.0,0.0106649148141913,Pharmaceutical Preparation Manufacturing,Manufacturing,Chemical Manufacturing,Pharmaceutical and Medicine Manufacturing,Pharmaceutical and Medicine Manufacturing,False,False,bottom,3,656,7
31,Nebraska,327332,6,32,Mfg-chem,24,0.0022796617272621,11,0.0046772309001781,13,-0.0020934666614652,14,0.002029682489496,11,0.1050949995517025,0.1080274419339095,0.1070972842418994,0.1165351308739423,0.0067706975616434,2.0,0.0046772309001781,13.0,0.0104891169911937,0.0273633297144678,14,0.0037506405035898,15,0.0018852883820004,15,-0.0332963258814124,14,1.0246204962300756,1.012585902040949,0.9930500268446418,0.9697435748843344,0.0606596555958802,1.0,0.0273633297144678,14.0,0.0562603880334447,Concrete Pipe Manufacturing,Manufacturing,Nonmetallic Mineral Product Manufacturing,Cement and Concrete Product Manufacturing,"Concrete Pipe, Brick, and Block Manufacturing",False,False,bottom,4,656,7
31,Nebraska,811210,6,81,Other services,24,-0.002992418187202,23,-0.0032576067724058,24,0.0030176933119834,24,0.0035793249846231,23,0.1033228337046301,0.1030636413038739,0.1093196624479295,0.1095402969680181,0.006836931757029,4.0,0.0035793249846231,23.0,0.0105917265403416,-0.0137015045755936,23,-0.005487890031391,24,0.0057529295018373,24,0.0141514336377885,23,0.9881663244434318,0.992485194617032,1.0077798448534143,1.0115686360861218,0.0278529382133821,4.0,0.0141514336377885,23.0,0.0258329378293217,Electronic and Precision Equipment Repair and Maintenance,Other Services (except Public Administration),Repair and Maintenance,Electronic and Precision Equipment Repair and Maintenance,Electronic and Precision Equipment Repair and Maintenance,False,False,bottom,5,656,7
31,Nebraska,424110,6,42,Wholesale,24,-0.0019709861778245,16,0.0014507062243708,17,0.0051335013987286,18,-0.0003862242588244,18,0.0802711420209165,0.0840766319701904,0.0872576274517854,0.0846034671246806,0.0071044875765531,3.0,0.0051335013987286,18.0,0.0110062221321344,0.0249642060863455,19,-0.0031949844078709,20,-0.0020316588145286,21,-0.0224103403232331,19,1.018399920851983,1.006068875883726,0.9928043160753992,0.9836030738961296,0.0473745464095787,1.0,0.0249642060863455,19.0,0.0439387651929292,Printing and Writing Paper Merchant Wholesalers,Wholesale Trade,"Merchant Wholesalers, Nondurable Goods",Paper and Paper Product Merchant Wholesalers,Printing and Writing Paper Merchant Wholesalers,False,False,bottom,6,656,7
31,Nebraska,332216,6,33,Mfg-metals,24,-0.0108879377268686,9,-0.0115788468974935,11,-0.0043292969917205,15,-0.0111464935281526,11,0.0704600465590971,0.1280537318988524,0.136871446878567,0.1160338991100703,0.007249549905773,3.0,-0.0043292969917205,15.0,0.0112309516712032,0.0555234721792371,16,-0.0079441193994168,17,-0.00786138424492,18,-0.0511940482887551,16,1.031459075791353,1.016388758775003,0.9842727185729356,0.9695700022890924,0.1067175204679922,1.0,0.0555234721792371,16.0,0.09897796241204,Saw Blade and Handtool Manufacturing,Manufacturing,Fabricated Metal Product Manufacturing,Cutlery and Handtool Manufacturing,Cutlery and Handtool Manufacturing,False,False,bottom,7,656,7
32,Nevada,423990,6,42,Wholesale,24,-0.0004490816661794,23,-0.0002167526041397,24,0.0008546744217669,24,0.0001379189864095,23,0.1073872239726862,0.1066711763400575,0.1063886339157085,0.1043967426478255,0.0013037560879464,3.0,0.0008546744217669,24.0,0.0020197697519266,-0.0285113677268054,23,0.0016788274986549,24,0.0041350926456543,24,0.0235073001245788,23,0.9766566733909352,0.9952760828441848,1.0105378373001244,1.0175294064647558,0.0520186678513842,4.0,0.0235073001245788,23.0,0.0482460773895412,Other Miscellaneous Durable Goods Merchant Wholesalers,Wholesale Trade,"Merchant Wholesalers, Durable Goods",Miscellaneous Durable Goods Merchant Wholesalers,Other Miscellaneous Durable Goods Merchant Wholesalers,False,False,bottom,1,683,7
32,Nevada,621491,6,62,Healthcare,24,-0.0003512739912506,23,0.0002283935344289,24,0.0030051729937982,24,-0.000786557340031,23,0.0805075164685402,0.0824041542150459,0.0838440048926936,0.0792735095827449,0.0037917303338292,3.0,0.0030051729937982,24.0,0.0058741219362542,-0.0106730640582017,23,-0.0021754534290462,24,-0.005778516786669,24,0.0181289020652132,23,0.9943908633500904,0.9940286620920942,0.9980173676921904,1.0135631068656246,0.0288019661234149,4.0,0.0181289020652132,23.0,0.0267131386472874,HMO Medical Centers,Health Care and Social Assistance,Ambulatory Health Care Services,Outpatient Care Centers,Other Outpatient Care Centers,False,True,bottom,2,683,7
32,Nevada,423610,6,42,Wholesale,24,-0.0024852482239262,23,0.0013907175823533,24,-0.003159896116097,24,0.0021662500666293,23,0.1314771797795722,0.1288013005518731,0.1233439861594674,0.1242064639992558,0.0053261461827264,4.0,0.0021662500666293,23.0,0.0082512281658106,0.0005551009937624,23,-0.0064350056525052,24,0.0103570774958682,24,-0.0037151410713667,23,0.9963397901378692,0.9957972835587404,1.0081247882846225,0.9997381380187678,0.0167920831483735,3.0,0.0103570774958682,24.0,0.0155742577918877,"Electrical Apparatus and Equipment, Wiring Supplies, and Related Equipment Merchant Wholesalers",Wholesale Trade,"Merchant Wholesalers, Durable Goods",Household Appliances and Electrical and Electronic Goods Merchant Wholesalers,"Electrical Apparatus and Equipment, Wiring Supplies, and Related Equipment Merchant Wholesalers",False,False,bottom,3,683,7
32,Nevada,457210,6,45,Retail-spec,24,-0.0037822093684552,23,0.0014095207153299,24,0.0001753083987445,24,0.0018416718170752,23,0.1268335882880702,0.1303427161167154,0.1310328025147008,0.1313722721151971,0.0056238811855304,4.0,0.0018416718170752,23.0,0.0087124771358542,0.0085204849037057,23,-0.0076968016824392,24,-0.0276908110113472,24,0.0282336815818762,23,1.0126255383412652,0.9872814407608668,0.9773309465453468,1.0227620743525214,0.0559244925932234,4.0,0.0282336815818762,23.0,0.0518686369541792,Fuel Dealers,Retail Trade,Gasoline Stations and Fuel Dealers,Fuel Dealers,Fuel Dealers,False,False,bottom,4,683,7
32,Nevada,813920,6,81,Other services,24,0.0023891661992816,23,-0.001017887738365,24,-0.0035702191548482,24,0.0020036416249664,23,0.1023910374063546,0.0973948425115396,0.0944344230934548,0.0986144419850666,0.0059593853541298,1.0,0.0023891661992816,23.0,0.0092322378316219,0.0029746944204257,23,-0.009937475630735,24,0.0020372274245314,24,0.0051440333929963,23,1.0010993838861115,0.9911080614728126,1.0009916903209837,1.006800864320092,0.0150815090237313,4.0,0.0051440333929963,23.0,0.0139877409700072,Professional Organizations,Other Services (except Public Administration),"Religious, Grantmaking, Civic, Professional, and Similar Organizations","Business, Professional, Labor, Political, and Similar Organizations",Professional Organizations,False,False,bottom,5,683,7
32,Nevada,336310,6,33,Mfg-metals,24,-0.0013306020130672,23,0.0008289794793344,24,-0.0021360099930353,24,0.0042292327824223,23,0.1030090672877899,0.1034998504008588,0.1023326745552588,0.1054375186957296,0.0063652427754577,4.0,0.0042292327824223,23.0,0.0098609892911714,0.0229788297228124,23,0.0067356600316219,24,0.0032897168212987,24,-0.0339832357716205,23,1.0163232760248757,1.01327332431368,0.9967520525392408,0.9736513471222038,0.0569620654944329,1.0,0.0229788297228124,23.0,0.0528309611457956,Motor Vehicle Gasoline Engine and Engine Parts Manufacturing,Manufacturing,Transportation Equipment Manufacturing,Motor Vehicle Parts Manufacturing,Motor Vehicle Gasoline Engine and Engine Parts Manufacturing,False,False,bottom,6,683,7
32,Nevada,332311,6,33,Mfg-metals,24,-0.0060118389125823,20,-0.0006899943118057,21,0.0012032067111591,22,0.0007029258025881,21,0.1209263640103553,0.1183055769270473,0.127582360233018,0.1231594522858871,0.0072150456237414,3.0,0.0012032067111591,22.0,0.0111774978804185,0.0155118683918979,22,-0.0227255553746992,23,0.0062146801934188,23,-0.0012625696518151,22,1.0117137217065533,0.9834203426746616,1.000068782144058,1.0042878612266164,0.0382374237665972,1.0,0.0155118683918979,22.0,0.0354643012291373,Prefabricated Metal Building and Component Manufacturing,Manufacturing,Fabricated Metal Product Manufacturing,Architectural and Structural Metals Manufacturing,Plate Work and Fabricated Structural Product Manufacturing,False,False,bottom,7,683,7
33,New Hampshire,424720,6,42,Wholesale,21,-0.0029427215905637,20,0.0018062369280029,21,0.000287439986372,21,-0.0001604777145072,20,0.0674883418580407,0.0693167635302893,0.067532711346532,0.0651737791900306,0.0047489585185667,2.0,0.0018062369280029,21.0,0.0073570531003723,-7.423342033966995e-05,20,-0.0026468022949343,21,-0.0002449889861927,21,0.00278566588697,20,0.9995240621707144,0.997112888766573,0.9999953199523,1.003367729110413,0.0054324681819044,4.0,0.00278566588697,20.0,0.0050384850505818,Petroleum and Petroleum Products Merchant Wholesalers (except Bulk Stations and Terminals),Wholesale Trade,"Merchant Wholesalers, Nondurable Goods",Petroleum and Petroleum Products Merchant Wholesalers,Petroleum and Petroleum Products Merchant Wholesalers (except Bulk Stations and Terminals),False,False,bottom,1,630,7
33,New Hampshire,339113,6,33,Mfg-metals,21,-0.0024448158000035,20,0.0003132217881109,21,0.0029056119994174,21,-3.612708800865144e-05,20,0.048795446328742,0.0514993160182909,0.0535767421316178,0.0498429442461098,0.005350427799421,3.0,0.0029056119994174,21.0,0.0082888450754312,0.0126494123145782,20,0.0024995327893163,21,-0.0024923546017085,21,-0.0129024274477422,20,1.0114076229084188,1.0054712888915531,0.9945358892960546,0.9885851989039734,0.0255518397623205,1.0,0.0126494123145782,20.0,0.0236987237377949,Surgical Appliance and Supplies Manufacturing,Manufacturing,Miscellaneous Manufacturing,Medical Equipment and Supplies Manufacturing,Medical Equipment and Supplies Manufacturing,False,False,bottom,2,630,7
33,New Hampshire,524114,6,52,Finance,21,-0.0038467538170816,20,0.0026131685590606,21,0.0010377324609301,21,-0.0002475159022958,20,0.0488001707951035,0.0535474960782094,0.053068484243194,0.0505140074863181,0.0064599223761423,2.0,0.0026131685590606,21.0,0.0100076662619295,0.0123504411779368,20,-0.0005293685107055,21,-0.0020508728607867,21,-0.0100111346965102,20,1.0108298380719365,1.0023969532263444,0.9950228054021636,0.991750403299556,0.022361575874447,1.0,0.0123504411779368,20.0,0.0207398298486408,Direct Health and Medical Insurance Carriers,Finance and Insurance,Insurance Carriers and Related Activities,Insurance Carriers,"Direct Life, Health, and Medical Insurance Carriers",False,False,bottom,3,630,7
33,New Hampshire,313210,6,31,Mfg-food,21,0.001299000504548,20,-2.157739061184922e-05,21,0.0037865409571126,21,-0.0026990965476429,20,0.083443996834583,0.085116504224591,0.0868321663958227,0.0809747466528292,0.0064856375047555,3.0,0.0037865409571126,21.0,0.0100475039581212,-0.0243737699207706,20,-0.0020073339927069,21,0.0052989342953144,21,0.0183508566406099,20,0.9848060174218,0.9946943165796645,1.008597283722943,1.0119023822755926,0.0427246265613806,4.0,0.0183508566406099,20.0,0.0396260751122784,Broadwoven Fabric Mills,Manufacturing,Textile Mills,Fabric Mills,Broadwoven Fabric Mills,False,False,bottom,4,630,7
33,New Hampshire,313230,6,31,Mfg-food,21,-0.0024900628567625,20,-2.919248044591583e-05,21,-0.0015605776363964,21,0.0043506492895096,20,0.0736782750608665,0.0740052339515099,0.074390577803045,0.0778970769273731,0.0068407121462721,4.0,0.0043506492895096,20.0,0.0105975830927399,0.0114397652498179,20,-0.0022220149489929,21,0.0034676134856173,21,-0.0110671239311076,20,1.0067305464273355,1.001177371688658,1.0000682268479664,0.99202385503604,0.0225068891809255,1.0,0.0114397652498179,20.0,0.0208746044847411,Nonwoven Fabric Mills,Manufacturing,Textile Mills,Fabric Mills,Nonwoven Fabric Mills,False,False,bottom,5,630,7
33,New Hampshire,333514,6,33,Mfg-metals,21,-0.0016778901245729,19,0.0039482394386501,20,0.0005798521017889,21,-0.0029488251244871,19,0.072934818905663,0.0747383122736239,0.0730669922489726,0.0702359680207435,0.0068970645631373,2.0,0.0039482394386501,20.0,0.0106848838601799,0.0026603616567975,20,0.0015781199792002,21,-0.0009248344337336,21,-0.0041092819780115,20,1.0034220435050498,1.0024105230029725,0.998242762542494,0.9959246709494836,0.0067696436348091,1.0,0.0026603616567975,20.0,0.0062786834841239,"Special Die and Tool, Die Set, Jig, and Fixture Manufacturing",Manufacturing,Machinery Manufacturing,Metalworking Machinery Manufacturing,Metalworking Machinery Manufacturing,False,False,bottom,6,630,7
33,New Hampshire,336320,6,33,Mfg-metals,21,0.001684201620324,9,0.0006851034146585,10,0.0021390509369268,12,-0.004792394733908,9,0.0461011831065662,0.0464552322723317,0.0446786612638003,0.0403274846674351,0.0069314456708349,3.0,0.0021390509369268,12.0,0.0107381468301536,-0.0021348303681322,13,0.0003351097387643,14,0.0030648004295551,13,0.0010266408606485,12,0.9991781838634888,1.0005371540970442,1.0012259048530707,0.999058757186396,0.0051996307976873,3.0,0.0030648004295551,13.0,0.0048225339137667,Motor Vehicle Electrical and Electronic Equipment Manufacturing,Manufacturing,Transportation Equipment Manufacturing,Motor Vehicle Parts Manufacturing,Motor Vehicle Electrical and Electronic Equipment Manufacturing,False,False,bottom,7,630,7
34,New Jersey,424820,6,42,Wholesale,24,-0.0035365992986373,23,0.0001280570462621,24,0.0022929130397291,24,0.0005607372490291,23,0.0575351323773692,0.0606418412170201,0.0634924359641468,0.0617572046318154,0.0058295123383664,3.0,0.0022929130397291,24.0,0.0090310394700145,-0.012658696417455,23,0.0032847250503624,24,-0.0013690007712644,24,0.0107563933141149,23,0.9915648898445434,1.0000166880747887,1.0018990362043094,1.0065193858763586,0.0234150897315699,4.0,0.0107563933141149,23.0,0.021716938897779,Wine and Distilled Alcoholic Beverage Merchant Wholesalers,Wholesale Trade,"Merchant Wholesalers, Nondurable Goods","Beer, Wine, and Distilled Alcoholic Beverage Merchant Wholesalers",Wine and Distilled Alcoholic Beverage Merchant Wholesalers,False,False,bottom,1,861,9
34,New Jersey,325910,6,32,Mfg-chem,24,-0.003902782076094,23,3.6712830220338166e-05,24,0.0021038120720593,24,0.0009517720592066,23,0.0663634433711521,0.0696579285853973,0.0728789881392017,0.0718924235488875,0.0060065941481533,3.0,0.0021038120720593,24.0,0.0093053733629342,0.0576471668236822,23,-0.0084502514766805,24,-0.0027718068602708,24,-0.0461040761563539,23,1.0432935982890006,1.005057012332896,0.9837209293301526,0.9679284600479507,0.1037512429800361,1.0,0.0576471668236822,23.0,0.096226810582246,Printing Ink Manufacturing,Manufacturing,Chemical Manufacturing,Other Chemical Product and Preparation Manufacturing,Printing Ink Manufacturing,False,False,bottom,2,861,9
34,New Jersey,424710,6,42,Wholesale,24,0.0007515109474883,22,-0.0010741960373594,23,-0.0006149299563828,24,0.0063543707098719,22,0.1034409592195849,0.1027889954776834,0.1072599834859874,0.1129608314070572,0.0074285667472314,4.0,0.0063543707098719,22.0,0.011508283301564,-0.0174619421953006,23,0.0011971135992722,24,0.0130939367477933,24,0.0012165348672404,23,0.9857120382568484,1.000799105267486,1.0134919450795794,0.999996911396086,0.030555878943094,3.0,0.0130939367477933,24.0,0.0283398510781882,Petroleum Bulk Stations and Terminals,Wholesale Trade,"Merchant Wholesalers, Nondurable Goods",Petroleum and Petroleum Products Merchant Wholesalers,Petroleum Bulk Stations and Terminals,False,False,bottom,3,861,9
34,New Jersey,333248,6,33,Mfg-metals,24,0.0021100925420129,23,-0.0032735963444721,24,0.0049853157837127,24,-0.0035352693217719,23,0.0726144130916385,0.0706668597633597,0.0752664991240252,0.0698955069172652,0.0085205851054847,3.0,0.0049853157837127,24.0,0.0132000304534587,0.0160486344937441,23,0.0039048250715749,24,-0.0008604901393235,24,-0.0196496552551356,23,1.0131692102929513,1.008007731789451,0.9950366031428004,0.9837864547747972,0.0356982897488797,1.0,0.0160486344937441,23.0,0.0331093148102001,All Other Industrial Machinery Manufacturing,Manufacturing,Machinery Manufacturing,Industrial Machinery Manufacturing,Industrial Machinery Manufacturing,False,False,bottom,4,861,9
34,New Jersey,322211,6,32,Mfg-chem,24,-0.0054046383851247,23,-0.0002700945036659,24,0.0031787166639221,24,0.0029497816745551,23,0.072825159175071,0.0758741509095902,0.0794633316514413,0.076695079065448,0.0085833550490468,3.0,0.0031787166639221,24.0,0.0132972732080729,0.0135741631818141,23,0.0001237610003043,24,-0.0004292633430209,24,-0.0143501440746327,23,1.0106402905194034,1.0035274367257652,0.9961670609315184,0.9896652118233132,0.0279243072564468,1.0,0.0135741631818141,23.0,0.0258991309195553,Corrugated and Solid Fiber Box Manufacturing,Manufacturing,Paper Manufacturing,Converted Paper Product Manufacturing,Paperboard Container Manufacturing,False,False,bottom,5,861,9
34,New Jersey,811121,6,81,Other services,24,-0.0029326518135413,23,-0.0030912301973788,24,0.0056539226405433,24,0.0003627619187326,23,0.1216939541697097,0.1219953105098993,0.1284791272448467,0.1236550986987075,0.0087451528379222,3.0,0.0056539226405433,24.0,0.0135479292034085,0.0031249153610892,23,-0.0025518816756144,24,0.0041833332162694,24,-0.0049578078537706,23,1.001149851513257,0.999225846567561,1.002405604973094,0.997218696946088,0.0091411410700401,3.0,0.0041833332162694,24.0,0.0084781909593275,"Automotive Body, Paint, and Interior Repair and Maintenance",Other Services (except Public Administration),Repair and Maintenance,Automotive Repair and Maintenance,"Automotive Body, Paint, Interior, and Glass Repair",False,False,bottom,6,861,9
34,New Jersey,423410,6,42,Wholesale,24,-0.0055893638809271,23,0.0017814438478294,24,-0.0001160356644151,24,0.0035194217614606,23,0.0648886309418753,0.069411719394386,0.0703719201512379,0.07156419223692,0.0091087856423878,4.0,0.0035194217614606,23.0,0.0141112665838113,0.0109275423728069,23,0.0020989501318716,24,0.0037861238849911,24,-0.0179714536931172,23,1.0073963950646696,1.0058264564484252,1.0000586175684376,0.9867185309184676,0.0288989960659241,1.0,0.0109275423728069,23.0,0.0268031316115205,Photographic Equipment and Supplies Merchant Wholesalers,Wholesale Trade,"Merchant Wholesalers, Durable Goods",Professional and Commercial Equipment and Supplies Merchant Wholesalers,Photographic Equipment and Supplies Merchant Wholesalers,False,False,bottom,7,861,9
34,New Jersey,423840,6,42,Wholesale,24,0.0041175041759564,23,-0.005218554613964,24,0.0011277709521399,24,0.0006704909572596,23,0.0839775877499856,0.0771492055456927,0.0807579325693279,0.0821111176886831,0.0093360587899205,1.0,0.0041175041759564,23.0,0.0144633565437782,-0.0043748403141121,23,0.0011046455337013,24,0.0005133914571315,24,0.0024926196042033,23,0.9971429467647234,1.0003234249409862,1.0012946120498467,1.0012390162444438,0.0068674599183155,4.0,0.0024926196042033,23.0,0.0063694057609321,Industrial Supplies Merchant Wholesalers,Wholesale Trade,"Merchant Wholesalers, Durable Goods","Machinery, Equipment, and Supplies Merchant Wholesalers",Industrial Supplies Merchant Wholesalers,False,False,bottom,8,861,9
34,New Jersey,339116,6,33,Mfg-metals,24,-0.0012543307790688,23,-0.0053998473819406,24,0.0040888010583286,24,0.0025640625216543,23,0.0941143617865296,0.0913946738888068,0.0994746807549652,0.0993770855044664,0.0094886484402692,3.0,0.0040888010583286,24.0,0.0146997473557412,0.0126263836816469,23,0.0030745020224376,24,0.0061443346214205,24,-0.0213723226348854,23,1.0072718830201757,1.0075465745696366,1.0016722620742218,0.983509280335966,0.0339987063165324,1.0,0.0126263836816469,23.0,0.0315329915940563,Dental Laboratories,Manufacturing,Miscellaneous Manufacturing,Medical Equipment and Supplies Manufacturing,Medical Equipment and Supplies Manufacturing,False,False,bottom,9,861,9
35,New Mexico,423860,6,42,Wholesale,24,-0.0024829345862202,19,-0.0016387810175484,21,0.0023852790852232,21,0.000431795756688,20,0.1127287656882147,0.1130580085892037,0.1207006059519069,0.1124435052133972,0.0048682136714434,3.0,0.0023852790852232,21.0,0.0075418023435541,-0.00763166074804,23,-0.0003373514129922,24,0.0064380833327239,24,0.0012924519425286,23,0.9918083941864312,0.9990781410933928,1.007022590826339,1.002090873893837,0.014069744080764,3.0,0.0064380833327239,24.0,0.013049353045928,Transportation Equipment and Supplies (except Motor Vehicle) Merchant Wholesalers,Wholesale Trade,"Merchant Wholesalers, Durable Goods","Machinery, Equipment, and Supplies Merchant Wholesalers",Transportation Equipment and Supplies (except Motor Vehicle) Merchant Wholesalers,False,False,bottom,1,649,7
35,New Mexico,334515,6,33,Mfg-metals,24,-0.0072789570774454,20,-0.0011468052453618,22,-0.0064905548305301,23,-0.0052962615821722,20,0.0791603672067722,0.0826695163561263,0.0922878027502387,0.1172493711762002,0.0061321518320835,2.0,-0.0011468052453618,22.0,0.009499886442849,-0.0200650898505181,23,-0.0190326893690079,24,0.038730029105133,24,0.0134552948249653,23,0.9793368406308408,0.9869896005429832,1.0327077391931418,1.000965819633034,0.0587951189556511,3.0,0.038730029105133,24.0,0.0545310746397005,Instrument Manufacturing for Measuring and Testing Electricity and Electrical Signals,Manufacturing,Computer and Electronic Product Manufacturing,"Navigational, Measuring, Electromedical, and Control Instruments Manufacturing","Navigational, Measuring, Electromedical, and Control Instruments Manufacturing",False,False,bottom,2,649,7
35,New Mexico,423140,6,42,Wholesale,24,0.0048396400694839,19,-0.0003437620036557,21,-0.0011095437611332,19,-0.0042976174719058,18,0.1343340752396951,0.1314504893404903,0.1304573648354544,0.1293165268123145,0.0091372575413898,1.0,0.0048396400694839,19.0,0.0141553750492794,0.0224738241704557,23,0.0009992291847138,24,0.0047357896367295,24,-0.0288211886568067,23,1.018210216041607,1.0086478977441595,0.9970871210772838,0.9760547651369492,0.0512950128272624,1.0,0.0224738241704557,23.0,0.047574904563723,Motor Vehicle Parts (Used) Merchant Wholesalers,Wholesale Trade,"Merchant Wholesalers, Durable Goods",Motor Vehicle and Motor Vehicle Parts and Supplies Merchant Wholesalers,Motor Vehicle Parts (Used) Merchant Wholesalers,False,False,bottom,3,649,7
35,New Mexico,334510,6,33,Mfg-metals,24,0.0022875519459365,22,-0.0050916572359251,22,0.0041819521376092,22,-0.0074692317865206,20,0.0497570264763649,0.0437486407267495,0.0484451267024285,0.0554769640410328,0.0116511839241298,3.0,0.0041819521376092,22.0,0.0180499321013018,0.0293512629023778,22,0.0405587777484962,23,-0.0334810695435676,23,-0.0373859957940992,21,1.0308325037446902,1.0396759224822036,0.9674017857227248,0.9636693802149487,0.0779447735425955,2.0,0.0405587777484962,23.0,0.0722919238760602,Electromedical and Electrotherapeutic Apparatus Manufacturing,Manufacturing,Computer and Electronic Product Manufacturing,"Navigational, Measuring, Electromedical, and Control Instruments Manufacturing","Navigational, Measuring, Electromedical, and Control Instruments Manufacturing",False,False,bottom,4,649,7
35,New Mexico,522299,6,52,Finance,24,0.0014601593540569,23,0.0028608277416174,24,-0.0086512864624166,24,0.0032697733375558,23,0.1419722119084026,0.1403477863023227,0.1330017052130079,0.1429581970485262,0.0119210597999725,4.0,0.0032697733375558,23.0,0.018468021908008,0.0162569461337846,23,-0.0064845825094628,24,0.0006532579109933,24,-0.0086406490607062,23,1.0136882058678245,0.9982959054168096,0.9958727699847209,0.9921431187306452,0.0248975951944908,1.0,0.0162569461337846,23.0,0.0230919274595554,"International, Secondary Market, and All Other Nondepository Credit Intermediation",Finance and Insurance,Credit Intermediation and Related Activities,Nondepository Credit Intermediation,Other Nondepository Credit Intermediation,False,False,bottom,5,649,7
35,New Mexico,221122,6,22,Utilities,24,-0.0062090717958702,23,0.0060895313270026,24,-0.002225813061662,24,0.0019909022294459,23,0.0486744333832673,0.0564608981637717,0.0520683002902709,0.0521273285400942,0.0122986031228728,2.0,0.0060895313270026,24.0,0.0190529093656283,0.0119999987018746,23,0.0065438078896035,24,-0.0064957993471572,24,-0.0121174115969527,23,1.0102063110341917,1.0077806451186149,0.9922673634238312,0.9897456804233622,0.0241174102988274,1.0,0.0119999987018746,23.0,0.0223683245222048,Electric Power Distribution,Utilities,Utilities,"Electric Power Generation, Transmission and Distribution","Electric Power Transmission, Control, and Distribution",False,False,bottom,6,649,7
35,New Mexico,561492,6,56,Admin/waste,24,-0.0097235496212543,20,0.0026821051833697,21,0.002020259346753,21,0.0012125567655832,21,0.0960033136642988,0.1030865198560582,0.101132448720488,0.1048304280298556,0.0124056548046241,2.0,0.0026821051833697,21.0,0.0192187530772652,0.0086891346237749,23,0.0001057138344658,24,0.0031024155501521,24,-0.0113644036544297,23,1.0050649402778071,1.002828165777119,1.000379963607499,0.9917269303375748,0.0200535382782046,1.0,0.0086891346237749,23.0,0.0185991798649769,Court Reporting and Stenotype Services,Administrative and Support and Waste Management and Remediation Services,Administrative and Support Services,Business Support Services,Other Business Support Services,False,False,bottom,7,649,7
36,New York,333515,6,33,Mfg-metals,24,-0.0002477039690489,23,-0.0010800996181433,24,-0.0013730308962299,24,0.0030450517164421,23,0.0708940423292238,0.0689362216200815,0.0691386001472259,0.0720870404668303,0.004418082612672,4.0,0.0030450517164421,23.0,0.0068444624766001,0.01429681117909,23,-0.0047199837088825,24,0.0022767076109539,24,-0.012015499543803,23,1.0099168723319285,0.999344542938745,0.9982121809633264,0.992526403766,0.026312310722893,1.0,0.01429681117909,23.0,0.0244040424691609,Cutting Tool and Machine Tool Accessory Manufacturing,Manufacturing,Machinery Manufacturing,Metalworking Machinery Manufacturing,Metalworking Machinery Manufacturing,False,True,bottom,1,888,9
36,New York,221210,6,22,Utilities,24,-0.0009196919654035,22,-0.0032148317696274,24,0.0017705732344361,23,0.0011819586119741,22,0.0458150755074835,0.0431822016312971,0.0469789912943656,0.0465657904290454,0.0049854050040635,3.0,0.0017705732344361,23.0,0.0077233543309254,-0.0310372220807153,23,0.0233310140583589,24,0.0009786216335851,24,0.0063075248909132,23,0.9739609311064914,1.0149775316383844,1.0093321040535594,1.0017294332015645,0.0543682361390742,2.0,0.0233310140583589,24.0,0.050425246101892,Natural Gas Distribution,Utilities,Utilities,Natural Gas Distribution,Natural Gas Distribution,False,False,bottom,2,888,9
36,New York,485112,6,48,Transportation,24,-0.0028360148885845,23,0.0030146175544611,23,0.0022224014812158,24,-0.0019776220555807,23,0.0336741273335134,0.0386263086799311,0.0389662487979459,0.034861385953529,0.0058506324430457,2.0,0.0030146175544611,23.0,0.0090637585874807,-0.0051526017009775,23,-0.0035030425101527,23,0.0020825902882061,24,0.0065545187634861,23,0.9955603103149968,0.996171405404766,1.0028066277304024,1.0052766694796265,0.0117071204644637,4.0,0.0065545187634861,23.0,0.0108580758267566,Commuter Rail Systems,Transportation and Warehousing,Transit and Ground Passenger Transportation,Urban Transit Systems,Urban Transit Systems,False,False,bottom,3,888,9
36,New York,335313,6,33,Mfg-metals,24,0.0044916686486555,23,-0.002037965133314,24,-0.0016556040666394,24,-0.0007802675603263,23,0.0738000407554717,0.068795006351187,0.0678659022135305,0.0702480062091528,0.0065296337819695,1.0,0.0044916686486555,23.0,0.0101156626810111,0.0080847747848332,23,0.0016138990743742,24,-0.0023075806689026,24,-0.0066729085237661,23,1.0058036093691278,1.0027792419744497,0.9965270764310222,0.9948900722254004,0.0147576833085994,1.0,0.0080847747848332,23.0,0.0136874003200388,Switchgear and Switchboard Apparatus Manufacturing,Manufacturing,"Electrical Equipment, Appliance, and Component Manufacturing",Electrical Equipment Manufacturing,Electrical Equipment Manufacturing,False,False,bottom,4,888,9
36,New York,332722,6,33,Mfg-metals,24,-0.0007278309918765,23,0.0027097931205978,24,0.0018103091887544,24,-0.0039910485334058,23,0.0773602220382665,0.0811560860274307,0.0795323637753991,0.0742880231458587,0.0067008416540037,2.0,0.0027097931205978,24.0,0.0103808967109216,0.0275914487615165,23,0.0024879026564259,24,0.0001591895988262,24,-0.0285831376440248,23,1.0185315294784647,1.0087181423488565,0.993928949906396,0.978821378266283,0.0561745864055413,1.0,0.0275914487615165,23.0,0.0521005930176872,"Bolt, Nut, Screw, Rivet, and Washer Manufacturing",Manufacturing,Fabricated Metal Product Manufacturing,"Machine Shops; Turned Product; and Screw, Nut, and Bolt Manufacturing","Turned Product and Screw, Nut, and Bolt Manufacturing",False,False,bottom,5,888,9
36,New York,333517,6,33,Mfg-metals,24,-0.0039797441784415,23,0.003152130453644,24,-0.0005738304230753,24,0.0012408433083833,23,0.0671094270601589,0.0719851837215929,0.0705566794757389,0.0702758360760355,0.0071318746320856,2.0,0.003152130453644,24.0,0.0110486499657378,0.0209794385496234,23,0.0001311455300406,24,0.0018239406299688,24,-0.0218015695903146,23,1.0150762457505986,1.0057645409902298,0.9961905451697796,0.982968668089392,0.0427810081399381,1.0,0.0209794385496234,23.0,0.0396783676855947,Machine Tool Manufacturing,Manufacturing,Machinery Manufacturing,Metalworking Machinery Manufacturing,Metalworking Machinery Manufacturing,False,False,bottom,6,888,9
36,New York,327212,6,32,Mfg-chem,24,-0.0008380499568549,23,-0.0032521117609175,24,0.004036716012281,24,-3.277387728566514e-05,23,0.0821105887151259,0.0799798205500935,0.0843532759068962,0.0806532992391368,0.0072888277731986,3.0,0.004036716012281,24.0,0.0112918006668702,0.0137637756293665,23,0.0041274470464544,24,-0.0044295886128996,24,-0.0130166512539309,23,1.009514971112438,1.0058225745463003,0.9938752838872542,0.9907871704540072,0.0267804268832975,1.0,0.0137637756293665,23.0,0.0248382090757855,Other Pressed and Blown Glass and Glassware Manufacturing,Manufacturing,Nonmetallic Mineral Product Manufacturing,Glass and Glass Product Manufacturing,Glass and Glass Product Manufacturing,False,False,bottom,7,888,9
36,New York,212390,6,21,Mining,24,0.0028461521201537,23,-0.0044646600905234,24,-0.0016407324919888,24,0.0034214392333442,23,0.0547918239909487,0.0473539887037418,0.0488454735975819,0.0536184234753995,0.0078860993238677,4.0,0.0034214392333442,23.0,0.0122170895478817,-0.0076632457385711,23,-0.0025115735824786,24,-0.003007076217642,24,0.0134279359593691,23,0.9952052433786872,0.9948878154712032,0.999593534728676,1.0103134064214332,0.0210911816979402,4.0,0.0134279359593691,23.0,0.0195615694608493,Other Nonmetallic Mineral Mining and Quarrying,"Mining, Quarrying, and Oil and Gas Extraction",Mining (except Oil and Gas),Nonmetallic Mineral Mining and Quarrying,Other Nonmetallic Mineral Mining and Quarrying,False,False,bottom,8,888,9
36,New York,333519,6,33,Mfg-metals,24,-0.0043389278575418,23,0.003631331793106,24,0.0004158056335304,24,-0.0014130406082495,23,0.058350318398772,0.0635172415064111,0.0614215010278382,0.0584941492822043,0.0079702596506478,2.0,0.003631331793106,24.0,0.0123474701335712,-0.0054293931268432,23,-0.0031379096623636,24,0.0031734072997143,24,0.0062914014961562,23,0.9959935302882164,0.9965844028669468,1.003451094770404,1.003970972074433,0.0117207946229995,4.0,0.0062914014961562,23.0,0.0108707582836169,Rolling Mill and Other Metalworking Machinery Manufacturing,Manufacturing,Machinery Manufacturing,Metalworking Machinery Manufacturing,Metalworking Machinery Manufacturing,False,False,bottom,9,888,9
37,North Carolina,333914,6,33,Mfg-metals,24,0.0018597000854977,23,-0.002023400245964,24,-0.0003034405361729,24,-7.993087521431476e-05,23,0.056068055782584,0.0531321510138419,0.054243046737028,0.05596082353256,0.0038831003314618,1.0,0.0018597000854977,23.0,0.0060156716932664,-0.0076597779134373,23,-0.0041090059478844,24,0.0037422476513166,24,0.0072360446921387,23,0.9954204955772772,0.9956119084616468,1.004021333241785,1.0049462627192909,0.0148958226055761,4.0,0.0072360446921387,23.0,0.0138155212329294,"Measuring, Dispensing, and Other Pumping Equipment Manufacturing",Manufacturing,Machinery Manufacturing,Other General Purpose Machinery Manufacturing,Pump and Compressor Manufacturing,False,False,bottom,1,875,9
37,North Carolina,424340,6,42,Wholesale,24,0.0008118551409022,23,-0.001706276426999,24,-0.0021097731777713,24,0.0023218199822902,23,0.1916142474010588,0.1880991292049214,0.1879965638627821,0.1921135448761855,0.0044315931600616,4.0,0.0023218199822902,23.0,0.0068653929214906,-0.0241090531564849,23,-0.0142932175575266,24,-0.010816232611384,24,0.0539091446875098,23,0.9825345580130852,0.9762795575763736,0.9986109922547156,1.042574892155825,0.0780181978439948,4.0,0.0539091446875098,23.0,0.0723600231695235,Footwear Merchant Wholesalers,Wholesale Trade,"Merchant Wholesalers, Nondurable Goods","Apparel, Piece Goods, and Notions Merchant Wholesalers",Footwear Merchant Wholesalers,False,False,bottom,2,875,9
37,North Carolina,522299,6,52,Finance,24,-0.0020619112756047,23,0.0022587744876742,24,-0.0022275027458383,24,0.0012040682893592,23,0.1630921092728465,0.164620229103234,0.1616307999582731,0.1630963763049889,0.0044862772335125,2.0,0.0022587744876742,24.0,0.0069501091030597,0.0022576535791149,23,-0.0043338426082389,24,-0.0016053408009456,24,0.003444030806251,23,1.0036460576993995,0.9963463963579124,0.9977144202329028,1.002293125709785,0.0077778734144899,4.0,0.003444030806251,23.0,0.0072137926283238,"International, Secondary Market, and All Other Nondepository Credit Intermediation",Finance and Insurance,Credit Intermediation and Related Activities,Nondepository Credit Intermediation,Other Nondepository Credit Intermediation,False,False,bottom,3,875,9
37,North Carolina,333414,6,33,Mfg-metals,24,0.0022460965376698,23,-0.002728230427309,24,0.0010784253443687,24,7.888532124630628e-05,23,0.098744874009479,0.096148903155001,0.0990093931551412,0.0997130324665439,0.0049743269649789,1.0,0.0022460965376698,23.0,0.0077061923107741,0.0112224505653412,23,-0.0112449642307645,24,0.0030564504287734,24,-0.0022839112918158,23,1.0101835806349249,0.9931683794571348,0.998643106740874,0.9980049331670664,0.0224674147961058,1.0,0.0112224505653412,23.0,0.020837992931551,Heating Equipment (except Warm Air Furnaces) Manufacturing,Manufacturing,Machinery Manufacturing,"Ventilation, Heating, Air-Conditioning, and Commercial Refrigeration Equipment Manufacturing","Ventilation, Heating, Air-Conditioning, and Commercial Refrigeration Equipment Manufacturing",False,False,bottom,4,875,9
37,North Carolina,313110,6,31,Mfg-food,24,0.000469582024991,23,0.0021794815366604,24,0.0013820175858391,24,-0.0031335416659223,23,0.1128273608131859,0.1159238508294934,0.1146613777724802,0.1106348695437886,0.0053130232025827,2.0,0.0021794815366604,24.0,0.0082308981373686,0.0296007343141464,23,-0.0082839816821919,24,0.0109692947351427,24,-0.0319139668776614,23,1.0193024832018385,1.0018066109634685,1.0008787020894825,0.9780122037452108,0.0615147011918079,1.0,0.0296007343141464,23.0,0.0570534224900473,"Fiber, Yarn, and Thread Mills",Manufacturing,Textile Mills,"Fiber, Yarn, and Thread Mills","Fiber, Yarn, and Thread Mills",False,False,bottom,5,875,9
37,North Carolina,337126,6,33,Mfg-metals,24,-0.0027884598041791,23,0.0027837643531695,24,0.0019371080951538,24,-0.0009945486057866,23,0.1612084171679569,0.1651318070615016,0.1634876682487072,0.1579693132456053,0.0055722241573486,2.0,0.0027837643531695,24.0,0.008632450431503,0.0457625656159706,23,-0.0030677676873379,24,-0.0004257694659705,24,-0.0415925821013227,23,1.0361107404313892,1.008827222634468,0.9876792402122232,0.9673827967219192,0.0873551477172933,1.0,0.0457625656159706,23.0,0.0810198221373943,Household Furniture (except Wood and Upholstered) Manufacturing,Manufacturing,Furniture and Related Product Manufacturing,Household and Institutional Furniture and Kitchen Cabinet Manufacturing,Household and Institutional Furniture Manufacturing,False,False,bottom,6,875,9
37,North Carolina,524126,6,52,Finance,24,-0.0033783808671013,23,-0.0007491353265226,24,0.0021155945044582,24,0.0023055823151529,23,0.0614955161767747,0.0634182300611254,0.0668392145985214,0.0660290101270009,0.0056839631822543,4.0,0.0023055823151529,23.0,0.0088055557421518,0.00299269678373,23,0.0043725276263396,24,-0.0010238124258721,24,-0.0062996550150982,23,1.0024465239979488,1.0048467648170318,0.9985019503834356,0.9942047608015838,0.0106721826414378,2.0,0.0043725276263396,24.0,0.0098981956074915,Direct Property and Casualty Insurance Carriers,Finance and Insurance,Insurance Carriers and Related Activities,Insurance Carriers,"Direct Insurance (except Life, Health, and Medical) Carriers",False,False,bottom,7,875,9
37,North Carolina,333993,6,33,Mfg-metals,24,-0.0031338802193728,22,0.0004963845330541,23,0.0025552471086743,23,0.0005432763114116,23,0.0547398553580854,0.0595444749223831,0.060991268919697,0.0589086068489972,0.0056891273280472,3.0,0.0025552471086743,23.0,0.0088135560004544,0.0054910220447491,23,0.0023007466570766,24,0.0054369836455769,24,-0.0134272950841575,23,1.002242648602725,1.0048606240731772,1.0028771062294763,0.9900196210946216,0.0189183171289066,1.0,0.0054910220447491,23.0,0.0175462892454064,Packaging Machinery Manufacturing,Manufacturing,Machinery Manufacturing,Other General Purpose Machinery Manufacturing,All Other General Purpose Machinery Manufacturing,False,False,bottom,8,875,9
37,North Carolina,921110,6,92,Public admin,24,-0.0007212319757249,23,-0.0035561449169119,23,0.0029185756537881,23,0.0018475357261459,23,0.0578169920932774,0.0556270853158163,0.0611789861373734,0.0600000838157083,0.0064747205707,3.0,0.0029185756537881,23.0,0.0100305915207468,-0.0432623538315254,23,-0.0246816217519552,24,0.0376495485267093,24,0.0297867253055064,23,0.944262583691012,0.9692890889872852,1.0436788377874688,1.0427694895342337,0.0809119023582347,3.0,0.0376495485267093,24.0,0.0750438652920351,Executive Offices,Public Administration,"Executive, Legislative, and Other General Government Support","Executive, Legislative, and Other General Government Support",Executive Offices,False,False,bottom,9,875,9
38,North Dakota,516110,6,51,Information,24,-0.0008190761468521,23,-0.0001379172591476,24,0.0012455671324652,24,-0.0012076528537739,23,0.1171340621758431,0.117255736269044,0.1176532448805402,0.1155596192271059,0.0024532199862391,3.0,0.0012455671324652,24.0,0.0038005111299863,0.0071228513325015,23,-0.006609291729638,24,0.0067116872144003,24,-0.0082293870100243,23,1.0039720296458212,0.9969519472237692,1.0031504482609932,0.9959255748694164,0.0153522383425258,1.0,0.0071228513325015,23.0,0.0142388359750446,Radio Broadcasting Stations,Information,Broadcasting and Content Providers,Radio and Television Broadcasting Stations,Radio Broadcasting Stations,False,False,bottom,1,510,6
38,North Dakota,621498,6,62,Healthcare,24,0.0062350883292599,17,-0.0006978597622616,16,0.0052320716672023,17,-0.0027350069983832,18,0.1397817804711704,0.140354648969219,0.1315629181160775,0.1226184814412214,0.0089700953276432,1.0,0.0062350883292599,17.0,0.0138964085247033,-0.0168544514107558,22,0.0012721346413056,23,0.0157619804192918,23,0.0077045102396655,21,0.9798203711620193,0.9997995851684094,1.0172345298921883,1.0030144507033256,0.0326164318300476,3.0,0.0157619804192918,23.0,0.0302509648793572,All Other Outpatient Care Centers,Health Care and Social Assistance,Ambulatory Health Care Services,Outpatient Care Centers,Other Outpatient Care Centers,False,False,bottom,2,510,6
38,North Dakota,922130,6,92,Public admin,24,0.0020097695566515,18,-0.0005429431247438,19,0.0038379271399424,20,-0.0052582634511135,18,0.0349521042306876,0.0382474346967067,0.0375330813694796,0.0317211655865021,0.009096190591056,3.0,0.0038379271399424,20.0,0.0140917544189676,-0.00316282678471,23,-0.0088810613011005,24,-0.0021619040290416,24,0.0138406534266804,23,0.9988752826599848,0.9900233982425471,0.9989336364273106,1.0121676826701576,0.0227217147277809,4.0,0.0138406534266804,23.0,0.0210738500707381,Legal Counsel and Prosecution,Public Administration,"Justice, Public Order, and Safety Activities","Justice, Public Order, and Safety Activities",Legal Counsel and Prosecution,False,False,bottom,3,510,6
38,North Dakota,926150,6,92,Public admin,24,-0.0049024950820015,22,-5.8479423625289375e-05,22,0.004430920152408,23,0.0021991860877316,23,0.0421650174772249,0.0464778063185337,0.0506046374464993,0.0485765328964793,0.0093334152344096,3.0,0.004430920152408,23.0,0.0144592611661935,-0.0020945224960719,23,-0.0043645627318524,24,0.0024390181293572,24,0.0042441429786075,23,0.99712211800101,0.9954891493116036,1.0025853060859016,1.004803426601485,0.0086087057104599,4.0,0.0042441429786075,23.0,0.0079843698250259,"Regulation, Licensing, and Inspection of Miscellaneous Commercial Sectors",Public Administration,Administration of Economic Programs,Administration of Economic Programs,"Regulation, Licensing, and Inspection of Miscellaneous Commercial Sectors",False,False,bottom,4,510,6
38,North Dakota,339910,6,33,Mfg-metals,24,0.0007262752502628,18,-0.0056947732189698,18,0.0047067500229462,18,-0.0030306627923739,17,0.1023872813839608,0.1025759348497051,0.1089241746484602,0.0978636045612138,0.010401523241916,3.0,0.0047067500229462,18.0,0.0161139665710597,-0.0040948348994848,23,-0.0071392462671568,24,0.00901749704404,24,0.0027185218623869,23,0.9941349176132784,0.993911558618616,1.007966692158267,1.003986831609838,0.0161567433111968,3.0,0.00901749704404,24.0,0.0149849952017603,Jewelry and Silverware Manufacturing,Manufacturing,Miscellaneous Manufacturing,Other Miscellaneous Manufacturing,Jewelry and Silverware Manufacturing,False,False,bottom,5,510,6
38,North Dakota,923130,6,92,Public admin,24,-0.0019286016854339,18,-0.0010869040534602,19,0.0071106312981464,23,-0.0034618846393273,19,0.0237949002111995,0.0257409384805537,0.0313448107122875,0.0243949458598867,0.0105725159374738,3.0,0.0071106312981464,23.0,0.0163788672510879,-0.0055407429299369,23,-0.0011708842035706,24,-0.0042452937889509,24,0.0112118699945711,23,0.9966614781400764,0.9963011772468044,0.998282644760674,1.0087546998524453,0.016752612924508,4.0,0.0112118699945711,23.0,0.0155376500978837,"Administration of Human Resource Programs (except Education, Public Health, and Veterans' Affairs Programs)",Public Administration,Administration of Human Resource Programs,Administration of Human Resource Programs,"Administration of Human Resource Programs (except Education, Public Health, and Veterans' Affairs Programs)",False,False,bottom,6,510,6
39,Ohio,322230,6,32,Mfg-chem,24,0.0008053263753046,23,-0.0005793260802035,24,-0.0001572699271443,24,-0.0006896650917284,23,0.0888236182330654,0.08794038845688,0.0882158108411016,0.0888057730796119,0.001494991467033,1.0,0.0008053263753046,23.0,0.0023160302547526,0.0163809581813435,23,-0.0060812411542594,24,-0.0011128548361176,24,-0.0091042352165262,23,1.0125883775838826,0.9977439330949954,0.9950619709146272,0.9946057184064946,0.0254851933978698,1.0,0.0163809581813435,23.0,0.0236369108196671,Stationery Product Manufacturing,Manufacturing,Paper Manufacturing,Converted Paper Product Manufacturing,Stationery Product Manufacturing,False,False,bottom,1,890,9
39,Ohio,524114,6,52,Finance,24,0.0011863599964852,23,-0.0009074800516141,24,0.0006548755342712,24,-0.0009516209208484,23,0.0590106456291957,0.0576548415063644,0.0581139974867615,0.0572634023986161,0.0021379809173336,1.0,0.0011863599964852,23.0,0.0033121449839814,-0.0165032251480225,23,-0.0030089278800974,24,-0.0049149841052657,24,0.0245030572209218,23,0.9900247297959897,0.9920276540168104,1.0000484339978264,1.0178991821893737,0.0410062823689443,4.0,0.0245030572209218,23.0,0.038032351737297,Direct Health and Medical Insurance Carriers,Finance and Insurance,Insurance Carriers and Related Activities,Insurance Carriers,"Direct Life, Health, and Medical Insurance Carriers",False,False,bottom,2,890,9
39,Ohio,516120,6,51,Information,24,-0.0013284759489739,23,-8.855545119832609e-05,24,0.0006145081457226,24,0.0013287308020143,23,0.0707179784381716,0.0713817383024561,0.0722226090691373,0.0718344635443732,0.0026572067509883,4.0,0.0013287308020143,23.0,0.0041165259897004,0.0082855058378617,23,0.0016000517301994,24,0.0029708185778601,24,-0.0132443666932674,23,1.0057996775004996,1.004523550422986,1.0000473198850734,0.9896294521914408,0.0215298725311292,1.0,0.0082855058378617,23.0,0.0199684447762377,Television Broadcasting Stations,Information,Broadcasting and Content Providers,Radio and Television Broadcasting Stations,Television Broadcasting Stations,False,False,bottom,3,890,9
39,Ohio,333612,6,33,Mfg-metals,24,-0.000698720447577,23,0.000535743075977,24,-0.000658742541592,24,0.0020548546425237,23,0.068121654093115,0.0690238257147798,0.0688545111844903,0.070002681737385,0.0027535750901008,4.0,0.0020548546425237,23.0,0.0042658191421407,0.0258991102616178,23,-0.0107941868383185,24,-0.000735324545381,24,-0.0144598384295065,23,1.0193235508445382,0.995401888594734,0.9930686000215666,0.9922059605391612,0.0403589486911243,1.0,0.0258991102616178,23.0,0.0374319651451954,"Speed Changer, Industrial High-Speed Drive, and Gear Manufacturing",Manufacturing,Machinery Manufacturing,"Engine, Turbine, and Power Transmission Equipment Manufacturing","Engine, Turbine, and Power Transmission Equipment Manufacturing",False,False,bottom,4,890,9
39,Ohio,926110,6,92,Public admin,24,-0.0025744282018815,23,0.0014513413519428,24,0.00120184581654,24,-6.744879346969785e-05,23,0.0377644847092057,0.0412702156707333,0.0418732639283753,0.0400726205529372,0.0040257695538243,2.0,0.0014513413519428,24.0,0.0062366938480412,0.002274558758583,23,0.000121996181022,24,-0.0052799002120533,24,0.0025464665219966,23,1.00240068183117,0.9991622567207278,0.995679839248241,1.0027572221998613,0.0078263667340499,4.0,0.0025464665219966,23.0,0.0072587690290084,Administration of General Economic Programs,Public Administration,Administration of Economic Programs,Administration of Economic Programs,Administration of General Economic Programs,False,False,bottom,5,890,9
39,Ohio,331210,6,33,Mfg-metals,24,-0.0020573537533712,23,-0.0020254789161122,24,0.0023419384352542,24,0.0021290590112215,23,0.0656784351422172,0.066116821231255,0.0706061651525173,0.0704116322032712,0.0043992921886254,3.0,0.0023419384352542,24.0,0.0068153524839672,0.0139507851632249,23,-0.0024674088003775,24,0.005891150101471,24,-0.0166447065659196,23,1.0080963109734886,1.002195078224609,1.0012286630764844,0.988479947725418,0.0305954917291446,1.0,0.0139507851632249,23.0,0.0283765909952286,Iron and Steel Pipe and Tube Manufacturing from Purchased Steel,Manufacturing,Primary Metal Manufacturing,Steel Product Manufacturing from Purchased Steel,Iron and Steel Pipe and Tube Manufacturing from Purchased Steel,False,False,bottom,6,890,9
39,Ohio,335910,6,33,Mfg-metals,24,-0.0006558874531632,23,-0.0023933236747873,24,0.0017343636534568,24,0.002778283592935,23,0.0617781197541577,0.0608281667365819,0.0646648610685808,0.0650328280936661,0.0051716072677224,4.0,0.002778283592935,23.0,0.008011817566768,-0.0247810654833848,23,-0.0046889336403771,24,-0.0022249682807375,24,0.0289606374522089,23,0.9778869194239782,0.9871983834073698,1.0058877146715155,1.0290269824971363,0.0537417029355938,4.0,0.0289606374522089,23.0,0.0498441514550895,Battery Manufacturing,Manufacturing,"Electrical Equipment, Appliance, and Component Manufacturing",Other Electrical Equipment and Component Manufacturing,Battery Manufacturing,False,False,bottom,7,890,9
39,Ohio,339114,6,33,Mfg-metals,24,0.0022662398353163,23,-0.0031859729041304,24,-0.0005408045624253,24,-0.0003237975397807,23,0.0539368509853879,0.0475043789637584,0.0474438527503899,0.0484649356618721,0.0054522127394468,1.0,0.0022662398353163,23.0,0.0084465295878691,-0.0038049384486692,23,0.0037532273678535,24,0.0027140256828574,24,-0.0002935541862039,23,0.9942835980715748,1.0027524352859976,1.0037148177647135,0.9992491488777144,0.0075581658165227,2.0,0.0037532273678535,24.0,0.0070100190560193,Dental Equipment and Supplies Manufacturing,Manufacturing,Miscellaneous Manufacturing,Medical Equipment and Supplies Manufacturing,Medical Equipment and Supplies Manufacturing,False,False,bottom,8,890,9
39,Ohio,311230,6,31,Mfg-food,24,-0.0032324892968384,23,0.001246939217606,24,-0.0013147455399519,24,0.0025062653994119,23,0.0399869433920215,0.0431514046599252,0.0438219874926169,0.0471220614052125,0.0057387546962504,4.0,0.0025062653994119,23.0,0.0088904383698571,0.0132615545050844,23,0.0218570157187318,24,-0.0027807649272888,24,-0.0313804067152047,23,1.0099512746744694,1.0242471856344588,0.9948290651569844,0.9709724745340876,0.0532374224339366,2.0,0.0218570157187318,24.0,0.0493764432819679,Breakfast Cereal Manufacturing,Manufacturing,Food Manufacturing,Grain and Oilseed Milling,Breakfast Cereal Manufacturing,False,False,bottom,9,890,9
40,Oklahoma,449210,6,44,Retail-gen,24,-0.0028078774600426,23,-0.0003729354299145,24,0.0016333272900193,24,0.0018171019454711,23,0.2021256005990817,0.2035488198661362,0.2057179099930199,0.2046203455398647,0.0046249794055138,4.0,0.0018171019454711,23.0,0.0071649855313462,0.0017548467911053,23,-0.0191868435191052,24,-0.0244819052051344,24,0.0429887480922557,23,1.0076218875797749,0.9751931506057748,0.9811381006699854,1.0360468611444649,0.0674706532973901,4.0,0.0429887480922557,23.0,0.0625774264310032,Electronics and Appliance Retailers,Retail Trade,"Furniture, Home Furnishings, Electronics, and Appliance Retailers",Electronics and Appliance Retailers,Electronics and Appliance Retailers,False,False,bottom,1,776,8
40,Oklahoma,322230,6,32,Mfg-chem,24,-0.0066502543300928,11,-0.0012539685694346,12,-0.0039972865316406,12,-0.0061291722904453,12,0.1179956050692613,0.1185257881177295,0.1124869234524784,0.0969486496230958,0.0053962857606581,2.0,-0.0012539685694346,12.0,0.0083598879061018,0.0035243522946998,12,-0.0576758148569556,13,0.0906432990853008,14,-0.0422476235317554,13,0.9856072262848778,0.9717609238397392,1.0671397231099853,0.9815823910333094,0.1483191139422565,3.0,0.0906432990853008,14.0,0.1375624510425803,Stationery Product Manufacturing,Manufacturing,Paper Manufacturing,Converted Paper Product Manufacturing,Stationery Product Manufacturing,False,False,bottom,2,776,8
40,Oklahoma,484230,6,48,Transportation,24,-0.0007374018987354,23,-0.0007284870939807,24,0.0036227112503976,24,-0.0021252126709458,23,0.1694192750382448,0.1703504094422177,0.172738518034152,0.1678812041252912,0.0057479239213434,3.0,0.0036227112503976,24.0,0.0089046432688123,-0.0086218146145921,23,-0.0021286338056507,24,0.0083127367463052,24,0.0021202398328173,23,0.9918618087024448,0.9979295480105992,1.0082545549300552,1.0019540883569007,0.0169345513608974,3.0,0.0083127367463052,24.0,0.0157063936710035,"Specialized Freight (except Used Goods) Trucking, Long-Distance",Transportation and Warehousing,Truck Transportation,Specialized Freight Trucking,"Specialized Freight (except Used Goods) Trucking, Long-Distance",False,False,bottom,3,776,8
40,Oklahoma,457210,6,45,Retail-spec,24,-0.0015533760173115,23,0.0011510300220837,24,-0.0031369065287849,24,0.003415195430152,23,0.1261565983208178,0.1255212202078176,0.1225837820506498,0.1259201569510518,0.0065521019589369,4.0,0.003415195430152,23.0,0.0101504702225745,0.0077479858098199,23,-0.0080092905406973,24,-0.0098672703583872,24,0.0109886663202759,23,1.00862015336835,0.9915750037959568,0.9905484353049584,1.0092564075307346,0.0208559366786631,4.0,0.0109886663202759,23.0,0.0193433852997713,Fuel Dealers,Retail Trade,Gasoline Stations and Fuel Dealers,Fuel Dealers,Fuel Dealers,False,False,bottom,4,776,8
40,Oklahoma,334112,6,33,Mfg-metals,24,-0.0040570147938175,22,0.0026580425078416,23,0.0015196918104585,23,0.0022071572220531,22,0.0467157889725477,0.0517266361547398,0.0529186268061769,0.0504944904587315,0.0067150573016591,2.0,0.0026580425078416,23.0,0.0104029194921794,0.0224541235858982,22,0.0152203707138099,23,-0.0099080037223167,23,-0.0247104376349453,22,1.0184485856525332,1.0170998506141062,0.9871005847736786,0.9758053947741756,0.0471645612208436,1.0,0.0224541235858982,22.0,0.0437440089239813,Computer Storage Device Manufacturing,Manufacturing,Computer and Electronic Product Manufacturing,Computer and Peripheral Equipment Manufacturing,Computer and Peripheral Equipment Manufacturing,False,False,bottom,5,776,8
40,Oklahoma,517111,6,51,Information,24,-0.0017326487704948,23,-0.0027794296950514,24,0.0005490211052137,24,0.0041780130571753,23,0.0694741661449235,0.0677500709838084,0.0715848352127962,0.0743215572313566,0.0069574427522268,4.0,0.0041780130571753,23.0,0.0107784213256051,0.0249740051218491,23,-0.00452723996906,24,0.0026915795040385,24,-0.0221332261290666,23,1.0166469829697369,1.0019189475221986,0.99624539201278,0.9851886774952846,0.0471072312509157,1.0,0.0249740051218491,23.0,0.0436908367402226,Wired Telecommunications Carriers,Information,Telecommunications,Wired and Wireless Telecommunications (except Satellite),Wired and Wireless Telecommunications Carriers (except Satellite),False,False,bottom,6,776,8
40,Oklahoma,922140,6,92,Public admin,24,-0.0030689432130637,23,-0.0008524981664734,24,0.0039664104807228,24,0.0001257033382028,23,0.0568365836507163,0.0599601851986566,0.0647887830795438,0.0616845599989853,0.0070353536937866,3.0,0.0039664104807228,24.0,0.0108991204077121,0.0060010362610586,23,-0.0015310637358511,24,-0.0024675336741066,24,-0.00337199705964,23,1.0044637040051445,0.9991343263744948,0.9968670762155476,0.9995348934048136,0.0093730333206986,1.0,0.0060010362610586,23.0,0.0086932655072431,Correctional Institutions,Public Administration,"Justice, Public Order, and Safety Activities","Justice, Public Order, and Safety Activities",Correctional Institutions,False,False,bottom,7,776,8
40,Oklahoma,334511,6,33,Mfg-metals,24,0.0001050960522406,23,-0.0036531908064222,24,0.0047790176503366,24,-0.0024891875003258,23,0.0676329563090208,0.0637077992196909,0.0670890237432056,0.0609122129660469,0.0084322084567589,3.0,0.0047790176503366,24.0,0.0130631179714973,0.0004558707396917,23,0.0048718609057633,24,-0.0025945299617284,24,-0.0034717547820337,23,1.0023458547581232,1.0047889691712284,0.9974883617728066,0.995376814297842,0.008343615687797,2.0,0.0048718609057633,24.0,0.0077385051330439,"Search, Detection, Navigation, Guidance, Aeronautical, and Nautical System and Instrument Manufacturing",Manufacturing,Computer and Electronic Product Manufacturing,"Navigational, Measuring, Electromedical, and Control Instruments Manufacturing","Navigational, Measuring, Electromedical, and Control Instruments Manufacturing",False,False,bottom,8,776,8
41,Oregon,332312,6,33,Mfg-metals,24,-0.0019330818263696,23,0.0008819751713961,24,0.000188671693991,24,0.0018509988583371,23,0.1369536256585246,0.1390566641297637,0.1393957522582107,0.1393574969986755,0.0037840806847067,4.0,0.0018509988583371,23.0,0.0058622711536936,0.0173256591523754,23,-0.0011266033892022,24,0.000511692143852,24,-0.0170926703408752,23,1.0131891347117945,1.0034403388960131,0.9959447498586366,0.987425776533556,0.0344183294932507,1.0,0.0173256591523754,23.0,0.0319221821115113,Fabricated Structural Metal Manufacturing,Manufacturing,Fabricated Metal Product Manufacturing,Architectural and Structural Metals Manufacturing,Plate Work and Fabricated Structural Product Manufacturing,False,False,bottom,1,789,8
41,Oregon,316210,6,31,Mfg-food,24,-0.0003006243777624,23,-0.0022572141809156,24,0.0013095551799922,24,0.0019043612434814,23,0.0907915463879745,0.089812935773346,0.093348753520549,0.0942654609077673,0.0041615754243971,4.0,0.0019043612434814,23.0,0.006447083346547,-0.0108826281227956,23,-0.0066514360252208,24,-0.00212631783377,24,0.0192555405681013,23,0.9949886539473776,0.9909693426793148,1.0002529034616945,1.0137890999116133,0.030138168690897,4.0,0.0192555405681013,23.0,0.027952434752736,Footwear Manufacturing,Manufacturing,Leather and Allied Product Manufacturing,Footwear Manufacturing,Footwear Manufacturing,False,False,bottom,2,789,8
41,Oregon,561622,6,56,Admin/waste,24,-0.0018127020167592,23,-0.0018609235192284,24,0.0027502928145452,24,-0.0004802233139816,23,0.1102808305135683,0.1104447841135267,0.1143305847519421,0.112715799761267,0.0046112163337737,3.0,0.0027502928145452,24.0,0.0071436638775097,-0.0014493899012939,23,-0.0086496586757069,24,0.0076964362961017,24,0.001148261922386,23,0.9988974008005757,0.9935482870231854,1.0054984905972093,1.0020558215790296,0.0163460949718086,3.0,0.0076964362961017,24.0,0.0151606143640544,Locksmiths,Administrative and Support and Waste Management and Remediation Services,Administrative and Support Services,Investigation and Security Services,Security Systems Services,False,False,bottom,3,789,8
41,Oregon,333613,6,33,Mfg-metals,24,0.0006009327889433,17,-8.892740357637175e-05,17,-0.0005068902171942,16,0.0043958321317235,16,0.0499357972731822,0.0478266020242714,0.0503754853420474,0.0528276348600695,0.0049027223489178,4.0,0.0043958321317235,16.0,0.0075952629437279,0.0038896439642528,23,0.0013060666967347,24,0.001511864270084,24,-0.0065296842351932,23,1.002506328328222,1.0026454642295033,1.0001724667373153,0.9946757407049596,0.0104193281994461,1.0,0.0038896439642528,23.0,0.0096636791256108,Mechanical Power Transmission Equipment Manufacturing,Manufacturing,Machinery Manufacturing,"Engine, Turbine, and Power Transmission Equipment Manufacturing","Engine, Turbine, and Power Transmission Equipment Manufacturing",False,True,bottom,4,789,8
41,Oregon,424110,6,42,Wholesale,24,0.0021088093107495,23,-0.0021897134735315,24,0.0020626714810242,24,-0.0029429069861602,23,0.0539762765366839,0.0510646558656688,0.0525324621417166,0.0498749254557161,0.0050517162969097,1.0,0.0021088093107495,23.0,0.0078260833189165,0.0153595500181993,23,-0.020119585121808,24,0.0385246217395025,24,-0.0344198623812482,23,1.00077231447765,0.9929793936172427,1.0254256430004516,0.9808226489046556,0.0729444841207507,3.0,0.0385246217395025,24.0,0.0676542743479013,Printing and Writing Paper Merchant Wholesalers,Wholesale Trade,"Merchant Wholesalers, Nondurable Goods",Paper and Paper Product Merchant Wholesalers,Printing and Writing Paper Merchant Wholesalers,False,False,bottom,5,789,8
41,Oregon,423420,6,42,Wholesale,24,-0.0023669965966609,23,-6.13578905863359e-05,24,-0.0007058671327448,24,0.0037251091773568,23,0.0838232878349273,0.0846722586211885,0.0856439451886224,0.0880273660215458,0.0060921057740177,4.0,0.0037251091773568,23.0,0.0094378473716508,0.0180031630731607,23,-0.0025158155721724,24,0.0005265637581246,24,-0.0161038878079975,23,1.0126949211924805,1.0018913460780292,0.9961194021079228,0.9892943306215672,0.0341070508811583,1.0,0.0180031630731607,23.0,0.0316334786012325,Office Equipment Merchant Wholesalers,Wholesale Trade,"Merchant Wholesalers, Durable Goods",Professional and Commercial Equipment and Supplies Merchant Wholesalers,Office Equipment Merchant Wholesalers,False,False,bottom,6,789,8
41,Oregon,524126,6,52,Finance,24,-0.0013815535807374,23,-0.0020028810333714,24,-0.0008769287153703,24,0.0042554873526761,23,0.0543760857032868,0.0524835950436412,0.0545968664507384,0.0584639952885765,0.0062583683860475,4.0,0.0042554873526761,23.0,0.0096954202395812,0.0183234454828831,23,-0.0002775943339842,24,0.0028704681921674,24,-0.0213748913627851,23,1.0134148775160716,1.0051508542354288,0.9974420196227544,0.9839922486257452,0.0396983368456683,1.0,0.0183234454828831,23.0,0.036819263368376,Direct Property and Casualty Insurance Carriers,Finance and Insurance,Insurance Carriers and Related Activities,Insurance Carriers,"Direct Insurance (except Life, Health, and Medical) Carriers",False,False,bottom,7,789,8
41,Oregon,333924,6,33,Mfg-metals,24,-0.0023587933471892,23,0.0014138975942846,24,-0.0024016943645117,24,0.0039150272046718,23,0.0634783033707289,0.064846587148381,0.0633870757374637,0.06673095305557,0.0063167215691835,4.0,0.0039150272046718,23.0,0.0097858205800409,-0.0092346745148727,23,-0.0015797801156943,24,0.0026239054791362,24,0.0088454701286214,23,0.9926845131002336,0.996856359410762,1.0041877659526797,1.0062713615363246,0.0180801446434941,4.0,0.0088454701286214,23.0,0.0167689041975516,"Industrial Truck, Tractor, Trailer, and Stacker Machinery Manufacturing",Manufacturing,Machinery Manufacturing,Other General Purpose Machinery Manufacturing,Material Handling Equipment Manufacturing,False,False,bottom,8,789,8
42,Pennsylvania,333914,6,33,Mfg-metals,24,0.0007837767035645,23,-0.0003966247246534,24,0.0004703209159868,24,-0.0006996073685892,23,0.0561183977004804,0.0555010840594539,0.0556770198677343,0.054912313844041,0.0014833840721537,1.0,0.0007837767035645,23.0,0.0022980481603312,0.0111024145371064,23,0.001866148687951,24,-0.0053182817381836,24,-0.0076048025547276,23,1.00846150209999,1.0029138888085531,0.9936339781412143,0.9949906309502428,0.018707217091834,1.0,0.0111024145371064,23.0,0.0173504989811375,"Measuring, Dispensing, and Other Pumping Equipment Manufacturing",Manufacturing,Machinery Manufacturing,Other General Purpose Machinery Manufacturing,Pump and Compressor Manufacturing,False,False,bottom,1,899,9
42,Pennsylvania,333611,6,33,Mfg-metals,24,0.0018131544263558,23,-0.0002806119687324,24,0.002029750387433,24,-0.0014340641492889,23,0.0526128206666317,0.0535268938218048,0.0550021909144429,0.0524179872322148,0.003463814536722,3.0,0.002029750387433,24.0,0.0053661170921739,0.0009129552229385,23,0.0036837297446654,24,-0.0004440755142814,24,-0.0057788014778409,23,1.0016346742844993,1.0040805960014043,0.9991590582289792,0.9951256714851168,0.0094625312225063,2.0,0.0036837297446654,24.0,0.0087762726828431,Turbine and Turbine Generator Set Units Manufacturing,Manufacturing,Machinery Manufacturing,"Engine, Turbine, and Power Transmission Equipment Manufacturing","Engine, Turbine, and Power Transmission Equipment Manufacturing",False,False,bottom,2,899,9
42,Pennsylvania,337214,6,33,Mfg-metals,24,-0.0007068492264001,23,0.0009574642254915,24,0.0017886737654137,24,-0.0024080108006494,23,0.0692494603738888,0.0712276277034549,0.0712908665820378,0.0677767579297932,0.0041966845660632,3.0,0.0017886737654137,24.0,0.0065014741816188,0.0188990799091823,23,-0.0066985773745372,24,0.0050715225668397,24,-0.0165702806301951,23,1.0122455028057042,0.9990737644163108,0.9992991807759916,0.989381552001993,0.0354693605393774,1.0,0.0188990799091823,23.0,0.0328969884124937,Office Furniture (except Wood) Manufacturing,Manufacturing,Furniture and Related Product Manufacturing,Office Furniture (including Fixtures) Manufacturing,Office Furniture (including Fixtures) Manufacturing,False,False,bottom,3,899,9
42,Pennsylvania,332114,6,33,Mfg-metals,24,-0.0042545566409631,22,-0.000493927213592,23,0.0001640365051759,24,0.0010236309120256,22,0.0820294653007276,0.0811937194756668,0.0837063017015862,0.0858908109171536,0.0052781875529888,4.0,0.0010236309120256,22.0,0.0081769309942894,0.0179663544439901,23,0.0108565275596004,24,-0.0008514870287072,24,-0.0448981508600345,23,1.006239120567909,1.012652405406001,0.997352635124892,0.9837558389011978,0.0628645053040246,1.0,0.0179663544439901,23.0,0.0583053337047825,Custom Roll Forming,Manufacturing,Fabricated Metal Product Manufacturing,Forging and Stamping,Forging and Stamping,False,False,bottom,4,899,9
42,Pennsylvania,311613,6,31,Mfg-food,24,0.0019144728138405,22,-0.003858049105075,23,0.0010210099134551,23,-0.0014482439788041,23,0.1102281395402384,0.1008068083328284,0.106362487424377,0.1025351466575461,0.0057725219189155,1.0,0.0019144728138405,22.0,0.0089427503134607,-0.0026402071212083,23,-0.0014936524340901,24,0.0063904297968637,24,-0.0029242936740354,23,0.9952769544351144,0.9990621423099024,1.005834635052871,0.9998262682021122,0.0093147234708991,3.0,0.0063904297968637,24.0,0.0086391845082056,Rendering and Meat Byproduct Processing,Manufacturing,Food Manufacturing,Animal Slaughtering and Processing,Animal Slaughtering and Processing,False,False,bottom,5,899,9
42,Pennsylvania,485111,6,48,Transportation,24,0.0012124291499774,22,-0.0018238633813522,21,-0.0046712309454725,22,0.0003225477097126,20,0.028121576225455,0.0366657872863427,0.0286818217634916,0.0277577387683759,0.00588366009545,1.0,0.0012124291499774,22.0,0.0091149247940434,-0.054236786591331,23,0.0880513072347745,24,-0.0796661496680423,24,0.0456725333586632,23,0.9805316719562714,1.055006481330851,0.9533786762358814,1.0110831704769965,0.1677174569028169,2.0,0.0880513072347745,24.0,0.1555539528314742,Mixed Mode Transit Systems,Transportation and Warehousing,Transit and Ground Passenger Transportation,Urban Transit Systems,Urban Transit Systems,False,False,bottom,6,899,9
42,Pennsylvania,323111,6,32,Mfg-chem,24,0.0007423358524446,23,-0.0039955940623511,24,0.0015685466719131,24,0.0020790541579433,23,0.0869748797656472,0.0832969885635563,0.0876102854861676,0.0887864890649527,0.0060746482202945,4.0,0.0020790541579433,23.0,0.0094108022523383,0.0170360709451311,23,0.0013996211238125,24,0.0013149003633965,24,-0.0194949908928383,23,1.0124691816737426,1.0059943151361923,0.9967202063510168,0.9848162968390484,0.0365310618379695,1.0,0.0170360709451311,23.0,0.0338816911188911,Commercial Printing (except Screen and Books),Manufacturing,Printing and Related Support Activities,Printing and Related Support Activities,Printing,False,False,bottom,7,899,9
42,Pennsylvania,812332,6,81,Other services,24,0.0035281694102731,23,-0.0025974969148326,24,0.0007078931949802,24,-0.0010053881312382,23,0.1486777609862546,0.143963648979752,0.1444445308029147,0.1435096262361169,0.0061256663251058,1.0,0.0035281694102731,23.0,0.0094898391411024,-0.0017480871866768,23,-0.009285279445362,24,0.007217747613329,24,0.0036269855094149,23,0.9972471758581638,0.992203028378469,1.005729439789498,1.004820355973869,0.0165030270586911,3.0,0.007217747613329,24.0,0.0153061651426761,Industrial Launderers,Other Services (except Public Administration),Personal and Laundry Services,Drycleaning and Laundry Services,Linen and Uniform Supply,False,False,bottom,8,899,9
42,Pennsylvania,332420,6,33,Mfg-metals,24,0.0010218719379988,23,-0.0020123876158079,24,0.0037604833658882,24,-0.0028389001056939,23,0.0787832501018891,0.0778428744114094,0.0809272739525456,0.0764907067619053,0.0065993834715822,3.0,0.0037604833658882,24.0,0.0102237184090635,0.0058139235735838,23,-0.0033085359878679,24,0.0020038081170696,24,-0.004718568701556,23,1.0032360234338122,0.9984380745290928,1.0002571976001091,0.998068704436986,0.0105324922751399,1.0,0.0058139235735838,23.0,0.0097686361146909,Metal Tank (Heavy Gauge) Manufacturing,Manufacturing,Fabricated Metal Product Manufacturing,"Boiler, Tank, and Shipping Container Manufacturing",Metal Tank (Heavy Gauge) Manufacturing,False,False,bottom,9,899,9
44,Rhode Island,524292,6,52,Finance,24,0.0012569982678793,23,-0.0013610386496417,24,-0.001101520443164,24,-0.0008521064575368,23,0.0822271666084749,0.0769767610684075,0.0744484328276236,0.0741231454731678,0.0026180369175211,1.0,0.0012569982678793,23.0,0.004055844359481,-0.0099372010133928,23,0.0006856743446095,24,0.0050785770415234,24,0.0047926779558732,23,0.9914005417394705,0.9995120472716076,1.0062522041145254,1.0028352068743966,0.0150157780549163,3.0,0.0050785770415234,24.0,0.0139267770595627,Pharmacy Benefit Management and Other Third Party Administration of Insurance and Pension Funds,Finance and Insurance,Insurance Carriers and Related Activities,"Agencies, Brokerages, and Other Insurance Related Activities",Other Insurance Related Activities,False,False,bottom,1,598,6
44,Rhode Island,485113,6,48,Transportation,24,0.0005163092820125,22,0.0018978981997374,23,-0.0025935255174277,23,-0.000603832823449,23,0.0257940807493621,0.0269049109138264,0.0253519861740918,0.025070505748791,0.0044914237171651,2.0,0.0018978981997374,23.0,0.0069580819992987,-0.0057660890602744,23,0.0029880156251355,24,-0.001936492443345,24,0.0050005439718884,23,0.9957826556638584,1.00093673669864,1.0001147864831506,1.003165821154351,0.0107666330321628,4.0,0.0050005439718884,23.0,0.0099857960987883,Bus and Other Motor Vehicle Transit Systems,Transportation and Warehousing,Transit and Ground Passenger Transportation,Urban Transit Systems,Urban Transit Systems,False,False,bottom,2,598,6
44,Rhode Island,517111,6,51,Information,24,0.0036308222585443,23,-0.002907669447775,24,0.0001960621591178,24,-0.001423740008436,23,0.056036242525551,0.0508025748745977,0.0513842461191945,0.0515737930455557,0.0065384917063193,1.0,0.0036308222585443,23.0,0.0101293853150467,0.0185870528483801,23,0.0047801368695634,24,-0.0021274905111342,24,-0.0190874856015119,23,1.0118295382557003,1.0080141527844189,0.9946384935740104,0.9855178153858702,0.0376745384498921,1.0,0.0185870528483801,23.0,0.0349422384837249,Wired Telecommunications Carriers,Information,Telecommunications,Wired and Wireless Telecommunications (except Satellite),Wired and Wireless Telecommunications Carriers (except Satellite),False,False,bottom,3,598,6
44,Rhode Island,513120,6,51,Information,24,0.0035766147303074,23,-0.0037268979938416,24,0.0027534134774482,24,-0.0033705772815856,23,0.1063992662034442,0.1018818400946518,0.1048182099735428,0.1022477528975372,0.0073035127241491,1.0,0.0035766147303074,23.0,0.0113145504894885,0.0017255212503046,23,0.0042531846733516,24,0.0076675889052602,24,-0.0127782121444962,23,0.9991976615696552,1.0065416014983235,1.0053791720802885,0.9888815648517332,0.0204458010497565,3.0,0.0076675889052602,24.0,0.0189629942572907,Periodical Publishers,Information,Publishing Industries,"Newspaper, Periodical, Book, and Directory Publishers",Periodical Publishers,False,False,bottom,4,598,6
44,Rhode Island,334512,6,33,Mfg-metals,24,0.0051491866146725,7,0.0050186308704847,8,0.0005143633509695,8,-0.0024980403109251,8,0.0685185745068387,0.0791353162877677,0.0756409924784442,0.0711179419671816,0.0076472269255977,1.0,0.0051491866146725,7.0,0.0118470301103408,0.0359682104728776,7,0.0007286127310061,8,0.0068362093913165,8,-0.0424908049987672,8,1.0216232680878743,1.0111160747277312,0.9964487473945914,0.971652445581172,0.0784590154716448,1.0,0.0359682104728776,7.0,0.0727688710361978,"Automatic Environmental Control Manufacturing for Residential, Commercial, and Appliance Use",Manufacturing,Computer and Electronic Product Manufacturing,"Navigational, Measuring, Electromedical, and Control Instruments Manufacturing","Navigational, Measuring, Electromedical, and Control Instruments Manufacturing",False,False,bottom,5,598,6
44,Rhode Island,424710,6,42,Wholesale,24,0.0033412982645943,14,-0.0045054542199571,14,0.0017501170361954,11,-0.0008326496072632,12,0.1487314002172733,0.1473557077460103,0.1411794365608895,0.1603302445602983,0.0078467524845515,1.0,0.0033412982645943,14.0,0.0121561337014474,0.065549121049476,17,-0.0154873679987943,19,-0.0129632908957615,18,-0.042989258262578,18,1.04288837015265,0.9939794168846772,0.983228086691058,0.980441692781296,0.1085383793120541,1.0,0.065549121049476,17.0,0.1006667656885296,Petroleum Bulk Stations and Terminals,Wholesale Trade,"Merchant Wholesalers, Nondurable Goods",Petroleum and Petroleum Products Merchant Wholesalers,Petroleum Bulk Stations and Terminals,False,False,bottom,6,598,6
45,South Carolina,524126,6,52,Finance,24,-0.0008869916085517,23,0.0021928889389677,24,0.000589284763776,24,-0.0001014239658919,23,0.0607621239656655,0.0642823496936456,0.0634167975436901,0.0613726758661826,0.0030798805475194,2.0,0.0021928889389677,24.0,0.0047713292593137,0.0011052627917336,23,-0.0017236737063875,24,-0.0003047018252709,24,-0.0014162051304357,23,1.0035502337743925,0.9993581702766527,0.9986134541916886,0.9984781417572662,0.0028289364981212,1.0,0.0011052627917336,23.0,0.0026237713277931,Direct Property and Casualty Insurance Carriers,Finance and Insurance,Insurance Carriers and Related Activities,Insurance Carriers,"Direct Insurance (except Life, Health, and Medical) Carriers",False,False,bottom,1,836,9
45,South Carolina,334510,6,33,Mfg-metals,24,-0.0025118907190211,23,0.0025984923772968,24,0.0014731874295125,24,-0.000694335508762,23,0.0483560770325107,0.0531017159358875,0.0526503700846706,0.0492526493744286,0.005110383096318,2.0,0.0025984923772968,24.0,0.007916969511497,-0.0180738906251624,23,-0.0060432099971033,24,0.0035782942597162,24,0.0202491709047954,23,0.9867344110995931,0.9907276917893332,1.0068073924732797,1.015730504637794,0.0383230615299578,4.0,0.0202491709047954,23.0,0.0355437282181246,Electromedical and Electrotherapeutic Apparatus Manufacturing,Manufacturing,Computer and Electronic Product Manufacturing,"Navigational, Measuring, Electromedical, and Control Instruments Manufacturing","Navigational, Measuring, Electromedical, and Control Instruments Manufacturing",False,False,bottom,2,836,9
45,South Carolina,621493,6,62,Healthcare,24,-0.0018141510698697,23,-0.0024991109220679,24,0.0029584499358291,24,0.0017141394678405,23,0.1115732159708872,0.1116002518284986,0.116625509530246,0.115733867360335,0.0054575608578971,3.0,0.0029584499358291,24.0,0.0084548148553171,-0.0298346625354471,23,-0.0073667317988957,24,0.0076854409647576,24,0.0295021539935585,23,0.9765637956495132,0.9873830137391943,1.0129356954266673,1.023117495184625,0.0593368165290056,4.0,0.0295021539935585,23.0,0.0550334862570156,Freestanding Ambulatory Surgical and Emergency Centers,Health Care and Social Assistance,Ambulatory Health Care Services,Outpatient Care Centers,Other Outpatient Care Centers,False,False,bottom,3,836,9
45,South Carolina,333120,6,33,Mfg-metals,24,0.002793919594422,23,-0.0002335491609663,24,0.0010002988936246,24,-0.0029936842108024,23,0.0857890790678318,0.0844083903082407,0.0834947998705822,0.0805806116456744,0.0057876038052244,1.0,0.002793919594422,23.0,0.0089661150655416,0.0082586790954528,23,0.0005630730079782,24,-0.0015071075181329,24,-0.0073433514000969,23,1.0063698484788814,1.0021839866615612,0.9968719788282842,0.9945741860312736,0.0156020304955498,1.0,0.0082586790954528,23.0,0.014470512256731,Construction Machinery Manufacturing,Manufacturing,Machinery Manufacturing,"Agriculture, Construction, and Mining Machinery Manufacturing",Construction Machinery Manufacturing,False,False,bottom,4,836,9
45,South Carolina,322219,6,32,Mfg-chem,24,0.0031659441571598,23,-0.0034176060051305,24,-0.0004110692076621,24,0.0007276568359018,23,0.0443405623535932,0.0394424825778053,0.0413796148122786,0.0441388854620763,0.0065835501622904,1.0,0.0031659441571598,23.0,0.0101991895577884,0.0056086378795496,23,0.0025548075195303,24,-0.0015673950502811,24,-0.0069676336206554,23,1.0046460737143292,1.0035810337408797,0.9974063787283692,0.9943665138164216,0.012576271500205,1.0,0.0056086378795496,23.0,0.0116641927433485,Other Paperboard Container Manufacturing,Manufacturing,Paper Manufacturing,Converted Paper Product Manufacturing,Paperboard Container Manufacturing,False,False,bottom,5,836,9
45,South Carolina,611420,6,61,Education,24,-0.0034000537602896,23,0.0005617034817631,24,0.0011800444550065,24,0.0035418535880192,23,0.1759563040958149,0.1774580099655849,0.1778363088718286,0.1758545188680592,0.0069419073483089,4.0,0.0035418535880192,23.0,0.0107543539872375,-0.0046504152070088,23,-0.0030396219477917,24,0.0122728545679525,24,-0.0041861858093138,23,0.9915524722409944,0.998235486988524,1.0109977456316368,0.9992142951388449,0.0169232697749614,3.0,0.0122728545679525,24.0,0.0156959302683324,Computer Training,Educational Services,Educational Services,Business Schools and Computer and Management Training,Computer Training,False,False,bottom,6,836,9
45,South Carolina,325613,6,32,Mfg-chem,24,0.0050770585887562,23,-0.0022381065711372,24,-0.0025722109574567,24,-0.0001792684258366,23,0.0593540370117327,0.0538833757352247,0.0528889276009913,0.0570389013816714,0.007649269546213,1.0,0.0050770585887562,23.0,0.0118501945238163,0.0025050533117967,23,-0.0049633019220376,24,0.0019538764389363,24,0.0014069973618439,23,1.0025403701659723,0.9965347802795986,1.0004557942373,1.000469055317129,0.0074683552338343,1.0,0.0025050533117967,23.0,0.0069267218763382,Surface Active Agent Manufacturing,Manufacturing,Chemical Manufacturing,"Soap, Cleaning Compound, and Toilet Preparation Manufacturing",Soap and Cleaning Compound Manufacturing,False,True,bottom,7,836,9
45,South Carolina,516120,6,51,Information,24,-0.0042675029157417,23,0.0036554615516617,24,-0.0022916920710752,24,0.0028924573850184,23,0.0764415420585927,0.0809573574273601,0.0781622496928041,0.0799505261003986,0.0079229644674034,2.0,0.0036554615516617,24.0,0.0122742007686861,-0.0004353355373901,23,-0.0066766282797891,24,0.0086611740241622,24,-0.0015529868854091,23,0.997415010412354,0.9953487665323828,1.0066357792119902,1.000600443843273,0.0153378023039514,3.0,0.0086611740241622,24.0,0.0142254468925665,Television Broadcasting Stations,Information,Broadcasting and Content Providers,Radio and Television Broadcasting Stations,Television Broadcasting Stations,False,False,bottom,8,836,9
45,South Carolina,562211,6,56,Admin/waste,24,-0.0013993521561899,23,-0.00255441207368,23,0.0054704934077375,23,-0.0004866472623334,22,0.0274374945472697,0.0278457757059726,0.0345191080733296,0.0300692004546497,0.0080249054814176,3.0,0.0054704934077375,23.0,0.0124321270698479,0.0017878351333673,23,0.009336271378206,24,-0.0003466851755557,24,-0.0115453892292284,23,1.0012787846835534,1.009646971214205,0.999342614988445,0.9897316291137964,0.0208816606074344,2.0,0.009336271378206,24.0,0.0193672436319725,Hazardous Waste Treatment and Disposal,Administrative and Support and Waste Management and Remediation Services,Waste Management and Remediation Services,Waste Treatment and Disposal,Waste Treatment and Disposal,False,False,bottom,9,836,9
46,South Dakota,524114,6,52,Finance,24,-0.0025285952959294,23,-0.0022008592418477,24,0.0032410059654354,24,-0.000237908107707,23,0.04922426663928,0.0500115354876058,0.0552005228196272,0.0539074982207776,0.0057696012613648,3.0,0.0032410059654354,24.0,0.0089382256513471,-0.0038222600268065,23,0.0033010899356446,24,-0.0009396248280974,24,0.0023566720491778,23,0.9963283826192088,1.0017640091993485,1.000597455908199,1.001310152273244,0.0071233499624512,2.0,0.0033010899356446,24.0,0.0066067376916124,Direct Health and Medical Insurance Carriers,Finance and Insurance,Insurance Carriers and Related Activities,Insurance Carriers,"Direct Life, Health, and Medical Insurance Carriers",False,False,bottom,1,536,6
46,South Dakota,323111,6,32,Mfg-chem,24,-0.000662502205894,23,0.0033964241505838,24,0.0021747008488738,24,-0.0044916468315427,23,0.1280888873455507,0.1325541664742159,0.1302265973017133,0.1235496264314631,0.0078880709821266,2.0,0.0033964241505838,24.0,0.0122201440269743,0.0040850764190289,23,-0.0019585006503879,24,-0.0034835964087673,24,0.0028722202588245,23,1.0041284418534673,0.9982564478311788,0.996301455109666,1.0013136552056878,0.0075686728277963,1.0,0.0040850764190289,23.0,0.007019764059111,Commercial Printing (except Screen and Books),Manufacturing,Printing and Related Support Activities,Printing and Related Support Activities,Printing,False,False,bottom,2,536,6
46,South Dakota,459140,6,45,Retail-spec,24,-0.0020692696399088,23,-0.0042950121221266,24,0.0051920964025788,24,0.0003256401387019,23,0.1056939932963806,0.1047235072732858,0.1123430454944444,0.1095783909104454,0.0094871085247054,3.0,0.0051920964025788,24.0,0.0146973617293921,0.0031901464474742,23,-0.0091303600514301,24,0.0219183056953585,24,-0.0155504186676978,23,0.9977660369131732,0.9974310874847472,1.0153568581591812,0.9894460174428984,0.0374687243630563,3.0,0.0219183056953585,24.0,0.0347513508125968,Musical Instrument and Supplies Retailers,Retail Trade,"Sporting Goods, Hobby, Musical Instrument, Book, and Miscellaneous Retailers","Sporting Goods, Hobby, and Musical Instrument Retailers",Musical Instrument and Supplies Retailers,False,False,bottom,3,536,6
46,South Dakota,423840,6,42,Wholesale,24,-0.0071482813194664,19,0.0021958287373994,19,0.0024492149631952,20,0.0001537096646109,17,0.0766306268430251,0.0837078606572917,0.0801178184326637,0.0737554103423555,0.0095974962826616,3.0,0.0024492149631952,20.0,0.0148683736667968,-0.0103717594567409,23,-0.000271667191437,24,-0.000732335638814,24,0.0122370980695249,23,0.991671910075878,0.9967081909542508,1.0022878062154978,1.0093320927543734,0.0226088575262658,4.0,0.0122370980695249,23.0,0.0209691777001611,Industrial Supplies Merchant Wholesalers,Wholesale Trade,"Merchant Wholesalers, Durable Goods","Machinery, Equipment, and Supplies Merchant Wholesalers",Industrial Supplies Merchant Wholesalers,False,False,bottom,4,536,6
46,South Dakota,456199,6,45,Retail-spec,24,-0.0060232035830284,21,-0.0023838936008149,22,0.0035395243820878,23,0.0041915839161172,22,0.0883404472785167,0.0928795093635915,0.1008260512536501,0.1049023651388824,0.0102147874991457,4.0,0.0041915839161172,22.0,0.0158246768731338,-0.0011652665563978,23,-0.0019774384926556,24,0.0093807476624443,24,-0.0054892615639549,23,0.9968087163286802,1.0000857161710526,1.007317592998736,0.995787974501531,0.0148700092263992,3.0,0.0093807476624443,24.0,0.0137915799376042,All Other Health and Personal Care Retailers,Retail Trade,Health and Personal Care Retailers,Health and Personal Care Retailers,Other Health and Personal Care Retailers,False,False,bottom,5,536,6
46,South Dakota,522210,6,52,Finance,24,-0.0061560829784835,23,-0.0015223094042729,24,0.0031130813957495,24,0.0046776921682171,23,0.0551000650484766,0.057590265484159,0.0631250847283872,0.0624337411811163,0.0108337751467006,4.0,0.0046776921682171,23.0,0.0167836081785415,0.0247338871976275,23,0.0023469171264837,24,-0.0009307165307751,24,-0.0257168935646712,23,1.01756149268202,1.0078905091768986,0.99352569141881,0.9810223067222716,0.0504507807622987,1.0,0.0247338871976275,23.0,0.0467918993999357,Credit Card Issuing,Finance and Insurance,Credit Intermediation and Related Activities,Nondepository Credit Intermediation,Credit Card Issuing,False,False,bottom,6,536,6
47,Tennessee,315210,6,31,Mfg-food,24,-0.0009347730038818,23,0.002049482900568,24,0.0009614489124636,24,-0.0013291976632347,23,0.1725097081237833,0.1741594791814997,0.1717102844380801,0.1673381918697331,0.0033786805638027,2.0,0.002049482900568,24.0,0.0052342281407408,0.0332458430296891,23,-0.001259323150226,24,0.0065156306423452,24,-0.039919136292029,23,1.0238726671207925,1.0088701094374863,0.9963861980546326,0.9708710253870884,0.0731649793217181,1.0,0.0332458430296891,23.0,0.0678587784032586,Cut and Sew Apparel Contractors,Manufacturing,Apparel Manufacturing,Cut and Sew Apparel Manufacturing,Cut and Sew Apparel Contractors,False,False,bottom,1,861,9
47,Tennessee,423610,6,42,Wholesale,24,-0.0021207086539249,23,-0.0007514518450047,24,0.000561879383917,24,0.0017839030364879,23,0.0755793284515579,0.0756876715910962,0.077298918420644,0.0777864064823577,0.0039046116904128,4.0,0.0017839030364879,23.0,0.0060489969390955,-0.0085919641298238,23,0.0013224412885427,24,0.0029335666662988,24,0.0037742088085453,23,0.9945018717339756,1.0004675874219675,1.0037884205328742,1.0012421203111828,0.0123661729383692,4.0,0.0037742088085453,23.0,0.0114693313235459,"Electrical Apparatus and Equipment, Wiring Supplies, and Related Equipment Merchant Wholesalers",Wholesale Trade,"Merchant Wholesalers, Durable Goods",Household Appliances and Electrical and Electronic Goods Merchant Wholesalers,"Electrical Apparatus and Equipment, Wiring Supplies, and Related Equipment Merchant Wholesalers",False,False,bottom,2,861,9
47,Tennessee,332911,6,33,Mfg-metals,24,0.0021060726436624,22,9.620558155460912e-05,24,-0.0040856360715235,23,0.0018461089791884,22,0.0593201388696998,0.0553569574249119,0.0512013648170148,0.0553084335688777,0.006191708715186,1.0,0.0021060726436624,22.0,0.0095921515468216,0.003262447871946,23,0.0004374148010073,24,0.0240260312205616,24,-0.029331840451739,23,0.9970222032921856,1.007453492971923,1.017009953049646,0.9785143506862454,0.0533578716723006,3.0,0.0240260312205616,24.0,0.0494881570861781,Industrial Valve Manufacturing,Manufacturing,Fabricated Metal Product Manufacturing,Other Fabricated Metal Product Manufacturing,Metal Valve Manufacturing,False,False,bottom,3,861,9
47,Tennessee,335313,6,33,Mfg-metals,24,-0.001396173258594,23,-0.0021809976088951,24,-0.0009790661307898,24,0.0042210763237309,23,0.0525654418420365,0.0510325411902985,0.0538616357563508,0.0586488625839828,0.006402073932626,4.0,0.0042210763237309,23.0,0.0099180478605348,-0.0063502203148898,23,-0.0033301335136625,24,0.00328395547059,24,0.0075542433392939,23,0.9933190586046688,0.9955375378447572,1.0044162841121704,1.0067271194384038,0.0139044636541838,4.0,0.0075542433392939,23.0,0.0128960593807664,Switchgear and Switchboard Apparatus Manufacturing,Manufacturing,"Electrical Equipment, Appliance, and Component Manufacturing",Electrical Equipment Manufacturing,Electrical Equipment Manufacturing,False,False,bottom,4,861,9
47,Tennessee,423860,6,42,Wholesale,24,-0.0034939569685767,23,0.0002158178776959,24,0.0029644724943144,24,0.0001305676309963,23,0.0940983087416231,0.0968783948246438,0.0992268451522728,0.0956463504912729,0.0064584294628912,3.0,0.0029644724943144,24.0,0.0100053534512321,-0.0106548349751227,23,-0.001249237661628,24,0.0064409465584579,24,0.0059762458676606,23,0.9898533327481598,0.9975155221072444,1.0076761867895854,1.0049549583550104,0.0170957815335806,3.0,0.0064409465584579,24.0,0.0158559308219938,Transportation Equipment and Supplies (except Motor Vehicle) Merchant Wholesalers,Wholesale Trade,"Merchant Wholesalers, Durable Goods","Machinery, Equipment, and Supplies Merchant Wholesalers",Transportation Equipment and Supplies (except Motor Vehicle) Merchant Wholesalers,False,False,bottom,5,861,9
47,Tennessee,325220,6,32,Mfg-chem,24,-0.0022900273008331,23,-0.0004564287782698,24,-0.0019317666521113,24,0.0044250952037229,23,0.0365619448283179,0.0357267726841338,0.0358044580964894,0.0397456768130678,0.0067151225045561,4.0,0.0044250952037229,23.0,0.0104030205040483,0.0016088581674215,23,0.0046110200761766,24,0.0004860674465554,24,-0.006783452439648,23,1.0013064391187434,1.0052085222646097,0.9998885652581224,0.9935964733585244,0.0113944725158246,2.0,0.0046110200761766,24.0,0.0105681022893947,Artificial and Synthetic Fibers and Filaments Manufacturing,Manufacturing,Chemical Manufacturing,"Resin, Synthetic Rubber, and Artificial and Synthetic Fibers and Filaments Manufacturing",Artificial and Synthetic Fibers and Filaments Manufacturing,False,True,bottom,6,861,9
47,Tennessee,423730,6,42,Wholesale,24,-0.0004128989309833,23,-0.0035012847259848,24,0.0035166589274087,24,0.0008133124451643,23,0.0888471178946807,0.0876383675566322,0.0934321866705534,0.0921926879296571,0.0070179436533936,3.0,0.0035166589274087,24.0,0.0108721488957163,-0.015895241097852,23,0.0054557149761838,24,0.003888482476351,24,0.0039181034363828,23,0.9865361352646737,1.0022639208898587,1.007080276562676,1.0041196672827917,0.0213509560740358,2.0,0.0054557149761838,24.0,0.01980250401705,Warm Air Heating and Air-Conditioning Equipment and Supplies Merchant Wholesalers,Wholesale Trade,"Merchant Wholesalers, Durable Goods","Hardware, and Plumbing and Heating Equipment and Supplies Merchant Wholesalers",Warm Air Heating and Air-Conditioning Equipment and Supplies Merchant Wholesalers,False,False,bottom,7,861,9
47,Tennessee,333924,6,33,Mfg-metals,24,-0.0062901939955548,22,0.0004884411278844,24,0.0007291878975473,23,-0.0016755991010091,22,0.0884847176814608,0.0890987316696143,0.0887358634019989,0.0842089926217162,0.0070193818931021,3.0,0.0007291878975473,23.0,0.0108743770065464,-0.0055864813713312,23,0.0062174683123893,24,0.0016391831079719,24,-0.0024127466236705,23,0.9978464850788396,1.0060460243746598,1.0018106270457017,0.9942968635007992,0.0118039496837205,2.0,0.0062174683123893,24.0,0.0109478826249465,"Industrial Truck, Tractor, Trailer, and Stacker Machinery Manufacturing",Manufacturing,Machinery Manufacturing,Other General Purpose Machinery Manufacturing,Material Handling Equipment Manufacturing,False,False,bottom,8,861,9
47,Tennessee,325412,6,32,Mfg-chem,24,0.0011764782307082,23,-0.0042027134784289,24,0.0029726259383472,24,9.136609609971036e-05,23,0.0569100617410082,0.0534658910253743,0.0584271472665983,0.0574431516311278,0.0071753394167762,3.0,0.0029726259383472,24.0,0.0111159853041525,0.0173813413844066,23,-0.00025097546192,24,-0.0035491237922662,24,-0.0165331960814128,23,1.0120394933801076,1.0025791477340271,0.9936207530117868,0.9917606058740788,0.0339145374658194,1.0,0.0173813413844066,23.0,0.0314549269866179,Pharmaceutical Preparation Manufacturing,Manufacturing,Chemical Manufacturing,Pharmaceutical and Medicine Manufacturing,Pharmaceutical and Medicine Manufacturing,False,False,bottom,9,861,9
48,Texas,325110,6,32,Mfg-chem,24,-0.0002428652119816,23,0.0018596753291763,24,-0.0019495691594787,24,0.0028661987865438,23,0.0404284706997741,0.042430042215537,0.0407122630729472,0.042893622249315,0.0048157679460226,4.0,0.0028661987865438,23.0,0.0074605537949935,-0.005973094811901,23,0.0021452370782153,24,-0.0019502393574153,24,0.0032444360180775,23,0.9989405338183266,1.001142001898519,0.9990529958222808,1.0008644684608734,0.0092175308299785,4.0,0.0032444360180775,23.0,0.0085490406450651,Petrochemical Manufacturing,Manufacturing,Chemical Manufacturing,Basic Chemical Manufacturing,Petrochemical Manufacturing,False,False,bottom,1,926,10
48,Texas,325180,6,32,Mfg-chem,24,0.0004195778792083,23,-0.0027395998331564,24,0.0030001291374542,24,-0.0014957932296153,23,0.0509918578846331,0.0489193051202308,0.0523259520221412,0.0497323406491431,0.0057397289706106,3.0,0.0030001291374542,24.0,0.0088919477088363,-0.0057033711227005,23,0.0035263200317892,24,8.927729850994233e-05,24,0.0029174035710686,23,0.9946360202559074,1.0017680858832616,1.0018475114470375,1.0017483824137934,0.0092296911544897,2.0,0.0035263200317892,24.0,0.0085603190568677,Other Basic Inorganic Chemical Manufacturing,Manufacturing,Chemical Manufacturing,Basic Chemical Manufacturing,Other Basic Inorganic Chemical Manufacturing,False,False,bottom,2,926,10
48,Texas,311920,6,31,Mfg-food,24,0.0016362384713703,23,-0.0037336683334423,24,-0.0011878184378691,24,0.0024382072917471,23,0.1037835614623789,0.099923612131805,0.1035309994681159,0.1095140236801651,0.0061718756251895,4.0,0.0024382072917471,23.0,0.0095614262634404,-0.0078602708310061,23,0.0003984078696691,24,-0.0007456012451696,24,0.0085801931077106,23,0.9950617042512312,0.9985037755383562,1.001149031086143,1.0052854891242693,0.0164404639387168,4.0,0.0085801931077106,23.0,0.0152481393366974,Coffee and Tea Manufacturing,Manufacturing,Food Manufacturing,Other Food Manufacturing,Coffee and Tea Manufacturing,False,False,bottom,3,926,10
48,Texas,517121,6,51,Information,24,-0.0032963583804718,23,-0.0001046659865916,24,0.0002053534524143,24,0.0032414431162239,23,0.1279676793302098,0.1287971847156719,0.1298360220743173,0.130464152528134,0.0065378014966958,4.0,0.0032414431162239,23.0,0.0101283160471575,0.0216894189353489,23,-0.0058268751836635,24,0.0033528707367921,24,-0.0180118144953933,23,1.0136342760698078,0.9998355070852032,0.9976904884679256,0.9888397283770636,0.0397012334307423,1.0,0.0216894189353489,23.0,0.0368219498821491,Telecommunications Resellers,Information,Telecommunications,Wired and Wireless Telecommunications (except Satellite),Telecommunications Resellers and Agents for Wireless Telecommunication Services,False,False,bottom,4,926,10
48,Texas,481111,6,48,Transportation,24,0.0023600153647297,23,0.0017122637751779,24,-0.0042301604444976,24,0.0004425614316778,23,0.0598254575290421,0.0581418311943665,0.0530336773093349,0.0563858443132986,0.0065901758092273,1.0,0.0023600153647297,23.0,0.010209453963373,-0.0047250283284798,23,0.0013756986921691,24,-0.0008954434534425,24,0.0039832996383573,23,0.9961624922058622,0.999798048276309,1.0006822069624175,1.0033572525554113,0.0087083279668371,4.0,0.0039832996383573,23.0,0.0080767670987243,Scheduled Passenger Air Transportation,Transportation and Warehousing,Air Transportation,Scheduled Air Transportation,Scheduled Air Transportation,False,False,bottom,5,926,10
48,Texas,524128,6,52,Finance,24,-0.002272599075344,23,-0.0002540354541189,24,-0.0010481668123401,24,0.0044641644945119,23,0.15056001740691,0.1510159646724526,0.1519799828462331,0.1550403346446939,0.0067367635698559,4.0,0.0044641644945119,23.0,0.0104365466900398,-0.0399566591177246,23,0.0060986265154812,24,0.0140221441681426,24,0.0191268096972091,23,0.9685114604118298,1.0002764947088052,1.0198442759748187,1.0113677689045464,0.0590834688149337,4.0,0.0191268096972091,23.0,0.0547985122770111,"Other Direct Insurance (except Life, Health, and Medical) Carriers",Finance and Insurance,Insurance Carriers and Related Activities,Insurance Carriers,"Direct Insurance (except Life, Health, and Medical) Carriers",False,False,bottom,6,926,10
48,Texas,513140,6,51,Information,24,-0.0023798785943161,23,0.0044029231658781,24,-0.0024684250029244,24,-0.0001513282589801,23,0.1514704002135073,0.1558412674295358,0.151406288313808,0.1519081592039291,0.0068713481688025,2.0,0.0044029231658781,24.0,0.0106450442031412,0.0133051048777553,23,-0.0031663909451163,24,0.0087319928765636,24,-0.0177093438548554,23,1.007916599199863,1.0023831397470258,1.0031824621844214,0.9865177988686896,0.0310144487326108,1.0,0.0133051048777553,23.0,0.0287651636528343,Directory and Mailing List Publishers,Information,Publishing Industries,"Newspaper, Periodical, Book, and Directory Publishers",Directory and Mailing List Publishers,False,False,bottom,7,926,10
48,Texas,523150,6,52,Finance,24,-0.0029355742490225,23,-0.001605133151339,24,0.0041033504954028,24,0.0020907193679614,23,0.0725439308825297,0.0746784643608588,0.0800232641418661,0.0771613629320675,0.0070389247444254,3.0,0.0041033504954028,24.0,0.0109046526542186,-0.0136754192399648,23,0.0058760480258407,24,0.0002845334460413,24,0.0074967928523502,23,0.9898490455806946,1.002587241034753,1.0035733404371294,1.003990372947423,0.021172212092315,4.0,0.0074967928523502,23.0,0.0196367232246688,Investment Banking and Securities Intermediation,Finance and Insurance,"Securities, Commodity Contracts, and Other Financial Investments and Related Activities",Securities and Commodity Contracts Intermediation and Brokerage,Investment Banking and Securities Intermediation,False,False,bottom,8,926,10
48,Texas,339113,6,33,Mfg-metals,24,0.0030470871729621,23,-0.0002142661465355,24,0.0012754863581279,24,-0.0041317538933242,23,0.0940658746880598,0.0922108082082602,0.0907842740215317,0.0868067671185472,0.0071788410662864,1.0,0.0030470871729621,23.0,0.0111214100349191,0.0105372464717202,23,-0.0018819827245162,24,0.0043589123500926,24,-0.0133151085875017,23,1.0063902561079066,1.0017010734281502,1.0007758561974265,0.9911328142665168,0.023852355059222,1.0,0.0105372464717202,23.0,0.0221224920906815,Surgical Appliance and Supplies Manufacturing,Manufacturing,Miscellaneous Manufacturing,Medical Equipment and Supplies Manufacturing,Medical Equipment and Supplies Manufacturing,False,False,bottom,9,926,10
48,Texas,334417,6,33,Mfg-metals,24,-0.0029989027489206,23,-0.001406208421477,24,0.004216921507732,24,0.0006549689315603,23,0.057945772751262,0.0599276464527953,0.0647219369972826,0.0610823845263058,0.0072158242566527,3.0,0.004216921507732,24.0,0.0111787041330424,-0.0110530014588276,23,0.0036421490472287,24,-0.0074526644431667,24,0.0161133764727998,23,0.9913164437487716,0.9982634088157636,0.9979260757882984,1.0124940716471664,0.0271663779316275,4.0,0.0161133764727998,23.0,0.0251961694949085,Electronic Connector Manufacturing,Manufacturing,Computer and Electronic Product Manufacturing,Semiconductor and Other Electronic Component Manufacturing,Semiconductor and Other Electronic Component Manufacturing,False,False,bottom,10,926,10
49,Utah,485111,6,48,Transportation,24,0.0013723826618407,23,-0.0004961446060462,24,0.0007457043908135,24,-0.0013211196822979,23,0.0341612233998789,0.0336301700217337,0.0340914058556809,0.0330612329080011,0.0026935023441386,1.0,0.0013723826618407,23.0,0.0041727548670579,-0.0127233859441937,23,-0.0038434890857987,24,-0.007355652975945,24,0.0240271089334379,23,0.9920267770470824,0.9910468856045804,0.9977539723336758,1.0191723650146616,0.0367504948776316,4.0,0.0240271089334379,23.0,0.0340852100448968,Mixed Mode Transit Systems,Transportation and Warehousing,Transit and Ground Passenger Transportation,Urban Transit Systems,Urban Transit Systems,False,False,bottom,1,780,8
49,Utah,334610,6,33,Mfg-metals,24,0.0005135713982489,23,0.0004544306692023,24,-0.0015296296342378,24,0.0015541982321977,23,0.1534916300400835,0.1529082741514703,0.1514160569244526,0.1529830989659106,0.0030838278664356,4.0,0.0015541982321977,23.0,0.0047774444179863,0.0317292551944996,23,-0.00151136418252,24,-0.0080018927957485,24,-0.0204678954756373,23,1.024827956783284,1.004097323813325,0.9863894192084064,0.9846853001949848,0.0521971506701369,1.0,0.0317292551944996,23.0,0.0484116159594801,Manufacturing and Reproducing Magnetic and Optical Media,Manufacturing,Computer and Electronic Product Manufacturing,Manufacturing and Reproducing Magnetic and Optical Media,Manufacturing and Reproducing Magnetic and Optical Media,False,False,bottom,2,780,8
49,Utah,337910,6,33,Mfg-metals,24,-0.002114170884526,23,0.0001353068628722,24,0.0017622916621022,24,0.0009604365471197,23,0.1204753145443934,0.1232210655434535,0.1256962028167692,0.1246467567658803,0.0038764625466283,3.0,0.0017622916621022,24.0,0.0060053884837378,-0.0033979222235724,23,-0.0208664062511264,24,0.0201860281469431,24,0.009678344375311,23,0.9884050075582392,0.9819972723172676,1.017322349578549,1.0122753705459435,0.0410524343980696,3.0,0.0201860281469431,24.0,0.0380751566467811,Mattress Manufacturing,Manufacturing,Furniture and Related Product Manufacturing,Other Furniture Related Product Manufacturing,Mattress Manufacturing,False,False,bottom,3,780,8
49,Utah,523150,6,52,Finance,24,-0.0016464953302696,23,-0.0014252976742708,24,0.0022524782730951,24,0.0018174654679222,23,0.0727154800679851,0.0732471609661822,0.076629437212921,0.0755067569134695,0.0038989736033648,3.0,0.0022524782730951,24.0,0.0060402624543375,-0.0232802309765094,23,0.0110746908586572,24,-0.0003264952900223,24,0.0128688423888115,23,0.9813490108346556,1.0047488627068684,1.0059993328617665,1.0079027935967095,0.036149073365321,4.0,0.0128688423888115,23.0,0.0335274058944796,Investment Banking and Securities Intermediation,Finance and Insurance,"Securities, Commodity Contracts, and Other Financial Investments and Related Activities",Securities and Commodity Contracts Intermediation and Brokerage,Investment Banking and Securities Intermediation,False,False,bottom,4,780,8
49,Utah,336390,6,33,Mfg-metals,24,-0.0025672020518195,23,-0.0001533908204969,24,0.0019330468004014,24,0.0020662832087555,23,0.0457277273088127,0.0481130380646488,0.0508051304614789,0.0496311292575061,0.0046334852605751,4.0,0.0020662832087555,23.0,0.0071781627421189,0.0104489833634574,23,0.0033653803357653,24,-0.0034751635307141,24,-0.0106314325640209,23,1.0101770261079948,1.0055993345281922,0.994290882276859,0.989932757086954,0.0210804159274783,1.0,0.0104489833634574,23.0,0.0195515844647639,Other Motor Vehicle Parts Manufacturing,Manufacturing,Transportation Equipment Manufacturing,Motor Vehicle Parts Manufacturing,Other Motor Vehicle Parts Manufacturing,False,False,bottom,5,780,8
49,Utah,332312,6,33,Mfg-metals,24,-0.0003501720969433,23,0.0036744649950404,24,-0.0017875867063489,24,-0.0015540857751526,23,0.1435471702673728,0.145642434555653,0.1403887688538522,0.1387102765647493,0.0054620517013894,2.0,0.0036744649950404,24.0,0.0084617720384361,-0.0004035807793594,23,-0.006741119279041,24,0.0009131048295968,24,0.0054370296404644,23,0.9988866606475209,0.993192135879998,1.0009798496705575,1.0069413538019234,0.0121781489195054,4.0,0.0054370296404644,23.0,0.0112949435174008,Fabricated Structural Metal Manufacturing,Manufacturing,Fabricated Metal Product Manufacturing,Architectural and Structural Metals Manufacturing,Plate Work and Fabricated Structural Product Manufacturing,False,False,bottom,6,780,8
49,Utah,424610,6,42,Wholesale,24,-0.0029970869154731,19,-0.0005757488880157,21,-0.0037776622454696,23,0.0041815567017203,19,0.0995751962941646,0.093033012451148,0.0957544027815337,0.1054533387867528,0.00795921894719,4.0,0.0041815567017203,19.0,0.01233036595351,-0.0241171823305019,23,0.00937923878965,24,-0.0026447249305187,24,0.0163005456231902,23,0.9824991817110852,1.0026640577165056,1.0040704561426257,1.0107663044297837,0.0404177279536922,4.0,0.0163005456231902,23.0,0.0374864815134124,Plastics Materials and Basic Forms and Shapes Merchant Wholesalers,Wholesale Trade,"Merchant Wholesalers, Nondurable Goods",Chemical and Allied Products Merchant Wholesalers,Plastics Materials and Basic Forms and Shapes Merchant Wholesalers,False,False,bottom,7,780,8
49,Utah,926150,6,92,Public admin,24,-0.0042334374894781,23,0.0011742825618963,24,0.0039320435573377,24,-0.0004560980582814,23,0.0572406311337869,0.0626512808605616,0.0657133654635436,0.0609113629518499,0.0081654810468159,3.0,0.0039320435573377,24.0,0.0126499057459949,-0.008408323225565,23,0.0091953286363371,24,-0.0011124264476003,24,-0.0002758667411301,23,0.9944777858846878,1.006983781782033,1.001099120406704,0.9974393119265752,0.0176036518619021,2.0,0.0091953286363371,24.0,0.0163269684739778,"Regulation, Licensing, and Inspection of Miscellaneous Commercial Sectors",Public Administration,Administration of Economic Programs,Administration of Economic Programs,"Regulation, Licensing, and Inspection of Miscellaneous Commercial Sectors",False,False,bottom,8,780,8
50,Vermont,522292,6,52,Finance,24,-0.0024294805487028,22,0.0013324586036364,23,0.002526215384032,23,0.0007755459353151,22,0.1064219384539266,0.1082428792855325,0.1062242786549577,0.1000777122886992,0.0049556959327348,3.0,0.002526215384032,23.0,0.0076773292467994,0.0691739240230335,23,-0.0237512492673271,24,-0.001749310580655,24,-0.0460735803765382,23,1.056554139682235,0.994517027099866,0.9799824130521516,0.9689464201657472,0.1152475043995717,1.0,0.0691739240230335,23.0,0.1068893196592168,Real Estate Credit,Finance and Insurance,Credit Intermediation and Related Activities,Nondepository Credit Intermediation,Other Nondepository Credit Intermediation,False,False,bottom,1,540,6
50,Vermont,519290,6,51,Information,22,-0.003438280553996,12,0.0014326492218853,13,0.0044765018882088,15,-0.0005560593455162,12,0.0700666697760434,0.0665132762858144,0.0692332435872806,0.0437340815342463,0.0079147824422048,3.0,0.0044765018882088,15.0,0.0122615252328567,0.0231696976825204,20,0.0367005722868869,22,0.005644457241425,21,-0.0479061142582313,20,1.024792567340732,1.0377645129469784,0.9773353139794506,0.9582079679105932,0.0846066865451183,2.0,0.0367005722868869,22.0,0.0784706897606531,Web Search Portals and All Other Information Services,Information,"Web Search Portals, Libraries, Archives, and Other Information Services","Web Search Portals, Libraries, Archives, and Other Information Services",Web Search Portals and All Other Information Services,False,False,bottom,2,540,6
50,Vermont,423610,6,42,Wholesale,24,-0.0006071471860949,23,-0.0045987454385934,24,0.0009537906817815,24,0.0061104000473977,23,0.080653894867021,0.0773021088106289,0.0831478136314236,0.0870859370886554,0.0107091454859911,4.0,0.0061104000473977,23.0,0.0165905327856661,-0.0038732481018289,23,0.006238554943261,24,-0.0068043631208977,24,0.0043879532856378,23,0.9985914735201884,1.0035009250763578,0.9959332667460054,1.001974334657448,0.0130429180641587,2.0,0.006238554943261,24.0,0.0120969963342132,"Electrical Apparatus and Equipment, Wiring Supplies, and Related Equipment Merchant Wholesalers",Wholesale Trade,"Merchant Wholesalers, Durable Goods",Household Appliances and Electrical and Electronic Goods Merchant Wholesalers,"Electrical Apparatus and Equipment, Wiring Supplies, and Related Equipment Merchant Wholesalers",False,False,bottom,3,540,6
50,Vermont,311920,6,31,Mfg-food,24,-0.0073337022907739,15,-0.0007736778119319,15,0.0040658992723855,15,0.0044359462140419,14,0.0596958865037623,0.0661167374868297,0.074084944093761,0.0709075760573911,0.0117696485048159,4.0,0.0044359462140419,14.0,0.0182334565956121,0.0061205631567562,15,-0.0007038544641122,15,-0.0061684911905454,15,-0.0015096849887749,14,1.006779289143794,0.9994997448536374,0.993627909491705,1.0000872404789347,0.0122890543473016,1.0,0.0061205631567562,15.0,0.0113978056642682,Coffee and Tea Manufacturing,Manufacturing,Food Manufacturing,Other Food Manufacturing,Coffee and Tea Manufacturing,False,False,bottom,4,540,6
50,Vermont,457120,6,45,Retail-spec,24,-0.0065560445130382,23,0.0055732764309718,24,-0.0011804449598312,24,0.0013622494721348,23,0.1614204686659185,0.1677743048330537,0.1629815881382451,0.160549761363099,0.01212932094401,2.0,0.0055732764309718,24.0,0.0187906586060205,0.0053961310592575,23,-0.0030542795410958,24,-0.0007768908874018,24,-0.0019247357082425,23,1.0021715412930767,0.9974106039274624,0.99875822564404,1.001659629135421,0.0084504106003534,1.0,0.0053961310592575,23.0,0.0078375548747775,Other Gasoline Stations,Retail Trade,Gasoline Stations and Fuel Dealers,Gasoline Stations,Other Gasoline Stations,False,False,bottom,5,540,6
50,Vermont,311119,6,31,Mfg-food,24,-0.0044196564283556,23,-0.0018852693750895,24,0.0078225530665253,24,-0.0010716490570368,23,0.0657434688762313,0.0704438307258179,0.0789147313255836,0.0717405257922986,0.0122422094948809,3.0,0.0078225530665253,24.0,0.0189655447542011,-0.0034196048177429,23,-0.0004694015163936,24,0.0106279349227467,24,-0.0072199820618764,23,0.99415407731955,1.001124602564372,1.0090339308419811,0.9956873892740972,0.0178479169846232,3.0,0.0106279349227467,24.0,0.0165535185664952,Other Animal Food Manufacturing,Manufacturing,Food Manufacturing,Animal Food Manufacturing,Animal Food Manufacturing,False,False,bottom,6,540,6
51,Virginia,334515,6,33,Mfg-metals,24,-0.0025526800263394,23,-0.0018539538303966,24,0.001153926628909,24,0.0022216981521647,23,0.0774294532496375,0.0771338126141262,0.0805460796394083,0.0816504934068722,0.0047743781785042,4.0,0.0022216981521647,23.0,0.0073964330585721,-0.0078660772053521,23,0.0074411426435243,24,0.0082448474694564,24,-0.0067594120678066,23,0.990470557357582,1.007012944252537,1.0086730458604436,0.9938434525294372,0.0161109246748086,3.0,0.0082448474694564,24.0,0.0149424995061115,Instrument Manufacturing for Measuring and Testing Electricity and Electrical Signals,Manufacturing,Computer and Electronic Product Manufacturing,"Navigational, Measuring, Electromedical, and Control Instruments Manufacturing","Navigational, Measuring, Electromedical, and Control Instruments Manufacturing",False,False,bottom,1,847,9
51,Virginia,325910,6,32,Mfg-chem,24,-0.0004958658668337,22,-0.0008725221348874,23,-0.0016034779876538,23,0.0046404314014634,23,0.0486546957957265,0.0491573317437116,0.0493590285566239,0.0531206935438439,0.0062439093891172,4.0,0.0046404314014634,23.0,0.0096730204633401,0.0111184889122117,23,0.0034613675570349,24,0.0001229166760064,24,-0.0153324890928335,23,1.00749011420122,1.0059990445161104,0.997585239716931,0.9889256015657386,0.0264509780050453,1.0,0.0111184889122117,23.0,0.024532653075746,Printing Ink Manufacturing,Manufacturing,Chemical Manufacturing,Other Chemical Product and Preparation Manufacturing,Printing Ink Manufacturing,False,False,bottom,2,847,9
51,Virginia,325412,6,32,Mfg-chem,24,-0.0026379779442158,23,-0.0006856021720039,24,-0.0013356089604813,24,0.00437283357458,23,0.0491862028995211,0.0497808380646425,0.0517466775737717,0.0563837350038636,0.0070108115187958,4.0,0.00437283357458,23.0,0.0108610998430136,0.0291829090582177,23,-0.0107216869378252,24,0.0009513185892855,24,-0.018287633910674,23,1.0195479559039822,0.9961114045599307,0.9941182270915296,0.9902224124445574,0.0474705429688918,1.0,0.0291829090582177,23.0,0.0440277997188225,Pharmaceutical Preparation Manufacturing,Manufacturing,Chemical Manufacturing,Pharmaceutical and Medicine Manufacturing,Pharmaceutical and Medicine Manufacturing,False,False,bottom,3,847,9
51,Virginia,423930,6,42,Wholesale,24,-0.0047449831118052,23,0.0027693901207201,24,0.0019987484975189,24,0.000691879702587,23,0.126149736238447,0.1317266186363609,0.1317647207928345,0.1278053259542702,0.0075143732325254,2.0,0.0027693901207201,24.0,0.0116412141044329,-0.0011581135887277,23,-0.0006744512314599,24,0.0103884396702487,24,-0.0080229217660401,23,0.995999554381666,1.0014548801191785,1.0082591083196106,0.9942864571795452,0.0184113614362889,3.0,0.0103884396702487,24.0,0.017076099896287,Recyclable Material Merchant Wholesalers,Wholesale Trade,"Merchant Wholesalers, Durable Goods",Miscellaneous Durable Goods Merchant Wholesalers,Recyclable Material Merchant Wholesalers,False,False,bottom,4,847,9
51,Virginia,322220,6,32,Mfg-chem,24,0.0034252089922233,23,-0.0037921457454375,24,0.0039662513306677,24,-0.0036025771424757,23,0.0734074236734363,0.0696194224566372,0.0734157127307133,0.0692795003434537,0.0077583970761053,3.0,0.0039662513306677,24.0,0.0120192541247776,0.0249590203917426,23,-0.0029426690635844,24,0.0023220249390083,24,-0.0249912077835553,23,1.0180694904470828,1.0038545027317791,0.9955248531436446,0.9825511536774932,0.049950228175298,1.0,0.0249590203917426,23.0,0.0463276487790054,Paper Bag and Coated and Treated Paper Manufacturing,Manufacturing,Paper Manufacturing,Converted Paper Product Manufacturing,Paper Bag and Coated and Treated Paper Manufacturing,False,False,bottom,5,847,9
51,Virginia,522390,6,52,Finance,24,-0.0026639173566652,23,-0.0021804312779961,24,0.0053398468217584,24,0.0001197352560391,23,0.1015738677910356,0.1019743787917853,0.1067357523485274,0.1008174322617524,0.0080037641784237,3.0,0.0053398468217584,24.0,0.0123993751121021,-0.0288417532650692,23,-0.0127810156661736,24,0.0100729857955425,24,0.0322155059900511,23,0.9764846938774208,0.982738210891481,1.0145537592378882,1.0262233359932105,0.0610572592551204,4.0,0.0322155059900511,23.0,0.0566291559720792,Other Activities Related to Credit Intermediation,Finance and Insurance,Credit Intermediation and Related Activities,Activities Related to Credit Intermediation,Other Activities Related to Credit Intermediation,False,False,bottom,6,847,9
51,Virginia,336390,6,33,Mfg-metals,24,0.0003184987867317,23,-0.0053491631236838,24,0.0025256367516273,24,0.0027972936521765,23,0.072978810804354,0.0689388610432376,0.0755972375294889,0.0772043405124856,0.0081464567758604,4.0,0.0027972936521765,23.0,0.0126204334793772,0.0049481991836539,23,0.007900029604614,24,-0.0008130601163022,24,-0.0117999978870045,23,1.003847342079926,1.008911456925822,0.99817551256249,0.9890656884317623,0.0197000274916186,2.0,0.007900029604614,24.0,0.0182713070171679,Other Motor Vehicle Parts Manufacturing,Manufacturing,Transportation Equipment Manufacturing,Motor Vehicle Parts Manufacturing,Other Motor Vehicle Parts Manufacturing,False,False,bottom,7,847,9
51,Virginia,333248,6,33,Mfg-metals,24,-0.0004647795657865,23,-0.0032317457912398,24,0.0055059968495081,24,-0.0004354412167626,23,0.083260700103672,0.0831990787481594,0.0896009489751266,0.0849908255030773,0.008737742640748,3.0,0.0055059968495081,24.0,0.0135364493781201,0.0099636740478398,23,0.0011172622121207,24,0.0023973027518506,24,-0.0145266299977918,23,1.0085971058867145,1.0047820650916424,0.9987324998723291,0.9878883291493143,0.0244903040456317,1.0,0.0099636740478398,23.0,0.0227141746046751,All Other Industrial Machinery Manufacturing,Manufacturing,Machinery Manufacturing,Industrial Machinery Manufacturing,Industrial Machinery Manufacturing,False,False,bottom,8,847,9
51,Virginia,322230,6,32,Mfg-chem,24,-0.004651211078783,22,0.004098741670441,23,0.0013091865018686,23,-0.001916481891379,23,0.0776169347807194,0.0830134864636231,0.0821232468340105,0.0767915786947422,0.008749952749224,2.0,0.004098741670441,23.0,0.013555365192202,0.0382007280888657,23,-0.0230833202179952,24,0.0007005876424109,24,-0.0152046991679661,23,1.027394736662745,0.9862817878837232,0.9913354795406925,0.9949879959128394,0.061284048306861,1.0,0.0382007280888657,23.0,0.0568394974243563,Stationery Product Manufacturing,Manufacturing,Paper Manufacturing,Converted Paper Product Manufacturing,Stationery Product Manufacturing,False,False,bottom,9,847,9
53,Washington,313210,6,31,Mfg-food,24,-0.0016597125004515,23,0.0019573417205125,24,-0.0002933765038912,24,0.0007238684129496,23,0.0727512501155289,0.0745646018216344,0.0724632700867149,0.070948691359578,0.003617054220964,2.0,0.0019573417205125,24.0,0.0056035149320676,0.0004373990957982,23,-0.0031438427713108,24,-0.0020387111710928,24,0.0056805800916872,23,1.0007562400383423,0.9964286668511058,0.9983887792064906,1.0044263139040612,0.008824422862998,4.0,0.0056805800916872,23.0,0.0081844423540906,Broadwoven Fabric Mills,Manufacturing,Textile Mills,Fabric Mills,Broadwoven Fabric Mills,False,False,bottom,1,832,9
53,Washington,326299,6,32,Mfg-chem,24,0.0014333312000958,20,-0.0021906800239087,21,0.0016753308471527,20,-0.0003761080819323,21,0.0848099535744754,0.0856533252832216,0.0916931037463879,0.0845342699154818,0.0038660108710615,3.0,0.0016753308471527,20.0,0.0059891968215381,0.0155417735720103,23,0.0005392642959855,24,-0.0083451196694587,24,-0.0138466956063635,23,1.0245492734882031,1.0059406489022338,0.9862534957242932,0.98325658188527,0.0293884691783738,1.0,0.0155417735720103,23.0,0.0272571062832829,All Other Rubber Product Manufacturing,Manufacturing,Plastics and Rubber Products Manufacturing,Rubber Product Manufacturing,Other Rubber Product Manufacturing,False,False,bottom,2,832,9
53,Washington,922190,6,92,Public admin,24,-0.0023994421805167,18,-0.0032536365242295,19,-0.0006460808018073,20,0.0016880057233315,19,0.0446927942763867,0.0399320489125497,0.043806338297533,0.0494540547155246,0.004941642247561,4.0,0.0016880057233315,19.0,0.0076555573766777,-0.001474768560464,23,-9.06079792220386e-05,24,0.0025947136848169,24,-0.0009118034520037,23,0.997829362417228,1.0000507507214598,1.0024533549841352,0.999666531877177,0.0040694822452809,3.0,0.0025947136848169,24.0,0.003774348007183,"Other Justice, Public Order, and Safety Activities",Public Administration,"Justice, Public Order, and Safety Activities","Justice, Public Order, and Safety Activities","Other Justice, Public Order, and Safety Activities",False,False,bottom,3,832,9
53,Washington,333995,6,33,Mfg-metals,24,-0.0033143016652516,23,0.0023474246067397,24,4.416619759455125e-05,24,0.0012425735046784,23,0.0747735604904885,0.0785769625815785,0.077685515459189,0.0767057359416103,0.0056617262719914,2.0,0.0023474246067397,24.0,0.0087711064773388,0.0107548831249346,23,0.0011588965853189,24,0.0032939318115892,24,-0.014067340706433,23,1.0060639503917117,1.0042781906530858,1.0001746377438223,0.9894832212113804,0.0248222238313676,1.0,0.0107548831249346,23.0,0.0230220223126458,Fluid Power Cylinder and Actuator Manufacturing,Manufacturing,Machinery Manufacturing,Other General Purpose Machinery Manufacturing,All Other General Purpose Machinery Manufacturing,False,False,bottom,4,832,9
53,Washington,926150,6,92,Public admin,24,-0.0003089848829078,22,-0.0012645978516678,24,0.0038232330777558,23,-0.0021296663517828,22,0.0380455388419129,0.0391909498286197,0.0428655565186622,0.0390547432446982,0.0059528994295387,3.0,0.0038232330777558,23.0,0.0092221898829115,-0.0117056453439148,23,-0.0036576755851662,24,-0.0037136640405643,24,0.0179465813077911,23,0.9928551596617542,0.9927228229552304,0.999905837419039,1.0145161799639764,0.029652226651706,4.0,0.0179465813077911,23.0,0.0275017350674495,"Regulation, Licensing, and Inspection of Miscellaneous Commercial Sectors",Public Administration,Administration of Economic Programs,Administration of Economic Programs,"Regulation, Licensing, and Inspection of Miscellaneous Commercial Sectors",False,False,bottom,5,832,9
53,Washington,441340,6,44,Retail-gen,24,-0.0029198405025536,23,-0.0019685249535937,24,0.0019670245591443,24,0.0033970003507596,23,0.1640370628306345,0.1641491553341878,0.1681982977449286,0.1683133910373807,0.0063168408533133,4.0,0.0033970003507596,23.0,0.0097860053741748,-0.0148900153888181,23,-0.006471806306522,24,-0.0031031276159038,24,0.0242589905108257,23,0.9895628658879098,0.98901477311748,1.001410292960094,1.0200120680345162,0.0391490058996439,4.0,0.0242589905108257,23.0,0.0363097719794369,Tire Dealers,Retail Trade,Motor Vehicle and Parts Dealers,"Automotive Parts, Accessories, and Tire Retailers",Tire Dealers,False,False,bottom,6,832,9
53,Washington,923130,6,92,Public admin,24,-0.0010594695165717,23,0.0025685941345493,24,0.0026094784155935,24,-0.0038872984666855,23,0.0354171688615817,0.0398022017630432,0.0390500463954061,0.0330789341965818,0.006496776882279,3.0,0.0026094784155935,24.0,0.0100647610033503,-0.0016486248311794,23,-3.8169595163071536e-05,24,-0.0058357722508377,24,0.0070272135135281,23,0.9996157094292816,0.997888476130985,0.9962375820230142,1.006258232416719,0.0128629857643658,4.0,0.0070272135135281,23.0,0.0119301134050792,"Administration of Human Resource Programs (except Education, Public Health, and Veterans' Affairs Programs)",Public Administration,Administration of Human Resource Programs,Administration of Human Resource Programs,"Administration of Human Resource Programs (except Education, Public Health, and Veterans' Affairs Programs)",False,False,bottom,7,832,9
53,Washington,335999,6,33,Mfg-metals,24,0.0010862281148679,23,-0.0030149638634481,24,0.0038208600039755,24,-0.0035087275387652,23,0.0667367026217952,0.065690637484816,0.0706745000747331,0.0680166426566993,0.0073295875427407,3.0,0.0038208600039755,24.0,0.0113549454148624,0.00807213070174,23,0.0003620020315719,24,-0.001279552925643,24,-0.0069645174423264,23,1.0082341048964412,1.002680186021838,0.9964022630840907,0.99268344599763,0.0150366481440665,1.0,0.00807213070174,23.0,0.0139461335709432,All Other Miscellaneous Electrical Equipment and Component Manufacturing,Manufacturing,"Electrical Equipment, Appliance, and Component Manufacturing",Other Electrical Equipment and Component Manufacturing,All Other Electrical Equipment and Component Manufacturing,False,False,bottom,8,832,9
53,Washington,926120,6,92,Public admin,24,0.0019292657880901,23,0.0016951847044396,24,0.0018930503611272,24,-0.0056022101724516,23,0.0411228297476138,0.0427926944695131,0.0410721897825333,0.0355655843732989,0.0075314759605417,1.0,0.0019292657880901,23.0,0.0116677095302585,-0.0078383550443589,23,0.0024894273446155,24,-0.0102642302998125,24,0.0151694496066194,23,0.9967026645919712,0.997968905442002,0.9942562916028012,1.0110721383632255,0.0254336799064319,4.0,0.0151694496066194,23.0,0.0235891332813876,Regulation and Administration of Transportation Programs,Public Administration,Administration of Economic Programs,Administration of Economic Programs,Regulation and Administration of Transportation Programs,False,False,bottom,9,832,9
54,West Virginia,311612,6,31,Mfg-food,24,0.0022675175819885,23,-0.0039952688298653,24,0.0028231373654705,24,0.0029157461015848,23,0.1798378983074577,0.1786998865702256,0.1855524124927242,0.1867586636842817,0.0069110149314501,4.0,0.0029157461015848,23.0,0.010706495672548,0.0059448931445074,23,0.0061496729242373,24,0.0015244027801921,24,-0.0175584768904512,23,1.00415523395022,1.008042885167708,0.9996311905367214,0.9881706903453504,0.0237081498146885,2.0,0.0061496729242373,24.0,0.0219887451556847,Meat Processed from Carcasses,Manufacturing,Food Manufacturing,Animal Slaughtering and Processing,Animal Slaughtering and Processing,False,False,bottom,1,593,6
54,West Virginia,449210,6,44,Retail-gen,24,0.0039479782519871,23,-0.0042385406706315,24,0.0004660938764036,24,-0.0003989186805174,23,0.1896789661295033,0.1826253917836762,0.1840488987791121,0.1845402180217408,0.0081865189226186,1.0,0.0039479782519871,23.0,0.0126824974750644,-0.0051787421468675,23,-0.0171657337102633,24,-0.0230148451289409,24,0.0465005137103471,23,1.002079665935999,0.9758558732254228,0.9839635479353732,1.0381009129032053,0.0695153588392881,4.0,0.0465005137103471,23.0,0.0644738421964948,Electronics and Appliance Retailers,Retail Trade,"Furniture, Home Furnishings, Electronics, and Appliance Retailers",Electronics and Appliance Retailers,Electronics and Appliance Retailers,False,False,bottom,2,593,6
54,West Virginia,326299,6,32,Mfg-chem,24,-0.0052037655228011,12,0.0022089569892023,13,0.0031415717638631,13,-0.0022259374111053,13,0.0542790648993332,0.0585974136670296,0.0601982064996071,0.0533690647431168,0.0083453372866643,3.0,0.0031415717638631,13.0,0.0129285377664315,0.0188521429706125,12,0.0051485082645439,13,-0.0103546951596062,13,-0.0117462545262844,13,1.0197470895685588,1.0064820022480725,0.985526329259457,0.987297072686734,0.030598397496897,1.0,0.0188521429706125,12.0,0.0283792860257176,All Other Rubber Product Manufacturing,Manufacturing,Plastics and Rubber Products Manufacturing,Rubber Product Manufacturing,Other Rubber Product Manufacturing,False,False,bottom,3,593,6
54,West Virginia,611420,6,61,Education,24,-0.0101806535147367,7,-0.0015498205116872,9,-0.0072578393630794,9,-0.0028211562770969,9,0.1887222417350104,0.1631293178733192,0.1545384682107637,0.1734126882072768,0.0086308330030495,2.0,-0.0015498205116872,9.0,0.0133708257201299,-0.0446426857401161,18,0.019170880599593,19,-0.006318953611712,20,0.0504557918728397,19,0.9811392498071048,0.9941941019680776,0.990070743799832,1.0334213021285654,0.0950984776129559,4.0,0.0504557918728397,19.0,0.0882015764734762,Computer Training,Educational Services,Educational Services,Business Schools and Computer and Management Training,Computer Training,False,False,bottom,4,593,6
54,West Virginia,485113,6,48,Transportation,24,0.0021115772321514,23,-0.005678037076162,24,0.0039825301573733,24,0.000326841453158,23,0.0493212903418708,0.04528035375063,0.0525954913117132,0.0519455685580497,0.0096605672335354,3.0,0.0039825301573733,24.0,0.0149660827398188,-0.0073580096245133,23,0.0001786920262187,24,0.0030499867626642,24,0.0042541809701595,23,0.9942787315446724,0.999288264795331,1.0039404139935522,1.0024925896664447,0.0116121905946729,4.0,0.0042541809701595,23.0,0.0107700306300286,Bus and Other Motor Vehicle Transit Systems,Transportation and Warehousing,Transit and Ground Passenger Transportation,Urban Transit Systems,Urban Transit Systems,False,False,bottom,5,593,6
54,West Virginia,622110,6,62,Healthcare,24,-0.0034955095989107,23,-0.0021697186525583,24,0.006557312283005,24,-0.0008772851578515,23,0.0544392207453866,0.0575339314021701,0.0649680793640703,0.0592876027599604,0.0100528218819157,3.0,0.006557312283005,24.0,0.0155737608792929,-0.0102567754481896,23,0.0024787133376762,24,0.0017093147328637,24,0.0057576342966742,23,0.991533331558284,1.000226262101392,1.0039617659691478,1.004278640371176,0.0160144097448639,4.0,0.0057576342966742,23.0,0.0148529842037846,General Medical and Surgical Hospitals,Health Care and Social Assistance,Hospitals,General Medical and Surgical Hospitals,General Medical and Surgical Hospitals,False,False,bottom,6,593,6
55,Wisconsin,335910,6,33,Mfg-metals,24,0.0020568145317857,23,0.000200780960576,23,-0.0018300774614351,23,0.0022770692523101,22,0.0750527954673228,0.0718374036489007,0.0708031027372145,0.0741509022363937,0.0041071467137452,4.0,0.0022770692523101,22.0,0.0063627627712283,-0.0006612823961786,23,0.0093701861241802,24,0.005809679131469,24,-0.0146224020393168,23,0.999869742641831,1.0112633267152804,1.003916538540369,0.9849503921025194,0.023992588163497,2.0,0.0093701861241802,24.0,0.0222525549600491,Battery Manufacturing,Manufacturing,"Electrical Equipment, Appliance, and Component Manufacturing",Other Electrical Equipment and Component Manufacturing,Battery Manufacturing,False,False,bottom,1,836,9
55,Wisconsin,339991,6,33,Mfg-metals,24,0.0020520892543027,23,0.0015672194000334,24,-0.0008040914024164,24,-0.0027503551379643,23,0.0793970732078949,0.080001913469952,0.0774723149319421,0.0765508991987652,0.0048024443922671,1.0,0.0020520892543027,23.0,0.0074399130393243,0.0284127188175758,23,-0.0003057004722387,24,0.0044441892018645,24,-0.0323551759533176,23,1.0199823615997372,1.007836483128295,0.9963020056013306,0.975879149670637,0.0607678947708934,1.0,0.0284127188175758,23.0,0.0563607772942614,"Gasket, Packing, and Sealing Device Manufacturing",Manufacturing,Miscellaneous Manufacturing,Other Miscellaneous Manufacturing,All Other Miscellaneous Manufacturing,False,False,bottom,2,836,9
55,Wisconsin,333511,6,33,Mfg-metals,24,-0.0034474935486853,23,0.0014804142540033,24,0.0019088737792203,24,0.0004909927825884,23,0.0543280730636898,0.0583330667695901,0.0593772319674837,0.0566036496069366,0.0053563673279056,3.0,0.0019088737792203,24.0,0.0082980465511404,0.0034212842462952,23,0.0032304728769992,24,-0.0020869505496003,24,-0.0045257240798761,23,1.003025721716645,1.0035433965993474,0.9976001257280512,0.995830755955956,0.0079470083261713,1.0,0.0034212842462952,23.0,0.0073706612367542,Industrial Mold Manufacturing,Manufacturing,Machinery Manufacturing,Metalworking Machinery Manufacturing,Metalworking Machinery Manufacturing,False,False,bottom,3,836,9
55,Wisconsin,333994,6,33,Mfg-metals,24,-0.0029792924420098,23,0.0014677747331892,24,0.0031296268515705,24,-0.0015690337363402,23,0.0659395823688743,0.0704234389202724,0.071971746005292,0.0672607993871703,0.0061089192935804,3.0,0.0031296268515705,24.0,0.0094638947577762,0.0113087312191464,23,0.0013628877184488,24,-0.0032442309146338,24,-0.0091444561743155,23,1.007693772972306,1.0028460684043397,0.9952725883994754,0.9941875702238788,0.020453187393462,1.0,0.0113087312191464,23.0,0.0189698449154249,Industrial Process Furnace and Oven Manufacturing,Manufacturing,Machinery Manufacturing,Other General Purpose Machinery Manufacturing,All Other General Purpose Machinery Manufacturing,False,False,bottom,4,836,9
55,Wisconsin,326220,6,32,Mfg-chem,23,-0.0041979694340051,12,0.0017030374536963,12,0.000282634892759,12,0.0022437542379151,12,0.0283391467629667,0.0326657384693818,0.0358618818139103,0.0320560535325423,0.0064417236719202,4.0,0.0022437542379151,12.0,0.0099794729574824,0.0006722152080691,12,0.0013181979145047,13,-0.0015434805124578,13,-0.000904574707546,12,1.000398514407976,1.0008696466501767,0.9955081930827332,1.0032521111739692,0.0028616784269625,2.0,0.0013181979145047,13.0,0.002654138688166,Rubber and Plastics Hoses and Belting Manufacturing,Manufacturing,Plastics and Rubber Products Manufacturing,Rubber Product Manufacturing,Rubber and Plastics Hoses and Belting Manufacturing,False,False,bottom,5,836,9
55,Wisconsin,332313,6,33,Mfg-metals,24,-0.0032618582143547,23,0.0018112559098962,24,0.0032061741823776,24,-0.0015482705075089,23,0.0821817611035388,0.0873300945064342,0.0888559160895372,0.0839693893078848,0.0064680323967324,3.0,0.0032061741823776,24.0,0.0100202302487263,0.0040295510781142,23,-0.0020816496049003,24,0.0060936001400431,24,-0.0086915403781643,23,1.0027526416949033,1.0008670976734153,1.0031448528617275,0.993235407769954,0.0147851405182075,3.0,0.0060936001400431,24.0,0.0137128662289974,Plate Work Manufacturing,Manufacturing,Fabricated Metal Product Manufacturing,Architectural and Structural Metals Manufacturing,Plate Work and Fabricated Structural Product Manufacturing,False,False,bottom,6,836,9
55,Wisconsin,621512,6,62,Healthcare,24,-0.0041712589519886,23,-0.0009824992331695,24,0.0032490079172196,24,0.0022436454342575,23,0.0859096148854774,0.0889075356596481,0.0938704549001579,0.0923353583062283,0.0074202668692083,3.0,0.0032490079172196,24.0,0.0114954251889686,-0.0115316177941061,23,0.0081685788327029,24,0.0011378865083344,24,0.0020655420337238,23,0.9917717942486494,1.0058051390850309,1.0035013262560064,0.9989217404103132,0.019700196626809,2.0,0.0081685788327029,24.0,0.0182714638860348,Diagnostic Imaging Centers,Health Care and Social Assistance,Ambulatory Health Care Services,Medical and Diagnostic Laboratories,Medical and Diagnostic Laboratories,False,False,bottom,7,836,9
55,Wisconsin,336310,6,33,Mfg-metals,24,0.0043790402513193,23,0.0009392724485709,24,-0.0016635571766627,24,-0.0034068300030218,23,0.0731218415774541,0.0712905574212623,0.0675807283679284,0.0671980136679202,0.0077858702543411,1.0,0.0043790402513193,23.0,0.0120618153790665,0.0238796351871101,23,0.003961433298578,24,-0.0029068969508274,24,-0.0251958486420779,23,1.0187300598679798,1.0092358209376286,0.9918187154101218,0.9802154037842696,0.049075483829188,1.0,0.0238796351871101,23.0,0.0455163442000597,Motor Vehicle Gasoline Engine and Engine Parts Manufacturing,Manufacturing,Transportation Equipment Manufacturing,Motor Vehicle Parts Manufacturing,Motor Vehicle Gasoline Engine and Engine Parts Manufacturing,False,False,bottom,8,836,9
55,Wisconsin,622110,6,62,Healthcare,24,-0.0038612391497036,23,-0.0014489993542106,24,0.0039788558346423,24,0.001452224139981,23,0.0485680564632134,0.0511947728785956,0.0567194880023991,0.0542864914569179,0.007840094984346,3.0,0.0039788558346423,24.0,0.0121458199490032,-0.0055085815277972,23,0.0005802101997878,24,0.003234741676511,24,0.0018441617648599,23,0.9949400299619734,0.9999718007459494,1.0038431511303496,1.0012450181617278,0.0087433232043083,3.0,0.003234741676511,24.0,0.0081092243492661,General Medical and Surgical Hospitals,Health Care and Social Assistance,Hospitals,General Medical and Surgical Hospitals,General Medical and Surgical Hospitals,False,False,bottom,9,836,9
56,Wyoming,486210,6,48,Transportation,23,-0.0031684499914238,22,-0.0028269998581687,23,0.004130267830661,23,-0.0023235278270476,22,0.0534700530400712,0.0500265761308396,0.0522370989379455,0.0461870860837293,0.0072987178220848,3.0,0.004130267830661,23.0,0.0113071222609707,-0.0121375888962274,22,0.0072788073168228,23,-0.007473927060698,23,0.0091245885000758,22,0.9938672664527164,1.002743253780829,0.9970616264752956,1.0063278532911588,0.0212621773963032,4.0,0.0091245885000758,22.0,0.0197201639046761,Pipeline Transportation of Natural Gas,Transportation and Warehousing,Pipeline Transportation,Pipeline Transportation of Natural Gas,Pipeline Transportation of Natural Gas,False,False,bottom,1,461,5
56,Wyoming,424690,6,42,Wholesale,23,-0.0046754754997666,22,-0.0028264196866084,23,0.0011502540340185,23,0.0065337539561815,22,0.1114451192018508,0.110771401888488,0.1157505239483421,0.1184291379401591,0.0112092294559481,4.0,0.0065337539561815,22.0,0.0173652593509193,-0.0129900885768055,22,0.0077137286553441,23,-0.0016881364635225,23,0.0103299274324386,22,0.9869475237953828,1.0028001910992976,1.0032254010925243,1.0070268840127954,0.0233200160092441,4.0,0.0103299274324386,22.0,0.0216287602812457,Other Chemical and Allied Products Merchant Wholesalers,Wholesale Trade,"Merchant Wholesalers, Nondurable Goods",Chemical and Allied Products Merchant Wholesalers,Other Chemical and Allied Products Merchant Wholesalers,False,False,bottom,2,461,5
56,Wyoming,221122,6,22,Utilities,23,0.0038015180933327,22,-0.0013601694958626,23,0.005510575900185,23,-0.0058461743265578,22,0.0396910312236591,0.0397725944767535,0.0425744967215731,0.0343552471660226,0.0113567502267429,3.0,0.005510575900185,23.0,0.0175937974903664,-0.0078419321055449,22,0.0105845036503778,23,-0.0048095966629036,23,0.0016386797742667,22,0.9957770304000884,1.0075736482294395,0.9982012587580348,0.9984480626124376,0.0184264357559227,2.0,0.0105845036503778,23.0,0.0170900809692688,Electric Power Distribution,Utilities,Utilities,"Electric Power Generation, Transmission and Distribution","Electric Power Transmission, Control, and Distribution",False,False,bottom,3,461,5
56,Wyoming,924110,6,92,Public admin,23,-0.00616962335308,21,0.0044717248976946,22,-0.0051006973599774,23,0.0053379148250544,21,0.0324626912760359,0.0372956281860966,0.0342014356676996,0.0413086378692574,0.0115075381781344,4.0,0.0053379148250544,21.0,0.0178273971229904,-0.0083794012845957,22,0.0043571325541632,23,0.0026308495552492,23,0.0015587705215946,22,0.9913941282100776,1.002365458475939,1.0046225236334738,1.00161788968051,0.0127365338387589,2.0,0.0043571325541632,23.0,0.0118128322511996,Administration of Air and Water Resource and Solid Waste Management Programs,Public Administration,Administration of Environmental Quality Programs,Administration of Environmental Quality Programs,Administration of Air and Water Resource and Solid Waste Management Programs,False,False,bottom,4,461,5
56,Wyoming,423840,6,42,Wholesale,23,-0.0023012643024206,22,0.0026376594805091,23,0.0059383043784623,23,-0.0058387082689174,22,0.1117453241312115,0.1191466612334192,0.1212726793746087,0.1115220887588735,0.0117770126473797,3.0,0.0059383043784623,23.0,0.0182448650734223,-0.0028251116774219,22,0.0045627369505101,23,-0.0045588376518419,23,0.0028692308380798,22,0.9979860598588596,1.002371811019516,0.9976320882791522,1.0020100408424724,0.009121574602352,2.0,0.0045627369505101,23.0,0.008460043525852,Industrial Supplies Merchant Wholesalers,Wholesale Trade,"Merchant Wholesalers, Durable Goods","Machinery, Equipment, and Supplies Merchant Wholesalers",Industrial Supplies Merchant Wholesalers,False,False,bottom,5,461,5
