naics_code,earnings_seasonal_amplitude,peak_quarter_earnings,peak_excess_earnings,trough_quarter_earnings,trough_excess_earnings,n_earnings_excess_obs,earnings_seasonal_index,sector_2d,sector_label,idio_earnings_seasonal_amplitude,idio_peak_quarter_earnings,idio_peak_excess_earnings,idio_trough_quarter_earnings,idio_trough_excess_earnings,idio_n_earnings_excess_obs,idio_earnings_seasonal_index
541310,0.5729865323559977,4,0.36140362952574884,1,-0.21158290283024894,23,1.0,54,Professional & technical services,0.45646745134983,4,0.2762086546584501,1,-0.1802587966913799,23,0.819179135285813
512132,0.5582905793265447,2,0.3483390075472939,3,-0.20995157177925083,24,1.0,51,Information,0.616856772354418,2,0.3537295036527891,4,-0.26312726870162895,24,1.0
541110,0.629377482702424,4,0.4090269263215978,1,-0.22035055638082618,23,1.0,54,Professional & technical services,0.5128584016962563,4,0.3238319514542991,1,-0.18902645024195713,23,0.9203786617934063
711130,0.7138560334203481,4,0.4386190677997121,1,-0.27523696562063593,23,1.0,71,"Arts, entertainment & recreation",0.5973369524141803,4,0.3534240929324134,1,-0.24391285948176689,23,1.0
115111,0.6761658607191967,4,0.3560656695921013,1,-0.3201001911270955,23,1.0,11,"Agriculture, forestry, fishing",0.5596467797130289,4,0.2708706947248025,1,-0.28877608498822643,23,1.0
713920,0.6630053042946995,4,0.3724123768546376,1,-0.2905929274400619,23,1.0,71,"Arts, entertainment & recreation",0.5714584289588035,4,0.2872174019873388,2,-0.2842410269714647,23,1.0
523150,0.565569542717684,1,0.3688956788364516,2,-0.19667386388123245,23,1.0,52,Finance & insurance,0.5915031527510579,1,0.4002197849753206,2,-0.19128336777573726,23,1.0
212230,0.581191258772043,1,0.38416712961375765,2,-0.19702412915828535,23,1.0,21,"Mining, quarrying, oil & gas",0.6168659278068171,1,0.4154912357526267,4,-0.20137469205419045,23,1.0
525910,0.5543442979479427,1,0.31409743762136927,2,-0.2402468603265735,23,1.0,52,Finance & insurance,0.5802779079813166,1,0.3454215437602383,2,-0.2348563642210783,23,1.0
711510,0.713544717227858,4,0.46260617768281104,1,-0.2509385395450469,23,1.0,71,"Arts, entertainment & recreation",0.5970256362216901,4,0.3774112028155123,1,-0.21961443340617787,23,1.0
551111,0.6716772867836109,1,0.41474969456391636,2,-0.2569275922196946,23,1.0,55,Management of companies,0.6976108968169847,1,0.4460738007027854,2,-0.2515370961141994,23,1.0
111310,0.5509961404936549,4,0.3579233815706786,1,-0.1930727589229763,23,0.9945007454609099,11,"Agriculture, forestry, fishing",0.43447705948748705,4,0.27272840670337983,1,-0.16174865278410722,23,0.7797150505255075
485410,0.5401275989085506,4,0.24474971831306902,3,-0.2953778805954816,23,0.9748839606704117,48,Transportation,0.4207654108298529,2,0.1735253856784271,3,-0.24724002515142582,24,0.7551080463295056
111333,0.5225689238877188,2,0.2835180148110119,3,-0.23905090907670687,24,0.9431920591956062,11,"Agriculture, forestry, fishing",0.4798215645491582,2,0.2889085109165071,3,-0.1909130536326511,24,0.8610905622658076
333995,0.5185784519061798,4,0.3295363220376481,1,-0.18904212986853172,23,0.9359895997431209,33,Manufacturing - metals/machinery,0.402059370900012,4,0.24434134717034936,1,-0.15771802372966265,23,0.7215380785935033
111920,0.5167915766454568,4,0.2657856135430882,1,-0.2510059631023686,23,0.9327644432524738,11,"Agriculture, forestry, fishing",0.400272495639289,4,0.18059063867578948,1,-0.21968185696349957,23,0.7183313418883689
523210,0.5068093578088707,1,0.31098359951652055,2,-0.19582575829235016,23,0.9147473949561924,52,Finance & insurance,0.5327429678422446,1,0.3423077056553896,2,-0.19043526218685497,23,0.95606361951128
111335,0.4899862607391009,4,0.24272609619091828,1,-0.24726016454818261,23,0.8843831485535626,11,"Agriculture, forestry, fishing",0.3734671797329331,4,0.15753112132361954,1,-0.21593605840931357,23,0.6702263665165255
524130,0.4852874254766597,1,0.3474237083659037,2,-0.137863717110756,23,0.8759021541728959,52,Finance & insurance,0.5867986661996345,1,0.37874781450477274,4,-0.20805085169486173,23,1.0
522210,0.4832611442524233,1,0.2987589189177298,2,-0.1845022253346935,23,0.8722448904646398,52,Finance & insurance,0.5091947542857972,1,0.33008302505659887,2,-0.1791117292291983,23,0.9138038589047948
311314,0.4826685622031206,4,0.2952730028120729,1,-0.1873955593910477,23,0.8711753307228052,31,Manufacturing - food/textiles,0.3661494811969528,4,0.21007802794477418,1,-0.15607145325217864,23,0.6570939822879017
711211,0.4790223616381989,4,0.29868724475838204,3,-0.18033511687981685,23,0.8645942516309156,71,"Arts, entertainment & recreation",0.35912628305750466,4,0.2134922698910833,2,-0.14563401316642136,23,0.6444901101787273
713110,0.4763757678428883,2,0.2389492971776183,3,-0.23742647066527003,24,0.8598173769689436,71,"Arts, entertainment & recreation",0.46573489731333184,2,0.24433979328311348,4,-0.22139510403021836,24,0.8358105475546174
524113,0.4739833193048171,1,0.32276236934156005,2,-0.15122094996325702,23,0.8554992126847853,52,Finance & insurance,0.5691052611150129,1,0.3540864754804291,4,-0.21501878563458385,23,1.0
551112,0.46254785299545925,1,0.2900091471089257,2,-0.17253870588653353,23,0.8348591774221782,55,Management of companies,0.4884814630288331,1,0.32133325324779477,2,-0.16714820978103834,23,0.8766316662969169
721214,0.45696597912252335,2,0.18041697364390705,3,-0.2765490054786163,24,0.8247843741345724,72,Accommodation & food services,0.4142186197839628,2,0.18580746974940224,3,-0.22841115003456056,24,0.7433591371531554
611110,0.4537228682752288,2,0.19906734627892275,3,-0.25465552199630603,24,0.8189308373886396,61,Educational services,0.41097550893666823,2,0.20445784238441794,3,-0.20651766655225026,24,0.7375390316195262
522299,0.4526006967853206,1,0.2919334498802026,2,-0.16066724690511802,23,0.8169054141574554,52,Finance & insurance,0.49431269743334355,1,0.32325755601907163,4,-0.17105514141427192,23,0.8870964333750735
711212,0.4493277364776982,1,0.1741053277887647,3,-0.2752224086889335,23,0.8109980016974003,71,"Arts, entertainment & recreation",0.43251398717251144,1,0.20542943392763374,3,-0.22708455324487772,23,0.7761921095650297
711410,0.43716821422028973,4,0.28708305668312034,3,-0.15008515753716936,23,0.7890511075892002,71,"Arts, entertainment & recreation",0.30383538390893516,4,0.2018880818158216,3,-0.10194730209311359,23,0.5452647419300978
525990,0.4341119157097123,1,0.255344983846114,3,-0.1787669318635983,23,0.7835347510782504,52,Finance & insurance,0.4363903324046461,1,0.286669089984983,2,-0.1497212424196631,23,0.7831486211978729
111334,0.42809630349038386,2,0.2384230041426799,3,-0.18967329934770397,24,0.7726770873001232,11,"Agriculture, forestry, fishing",0.3853489441518233,2,0.24381350024817508,3,-0.1415354439036482,24,0.691549449846024
459120,0.4191393312320182,4,0.19821318750387593,1,-0.2209261437281423,23,0.7565105210878142,45,Retail trade - specialty,0.30262025022585043,4,0.11301821263657719,1,-0.18960203758927324,23,0.5430840559757708
541213,0.41776058555807505,4,0.16228996594195158,2,-0.25547061961612344,23,0.7540220034744077,54,Professional & technical services,0.3446121009163032,1,0.09453197740567491,2,-0.25008012351062825,23,0.6184428747391557
112910,0.4174278682205625,4,0.23380100923486996,1,-0.18362685898569253,23,0.7534214772349906,11,"Agriculture, forestry, fishing",0.30090878721439474,4,0.14860603436757122,1,-0.15230275284682349,23,0.5400126545304934
523940,0.41467019734991106,4,0.2204710103966352,3,-0.19419918695327584,23,0.7484441179849937,52,Finance & insurance,0.3694532215768793,1,0.19309233039396784,2,-0.1763608911829115,23,0.6630228939323881
424520,0.4096867457424658,4,0.25755820096278864,1,-0.15212854477967716,23,0.7394494155282171,42,Wholesale trade,0.293167664736298,4,0.1723632260954899,1,-0.1208044386408081,23,0.5261203912398762
112930,0.4007770353953981,4,0.21656997435476216,1,-0.18420706104063592,23,0.7233681530096431,11,"Agriculture, forestry, fishing",0.2842579543892303,4,0.13137499948746342,1,-0.15288295490176684,23,0.5101309733828636
111991,0.3988115390710996,4,0.2013839182021627,1,-0.19742762086893692,23,0.7198206008290339,11,"Agriculture, forestry, fishing",0.3118366754158043,2,0.1457331606857364,1,-0.16610351473006785,24,0.5596239060684922
621111,0.39311855417142255,4,0.22545415455346934,1,-0.1676643996179532,23,0.7095452516740396,62,Health care & social assistance,0.2765994731652548,4,0.1402591796861706,1,-0.13634029347908416,23,0.496387018566136
325412,0.38936291944357754,1,0.2473416584774695,2,-0.14202126096610804,23,0.7027666533100394,32,Manufacturing - paper/chemicals,0.45061965789809355,1,0.2786657646163386,4,-0.17195389328175498,23,0.8086846512454773
621391,0.38888252924489364,4,0.2238099376574867,1,-0.16507259158740697,23,0.7018995902299328,62,Health care & social assistance,0.2723634482387258,4,0.13861496279018795,1,-0.1337484854485379,23,0.4887850236679198
111992,0.38360488680845395,4,0.19758163317658764,1,-0.1860232536318663,23,0.6923738985751546,11,"Agriculture, forestry, fishing",0.26708580580228614,4,0.1123866583092889,1,-0.15469914749299724,23,0.4793137359459897
522110,0.38114113903934177,1,0.2462283902522881,2,-0.13491274878705364,23,0.6879270452980799,52,Finance & insurance,0.42682825788085604,1,0.27755249639115714,4,-0.1492757614896989,23,0.7659884668061993
541921,0.38092686672105946,4,0.17700028203371082,1,-0.20392658468734864,23,0.687540302153069,54,Professional & technical services,0.26440778571489165,4,0.09180530716641208,1,-0.1726024785484796,23,0.4745077455670863
111930,0.37951164935678006,4,0.24225731080805432,3,-0.1372543385487257,23,0.6849859562687146,11,"Agriculture, forestry, fishing",0.24617881904542552,4,0.15706233594075558,3,-0.08911648310466994,23,0.4417939362707409
312230,0.37834941464731253,1,0.2329767850349734,2,-0.1453726296123391,23,0.6828882223645707,31,Manufacturing - food/textiles,0.4042830246806864,1,0.2643008911738425,2,-0.1399821335068439,23,0.7255286605634581
238160,0.3766801303584422,4,0.17406424182731248,1,-0.20261588853112975,23,0.6798753074861101,23,Construction,0.2601610493522744,4,0.08886926696001374,1,-0.17129178239226067,23,0.46688652786354956
324191,0.3745677029023686,4,0.24793512061358147,3,-0.12663258228878718,23,0.6760625572227142,32,Manufacturing - paper/chemicals,0.24123487259101414,4,0.16274014574628273,3,-0.07849472684473141,23,0.43292150129329
335132,0.3706548982019309,4,0.24419766427018647,1,-0.12645723393174446,23,0.6690002805469795,33,Manufacturing - metals/machinery,0.2541358171957631,4,0.15900268940288773,1,-0.0951331277928754,23,0.45607361129464286
713930,0.36861482733027573,2,0.18913818234571458,3,-0.17947664498456117,24,0.6653181277086011,71,"Arts, entertainment & recreation",0.3258674679917152,2,0.19452867845120977,3,-0.1313387895405054,24,0.5848036477909763
524126,0.3585727812238991,1,0.23764326166643665,2,-0.12092951955746241,23,0.6471930963249023,52,Finance & insurance,0.4254139255423664,1,0.2689673678053057,4,-0.15644655773706068,23,0.7634502977897127
541410,0.3581142530388295,4,0.22917230482601578,1,-0.1289419482128137,23,0.6463654923031065,54,Professional & technical services,0.24159517203266168,4,0.14397732995871704,1,-0.09761784207394465,23,0.43356809676067765
238110,0.35744901130118945,4,0.15210350513499038,1,-0.20534550616619904,23,0.6451647880596938,23,Construction,0.2580196784096458,2,0.08399827838231586,1,-0.17402140002732996,24,0.4630436111519168
512199,0.35408303689108833,4,0.21987673475483266,1,-0.1342063021362557,23,0.639089493127412,51,Information,0.23756395588492057,4,0.13468175988753392,1,-0.10288219599738664,23,0.42633365288457764
522220,0.35171432012989684,1,0.22530895845837434,2,-0.1264053616715225,23,0.6348141626637901,52,Finance & insurance,0.3857697034705526,1,0.2566330645972434,4,-0.12913663887330923,23,0.6923045469594346
517122,0.3495558658828899,1,0.21934373266383472,3,-0.13021213321905514,9,0.6309183379929157,51,Information,0.44317907130034206,1,0.25066783880270377,4,-0.19251123249763827,9,0.7953317313885606
221113,0.34923365915658705,1,0.2483412056930727,2,-0.10089245346351434,23,0.6303367825046803,22,Utilities,0.44039177806269325,1,0.27966531183194177,4,-0.16072646623075149,23,0.7903296387805265
711219,0.3472657449726418,4,0.22271709125747097,3,-0.1245486537151708,23,0.6267848662949165,71,"Arts, entertainment & recreation",0.21393291466128725,4,0.13752211639017223,3,-0.07641079827111502,23,0.38392524926623595
445240,0.34702633502619534,4,0.17878334530492693,1,-0.16824298972126842,23,0.6263527518884554,44,Retail trade - general,0.23050725402002753,4,0.09358837043762819,1,-0.13691888358239934,23,0.41366965479542883
316990,0.34552372062398595,4,0.22904089662949315,1,-0.1164828239944928,23,0.6236406618513116,31,Manufacturing - food/textiles,0.22900463961781814,4,0.1438459217621944,1,-0.08515871785562375,23,0.4109730542754357
423820,0.3450751644552454,4,0.22153653827568237,1,-0.12353862617956303,23,0.6228310564631615,42,Wholesale trade,0.2285560834490776,4,0.13634156340838363,1,-0.09221452004069397,23,0.4101680727737987
321991,0.3450180493413425,4,0.1855757538686729,1,-0.15944229547266958,23,0.6227279685843561,32,Manufacturing - paper/chemicals,0.2284989683351747,4,0.10038077900137415,1,-0.12811818933380054,23,0.4100655736591732
523991,0.3445577014733616,1,0.2101751305984836,2,-0.13438257087487804,23,0.6218970801910759,52,Finance & insurance,0.37049131150673553,1,0.24149923673735268,2,-0.12899207476938285,23,0.6648858561404795
327320,0.3437628817477051,4,0.13854666866453713,1,-0.20521621308316798,23,0.6204624988000624,32,Manufacturing - paper/chemicals,0.245070515431761,2,0.0711784084874621,1,-0.1738921069442989,24,0.439804968178512
111191,0.3418407042416747,4,0.16394566208720054,1,-0.17789504215447416,23,0.616993133368677,11,"Agriculture, forestry, fishing",0.2528993813442545,2,0.10632844532864938,1,-0.1465709360156051,24,0.45385469634532927
541320,0.34171297989183164,4,0.19531233796934816,1,-0.14640064192248348,23,0.6167626018788945,54,Professional & technical services,0.22519389888566382,4,0.11011736310204942,1,-0.11507653578361442,23,0.40413427685870335
111421,0.3414048578716332,4,0.14965434178107354,1,-0.1917505160905597,23,0.616206468076386,11,"Agriculture, forestry, fishing",0.3147450072896103,2,0.15431859733791967,1,-0.16042640995169066,24,0.5648432153148872
541820,0.34018381905517725,4,0.21968198416888474,3,-0.12050183488629251,23,0.6140025978058715,54,Professional & technical services,0.20685098874382274,4,0.134487009301586,3,-0.07236397944223674,23,0.371215983946066
423920,0.3386068649943129,4,0.18945331007229643,3,-0.1491535549220165,23,0.6111563310649065,42,Wholesale trade,0.20527403468295843,4,0.10425833520499769,3,-0.10101569947796074,23,0.36838597304354875
561730,0.3346239884057237,2,0.14606613663811913,1,-0.18855785176760462,24,0.6039675806448365,56,Administrative & waste services,0.30869037837234986,2,0.15145663274361432,1,-0.15723374562873554,24,0.5539775431486659
483112,0.3336461363947245,1,0.2470326910987956,4,-0.0866134452959289,23,0.6022026416871554,48,Transportation,0.4501652174008923,1,0.27835679723766465,4,-0.17180842016322764,23,0.807869109693861
621210,0.3326506524915783,4,0.19614843689731623,1,-0.1365022155942621,23,0.6004058786773705,62,Health care & social assistance,0.2161315714854105,4,0.11095346203001749,1,-0.10517810945539303,23,0.38787097155300465
238170,0.33225912459831575,4,0.15134179875903972,1,-0.18091732583927603,23,0.5996992044321217,23,Construction,0.21574004359214793,4,0.06614682389174098,1,-0.14959321970040695,23,0.38716833332525225
237110,0.3322479757581708,4,0.16484994332847783,1,-0.16739803242969298,23,0.5996790817324867,23,Construction,0.21572889475200302,4,0.07965496846117909,1,-0.13607392629082393,23,0.3871483255520751
524114,0.3299989000077096,1,0.22666866625462265,2,-0.10333023375308692,23,0.595619693025285,52,Finance & insurance,0.4233056802365202,1,0.2579927723934917,4,-0.1653129078430285,23,0.7596668285379481
541922,0.3299146189126668,4,0.20020217884179098,1,-0.12971244007087582,23,0.5954675728819874,54,Professional & technical services,0.213395537906499,4,0.11500720397449224,1,-0.09838833393200676,23,0.38296086982579963
711120,0.3282878622147679,4,0.2276061037667875,1,-0.10068175844798043,23,0.5925314166553856,71,"Arts, entertainment & recreation",0.21176878120860013,4,0.14241112889948876,1,-0.06935765230911137,23,0.38004148282205047
541370,0.32820280445151484,4,0.1903603803307567,1,-0.13784242412075812,23,0.5923778946926244,54,Professional & technical services,0.21168372344534703,4,0.10516540546345796,1,-0.10651831798188906,23,0.37988883766685927
424930,0.32628868784525744,4,0.17592751557223388,1,-0.1503611722730236,23,0.5889230784935189,42,Wholesale trade,0.2371873332207372,2,0.11815026708658266,1,-0.11903706613415453,24,0.42565776366736746
713910,0.32608046058249474,2,0.21213885597194448,3,-0.11394160461055025,24,0.5885472461549162,71,"Arts, entertainment & recreation",0.3515738230494855,2,0.21752935207743967,4,-0.1340444709720458,24,0.6309364216509808
325110,0.3254986521026514,1,0.20696677528262528,2,-0.11853187682002608,23,0.5874971317813358,32,Manufacturing - paper/chemicals,0.4039430183280772,1,0.23829088142149435,4,-0.16565213690658287,23,0.7249184831913401
486910,0.323917221091807,1,0.19478941971206215,2,-0.1291278013797448,23,0.5846427845298819,48,Transportation,0.39530672143600254,1,0.2261135258509312,4,-0.16919319558507137,23,0.7094197347062058
112512,0.3207359331734551,4,0.1720179390552365,1,-0.14871799411821862,23,0.5789008328648627,11,"Agriculture, forestry, fishing",0.2042168521672873,4,0.08682296418793775,1,-0.11739388797934956,23,0.3664887471702344
523910,0.31845321356753575,4,0.1725825584755173,3,-0.1458706550920185,23,0.5747807198859748,52,Finance & insurance,0.26890010508925466,1,0.1380562864439508,2,-0.1308438186453039,23,0.48256968796765864
523160,0.3180317920402046,1,0.1769623274766369,3,-0.1410694645635677,23,0.5740200901967929,52,Finance & insurance,0.33701160694482435,1,0.20828643361550597,2,-0.12872517332931838,23,0.6048029841820315
523999,0.31719572433181187,1,0.17918447756924039,2,-0.1380112467625715,23,0.5725110597369654,52,Finance & insurance,0.3431293343651858,1,0.21050858370810943,2,-0.13262075065707632,23,0.6157818932878316
532411,0.31305415466788067,4,0.1440570316836396,3,-0.16899712298424108,23,0.5650358819354154,53,Real estate,0.22874361667775733,1,0.10788434913757204,3,-0.1208592675401853,23,0.41050462099350843
487210,0.3129129396426722,2,0.19347678605022964,4,-0.11943615359244254,24,0.5647810009344082,48,Transportation,0.4034984106154661,2,0.19886728215572483,4,-0.2046311284597413,24,0.7241205876119704
313240,0.3107484160358223,4,0.17234861444857505,1,-0.13839980158724727,23,0.5608742215899081,31,Manufacturing - food/textiles,0.1942293350296545,4,0.08715363958127631,1,-0.10707569544837821,23,0.34856509099658084
238990,0.31016874385686116,4,0.12519165533331575,1,-0.1849770885235454,23,0.5598279630560763,23,Construction,0.24854179857949782,2,0.09488881619482148,1,-0.15365298238467634,24,0.44603455304570544
621112,0.30887166297735874,4,0.1801132412644273,1,-0.12875842171293145,23,0.5574868433879194,62,Health care & social assistance,0.19235258197119093,4,0.09491826639712855,1,-0.09743431557406239,23,0.34519705907441217
113110,0.3079076378790737,1,0.1904336497447017,2,-0.117473988134372,23,0.5557468608210206,11,"Agriculture, forestry, fishing",0.3338412479124476,1,0.22175775588357077,2,-0.11208349202887682,23,0.5991134394773477
512290,0.30717239317337125,4,0.19384523541338972,1,-0.11332715775998152,23,0.5544198072281185,51,Information,0.19065331216720344,4,0.10865026054609098,1,-0.08200305162111246,23,0.34214753962996675
112390,0.30603703474895927,4,0.18415260581626128,3,-0.12188442893269796,23,0.552370582711897,11,"Agriculture, forestry, fishing",0.17270420443760473,4,0.09895763094896254,3,-0.07374657348864219,23,0.3099359668100331
212114,0.30529339271020695,1,0.19269477716970596,2,-0.11259861554050098,23,0.551028372653524,21,"Mining, quarrying, oil & gas",0.3340711903206903,1,0.224018883308575,4,-0.1100523070121153,23,0.5995260954566356
324121,0.3047697701563905,4,0.13361339604094755,1,-0.17115637411544296,23,0.5500832788827328,32,Manufacturing - paper/chemicals,0.1943845464982921,3,0.054552278521718206,1,-0.1398322679765739,24,0.3488436343982823
423940,0.30330446763979885,4,0.19201921892359763,3,-0.11128524871620123,23,0.5474385335969117,42,Wholesale trade,0.16997163732844434,4,0.1068242440562989,3,-0.06314739327214544,23,0.30503208602954573
512240,0.30188017371300047,4,0.18727597216083688,1,-0.11460420155216358,23,0.5448678052961883,51,Information,0.18536109270683265,4,0.10208099729353814,1,-0.08328009541329452,23,0.33265009189635647
492110,0.3017767083833503,4,0.1584238281577087,1,-0.1433528802256416,23,0.5446810592558725,49,Warehousing & couriers,0.1852576273771825,4,0.07322885329040996,1,-0.11202877408677255,23,0.3324644124157621
238910,0.2992456210713727,4,0.12654246300744593,1,-0.17270315806392678,23,0.540112663883206,23,Construction,0.19772031828027548,2,0.05634126635521776,1,-0.14137905192505773,24,0.35483002978265277
314910,0.29913773249850095,4,0.16674640443513342,1,-0.1323913280633675,23,0.5399179342684911,31,Manufacturing - food/textiles,0.18261865149233314,4,0.08155142956783468,1,-0.10106722192449845,23,0.3277284909891668
221111,0.2971541405040391,1,0.1961356773042597,2,-0.10101846319977942,23,0.5363377209562614,22,Utilities,0.3925485747890829,1,0.22745978344312878,4,-0.1650887913459541,23,0.7044699487389178
459920,0.2971360042588103,4,0.17364733385044043,1,-0.12348867040836989,23,0.53630498659013,45,Retail trade - specialty,0.1806169232526425,4,0.08845235898314169,1,-0.09216456426950083,23,0.3241361778820264
211130,0.2967048532307371,1,0.18048334093760407,2,-0.116221512293133,23,0.5355267959871234,21,"Mining, quarrying, oil & gas",0.32263846326411094,1,0.21180744707647314,2,-0.11083101618763783,23,0.5790088571815458
449129,0.29592753880551437,4,0.1416581596954482,1,-0.15426937911006616,23,0.5341238101610359,44,Retail trade - general,0.17940845779934655,4,0.056463184828149465,1,-0.1229452729711971,23,0.321967458771548
541211,0.29477304799481224,4,0.18626938203983953,1,-0.1085036659549727,23,0.5320400533295591,54,Professional & technical services,0.17825396698864443,4,0.10107440717254079,1,-0.07717955981610364,23,0.319895602867672
332114,0.2947177313667256,4,0.1832791029953302,1,-0.11143862837139537,23,0.5319402115633004,33,Manufacturing - metals/machinery,0.17819865036055776,4,0.09808412812803147,1,-0.08011452223252631,23,0.31979633132612184
315990,0.291705213369992,4,0.18009710420105196,1,-0.11160810916894005,23,0.5265028751224649,31,Manufacturing - food/textiles,0.17518613236382422,4,0.09490212933375322,1,-0.080284003030071,23,0.3143900490593368
445292,0.2916409638623677,4,0.14431842573282463,1,-0.14732253812954307,23,0.5263869102752871,44,Retail trade - general,0.1751218828561999,4,0.059123450865525895,1,-0.11599843199067401,23,0.31427474652036586
525110,0.29156537931967685,1,0.17791244252273317,2,-0.11365293679694366,23,0.5262504866626208,52,Finance & insurance,0.3174989893530507,1,0.20923654866160224,2,-0.10826244069144848,23,0.5697855274965127
115116,0.29121048265745536,4,0.1907928406187521,3,-0.10041764203870325,23,0.5256099286455996,11,"Agriculture, forestry, fishing",0.15787765234610082,4,0.10559786575145336,3,-0.05227978659464747,23,0.283328150446189
111422,0.2909961688259765,4,0.15171347584203898,3,-0.13928269298393753,23,0.5252231105728318,11,"Agriculture, forestry, fishing",0.19196834507012916,2,0.10082350753024742,3,-0.09114483753988176,24,0.3445075053035444
211120,0.28944605043657795,1,0.18143455848410986,2,-0.1080114919524681,23,0.5224252799157452,21,"Mining, quarrying, oil & gas",0.31537966046995186,1,0.21275866462297893,2,-0.10262099584697293,23,0.5659821675927358
541330,0.2891653812372079,4,0.19232465902166554,1,-0.0968407222155424,23,0.5219186960987491,54,Professional & technical services,0.17264630023104013,4,0.1071296841543668,1,-0.06551661607667333,23,0.3098320515851409
238150,0.28898441052327994,4,0.16575238572024437,1,-0.12323202480303555,23,0.5215920594915548,23,Construction,0.17246532951711213,4,0.08055741085294563,1,-0.09190791866416649,23,0.3095072804924612
332323,0.28822541154764003,4,0.16814173048245423,1,-0.1200836810651858,23,0.5202221314800779,33,Manufacturing - metals/machinery,0.17170633054147222,4,0.08294675561515549,1,-0.08875957492631674,23,0.3081451765292785
541830,0.28732976264495225,4,0.18701876973123652,3,-0.10031099291371572,23,0.5186055620779833,54,Professional & technical services,0.16304859427880586,4,0.10182379486393778,1,-0.06122479941486808,23,0.2926079528253516
324199,0.28695105396513937,4,0.1865053728000553,3,-0.10044568116508405,23,0.5179220254128281,32,Manufacturing - paper/chemicals,0.1554456457713171,4,0.10131039793275656,2,-0.054135247838560524,23,0.27896365734366996
221121,0.28661501685354296,1,0.18391594688061622,2,-0.10269906997292672,23,0.5173155072661025,22,Utilities,0.3497721576640506,1,0.2152400530194853,4,-0.13453210464456533,23,0.6277031425022693
238140,0.28583264331768365,4,0.123545450902286,1,-0.16228719241539766,23,0.5159033901795039,23,Construction,0.19415874372199077,2,0.0631956574454622,1,-0.13096308627652858,24,0.3484384074264825
541490,0.285803305051767,4,0.19227816250450944,1,-0.09352514254725758,23,0.5158504371274217,54,Professional & technical services,0.16928422404559923,4,0.1070831876372107,1,-0.06220103640838852,23,0.3037984501657841
721211,0.2853474162231448,2,0.17659594198082662,3,-0.1087514742423182,24,0.515027596917496,72,Accommodation & food services,0.37209992690503046,2,0.1819864380863218,4,-0.19011348881870865,24,0.6677726866627565
441222,0.28327572952191604,2,0.11675167167434693,1,-0.16652405784756913,24,0.5112883802201021,44,Retail trade - general,0.2573421194885422,2,0.1221421677798421,1,-0.13519995170870008,24,0.4618276599828827
423930,0.2811480036010202,4,0.17994814961265063,1,-0.10119985398836957,23,0.5074480175406619,42,Wholesale trade,0.1646289225948524,4,0.09475317474535189,1,-0.06987574784950051,23,0.29544401918578644
621512,0.28093268396169724,4,0.1610480838495199,1,-0.11988460011217736,23,0.5070593840710568,62,Health care & social assistance,0.16441360295552948,4,0.07585310898222117,1,-0.0885604939733083,23,0.2950576053124007
237210,0.2805773832648456,4,0.16260125724965932,3,-0.1179761260151863,23,0.5064180968062039,23,Construction,0.1472445529534911,4,0.07740628238236058,3,-0.06983827057113051,23,0.2642459286139677
522180,0.2783579084670516,1,0.168516454425174,2,-0.10984145404187762,23,0.5024121352781243,52,Finance & insurance,0.30429151850042546,1,0.19984056056404303,2,-0.10445095793638244,23,0.5460833237131494
722320,0.2772474271182343,4,0.1280933692382308,1,-0.1491540578800035,23,0.5004078117483265,72,Accommodation & food services,0.21256726682474786,2,0.09473731508361344,1,-0.11782995174113443,24,0.38147444973927486
541420,0.2761629819797978,4,0.18564288425460576,3,-0.090520097725192,23,0.4984504813437608,54,Professional & technical services,0.14283015166844323,4,0.10044790938730702,3,-0.04238224228113622,23,0.25632381846833385
111331,0.27496512275935736,3,0.11295836271594795,4,-0.16200676004340944,24,0.49628844825471247,11,"Agriculture, forestry, fishing",0.4082979530707119,3,0.16109621816000372,4,-0.24720173491070818,24,0.7327338743351077
332996,0.2724841950119842,4,0.1677346628948533,1,-0.10474953211713088,23,0.49181058659131355,33,Manufacturing - metals/machinery,0.1559651140058164,4,0.08253968802755457,1,-0.07342542597826182,23,0.2798958980497427
332312,0.2715931978030428,4,0.17732878454143788,1,-0.09426441326160494,23,0.4902024130972091,33,Manufacturing - metals/machinery,0.15507411679687502,4,0.09213380967413914,1,-0.06294030712273588,23,0.2782969092916083
456120,0.27048600051872707,4,0.1295294096208415,1,-0.14095659089788554,23,0.4882040170219883,45,Retail trade - specialty,0.15396691951255925,4,0.04433443475354276,1,-0.10963248475901648,23,0.27630992662444437
311313,0.269741625071272,4,0.1401302246756644,1,-0.1296114003956076,23,0.48686048322385017,31,Manufacturing - food/textiles,0.15322254406510422,4,0.05493524980836567,1,-0.09828729425673853,23,0.2749740661297453
236116,0.26965002472553906,4,0.17786393609707585,1,-0.09178608862846321,23,0.4866951524612168,23,Construction,0.15313094371937125,4,0.09266896122977711,1,-0.060461982489594154,23,0.2748096796180947
334517,0.2684306766235934,4,0.17632488354390344,3,-0.09210579307968995,23,0.4844943337852913,33,Manufacturing - metals/machinery,0.14313420045918201,4,0.0911299086766047,1,-0.05200429178257732,23,0.2568694661913984
236220,0.26816059626090916,4,0.17817826879493098,1,-0.08998232746597816,23,0.4840068619097475,23,Construction,0.15164151525474134,4,0.09298329392763224,1,-0.0586582213271091,23,0.27213674265814813
332313,0.26814892481853114,4,0.1730173496514308,1,-0.09513157516710033,23,0.4839857959579332,33,Manufacturing - metals/machinery,0.15162984381236333,4,0.08782237478413207,1,-0.06380746902823127,23,0.27211579701997285
621493,0.2677806135155421,4,0.1598608265394886,1,-0.10791978697605352,23,0.48332102566561114,62,Health care & social assistance,0.15126153250937432,4,0.07466585167218986,1,-0.07659568083718446,23,0.27145482341976035
522291,0.2677080499642854,1,0.1600255512050631,2,-0.10768249875922227,23,0.48319005468321286,52,Finance & insurance,0.2982711525099958,1,0.19134965734393217,4,-0.10692149516606361,23,0.5352791399941121
423520,0.26665164628116733,4,0.12948338348358254,3,-0.13716826279758476,23,0.4812833366988958,42,Wholesale trade,0.1977019731897754,1,0.10867156583624639,3,-0.08903040735352899,23,0.35479710757685656
113310,0.2664975161777565,4,0.15688567072988352,1,-0.10961184544787299,23,0.4810051450901439,11,"Agriculture, forestry, fishing",0.1499784351715887,4,0.07169069586258478,1,-0.07828773930900393,23,0.26915216949658016
541611,0.2663117992487806,4,0.16849934411305817,3,-0.09781245513572247,23,0.4806699419721225,54,Professional & technical services,0.1329789689374261,4,0.08330436924575943,3,-0.04967459969166669,23,0.23864482881140758
512230,0.2657292948081423,4,0.15417372421996361,3,-0.11155557058817868,23,0.4796185714490366,51,Information,0.13239646449678777,4,0.06897874935266488,3,-0.0634177151441229,23,0.23759946296424544
111130,0.2656787129963156,4,0.1231984038481907,1,-0.14248030914812496,23,0.4795272756197712,11,"Agriculture, forestry, fishing",0.2204143097220047,2,0.10925810671274881,1,-0.1111562030092559,24,0.39555679842835834
541350,0.2637747668112547,4,0.1325205801913603,1,-0.13125418661989444,23,0.4760908161580696,54,Professional & technical services,0.15396450346850998,2,0.05403442298748462,1,-0.09993008048102538,24,0.2763055907777827
611610,0.26369429911564435,4,0.16591476611417474,3,-0.09777953300146958,23,0.47594557887347017,61,Educational services,0.1303614688042898,4,0.080719791246876,3,-0.0496416775574138,23,0.23394744789337624
238390,0.2636270139592569,4,0.133203347165131,1,-0.1304236667941259,23,0.47582413494080344,23,Construction,0.1471079329530891,4,0.04800837229783225,1,-0.09909956065525684,23,0.2640007495689753
314120,0.2634930053829862,4,0.16065877869270978,1,-0.1028342266902764,23,0.47558226096165,31,Manufacturing - food/textiles,0.1469739243768184,4,0.07546380382541104,1,-0.07151012055140735,23,0.2637602570008728
111199,0.2630103885641281,4,0.12536991942490125,1,-0.13764046913922687,23,0.47471117902322424,11,"Agriculture, forestry, fishing",0.19391217724089188,2,0.08759581424053406,1,-0.10631636300035781,24,0.34799591778964256
541340,0.262972101045193,4,0.16330058490752766,1,-0.09967151613766528,23,0.4746420733374952,54,Professional & technical services,0.14645302003902516,4,0.07810561004022892,1,-0.06834740999879622,23,0.2628254390555007
441210,0.26228467920356613,4,0.0925336612367319,1,-0.1697510179668342,23,0.473401335909949,44,Retail trade - general,0.230587642969579,2,0.09216073114161387,1,-0.13842691182796513,24,0.4138139212704762
488210,0.2617259786186348,4,0.17240228831055293,1,-0.08932369030808184,23,0.4723929293034964,48,Transportation,0.14520689761246697,4,0.08720731344325419,1,-0.057999584169212776,23,0.2605891405224299
424470,0.2580425492058066,4,0.17294964848192546,1,-0.08509290072388112,23,0.4657446553362263,42,Wholesale trade,0.1415234681996388,4,0.08775467361462672,1,-0.05376879458501206,23,0.2539788367376493
238320,0.2578467390515645,4,0.11997063369568851,1,-0.137876105355876,23,0.46539123481283007,23,Construction,0.1717320878316716,2,0.06518008861466466,1,-0.10655199921700693,24,0.308191400711639
561740,0.25646839686793776,4,0.11447004816550081,1,-0.14199834870243694,23,0.46290344546481593,56,Administrative & waste services,0.16224634528355342,2,0.05157210271998555,1,-0.11067424256356788,24,0.2911682321261617
336120,0.255871508155053,4,0.16100519352263762,3,-0.09486631463241535,23,0.4618261125648263,33,Manufacturing - metals/machinery,0.12253867784369846,4,0.07581021865533888,3,-0.04672845918835957,23,0.21990862187047172
337127,0.25506919882792356,4,0.15548916219390368,1,-0.0995800366340199,23,0.4603780130859341,33,Manufacturing - metals/machinery,0.1385501178217558,4,0.07029418732660495,1,-0.06825593049515084,23,0.24864284490678984
486210,0.2550067720717134,1,0.1865283043418038,3,-0.06847846772990959,23,0.46026533814862497,48,Transportation,0.3536055783247873,1,0.2178524104806729,4,-0.1357531678441144,23,0.6345826214503584
238190,0.2535946709649618,4,0.1271404448977464,1,-0.12645422606721538,23,0.4577166168416618,23,Construction,0.14011074572252036,2,0.04498062579417403,1,-0.09513011992834632,24,0.2514435567877153
331492,0.25230994895188513,4,0.15767833599054243,3,-0.09463161296134272,23,0.4553978038667286,33,Manufacturing - metals/machinery,0.11897711864053062,4,0.07248336112324369,3,-0.04649375751728694,23,0.21351702707068326
331314,0.25216063054288473,4,0.16624449223513627,3,-0.08591613830774847,23,0.4551282969534336,33,Manufacturing - metals/machinery,0.11882780023153022,4,0.08104951736783753,3,-0.03777828286369269,23,0.21324905938798105
541620,0.25182242123591514,4,0.15876960558198044,1,-0.09305281565393467,23,0.4545178581804837,54,Professional & technical services,0.13530334022974733,4,0.0735746307146817,1,-0.06172870951506561,23,0.2428161590118332
424310,0.25120924151684426,4,0.15243465996971223,3,-0.09877458154713202,23,0.45341112141247086,42,Wholesale trade,0.1339599521411959,4,0.06723968510241349,1,-0.06672026703878242,23,0.24040530695769755
332322,0.2505838309549671,4,0.15146061453270604,1,-0.09912321642226106,23,0.45228230902288,33,Manufacturing - metals/machinery,0.1340647499487993,4,0.0662656396654073,1,-0.067799110283392,23,0.24059337771095396
321992,0.24997459786851364,4,0.1297073652764332,1,-0.12026723259208044,23,0.45118269558802987,32,Manufacturing - paper/chemicals,0.13345551686234586,4,0.04451239040913446,1,-0.08894312645321138,23,0.23950004448101034
111219,0.24842429563980778,2,0.16228827995144898,4,-0.08613601568835878,24,0.44838453311677123,11,"Agriculture, forestry, fishing",0.33900976661260174,2,0.16767877605694417,4,-0.17133099055565754,24,0.608388893109322
458320,0.24709799903475052,4,0.10783248025448869,1,-0.13926551878026183,23,0.4459906815713684,45,Retail trade - specialty,0.19922758062578505,3,0.09128616798439228,1,-0.10794141264139277,24,0.3575349715286462
424440,0.2461315699074575,4,0.1642064191691621,1,-0.08192515073829541,23,0.4442463599384311,42,Wholesale trade,0.1296124889012897,4,0.07901144430186335,1,-0.050601044599426354,23,0.23260332421605437
561790,0.24582005099249277,4,0.12687472964894897,1,-0.1189453213435438,23,0.443684095032401,56,Administrative & waste services,0.1830375508068682,2,0.09541633560219347,1,-0.08762121520467474,24,0.32848025012826404
333111,0.24463454913134514,4,0.14990315277533567,3,-0.09473139635600948,23,0.4415443659163308,33,Manufacturing - metals/machinery,0.11130171881999062,4,0.06470817790803693,3,-0.0465935409119537,23,0.19974271004244862
238340,0.24433729311296776,4,0.13026022937589787,1,-0.11407706373706988,23,0.4410078443145566,23,Construction,0.12781821210679994,4,0.045065254508599134,1,-0.08275295759820082,23,0.22938330467549994
531120,0.24428719923444941,1,0.14339908840998988,2,-0.10088811082445955,23,0.44091742916303683,53,Real estate,0.2702208092678233,1,0.17472319454885893,2,-0.09549761471896437,23,0.48493983134539337
812922,0.24422279598359364,4,0.13621048118860596,1,-0.1080123147949877,23,0.440801186822521,81,Other services,0.12770371497742586,4,0.05101550632130722,1,-0.07668820865611864,23,0.22917782746314666
333994,0.24385590488295367,4,0.16104453093293722,3,-0.08281137395001645,23,0.44013897987355305,33,Manufacturing - metals/machinery,0.11154954693510966,4,0.07584955606563848,1,-0.035699990869471177,23,0.20018746381501745
551114,0.2437975024772745,1,0.1567173110722077,2,-0.08708019140506679,23,0.44003356854357056,55,Management of companies,0.27903851799460067,1,0.18804141721107676,4,-0.09099710078352388,23,0.5007641425611076
111140,0.24282055497558697,4,0.10355570502866192,1,-0.13926484994692503,23,0.4382702621475694,11,"Agriculture, forestry, fishing",0.17861313520962524,2,0.07067239140156927,1,-0.10794074380805598,24,0.32054016823989107
424210,0.24267767596939116,1,0.1501726372050522,2,-0.09250503876433896,23,0.4380123778036879,42,Wholesale trade,0.2983226914742557,1,0.18149674334392124,4,-0.11682594813033445,23,0.5353716321182518
449122,0.24205959631733437,4,0.12995058003029114,1,-0.11210901628704321,23,0.43689679707716234,44,Retail trade - general,0.12554051531116656,4,0.0447556051629924,1,-0.08078491014817415,23,0.22529573679749967
111940,0.24173857525128217,4,0.11444664912952597,1,-0.12729192612175622,23,0.4363173816039223,11,"Agriculture, forestry, fishing",0.18237362096976584,2,0.0864058009868787,1,-0.09596781998288716,24,0.3272887577924148
337212,0.2414238470399797,4,0.1442279524436322,1,-0.0971958945963475,23,0.435749324193434,33,Manufacturing - metals/machinery,0.12490476603381191,4,0.05903297757633347,1,-0.06587178845747844,23,0.2241548174575951
333922,0.24069385130381937,4,0.16421758184884122,3,-0.07647626945497815,23,0.4344317445400732,33,Manufacturing - metals/machinery,0.12178868669126527,4,0.07902260698154248,1,-0.04276607970972279,23,0.2185626833990529
541430,0.24065773652443256,4,0.15368475974539988,1,-0.08697297677903269,23,0.434366560462758,54,Professional & technical services,0.12413865551826478,4,0.06848978487810115,1,-0.055648870640163633,23,0.22277995108365448
812210,0.24052070909756929,4,0.15077738933787002,1,-0.08974331975969925,23,0.43411923771737176,81,Other services,0.12400162809140147,4,0.06558241447057128,1,-0.05841921362083019,23,0.22253404086877193
212220,0.23986180687488295,1,0.1415936892410036,2,-0.09826811763387934,23,0.4329299757543745,21,"Mining, quarrying, oil & gas",0.2657954169082568,1,0.17291779537987267,2,-0.09287762152838416,23,0.4769979965536902
488330,0.23934841631113005,4,0.1365121288339098,1,-0.10283628747722023,23,0.432003349847508,48,Transportation,0.12282933530496225,4,0.05131715396661107,1,-0.07151218133835117,23,0.22043023743600296
325312,0.23931947672635218,4,0.11197639213803098,3,-0.1273430845883212,23,0.4319511163806653,32,Manufacturing - paper/chemicals,0.13868494197386186,1,0.05947971282959644,3,-0.07920522914426542,23,0.24888480111201605
331529,0.23871377913088515,4,0.15120951053420562,1,-0.08750426859667954,23,0.43085788420361926,33,Manufacturing - metals/machinery,0.12219469812471735,4,0.06601453566690688,1,-0.056180162457810476,23,0.2192913138720207
621320,0.238285477242825,4,0.1441682303811053,1,-0.0941172468617197,23,0.43008483605381465,62,Health care & social assistance,0.12176639623665719,4,0.058973255513806555,1,-0.06279314072285064,23,0.21852268081994902
333514,0.23815363556556784,4,0.1478460369519799,1,-0.09030759861358796,23,0.42984687314141096,33,Manufacturing - metals/machinery,0.12163455455940006,4,0.06265106208468116,1,-0.0589834924747189,23,0.2182860769813823
449121,0.23811264075724253,4,0.14034499434025133,1,-0.09776764641699122,23,0.4297728810306803,44,Retail trade - general,0.12159355975107475,4,0.05515001947295259,1,-0.06644354027812216,23,0.21821250746062934
459420,0.23795892407112032,4,0.11763706270017278,1,-0.12032186137094754,23,0.42949543560465364,45,Retail trade - specialty,0.12143984306495252,4,0.03244208783287404,1,-0.08899775523207848,23,0.21793664660429832
316110,0.2379148615107371,4,0.1550123702248394,3,-0.0829024912858977,23,0.4294159064647421,31,Manufacturing - food/textiles,0.10458203119938259,4,0.06981739535754067,3,-0.034764635841841925,23,0.18768351967046784
238130,0.2368733842837946,4,0.11865244267924747,1,-0.11822094160454712,23,0.42753612945278896,23,Construction,0.12035430327762679,4,0.033457467811948735,1,-0.08689683546567806,23,0.2159885306068264
212311,0.23684768202376644,4,0.09484570200086546,1,-0.14200198002290096,23,0.42748973907928267,21,"Mining, quarrying, oil & gas",0.1842502369805703,2,0.07357236309653839,1,-0.1106778738840319,24,0.33065654376805964
238120,0.23662374345822224,4,0.12826964601953578,1,-0.10835409743868644,23,0.42708554918755015,23,Construction,0.12010466245205442,4,0.04307467115223704,1,-0.07702999129981739,23,0.21554052373356594
315120,0.23620325331620803,4,0.148394264429116,1,-0.08780898888709204,23,0.42632660056893107,31,Manufacturing - food/textiles,0.11968417231004023,4,0.06319928956181725,1,-0.056484882748222984,23,0.21478590968624933
561312,0.23595823290808898,4,0.16652764699719638,3,-0.06943058591089259,23,0.4258843597606575,56,Administrative & waste services,0.13681323111339327,4,0.08133267212989764,2,-0.05548055898349562,23,0.24552581794760933
311352,0.23566948495117795,4,0.13569386525481808,1,-0.09997561969635986,23,0.42536319447964294,31,Manufacturing - food/textiles,0.11915040394501014,4,0.05049889038751934,1,-0.0686515135574908,23,0.21382800588299838
237310,0.2356662971939618,4,0.08872096311986871,1,-0.14694533407409308,23,0.42535744085145055,23,Construction,0.17195461355475516,3,0.05633338561953114,1,-0.11562122793522402,24,0.30859074666473024
562991,0.23541379637629134,4,0.11158651728769751,1,-0.12382727908859383,23,0.42490169854592774,56,Administrative & waste services,0.1269915864633956,3,0.034488413513670824,1,-0.09250317294972477,24,0.22789983750217438
238350,0.23471259984354723,4,0.12333355046793168,1,-0.11137904937561555,23,0.42363609898309984,23,Construction,0.11819351883737943,4,0.03813857560063294,1,-0.08005494323674649,23,0.21211077431978653
339995,0.23439802079283623,4,0.14894535529011863,1,-0.08545266550271761,23,0.4230683107946777,33,Manufacturing - metals/machinery,0.11787893978666844,4,0.06375038042281989,1,-0.054128559363848555,23,0.21154622893111003
444240,0.23434573531820443,4,0.12042718359826296,3,-0.11391855171994147,23,0.42297394000026256,44,Retail trade - general,0.18013068517016875,2,0.10477106817898013,1,-0.07535961699118862,24,0.3232635721994832
331524,0.23414551317802548,4,0.13893601551237364,1,-0.09520949766565184,23,0.42261255622090005,33,Manufacturing - metals/machinery,0.11762643217185768,4,0.0537410406450749,1,-0.06388539152678278,23,0.2110930773012576
313110,0.23407803004781108,4,0.14100440819828727,1,-0.09307362184952382,23,0.4224907549624663,31,Manufacturing - food/textiles,0.1175589490416433,4,0.055809433330988534,1,-0.06174951571065476,23,0.21097197168443446
221112,0.23262933407986403,1,0.16413762608054874,2,-0.06849170799931527,23,0.41987598307172536,22,Utilities,0.3350700436814248,1,0.19546173221941782,4,-0.13960831146200697,23,0.6013186434902449
525920,0.23254714493694995,4,0.10676338351080682,3,-0.12578376142614311,23,0.41972763872248253,52,Finance & insurance,0.1854679566917845,1,0.10782205070969718,3,-0.07764590598208734,23,0.3328418706234644
112112,0.23238043902751704,4,0.15663918748974187,3,-0.07574125153777517,23,0.41942674886315384,11,"Agriculture, forestry, fishing",0.09904760871616253,4,0.07144421262244313,3,-0.02760339609371939,23,0.17775141298749644
332811,0.23236207176493268,4,0.15127323804168877,3,-0.08108883372324392,23,0.4193935975305223,33,Manufacturing - metals/machinery,0.10945985339428041,4,0.06607826317439003,1,-0.04338159021989038,23,0.1964372876683355
541940,0.23186901085697958,4,0.12424276057225468,1,-0.10762625028472492,23,0.41850366490762286,54,Professional & technical services,0.1153499298508118,4,0.03904778570495594,1,-0.07630214414585586,23,0.2070076530342789
621310,0.2315523115646163,4,0.13126023849291593,1,-0.10029207307170038,23,0.41793204986498383,62,Health care & social assistance,0.11503323055844851,4,0.04606526362561719,1,-0.06896796693283132,23,0.2064393026476377
611691,0.23136281057058733,4,0.15014511088819799,1,-0.08121769968238936,23,0.4175900168343013,61,Educational services,0.11484372956441954,4,0.06495013602089925,1,-0.0498935935435203,23,0.20609922306482104
112519,0.2309894761906006,4,0.11914065177115972,1,-0.11184882441944087,23,0.4169161803190939,11,"Agriculture, forestry, fishing",0.17107086635515653,2,0.09054614807458472,1,-0.08052471828057181,24,0.30700476881540567
611630,0.2308237872338057,4,0.14019735085788868,1,-0.09062643637591701,23,0.41661712597199896,61,Educational services,0.11430470622763789,4,0.055002375990589936,1,-0.05930233023704795,23,0.2051318886587907
611710,0.23008719436732694,4,0.15514091205191724,1,-0.0749462823154097,23,0.4152876390645988,61,Educational services,0.11356811336115914,4,0.0699459371846185,1,-0.04362217617654064,23,0.20380999482904352
332710,0.2299773731778877,4,0.13745528212943306,1,-0.09252209104845463,23,0.4150894212428426,33,Manufacturing - metals/machinery,0.11345829217171989,4,0.05226030726213432,1,-0.06119798490958557,23,0.20361290908561347
424990,0.22974223845518757,4,0.14229250001778834,3,-0.08744973843739923,23,0.4146650232483312,42,Wholesale trade,0.09640940814383306,4,0.0570975251504896,3,-0.03931188299334345,23,0.17301688294124543
541930,0.22955090839898365,4,0.14412796940802688,1,-0.08542293899095676,23,0.4143196889173985,54,Professional & technical services,0.11303182739281585,4,0.058932994540728145,1,-0.054098832852087705,23,0.2028475729202869
327331,0.22942630528422292,4,0.11820060476003684,1,-0.11122570052418608,23,0.4140947909890659,32,Manufacturing - paper/chemicals,0.11717373728451712,2,0.0372721428992001,1,-0.07990159438531702,24,0.21028066843122023
237120,0.22920795388869067,4,0.10875823177807487,1,-0.1204497221106158,23,0.4137006854596974,23,Construction,0.12711379589365696,3,0.037988179921910226,1,-0.08912561597174674,24,0.22811915525442428
236118,0.22906407806708973,4,0.12272405143884611,1,-0.10634002662824363,23,0.4134410019495593,23,Construction,0.11254499706092194,4,0.03752907657154737,1,-0.07501592048937457,23,0.20197390438349977
311422,0.22870896598148477,4,0.14314160437072745,1,-0.08556736161075731,23,0.4128000551118194,31,Manufacturing - food/textiles,0.11218988497531697,4,0.057946629503428715,1,-0.054243255471888255,23,0.20133661817534804
111320,0.22830723346055443,4,0.12200300747170154,1,-0.1063042259888529,23,0.41207496238942176,11,"Agriculture, forestry, fishing",0.11178815245438664,4,0.036808032604402796,1,-0.07498011984998385,23,0.20061566666360556
326212,0.2283017714552481,4,0.1255678266114428,1,-0.1027339448438053,23,0.4120651039386094,32,Manufacturing - paper/chemicals,0.1117826904490803,4,0.04037285174414407,1,-0.07140983870493624,23,0.20060586451720816
458110,0.22707840048156985,4,0.1034244030960592,1,-0.12365399738551065,23,0.4098570243244614,45,Retail trade - specialty,0.13694197950827697,2,0.04461208826163539,1,-0.0923298912466416,24,0.24575687056369047
236210,0.22688872773194815,4,0.1491153044885203,1,-0.07777342324342784,23,0.40951468128967466,23,Construction,0.11036964672578035,4,0.06392032962122157,1,-0.04644931710455878,23,0.19807000805701386
339950,0.22645958426842805,4,0.13236898125083515,1,-0.09409060301759291,23,0.4087401141683913,33,Manufacturing - metals/machinery,0.10994050326226026,4,0.047174006383536415,1,-0.06276649687872385,23,0.19729986470874142
311911,0.22554723637002483,4,0.1387053785949271,1,-0.08684185777509774,23,0.4070934045121879,31,Manufacturing - food/textiles,0.10902815536385704,4,0.05351040372762836,1,-0.055517751636228685,23,0.19566255987948428
335314,0.22531042960284664,4,0.14277253459561257,3,-0.08253789500723407,23,0.4066659886208934,33,Manufacturing - metals/machinery,0.09197759929149213,4,0.057577559728313826,3,-0.034400039563178296,23,0.16506353307439953
327332,0.22512658097480714,4,0.11486742244462037,1,-0.11025915853018677,23,0.40633415762571906,32,Manufacturing - paper/chemicals,0.13035983971036005,2,0.05142478731904235,1,-0.0789350523913177,24,0.23394452431196264
324110,0.22486082365681426,1,0.1392735741768734,3,-0.08558724947994086,23,0.40585448847482664,32,Manufacturing - paper/chemicals,0.2531784701232457,1,0.17059768031574246,4,-0.0825807898075032,23,0.4543555506865663
562910,0.22470373729314486,4,0.12703368736131718,1,-0.0976700499318277,23,0.405570961070023,56,Administrative & waste services,0.10818465628697707,4,0.04183871249401844,1,-0.06634594379295863,23,0.19414881154459288
111110,0.22443026496427013,4,0.12563167277683382,1,-0.09879859218743631,23,0.40507736698661406,11,"Agriculture, forestry, fishing",0.12377917333311808,2,0.05630468728455083,1,-0.06747448604856725,24,0.22213482226952258
333519,0.22430640958267023,4,0.13567417719611116,1,-0.08863223238655908,23,0.404853818652464,33,Manufacturing - metals/machinery,0.10778732857650244,4,0.05047920232881242,1,-0.05730812624769002,23,0.19343576493123807
313220,0.2241498636821929,4,0.13344723329689562,1,-0.09070263038529727,23,0.40457126673733795,31,Manufacturing - food/textiles,0.10763078267602509,4,0.04825225842959688,1,-0.05937852424642821,23,0.19315482675041848
327991,0.22404277070504766,4,0.11252020506836927,1,-0.1115225656366784,23,0.40437797310462914,32,Manufacturing - paper/chemicals,0.11975920222491168,2,0.03956074272710235,1,-0.08019845949780934,24,0.21492055880658245
483111,0.2236395968781982,4,0.09680870424868601,3,-0.1268308926295122,23,0.40365027894874467,48,Transportation,0.1464399324911178,1,0.06774689530566139,3,-0.07869303718545642,23,0.26280195206613033
238330,0.2236066723725339,4,0.11389953277210729,1,-0.10970713960042659,23,0.4035908530416998,23,Construction,0.10708759136636609,4,0.028704557904808553,1,-0.07838303346155753,23,0.19218001247609204
325320,0.22330440157944284,4,0.1121013943518349,3,-0.11120300722760794,23,0.4030452802019503,32,Manufacturing - paper/chemicals,0.10339287346168434,1,0.040327721678132186,3,-0.06306515178355215,23,0.18554945029836814
221210,0.22312993569314016,1,0.1354485811760828,2,-0.08768135451705734,23,0.40273038425035607,22,Utilities,0.25560866984341796,1,0.16677268731495187,4,-0.08883598252846607,23,0.45871680119732144
322299,0.2226912035041429,4,0.1522636379939853,3,-0.07042756551015762,23,0.40193851030251937,32,Manufacturing - paper/chemicals,0.1007344004835093,4,0.06706866312668655,1,-0.03366573735682275,23,0.18077853927502527
236115,0.2226448888707357,4,0.14364168325393853,1,-0.07900320561679716,23,0.40185491636407916,23,Construction,0.10612580786456789,4,0.05844670838663979,1,-0.0476790994779281,23,0.190453990226301
491110,0.22216168357929006,4,0.1264641705174717,1,-0.09569751306181837,23,0.40098277228313733,49,Warehousing & couriers,0.10564260257312226,4,0.04126919565017295,1,-0.06437340692294931,23,0.18958682720812428
521110,0.2221084755129379,4,0.1264425969593716,3,-0.0956658785535663,23,0.40088673628984645,52,Finance & insurance,0.08877564520158338,4,0.04124762209207286,3,-0.04752802310951052,23,0.15931728769624634
115112,0.2216984300496686,4,0.11007695029767668,1,-0.11162147975199194,23,0.40014663941996853,11,"Agriculture, forestry, fishing",0.1577775648688564,2,0.07748019125573355,1,-0.08029737361312288,24,0.2831485328791104
525190,0.22147823756294704,1,0.14651285610786957,2,-0.07496538145507749,23,0.3997492108790112,52,Finance & insurance,0.279901283143798,1,0.17783696224673862,4,-0.10206432089705936,23,0.5023124659011052
332999,0.2214183616855251,4,0.13958601225864906,1,-0.08183234942687602,23,0.39964114005899076,33,Manufacturing - metals/machinery,0.10489928067935728,4,0.054391037391350316,1,-0.05050824328800696,23,0.18825285742698702
311611,0.22109054493992186,4,0.12413575986450005,1,-0.09695478507542182,23,0.3990494589673866,31,Manufacturing - food/textiles,0.10457146393375408,4,0.038940784997201314,1,-0.06563067893655276,23,0.18766455559429043
238210,0.2209889458129251,4,0.1280191451073357,1,-0.09296980070558941,23,0.3988660812626972,23,Construction,0.10446986480675731,4,0.04282417024003696,1,-0.06164569456672035,23,0.1874822252118001
334290,0.2204819187933757,4,0.14274677464569702,3,-0.07773514414767867,23,0.3979509410069797,33,Manufacturing - metals/machinery,0.08714908848202116,4,0.05755179977839828,3,-0.02959728870362289,23,0.15639825957477982
212321,0.22024605598484842,4,0.10043948738420239,1,-0.11980656860064602,23,0.3975252288800368,21,"Mining, quarrying, oil & gas",0.131152920231046,2,0.042670457769269025,1,-0.08848246246177696,24,0.23536779121352674
813990,0.21994343737869454,4,0.09290578547075018,3,-0.12703765190794436,23,0.39697902826755926,81,Other services,0.15560109426979013,2,0.07670129780590156,3,-0.07889979646388859,24,0.2792426261204887
327992,0.21918319251374646,4,0.13500368913287533,3,-0.08417950338087114,23,0.395606851532807,32,Manufacturing - paper/chemicals,0.08585036220239195,4,0.04980871426557659,3,-0.036041647936815364,23,0.15406755786193357
541890,0.21885947401277797,4,0.14438386534952202,1,-0.07447560866325595,23,0.39502256742104497,54,Professional & technical services,0.10234039300661017,4,0.05918889048222328,1,-0.04315150252438689,23,0.18366066277026874
423840,0.21873124993972212,4,0.14842459966878005,1,-0.07030665027094207,23,0.39479113397375104,42,Wholesale trade,0.10221216893355432,4,0.06322962480148131,1,-0.03898254413207301,23,0.18343055110518044
621330,0.21863875594007573,4,0.12543182358755367,1,-0.09320693235252206,23,0.3946241902424999,62,Health care & social assistance,0.10211967493390793,4,0.04023684872025493,1,-0.061882826213653,23,0.1832645608370345
459930,0.2185869757115042,4,0.11646891493369925,1,-0.10211806077780494,23,0.3945307313738618,45,Retail trade - specialty,0.10206789470533639,4,0.03127394006640051,1,-0.07079395463893588,23,0.1831716357385621
812921,0.21855505808736464,4,0.1256544778481644,1,-0.09290058023920027,23,0.39447312280155544,81,Other services,0.10203597708119685,4,0.04045950298086565,1,-0.06157647410033121,23,0.18311435618518826
213115,0.21841372586691424,4,0.12442516842669418,1,-0.09398855744022006,23,0.39421803027319463,21,"Mining, quarrying, oil & gas",0.10849929411188153,2,0.04583484281053053,1,-0.062664451301351,24,0.19471346240977783
321920,0.2179602267392249,4,0.12049915309116228,1,-0.09746107364806263,23,0.3933995032683615,32,Manufacturing - paper/chemicals,0.10144114573305711,4,0.035304178223863544,1,-0.06613696750919357,23,0.18204686839833933
238310,0.21794911662151495,4,0.12527826662637817,1,-0.09267084999513679,23,0.39337945045939837,23,Construction,0.10143003561534716,4,0.04008329175907943,1,-0.06134674385626773,23,0.18202693011666854
332117,0.21791953272295744,4,0.14214330940826223,1,-0.07577622331469523,23,0.3933260540614804,33,Manufacturing - metals/machinery,0.10140045171678966,4,0.056948334540963486,1,-0.04445211717582617,23,0.1819738386807577
531320,0.21780708422523204,4,0.1300967723396067,1,-0.08771031188562532,23,0.3931230941737511,53,Real estate,0.10128800321906423,4,0.044901797472307964,1,-0.05638620574675626,23,0.18177203795464128
339930,0.21779735228388725,4,0.15106169262955288,1,-0.06673565965433437,23,0.39310552885484795,33,Manufacturing - metals/machinery,0.10127827127771945,4,0.06586671776225414,1,-0.03541155351546531,23,0.1817545729562676
333413,0.2177377078447505,4,0.1336200266400396,1,-0.0841176812047109,23,0.39299787576106954,33,Manufacturing - metals/machinery,0.10121862683858271,4,0.04842505177274087,1,-0.05279357506584184,23,0.18164753469990966
562998,0.21752957507669368,4,0.12214469034986541,1,-0.09538488472682828,23,0.3926222139773011,56,Administrative & waste services,0.1010104940705259,4,0.036949715482566675,1,-0.06406077858795922,23,0.18127401842737534
111419,0.21752301011772135,4,0.11968913633969984,3,-0.0978338737780215,23,0.3926103647897804,11,"Agriculture, forestry, fishing",0.11872891389170347,2,0.0678014649238745,1,-0.05092744896782897,24,0.2130715973890777
488510,0.21730747162257352,4,0.14410028694216184,3,-0.07320718468041167,23,0.3922213363041943,48,Transportation,0.09328759790785623,4,0.0589053120748631,1,-0.03438228583299313,23,0.16741446418811948
424710,0.21718488530628596,4,0.12548482763484556,3,-0.0917000576714404,23,0.3920000785240181,42,Wholesale trade,0.08994721647040285,1,0.04638501424301822,3,-0.043562202227384626,23,0.16141979628931077
323113,0.21701446817174314,4,0.12005147228586215,1,-0.09696299588588098,23,0.3916924902218744,32,Manufacturing - paper/chemicals,0.10049538716557532,4,0.034856497418563406,1,-0.06563888974701192,23,0.18034960458860247
111339,0.21618969532649315,2,0.11629449425848552,1,-0.09989520106800763,24,0.3902038460206607,11,"Agriculture, forestry, fishing",0.2182084204231905,2,0.1216849903639807,4,-0.09652343005920978,24,0.3915980967005675
488991,0.2156743491116067,4,0.11978599934698225,1,-0.09588834976462444,23,0.389273690331338,48,Transportation,0.0991552681054389,4,0.03459102447968351,1,-0.06456424362575539,23,0.17794461915181772
339910,0.2153159928514751,4,0.1352714299743085,1,-0.0800445628771666,23,0.3886268880370022,33,Manufacturing - metals/machinery,0.0987969118453073,4,0.050076455107009754,1,-0.04872045673829754,23,0.17730151092924726
334310,0.2152210214957451,4,0.11733874994922333,1,-0.09788227154652177,23,0.3884554728906342,33,Manufacturing - metals/machinery,0.10153531316588135,2,0.03497714775822864,1,-0.0665581654076527,24,0.18221586181937063
333511,0.21510088714951087,4,0.13887749774067326,1,-0.07622338940883762,23,0.38823864070596886,33,Manufacturing - metals/machinery,0.09858180614334308,4,0.05368252287337452,1,-0.04489928326996856,23,0.17691548098908608
455110,0.21475539919989622,4,0.09702162451152149,1,-0.11773377468837475,23,0.38761506460771944,45,Retail trade - specialty,0.1286332152963397,2,0.04222354674683401,1,-0.08640966854950569,24,0.2308459141257205
114111,0.21453487801856896,4,0.0967397458288536,1,-0.11779513218971537,23,0.38721704280120844,11,"Agriculture, forestry, fishing",0.15601995558939974,3,0.06954892953855343,1,-0.0864710260508463,24,0.2799943170736724
541690,0.2144655804362483,4,0.1357675501589546,3,-0.07869803027729372,23,0.3870919666124446,54,Professional & technical services,0.0811327501248938,4,0.05057257529165585,3,-0.03056017483323794,23,0.1456013038698234
238220,0.21355463188739243,4,0.12253350733823497,1,-0.09102112454915748,23,0.38544778266207785,23,Construction,0.09703555088122465,4,0.03733853247093623,1,-0.05969701841028842,23,0.17414056232882313
512191,0.21342966399507268,4,0.1363174853799321,1,-0.0771121786151406,23,0.38522222634155745,51,Information,0.0969105829889049,4,0.05112251051263336,1,-0.045788072476271535,23,0.17391629422456673
459130,0.21325258917584994,4,0.12105792414652594,1,-0.09219466502932398,23,0.3849026214899489,45,Retail trade - specialty,0.09673350816968213,4,0.0358629492792272,1,-0.06087055889045492,23,0.17359851472711765
531210,0.21318930777364226,4,0.14213456997104598,3,-0.07105473780259626,23,0.38478840398996245,53,Real estate,0.08703404898766487,4,0.05693959510374724,2,-0.03009445388391763,23,0.15619180903108426
424610,0.21315862788124534,4,0.12732483984718385,3,-0.08583378803406151,23,0.3847330294172258,42,Wholesale trade,0.08597756488585415,4,0.04212986497988511,2,-0.04384769990596904,23,0.15429583653533396
541618,0.2130293844700057,4,0.13604491136155933,3,-0.07698447310844635,23,0.3844997561519928,54,Professional & technical services,0.07969655415865115,4,0.05084993649426059,3,-0.02884661766439057,23,0.14302389826018233
488390,0.21297056343274207,4,0.12824203982912158,3,-0.0847285236036205,23,0.3843935892279286,48,Transportation,0.08842485577088766,4,0.04304706496182284,1,-0.045377790809064816,23,0.1586877589496622
335910,0.2129601947921521,4,0.13308043926406346,1,-0.07987975552808867,23,0.3843748747215313,33,Manufacturing - metals/machinery,0.09644111378598433,4,0.04788546439676472,1,-0.04855564938921961,23,0.1730737820705138
333112,0.21288830243219029,4,0.13531248609015623,1,-0.07757581634203406,23,0.38424511518181675,33,Manufacturing - metals/machinery,0.09636922142602249,4,0.050117511222857486,1,-0.046251710203165,23,0.17294476362441638
332439,0.21273528314337198,4,0.13372125740827157,1,-0.0790140257351004,23,0.3839689284980709,33,Manufacturing - metals/machinery,0.09621620213720417,4,0.048526282540972826,1,-0.04768991959623134,23,0.17267015432133123
561492,0.21259013752572614,4,0.12923737432938856,1,-0.08335276319633757,23,0.38370695311504943,56,Administrative & waste services,0.09607105651955833,4,0.04404239946208982,1,-0.05202865705746851,23,0.17240967515419228
325211,0.21253272818912403,4,0.12247453420866745,3,-0.09005819398045657,23,0.3836033341895229,32,Manufacturing - paper/chemicals,0.08218781083530052,1,0.04026747229889972,3,-0.04192033853640079,23,0.14749472193910573
333242,0.21237900404263435,4,0.12422269414567162,3,-0.08815630989696273,23,0.3833258752981732,33,Manufacturing - metals/machinery,0.09478841520924138,1,0.049576686921018784,2,-0.04521172828822259,23,0.17010783962055187
339993,0.21205782482684665,4,0.13226380079807135,1,-0.07979402402877529,23,0.3827461743782335,33,Manufacturing - metals/machinery,0.09553874382067884,4,0.047068825930772606,1,-0.04846991788990623,23,0.1714543836978567
333996,0.21176575571964823,1,0.13701432944840725,2,-0.07475142627124098,23,0.38221901470598113,33,Manufacturing - metals/machinery,0.2779770604871861,1,0.1683384355872763,4,-0.10963862489990983,23,0.4988592447628195
332613,0.21170556914494842,4,0.13733339383394041,1,-0.07437217531100802,23,0.3821103831040391,33,Manufacturing - metals/machinery,0.09518648813878064,4,0.052138418966641675,1,-0.043048069172138964,23,0.1708222236083617
115310,0.21088553406199248,4,0.14528725674225712,3,-0.06559827731973536,23,0.38063029015715727,11,"Agriculture, forestry, fishing",0.10152309362617386,4,0.06009228187495838,2,-0.04143081175121548,23,0.1821939325625494
517111,0.21061490449919984,1,0.12598254343217172,2,-0.08463236106702811,23,0.3801418270225518,51,Information,0.2826071095042846,1,0.1573066495710408,4,-0.1253004599332438,23,0.5071683575789507
561910,0.21010707758791597,4,0.12453458040148684,1,-0.08557249718642913,23,0.3792252430309027,56,Administrative & waste services,0.09358799658174817,4,0.039339605534188096,1,-0.054248391047560074,23,0.1679535613903233
522390,0.21009214358390388,1,0.11971916265789846,2,-0.09037298092600542,23,0.3791982884353416,52,Finance & insurance,0.23737675670049238,1,0.15104326879676752,4,-0.08633348790372486,23,0.4259977041426189
325612,0.2095000102894942,4,0.14736085491075104,3,-0.06213915537874314,23,0.3781295386575753,32,Manufacturing - paper/chemicals,0.08970590405948123,4,0.062165880043452304,1,-0.027540024016028918,23,0.16098673563727972
335932,0.20790347775671714,4,0.13312343103913765,3,-0.07478004671757948,23,0.37524793445509064,33,Manufacturing - metals/machinery,0.07457064744536263,4,0.04792845617183891,3,-0.026642191273523706,23,0.1338249163469476
484210,0.20781948962675223,4,0.10793416715915675,1,-0.09988532246759547,23,0.37509634308861545,48,Transportation,0.10410974697719041,2,0.03554853064846399,1,-0.06856121632872642,24,0.18683595566650557
332321,0.20765719629935897,4,0.12768908031848406,1,-0.07996811598087492,23,0.3748034175611674,33,Manufacturing - metals/machinery,0.09113811529319117,4,0.042494105451185316,1,-0.048644009842005856,23,0.16355699022280984
561920,0.2074311052980854,4,0.12074733164241704,3,-0.08668377365566837,23,0.3743953427076719,56,Administrative & waste services,0.07409827498673088,4,0.035552356775118296,3,-0.038545918211612594,23,0.1329771939933592
459310,0.20739378103914757,4,0.12183565461931475,1,-0.08555812641983283,23,0.3743279756235682,45,Retail trade - specialty,0.09087470003297979,4,0.036640679752016014,1,-0.054234020280963774,23,0.1630842636692671
492210,0.20724926760753554,4,0.10850277710310473,1,-0.09874649050443081,23,0.3740671412820816,49,Warehousing & couriers,0.09164803157273628,2,0.024225647207174534,1,-0.06742238436556175,24,0.16447208893512918
722310,0.20718391775775286,4,0.12958890448103746,3,-0.07759501327671538,23,0.3739491904117427,72,Accommodation & food services,0.08326466956046805,4,0.044393929613738725,1,-0.03887073994672932,23,0.14942725885208633
327910,0.20707772310336642,4,0.13050791254999677,3,-0.07656981055336963,23,0.37375751817451675,32,Manufacturing - paper/chemicals,0.07374489279201188,4,0.045312937682698035,3,-0.02843195510931385,23,0.13234301225742318
512110,0.20706980541815934,4,0.13623164269597757,3,-0.07083816272218176,23,0.3737432274322373,51,Information,0.08667634069274746,4,0.05103666782867883,1,-0.03563967286406863,23,0.15554986365064477
333921,0.20684038545437045,4,0.13914830161096012,3,-0.06769208384341031,23,0.37332914408710305,33,Manufacturing - metals/machinery,0.0770525290510962,4,0.05395332674366138,2,-0.023099202307434827,23,0.1382789154692387
221117,0.20678646178275967,1,0.11143397200162544,2,-0.09535248978113424,23,0.37323181648773573,22,Utilities,0.2498954143859337,1,0.14275807814049452,4,-0.10713733624543918,23,0.448463759821668
311512,0.20654786800911193,4,0.12757894660184718,1,-0.07896892140726475,23,0.37280117520313,31,Manufacturing - food/textiles,0.09002878700294413,4,0.04238397173454844,1,-0.04764481526839569,23,0.1615661832400438
722330,0.20617896116082646,2,0.12391043800725875,3,-0.08226852315356772,24,0.37213533000265936,72,Accommodation & food services,0.21678540925995388,2,0.12930093411275392,4,-0.08748447514719994,24,0.3890443526148608
335210,0.20611348546830893,4,0.12072157251553016,3,-0.08539191295277877,23,0.3720171519969842,33,Manufacturing - metals/machinery,0.07278065515695442,4,0.03552659764823142,3,-0.037254057508722994,23,0.13061258580585336
311930,0.20603030022322413,4,0.0994062853266097,3,-0.10662401489661444,23,0.37186700976881165,31,Manufacturing - food/textiles,0.19009575556050265,1,0.11729151414570377,2,-0.07280424141479888,23,0.3411469453102635
321215,0.20597722205427893,4,0.11065345755230228,1,-0.09532376450197663,23,0.37177120822919213,32,Manufacturing - paper/chemicals,0.08945814104811112,4,0.025458482685003544,1,-0.06399965836310757,23,0.16054209870027625
333517,0.2059760062719904,4,0.14106096224554088,1,-0.06491504402644951,23,0.3717690138465034,33,Manufacturing - metals/machinery,0.08945692526582259,4,0.05586598737824214,1,-0.033590937887580455,23,0.16053991685033084
327390,0.20593721342326032,4,0.11468168544661393,1,-0.0912555279766464,23,0.3716989960838635,32,Manufacturing - paper/chemicals,0.08941813241709254,4,0.029486710579315192,1,-0.059931421837777346,23,0.16047029897903686
325314,0.20574216106639065,4,0.10620311703987328,3,-0.09953904402651738,23,0.371346943319688,32,Manufacturing - paper/chemicals,0.08320023214230517,1,0.031799043559843566,3,-0.0514011885824616,23,0.14931161908777316
423990,0.20522189756055245,4,0.13827780892318933,1,-0.06694408863736312,23,0.37040791234221393,42,Wholesale trade,0.08870281655438465,4,0.05308283405589059,1,-0.03561998249849406,23,0.15918658898364402
113210,0.20498879010651147,2,0.1060040776883406,1,-0.09898471241817088,24,0.36998717339364606,11,"Agriculture, forestry, fishing",0.1790551800731376,2,0.11139457379383577,1,-0.06766060627930182,24,0.3213334645154059
513191,0.2045200979861675,4,0.11890724678945581,3,-0.08561285119671169,23,0.3691412243409792,51,Information,0.07118726767481298,4,0.033712271922157075,3,-0.037474995752655914,23,0.12775308339021338
326211,0.20412166123560105,1,0.129344017948697,2,-0.07477764328690405,23,0.36842208020123557,32,Manufacturing - paper/chemicals,0.2901835830307728,1,0.16066812408756603,4,-0.12951545894320676,23,0.5207651409061982
541860,0.2039509950450318,4,0.1338133737959571,1,-0.07013762124907472,23,0.3681140423743389,54,Professional & technical services,0.08743191403886401,4,0.04861839892865835,1,-0.03881351511020566,23,0.15690581995921937
487110,0.20369454329361258,2,0.11951639122485862,1,-0.08417815206875395,24,0.3676511689724805,48,Transportation,0.2290769835964745,2,0.1249068873303538,4,-0.10417009626612068,24,0.41110288319906124
321918,0.2035909939132426,4,0.12173380921054401,1,-0.0818571847026986,23,0.36746427122782893,32,Manufacturing - paper/chemicals,0.0870719129070748,4,0.03653883434324527,1,-0.050533078563829534,23,0.15625975984043342
111910,0.20346400483345234,2,0.1044493734375209,1,-0.09901463139593142,24,0.36723506683738866,11,"Agriculture, forestry, fishing",0.17753039480007843,2,0.10983986954301608,1,-0.06769052525706236,24,0.31859707602201504
311811,0.20307548130990555,4,0.107298333425674,1,-0.09577714788423153,23,0.36653381522163286,31,Manufacturing - food/textiles,0.09564428800634162,2,0.03119124626097914,1,-0.06445304174536247,24,0.1716437939055068
221115,0.20224045602369106,1,0.129631866756561,3,-0.07260858926713006,23,0.36502666624437324,22,Utilities,0.2812088580853826,1,0.16095597289543007,4,-0.12025288518995253,23,0.5046590474740109
334513,0.20202788828118817,4,0.14391520830746976,3,-0.058112679973718405,23,0.36464299971235237,33,Manufacturing - metals/machinery,0.08590975050953546,4,0.05872023344017102,2,-0.027189517069364438,23,0.15417413646233114
423710,0.20173771673782442,4,0.13768851920928118,3,-0.06404919752854325,23,0.36411926497996705,42,Wholesale trade,0.07981636662606315,4,0.052493544341982445,1,-0.027322822284080693,23,0.14323891440900252
212290,0.20156764804911392,4,0.10806334550604785,3,-0.09350430254306608,23,0.3638123055926461,21,"Mining, quarrying, oil & gas",0.08532905619972236,1,0.03996260910071206,3,-0.0453664470990103,23,0.15313201908644508
333248,0.20115197573105895,4,0.12936110995717434,3,-0.0717908657738846,23,0.36306205273279346,33,Manufacturing - metals/machinery,0.06829949861724821,4,0.0441661350898756,1,-0.024133363527372616,23,0.12257067629309032
111336,0.20112972776760954,2,0.11945094335073113,4,-0.08167878441687841,24,0.36302189706815374,11,"Agriculture, forestry, fishing",0.2917151987404034,2,0.1248414394562263,4,-0.16687375928417714,24,0.5235137873406704
486110,0.20111186545530485,1,0.13094318552927026,3,-0.07016867992603461,23,0.36298965712744063,48,Transportation,0.2647454929807692,1,0.1622672916681393,4,-0.10247820131262994,23,0.4751137969848232
524127,0.20099180552066098,1,0.11212063988420533,2,-0.08887116563645564,23,0.3627729592493097,52,Finance & insurance,0.24077217544104612,1,0.1434447460230744,4,-0.09732742941797172,23,0.43209114230473744
334515,0.20068231916337226,4,0.12068265112755414,3,-0.07999966803581814,23,0.3622143629354447,33,Manufacturing - metals/machinery,0.06734948885201775,4,0.035487676260255396,3,-0.03186181259176236,23,0.12086578325922065
334416,0.20063985072389284,4,0.12791587339656385,1,-0.072723977327329,23,0.3621377110469523,33,Manufacturing - metals/machinery,0.08412076971772506,4,0.04272089852926511,1,-0.04139987118845995,23,0.15096362115889705
325180,0.2005002222168883,1,0.12274378031965005,2,-0.07775644189723822,23,0.3618856935751435,32,Manufacturing - paper/chemicals,0.24499922305825977,1,0.1540678864585191,4,-0.09093133659974066,23,0.4396770264715962
112111,0.20040303421699324,4,0.11902386329384798,1,-0.08137917092314527,23,0.3617102775762966,11,"Agriculture, forestry, fishing",0.08906055518580394,2,0.03900549040152774,1,-0.05005506478427621,24,0.1598285888061457
111211,0.200339142268995,2,0.1080747954517413,1,-0.09226434681725369,24,0.3615949580935571,11,"Agriculture, forestry, fishing",0.17933227405779745,2,0.11346529155723648,4,-0.06586698250056097,24,0.32183073898716796
212319,0.20011029435268146,4,0.09103320335365563,1,-0.10907709099902582,23,0.361181907245021,21,"Mining, quarrying, oil & gas",0.1180740893547267,2,0.04032110449456994,1,-0.07775298486015676,24,0.21189644547763625
541360,0.20003724123759106,4,0.12766458204112324,1,-0.07237265919646782,23,0.3610500526419188,54,Professional & technical services,0.08351816023142326,4,0.0424696071738245,1,-0.04104855305759876,23,0.1498821746801964
484110,0.199779425053918,4,0.1022134821145241,1,-0.09756594293939387,23,0.3605847165569418,48,Transportation,0.09278432233236011,3,0.026542485531835306,1,-0.06624183680052481,24,0.16651128292179646
485510,0.1996497367043494,4,0.08292417438111359,1,-0.11672556232323582,23,0.360350640216211,48,Transportation,0.16866324852197317,2,0.08326179233760642,1,-0.08540145618436676,24,0.3026840438899951
524298,0.19960105526140304,1,0.11394199073125975,2,-0.08565906453014328,23,0.36026277438967924,52,Finance & insurance,0.22553466529477692,1,0.1452660968701288,2,-0.0802685684246481,23,0.40474581823263095
811420,0.19908346508660602,4,0.10910852686592647,1,-0.08997493822067955,23,0.35932856854530126,81,Other services,0.08256438408043822,4,0.023913551998627727,1,-0.05865083208181049,23,0.14817052246860998
114210,0.1989296586103484,4,0.12399192576788398,1,-0.07493773284246441,23,0.35905096105578627,11,"Agriculture, forestry, fishing",0.0824105776041806,4,0.03879695090058524,1,-0.04361362670359535,23,0.14789450047438127
331513,0.1985228081950044,4,0.11395265176795374,1,-0.08457015642705067,23,0.35831663097320493,33,Manufacturing - metals/machinery,0.08200372718883661,4,0.028757676900655005,1,-0.05324605028818161,23,0.14716436435964494
561431,0.19793849907116845,4,0.11446607615118119,1,-0.08347242291998727,23,0.35726200315183065,56,Administrative & waste services,0.08141941806500066,4,0.029271101283882453,1,-0.05214831678111821,23,0.14611575981755087
441227,0.1977029802744434,4,0.0778877091138012,1,-0.11981527116064221,23,0.35683691193666667,44,Retail trade - general,0.15779439206381346,2,0.06930322704204032,1,-0.08849116502177315,24,0.28317873106076263
423390,0.19764100901165452,4,0.1335570276155659,1,-0.06408398139608862,23,0.3567250591258911,42,Wholesale trade,0.08112192800548672,4,0.04836205274826716,1,-0.03275987525721956,23,0.14558188243157708
541191,0.19760513386311973,4,0.12370309609956459,1,-0.07390203776355513,23,0.3566603075616979,54,Professional & technical services,0.08108605285695192,4,0.03850812123226585,1,-0.042577931624686066,23,0.1455175006819735
334418,0.1975191361341865,4,0.12506612473919623,1,-0.07245301139499027,23,0.35650508904155476,33,Manufacturing - metals/machinery,0.08100005512801871,4,0.03987114987189749,1,-0.041128905256121215,23,0.14536316865892185
333998,0.1967679497053325,4,0.13436325196161067,3,-0.06240469774372185,23,0.3551492620065303,33,Manufacturing - metals/machinery,0.06878607651624871,4,0.04916827709431193,1,-0.01961779942193679,23,0.12344389181234307
424350,0.19646784087865177,4,0.13041053009332607,3,-0.06605731078532569,23,0.35460759133060504,42,Wholesale trade,0.06313501056729723,4,0.045215555226027326,3,-0.01791945534126991,23,0.11330245608934471
541810,0.1961724439943761,4,0.12053242944583407,3,-0.07564001454854202,23,0.3540744253063281,54,Professional & technical services,0.06283961368302157,4,0.035337454578535335,3,-0.027502159104486244,23,0.11277233512779207
458310,0.19613721644445406,4,0.12261846574441959,1,-0.07351875070003447,23,0.35401084260205207,45,Retail trade - specialty,0.07961813543828626,4,0.03742349087712085,1,-0.04219464456116541,23,0.1428831675698587
444140,0.19606791227162906,4,0.11382445533989047,1,-0.0822434569317386,23,0.3538857545179935,44,Retail trade - general,0.07954883126546126,4,0.02862948047259173,1,-0.050919350792869536,23,0.14275879389940618
336214,0.19601710131352235,4,0.10739646153644372,1,-0.08862063977707861,23,0.35379404509935863,33,Manufacturing - metals/machinery,0.10366542659736872,2,0.046368892959159164,1,-0.05729653363820955,24,0.18603857573622604
335139,0.19587256033531997,4,0.11294814812021153,3,-0.08292441221510842,23,0.3535331610386407,33,Manufacturing - metals/machinery,0.08080850899081903,2,0.043993691064366444,1,-0.03681481792645258,24,0.14501941885031103
332721,0.19582805251937813,4,0.12360978534143274,1,-0.0722182671779454,23,0.353452828250659,33,Manufacturing - metals/machinery,0.07930897151321034,4,0.038414810474134004,1,-0.04089416103907634,23,0.14232834019704965
424910,0.19568060253445324,4,0.08542111808121355,3,-0.11025948445323967,23,0.3531866936824665,42,Wholesale trade,0.11844719645916296,1,0.05632556744997906,3,-0.062121629009183894,23,0.21256602565093727
541612,0.1956355984541428,4,0.12656865653439336,2,-0.06906694191974945,23,0.35310546517989044,54,Professional & technical services,0.1050501274813489,4,0.041373681667094625,2,-0.06367644581425427,23,0.18852356797261455
333241,0.19560985547113857,4,0.1235317106484218,3,-0.07207814482271675,23,0.35305900130490725,33,Manufacturing - metals/machinery,0.06227702515978404,4,0.038336735781123066,3,-0.023940289378660974,23,0.1117627105014915
711110,0.19514339791380558,4,0.11252924616593518,3,-0.08261415174787042,23,0.35221708544669833,71,"Arts, entertainment & recreation",0.06982564254192504,2,0.0353493462381104,3,-0.03447629630381464,24,0.12530950303055322
237130,0.1947207462169886,4,0.11442812634253376,1,-0.08029261987445482,23,0.3514542354071713,23,Construction,0.07820166521082078,4,0.029233151475235017,1,-0.048968513735585764,23,0.14034116188541834
333131,0.19455007352745293,4,0.12794104496927597,3,-0.06660902855817696,23,0.3511461858501981,33,Manufacturing - metals/machinery,0.07636075672920742,4,0.04274607010197723,1,-0.03361468662723019,23,0.1370374568487308
486990,0.1944140706147604,1,0.1311963275801364,2,-0.06321774303462399,23,0.35090071226496317,48,Transportation,0.2658553161116045,1,0.16252043371900549,4,-0.10333488239259901,23,0.47710549201137853
334412,0.19406409509589534,4,0.12954823924233153,3,-0.06451585585356383,23,0.3502690364893533,33,Manufacturing - metals/machinery,0.07367852658687732,4,0.044353264375032786,1,-0.029325262211844526,23,0.13222391108082546
332812,0.19377691747732556,4,0.12459313703043416,1,-0.06918378044689139,23,0.34975070553427356,33,Manufacturing - metals/machinery,0.07725783647115775,4,0.03939816216313542,1,-0.037859674308022326,23,0.13864736135587627
423720,0.1937330100671666,4,0.12457230920408202,2,-0.06916070086308458,23,0.3496714564272013,42,Wholesale trade,0.1070111271042834,1,0.043240922346693994,2,-0.0637702047575894,23,0.1920427892679357
811490,0.1929298099983069,4,0.09703665294452145,1,-0.09589315705378545,23,0.34822174923593213,81,Other services,0.11192974012464638,2,0.04736068920972998,1,-0.0645690509149164,24,0.20086976071773255
561210,0.19270467453909085,4,0.1304613721359213,1,-0.06224330240316955,23,0.34781539905384296,56,Administrative & waste services,0.07618559353292303,4,0.045266397268622555,1,-0.030919196264300487,23,0.13672310796089263
531390,0.19260368951002366,4,0.10109379663199208,3,-0.09150989287803156,23,0.3476331297432127,53,Real estate,0.13853663968339958,1,0.08284660064278919,2,-0.05569003904061038,23,0.2486186569615349
335931,0.19259656794352542,4,0.123205136590598,3,-0.06939143135292741,23,0.34762027592687744,33,Manufacturing - metals/machinery,0.06448559818505313,4,0.038010161723299254,2,-0.026475436461753873,23,0.11572622846034143
334118,0.1925224246996152,4,0.118293202960583,3,-0.0742292217390322,23,0.3474864537348135,33,Manufacturing - metals/machinery,0.05918959438826068,4,0.03309822809328426,3,-0.026091366294976416,23,0.10622198933464316
562119,0.1923373822746064,4,0.09842716500302373,1,-0.09391021727158265,23,0.34715246803856475,56,Administrative & waste services,0.08701223208813039,2,0.024426120955416797,1,-0.06258611113271359,24,0.15615265629666164
334413,0.19233445411382982,1,0.10775192194745731,2,-0.0845825321663725,23,0.34714718295966657,33,Manufacturing - metals/machinery,0.21826806414720368,1,0.13907602808632635,2,-0.07919203606087732,23,0.3917051336735606
332722,0.19231051009613137,4,0.12797279601775283,3,-0.06433771407837856,23,0.34710396606266775,33,Manufacturing - metals/machinery,0.0723926620547247,4,0.04277782115045409,1,-0.029614840904270613,23,0.12991629113458703
332420,0.19229631078245482,4,0.12522778333127793,1,-0.06706852745117689,23,0.34707833752010897,33,Manufacturing - metals/machinery,0.07577722977628702,4,0.04003280846397919,1,-0.03574442131230783,23,0.13599025599509765
221114,0.19228712521378982,1,0.07980799876708568,3,-0.11247912644670416,23,0.34706175835700154,22,Utilities,0.17547337590860312,1,0.11113210490595474,3,-0.06434127100264839,23,0.31490553799054666
326140,0.19193612923338463,4,0.13125558419367467,3,-0.06068054503970997,23,0.3464282407358908,32,Manufacturing - paper/chemicals,0.06775756209747044,4,0.04606060932637593,1,-0.02169695277109452,23,0.12159811387196136
423740,0.19123171603589428,4,0.12666756706482615,3,-0.06456414897106813,23,0.3451568353692597,42,Wholesale trade,0.07442567731455801,4,0.041472592197527414,1,-0.0329530851170306,23,0.13356475210951158
327999,0.19111632103704157,4,0.10319349068753338,1,-0.08792283034950818,23,0.34494855729987306,32,Manufacturing - paper/chemicals,0.08549579337893355,2,0.028897069168294435,1,-0.05659872421063912,24,0.15343124659518048
423510,0.19111190115251803,4,0.12429679415620208,3,-0.06681510699631593,23,0.34494057978763576,42,Wholesale trade,0.08918085698159955,4,0.03910181928890334,2,-0.05007903769269621,23,0.1600444831065208
457210,0.19078521987729008,4,0.1385469258693674,3,-0.05223829400792268,23,0.34435094812260947,45,Retail trade - specialty,0.08717891277760446,4,0.05335195100206866,2,-0.033826961775535805,23,0.15645178242858723
562213,0.19068965609415983,1,0.1161779805817566,2,-0.07451167551240322,23,0.34417846369562793,56,Administrative & waste services,0.2536628269101961,1,0.14750208672062565,4,-0.10616074018957046,23,0.45522478018525353
112330,0.19058373559815966,4,0.12369840656287144,1,-0.06688532903528822,23,0.34398728629076014,11,"Agriculture, forestry, fishing",0.07406465459199187,4,0.0385034316955727,1,-0.035561222896419165,23,0.13291685863799302
325315,0.19052678643387927,4,0.10090628838953011,3,-0.08962049804434917,23,0.34388449793678094,32,Manufacturing - paper/chemicals,0.09969528973122532,2,0.058212647130931924,3,-0.04148264260029339,24,0.1789137450930852
333993,0.19049413071301471,4,0.121624730785477,3,-0.06886939992753771,23,0.34382555716323165,33,Manufacturing - metals/machinery,0.05946337510279568,4,0.036429755918178264,1,-0.023033619184617417,23,0.10671331779262523
111998,0.1903015591793773,4,0.09251001359768043,1,-0.09779154558169685,23,0.3434779820720788,11,"Agriculture, forestry, fishing",0.14490511390728916,2,0.07843767446446137,1,-0.06646743944282779,24,0.2600475577350485
332216,0.19021808548531324,4,0.11866239633581213,3,-0.07155568914950111,23,0.34332731921825427,33,Manufacturing - metals/machinery,0.056885255173958725,4,0.03346742146851339,3,-0.023417833705445333,23,0.10208660881759862
561622,0.19015956187242267,4,0.11386579363983705,1,-0.07629376823258562,23,0.34322168911965756,56,Administrative & waste services,0.07364048086625487,4,0.028670818772538312,1,-0.044969662093716556,23,0.13215563400996605
321113,0.18983492646321834,4,0.1149519445224934,1,-0.07488298194072494,23,0.34263575006722163,32,Manufacturing - paper/chemicals,0.07331584545705054,4,0.029756969655194657,1,-0.043558875801855884,23,0.13157304142201973
332119,0.18962379956821643,4,0.11845881261178062,1,-0.0711649869564358,23,0.34225468414128224,33,Manufacturing - metals/machinery,0.07310471856204863,4,0.03326383774448188,1,-0.039840880817566746,23,0.13119415187190656
115115,0.18933792669758215,2,0.11675742599367411,1,-0.07258050070390804,24,0.34173870814424867,11,"Agriculture, forestry, fishing",0.21005126997506268,2,0.12214792209916929,4,-0.0879033478758934,24,0.37695922720235103
541910,0.18931337745787435,4,0.11220979734198228,3,-0.07710358011589206,23,0.34169439887346503,54,Professional & technical services,0.06139159572217613,1,0.032425871050339845,3,-0.028965724671836286,23,0.11017371369808006
337126,0.1891894715015089,4,0.12452629064164272,1,-0.06466318085986617,23,0.3414707592562036,33,Manufacturing - metals/machinery,0.07267039049534109,4,0.03933131577434398,1,-0.033339074720997106,23,0.13041470420468795
332410,0.18895974678169422,4,0.11652667970894554,1,-0.07243306707274869,23,0.3410561258525979,33,Manufacturing - metals/machinery,0.07244066577552642,4,0.031331704841646796,1,-0.041108960933879626,23,0.13000243889031546
423320,0.18886784397033157,4,0.11557102091921574,1,-0.07329682305111583,23,0.3408902491654614,42,Wholesale trade,0.07234876296416377,4,0.030376046051917002,1,-0.04197271691224677,23,0.12983750957209186
423730,0.18885391374686816,4,0.11215565457411021,2,-0.07669825917275797,23,0.3408651063076432,42,Wholesale trade,0.13340810301337142,1,0.06210033994610861,2,-0.07130776306726279,23,0.2394149553126839
315250,0.18870247624233438,4,0.12231274789408801,3,-0.06638972834824636,23,0.3405917746087775,31,Manufacturing - food/textiles,0.05536964593097985,4,0.03711777302678927,3,-0.01825187290419058,23,0.09936668768100237
531190,0.18839649977871759,1,0.0933906648563897,3,-0.09500583492232789,23,0.34003951335176075,53,Real estate,0.1757051445167212,1,0.12471477099525875,2,-0.05099037352146246,23,0.3153214712787212
324122,0.18839367752128433,1,0.1064373754972275,2,-0.08195630202405685,23,0.3400344194193083,32,Manufacturing - paper/chemicals,0.2372130175248102,1,0.13776148163609656,4,-0.09945153588871364,23,0.4257038568684023
423310,0.18827763784162477,4,0.12231172000905913,3,-0.06596591783256565,23,0.33982497775639375,42,Wholesale trade,0.059973279622327166,4,0.03711674514176039,2,-0.022856534480566775,23,0.10762839540035593
339994,0.18817896203804196,4,0.11176451970131814,3,-0.07641444233672384,23,0.3396468763995782,33,Manufacturing - metals/machinery,0.05484613172668746,4,0.026569544834019396,3,-0.028276586892668064,23,0.09842718605407605
326191,0.18780143936656668,4,0.11137956433083118,1,-0.0764218750357355,23,0.33896548037768554,32,Manufacturing - paper/chemicals,0.07128235836039888,4,0.026184589463532443,1,-0.04509776889686644,23,0.12792373368600476
424720,0.18741100851096243,1,0.09950802589179736,2,-0.08790298261916507,23,0.338260786191259,42,Wholesale trade,0.21334461854433628,1,0.1308321320306664,2,-0.0825124865136699,23,0.38286948964317674
541870,0.18703454499451094,4,0.11582786030127995,1,-0.071206684693231,23,0.33758130185328444,54,Professional & technical services,0.07051546398834316,4,0.03063288543398121,1,-0.03988257855436195,23,0.12654746059862818
327110,0.18693062551261483,4,0.11839520495107328,3,-0.06853542056154155,23,0.33739373610714146,32,Manufacturing - paper/chemicals,0.06352948971259376,4,0.03320023008377454,1,-0.03032925962881921,23,0.11401039065111183
423850,0.18625667421895659,4,0.11982581742682387,1,-0.06643085679213273,23,0.336177311862596,42,Wholesale trade,0.0697375932127888,4,0.03463084255952513,1,-0.03510675065326367,23,0.1251514891938798
311612,0.1861752804117106,4,0.1086270102115059,1,-0.0775482702002047,23,0.33603040302597603,31,Manufacturing - food/textiles,0.06965619940554281,4,0.023432035344207167,1,-0.04622416406133564,23,0.12500541939538656
331210,0.18591302041494534,4,0.11295702448182066,3,-0.07295599593312468,23,0.33555704623974886,33,Manufacturing - metals/machinery,0.05258019010359082,4,0.027762049614521916,3,-0.024818140489068906,23,0.09436071407687945
311813,0.1854753016580445,4,0.08613098135016924,2,-0.09934432030787525,23,0.3347670014498705,31,Manufacturing - food/textiles,0.17027185977433032,3,0.07631803557195024,2,-0.09395382420238008,24,0.30557086697194813
423910,0.18543522672655802,4,0.10743491202991642,3,-0.07800031469664159,23,0.3346946696378874,42,Wholesale trade,0.0521023964152035,4,0.022239937162617684,3,-0.029862459252585814,23,0.0935032627529335
311942,0.1852283162990305,4,0.12941268274759576,3,-0.05581563355143473,23,0.33432121407386944,31,Manufacturing - food/textiles,0.0634022443670005,4,0.044217707880297025,1,-0.01918453648670347,23,0.11378203541600364
332911,0.18517116447586293,4,0.11909250605426115,3,-0.06607865842160178,23,0.33421805993799175,33,Manufacturing - metals/machinery,0.051838334164508414,4,0.03389753118696241,3,-0.017940802977546,23,0.09302937510651674
333991,0.18441781046082706,4,0.10719454994549524,3,-0.0772232605153318,23,0.33285832059593773,33,Manufacturing - metals/machinery,0.05108498014947253,4,0.0219995750781965,3,-0.02908540507127603,23,0.0916774016223696
111120,0.18426296979283666,2,0.09105772241720016,3,-0.0932052473756365,24,0.3325788464791024,11,"Agriculture, forestry, fishing",0.15257984471844965,2,0.09644821852269533,4,-0.05613162619575432,24,0.2738206741551711
441110,0.18409328287810064,4,0.091593988068491,1,-0.09249929480960964,23,0.3322725761610404,44,Retail trade - general,0.09410729244107369,3,0.03293210377033311,1,-0.06117518867074058,24,0.16888549275090953
221330,0.18369459281369144,1,0.11291438333601755,2,-0.07078020947767387,23,0.33155297481155077,22,Utilities,0.23179894568490012,1,0.1442384894748866,4,-0.08756045621001352,23,0.4159877321478385
339991,0.18347854172106454,4,0.12063654118401246,3,-0.06284200053705208,23,0.3311630211315076,33,Manufacturing - metals/machinery,0.06657016602740604,4,0.03544156631671372,1,-0.031128599710692317,23,0.11946720599881341
512120,0.18332160282057453,4,0.10799348481688478,3,-0.07532811800368974,23,0.33087975988508705,51,Information,0.10713333829949132,1,0.058452915224537466,2,-0.048680423074953856,23,0.1922621101875689
423460,0.18312135349625314,4,0.11566387355873026,3,-0.0674574799375229,23,0.3305183270406805,42,Wholesale trade,0.04978852318489863,4,0.030468898691431517,3,-0.019319624493467115,23,0.08935077243548156
339999,0.18302125036426375,4,0.11382898803868277,1,-0.06919226232558098,23,0.3303376494785886,33,Manufacturing - metals/machinery,0.06785297931567313,2,0.029984823128961217,1,-0.037868156186711924,24,0.12176935016508045
332813,0.18289857422976827,4,0.12470486747860558,1,-0.058193706751162685,23,0.33011622958425557,33,Manufacturing - metals/machinery,0.06637949322360047,4,0.03950989261130684,1,-0.026869600612293626,23,0.1191250234793762
212210,0.1827339422073098,1,0.08525227026877888,2,-0.09748167193853091,23,0.3298190829129286,21,"Mining, quarrying, oil & gas",0.28791583759585265,3,0.12721854786476747,4,-0.16069728973108519,24,0.5166954317978426
512250,0.18262968328579698,4,0.0899253260297343,3,-0.09270435725606267,23,0.32963090450740923,51,Information,0.0995050281215678,2,0.05493852630956091,3,-0.044566501812006894,24,0.17857230050505063
483114,0.18232587877312684,1,0.0937337270950505,4,-0.08859215167807635,23,0.3290825634354479,48,Transportation,0.29884495977929465,1,0.12505783323391956,4,-0.1737871265453751,23,0.5363088978471527
333923,0.18206123958367268,4,0.1171729884294993,1,-0.06488825115417338,23,0.3286049124106067,33,Manufacturing - metals/machinery,0.06554215857750488,4,0.03197801356220056,1,-0.03356414501530432,23,0.11762233786771853
332111,0.181893975498941,4,0.11827029780924281,1,-0.0636236776896982,23,0.32830301509276805,33,Manufacturing - metals/machinery,0.06537489449277321,4,0.03307532294194407,1,-0.032299571550829145,23,0.11732216477128049
532284,0.18144298547147666,2,0.10407771179782548,3,-0.07736527367365119,24,0.3274890167985025,53,Real estate,0.2717575635006859,2,0.10946820790332065,4,-0.16228935559736524,24,0.4876976994034565
459999,0.18128964579619894,4,0.10808510009886754,3,-0.07320454569733138,23,0.32721225184469394,45,Retail trade - specialty,0.0820733622473581,2,0.04245924032988016,1,-0.03961412191747794,24,0.14728933183948723
611699,0.18115561665053198,4,0.10832804304847092,3,-0.07282757360206105,23,0.3269703407395456,61,Educational services,0.04782278633917745,4,0.02313306818117218,3,-0.024689718158005268,23,0.08582304969267589
321912,0.18094471098041753,4,0.10930258464156327,1,-0.07164212633885426,23,0.3265896741055419,32,Manufacturing - paper/chemicals,0.06442562997424973,4,0.02410760977426453,1,-0.040318020199985205,23,0.11561860916147292
237990,0.18081348940771924,4,0.09894538727720054,1,-0.0818681021305187,23,0.32635283042864777,23,Construction,0.08403021543527636,2,0.03348621944362672,1,-0.050543995991649646,24,0.1508011119184827
424590,0.1807172624241627,4,0.09801945947665995,1,-0.08269780294750276,23,0.3261791489818146,42,Wholesale trade,0.07406323225525427,2,0.02268953544662057,1,-0.0513736968086337,24,0.1329143061042355
423440,0.18058762198561792,4,0.1262505219194026,3,-0.05433710006621533,23,0.3259451591163699,42,Wholesale trade,0.06283544738786942,4,0.04105554705210385,1,-0.02177990033576558,23,0.11276485827035132
541613,0.17998443147864177,4,0.11029310899536805,3,-0.06969132248327371,23,0.3248564520188841,54,Professional & technical services,0.04665160116728725,4,0.025098134128069313,3,-0.021553467039217934,23,0.08372123399139973
112990,0.1797868374270903,4,0.11778835538908021,3,-0.06199848203801011,23,0.3244998117139438,11,"Agriculture, forestry, fishing",0.06112960137119466,4,0.03259338052178147,1,-0.028536220849413187,23,0.10970353711648127
115113,0.17961028548497085,2,0.09689860068943644,1,-0.08271168479553441,24,0.3241811506106318,11,"Agriculture, forestry, fishing",0.16999890911410973,2,0.10228909679493162,4,-0.06770981231917811,24,0.30508102813425225
112511,0.1793579674921312,4,0.08862152337743881,1,-0.0907364441146924,23,0.32372573828823803,11,"Agriculture, forestry, fishing",0.1227483195565047,2,0.06333598158068136,1,-0.059412337975823334,24,0.22028484610400384
493130,0.17935763291718693,4,0.09531694169717157,1,-0.08404069122001535,23,0.32372513440917783,49,Warehousing & couriers,0.08658839920347058,3,0.03387181412232429,1,-0.052716585081146294,24,0.15539204334400836
424810,0.1793401201183616,4,0.11183137212243012,1,-0.06750874799593146,23,0.32369352531029866,42,Wholesale trade,0.06282103911219378,4,0.02663639725513138,1,-0.0361846418570624,23,0.112739001095269
459210,0.1791922377924215,4,0.06639198564719508,1,-0.1128002521452264,23,0.3234266104036785,45,Retail trade - specialty,0.15140079691249209,3,0.06992465090613476,1,-0.08147614600635734,24,0.2717047481252015
337122,0.1789181953308916,4,0.10028262052383222,1,-0.07863557480705938,23,0.3229319872797574,33,Manufacturing - metals/machinery,0.0743940570298128,2,0.027082588361622487,1,-0.04731146866819032,24,0.13350800616313913
423810,0.1788372457503966,4,0.11288786915444188,3,-0.06594937659595472,23,0.3227858802342981,42,Wholesale trade,0.04550441543904208,4,0.02769289428714314,3,-0.01781152115189894,23,0.08166248783086376
721310,0.1785290094835802,4,0.12661494512290425,3,-0.051914064360675936,23,0.3222295402264491,72,Accommodation & food services,0.07680720446937578,4,0.04141997025560551,2,-0.03538723421377027,23,0.1378386545522252
336370,0.1784778557412834,4,0.11523294810033625,3,-0.06324490764094715,23,0.32213721211176993,33,Manufacturing - metals/machinery,0.04514502542992888,4,0.030037973233037515,3,-0.015107052196891367,23,0.08101752443637612
336211,0.17826492449420883,4,0.12050737789402335,1,-0.057757546600185485,23,0.32175288948519426,33,Manufacturing - metals/machinery,0.06174584348804104,4,0.035312403026724615,1,-0.026433440461316425,23,0.11080944879301402
485320,0.1781182608449366,4,0.08859407356686155,1,-0.08952418727807505,23,0.3214881741853692,48,Transportation,0.09055017905367424,2,0.03235009791446825,1,-0.058200081139205995,24,0.1625018764378807
336360,0.17811595367006786,4,0.11725863612492779,3,-0.060857317545140066,23,0.3214840099327397,33,Manufacturing - metals/machinery,0.05733421113098773,4,0.03206366125762905,1,-0.02527054987335868,23,0.1028923077816165
221122,0.17762512003975714,1,0.10773676195066559,2,-0.06988835808909155,23,0.32059809735483313,22,Utilities,0.23605003022471,1,0.13906086808953466,4,-0.09698916213517535,23,0.4236167531153806
331410,0.17728200939846275,4,0.11621285326377775,3,-0.06106915613468499,23,0.31997881209407414,33,Manufacturing - metals/machinery,0.05143998927907325,4,0.031017878396479015,2,-0.020422110882594234,23,0.09231450306507907
541199,0.17700291051660685,4,0.11597580881880738,3,-0.06102710169779948,23,0.3194750625654217,54,Professional & technical services,0.04814766493875773,4,0.030780833951508643,2,-0.017366830987249084,23,0.08640607871148116
444180,0.17695836603734644,4,0.1170838137193828,3,-0.059874552317963625,23,0.3193946636032965,44,Retail trade - general,0.04756215378841057,4,0.03188883885208406,2,-0.015673314936326507,23,0.0853553170056394
339992,0.17694372528715518,4,0.1089351636099884,1,-0.06800856167716679,23,0.3193682383057141,33,Manufacturing - metals/machinery,0.060424644280987386,4,0.023740188742689655,1,-0.03668445553829773,23,0.10843841703428944
423220,0.1766615385988995,4,0.1244240017620075,3,-0.05223753683689198,23,0.31885891555151474,42,Wholesale trade,0.05796635291419689,4,0.039229026894708766,1,-0.018737326019488125,23,0.10402675309160739
325992,0.17647776100218981,4,0.1146726761877726,3,-0.06180508481441721,23,0.3185272127617946,32,Manufacturing - paper/chemicals,0.051582596799532025,4,0.029477701320473865,1,-0.02210489547905816,23,0.09257042734828748
335131,0.1764295614347108,4,0.12192098846446203,1,-0.05450857297024878,23,0.3184402166791255,33,Manufacturing - metals/machinery,0.059910480428543016,4,0.03672601359716329,1,-0.023184466831379723,23,0.10751569560301305
333414,0.17618674576929177,4,0.12588384057657895,3,-0.05030290519271282,23,0.3180019552422078,33,Manufacturing - metals/machinery,0.0618724935725919,4,0.04068886570928021,2,-0.02118362786331169,23,0.11103673576920355
423330,0.17616618166922263,4,0.11237906348983043,3,-0.0637871181793922,23,0.3179648388064553,42,Wholesale trade,0.04283335135786811,4,0.027184088622531688,3,-0.01564926273533642,23,0.07686898074106213
423490,0.1761483638995064,4,0.11172526827880544,3,-0.06442309562070095,23,0.3179326792612916,42,Wholesale trade,0.05026725899949573,4,0.0265302934115067,2,-0.02373696558798903,23,0.09020991450458705
712190,0.17612637655277696,2,0.08842249698953113,3,-0.08770387956324584,24,0.31789299398746457,71,"Arts, entertainment & recreation",0.18201236409171384,2,0.0938129930950263,4,-0.08819937099668755,24,0.3266404441041034
326291,0.17588654467914888,4,0.11914557511753242,3,-0.05674096956161646,23,0.3174601180386517,32,Manufacturing - paper/chemicals,0.056364562372311855,4,0.03395060025023368,1,-0.022413962122078177,23,0.1011521704962215
561450,0.17577126504513452,1,0.11410327261641866,3,-0.061667992428715845,23,0.3172520481928974,56,Administrative & waste services,0.24221920169798528,1,0.14542737875528772,4,-0.09679182294269757,23,0.43468798401686826
331511,0.1750779587640515,4,0.11118627409395712,3,-0.06389168467009437,23,0.31600068985715285,33,Manufacturing - metals/machinery,0.043881804313689696,4,0.025991299226658382,1,-0.017890505087031314,23,0.07875054049564703
332618,0.174510062831084,4,0.11336325075104225,1,-0.061146812080041746,23,0.31497568643666723,33,Manufacturing - metals/machinery,0.0579909818249162,4,0.028168275883743515,1,-0.029822705941172686,23,0.1040709522776094
325411,0.17397987474416782,1,0.09904694582262166,2,-0.07493292892154617,23,0.3140187424421045,32,Manufacturing - paper/chemicals,0.20457414019422815,1,0.13037105196149074,4,-0.0742030882327374,23,0.367129938335326
337110,0.17366303998589439,4,0.09470196401347365,1,-0.07896107597242075,23,0.31344688289512374,33,Manufacturing - metals/machinery,0.07472021309139498,2,0.027083243257843295,1,-0.04763696983355169,24,0.1340933277226611
541714,0.17363779689792175,1,0.10865393665979474,2,-0.06498386023812702,23,0.31340132128777015,54,Professional & technical services,0.20487722348718634,1,0.1399780427986638,4,-0.06489918068852256,23,0.3676738533704744
423210,0.173624660814442,4,0.1227689858659342,3,-0.05085567494850781,23,0.313377611784467,42,Wholesale trade,0.06246045086461863,4,0.03757401099863546,2,-0.024886439865983167,23,0.11209188733508885
213111,0.17321552442798255,4,0.09937349699950791,1,-0.07384202742847465,23,0.31263915572021117,21,"Mining, quarrying, oil & gas",0.06572916600839876,3,0.023211244718793166,1,-0.04251792128960559,24,0.11795794248767262
624410,0.1727813666008512,4,0.10166680172781747,3,-0.0711145648730337,23,0.3118555381029571,62,Health care & social assistance,0.05374534809811882,2,0.030049810328823312,1,-0.023695537769295505,24,0.09645171337070928
484220,0.1727672896708476,4,0.08854074380936601,1,-0.08422654586148158,23,0.31183013045242464,48,Transportation,0.09631249939384148,3,0.04341005967122896,1,-0.05290243972261252,24,0.1728429699365285
326130,0.1724488801480545,4,0.1169430709841991,3,-0.05550580916385542,23,0.3112554285906369,32,Manufacturing - paper/chemicals,0.047123052164318356,4,0.031748096116900354,2,-0.015374956047418002,23,0.08456730268465601
813410,0.17195203022857408,4,0.09270011392120935,3,-0.07925191630736474,23,0.31035865712711486,81,Other services,0.06696420370264519,2,0.035850142839336234,3,-0.031114060863308958,24,0.12017434829585545
811310,0.17171262426912387,4,0.10814635787908684,1,-0.06356626639003704,23,0.3099265499168398,81,Other services,0.055193543262956085,4,0.022951383011788104,1,-0.03224216025116798,23,0.09905065281173264
334519,0.17140809356008604,4,0.12238657853885432,3,-0.04902151502123173,23,0.3093768981227592,33,Manufacturing - metals/machinery,0.0641013866221311,4,0.03719160367155558,2,-0.02690978295057553,23,0.11503672016144617
517112,0.1710451143541936,1,0.11766150374682777,2,-0.053383610607365815,23,0.30872175180808004,51,Information,0.2625566083797096,1,0.1489856098856968,4,-0.11357099849401284,23,0.4711856119862345
321114,0.17097316094386333,4,0.1020231493822716,3,-0.06895001156159175,23,0.30859188207768995,32,Manufacturing - paper/chemicals,0.06910647044287654,2,0.03431955223716942,1,-0.03478691820570713,24,0.12401887261106088
311710,0.1706578291919521,4,0.12290095795121776,2,-0.047756871240734335,23,0.30802273532820046,31,Manufacturing - food/textiles,0.08007235821915817,4,0.03770598308391902,2,-0.04236637513523915,23,0.1436983184064878
445320,0.17043400865532446,4,0.0976047472560686,1,-0.07282926139925586,23,0.30761875846853276,44,Retail trade - general,0.06006706057325735,3,0.01856190531287055,1,-0.0415051552603868,24,0.1077966952387389
333612,0.1696386658742952,4,0.11389633622296323,3,-0.05574232965133197,23,0.3061832330074617,33,Manufacturing - metals/machinery,0.05169226813483573,4,0.028701361355664493,1,-0.02299090677917124,23,0.09276724416261688
212312,0.16950879458921714,4,0.07733806266225382,1,-0.09217073192696333,23,0.3059488264838363,21,"Mining, quarrying, oil & gas",0.09938004188007588,2,0.038533416091981604,1,-0.06084662578809427,24,0.1783479994712634
331491,0.16923704152473662,4,0.10475750449945549,3,-0.06447953702528113,23,0.3054583355251065,33,Manufacturing - metals/machinery,0.0359042112133821,4,0.019562529632156753,3,-0.01634168158122535,23,0.06443390565509703
811412,0.16913872169041824,4,0.0868947531324566,1,-0.08224396855796164,23,0.3052808766622629,81,Other services,0.08826668133708879,3,0.03734681891799622,1,-0.050919862419092576,24,0.15840389819349981
445298,0.1691233229593482,4,0.0915733917107134,1,-0.07754993124863481,23,0.30525308327424644,44,Retail trade - general,0.07450164479167107,2,0.02827581968190531,1,-0.04622582510976575,24,0.1337010837844805
334512,0.1690548520778548,4,0.10766718023966063,3,-0.06138767183819418,23,0.30512949920952587,33,Manufacturing - metals/machinery,0.035722021766500286,4,0.022472205372361886,3,-0.0132498163941384,23,0.06410694741719089
332994,0.16898651729635128,4,0.1050397531305776,3,-0.06394676416577368,23,0.3050061607936065,33,Manufacturing - metals/machinery,0.03565368698499676,4,0.019844778263278864,3,-0.015808908721717897,23,0.06398431342202548
212313,0.1681676717850964,4,0.06009961610389873,1,-0.10806805568119765,23,0.30352821492155246,21,"Mining, quarrying, oil & gas",0.12999241225907793,2,0.05324846271674935,1,-0.07674394954232859,24,0.23328513687714883
541840,0.16801227969401786,4,0.10266013497982471,3,-0.06535214471419315,23,0.30324774553336786,54,Professional & technical services,0.03467944938266334,4,0.017465160112525968,3,-0.01721428927013737,23,0.06223594097119156
327212,0.16779310559912253,4,0.10343535558276615,3,-0.0643577500163564,23,0.3028521551022555,32,Manufacturing - paper/chemicals,0.038832885728842526,4,0.018240380715467408,1,-0.020592505013375118,23,0.06968972192417384
423860,0.1669538562197756,4,0.11102908516422402,3,-0.05592477105555158,23,0.30133738199941607,42,Wholesale trade,0.05149083422702273,4,0.025834110296925283,2,-0.025656723930097446,23,0.09240574970352337
335311,0.1668878008249754,4,0.09985940577994891,3,-0.06702839504502649,23,0.30121815768087246,33,Manufacturing - metals/machinery,0.03355497051362088,4,0.01466443091265017,3,-0.01889053960097071,23,0.060217944671859765
611620,0.1668845719766251,4,0.10670356025134863,3,-0.060181011725276456,23,0.30121232988670954,61,Educational services,0.03539152120802625,4,0.021508585384049886,1,-0.013882935823976365,23,0.06351382919835266
621340,0.16650171316871226,4,0.10020879809430269,1,-0.06629291507440956,23,0.3005213025965103,62,Health care & social assistance,0.05306894221117393,2,0.01810013327563344,1,-0.034968808935540496,24,0.09523783144346297
312130,0.16619833590165106,4,0.07724038626947255,1,-0.08895794963217851,23,0.29997373266620564,31,Manufacturing - food/textiles,0.10858608375516127,2,0.050952240261851814,1,-0.05763384349330945,24,0.19486921560690812
112340,0.16616406311571053,4,0.0865329473008559,1,-0.07963111581485462,23,0.2999118732289755,11,"Agriculture, forestry, fishing",0.08708932268887862,3,0.03878231301289306,1,-0.04830700967598556,24,0.15629100353581932
337211,0.1661168064113286,4,0.10131900842644978,1,-0.06479779798487881,23,0.2998265789332773,33,Manufacturing - metals/machinery,0.05251423266178928,3,0.01904054081577953,1,-0.03347369184600975,24,0.09424234646932961
711320,0.16592483667060315,4,0.06927047437338148,3,-0.09665436229722169,23,0.29948009002668285,71,"Arts, entertainment & recreation",0.08920224563015128,2,0.040685738776985364,3,-0.04851650685316591,24,0.1600828672992463
621399,0.1658144489341441,4,0.1015804856286128,1,-0.06423396330553129,23,0.2992808496361787,62,Health care & social assistance,0.049295367927976286,4,0.01638551076131406,1,-0.032909857166662226,23,0.08846575315155962
331512,0.16525888279919854,4,0.10563875435011885,1,-0.0596201284490797,23,0.29827810044294256,33,Manufacturing - metals/machinery,0.04873980179303075,4,0.020443779482820112,1,-0.02829602231021064,23,0.0874687309440113
311351,0.16474059794590695,4,0.11814057404133992,2,-0.046600023904567044,23,0.2973426407635013,31,Manufacturing - food/textiles,0.07415512697311304,4,0.032945599174041176,2,-0.04120952779907186,23,0.13307922089781007
424480,0.16446130159104994,4,0.1125162610104601,3,-0.05194504058058985,23,0.2968385348130296,42,Wholesale trade,0.04477322950783179,4,0.027321286143161358,1,-0.01745194336467043,23,0.08035029731850463
332215,0.16431936831193733,4,0.10602400070410022,3,-0.05829536760783713,23,0.29658235742536815,33,Manufacturing - metals/machinery,0.035162444889177455,4,0.020829025836801476,2,-0.014333419052375979,23,0.06310272750811363
561330,0.16426345271351897,4,0.10335829416002623,1,-0.060905158553492746,23,0.2964814345690662,56,Administrative & waste services,0.04774437170735118,4,0.018163319292727492,1,-0.029581052414623686,23,0.08568232633966737
335312,0.16412552891254903,4,0.10466078374635523,3,-0.059464745166193794,23,0.2962324939453469,33,Manufacturing - metals/machinery,0.0335655399483378,4,0.019465808879056495,2,-0.014099731069281307,23,0.060236912640695806
336612,0.16409158344880884,4,0.09717336857606895,1,-0.06691821487273988,23,0.2961712252965967,33,Manufacturing - metals/machinery,0.06295101943580793,2,0.027356910701937107,1,-0.035594108733870825,24,0.11297226453779385
525120,0.16395754680433225,4,0.10274878760160487,3,-0.06120875920272737,23,0.29592930065674056,52,Finance & insurance,0.0312525242981356,4,0.017553812734306132,2,-0.013698711563829468,23,0.056085961341469294
337121,0.16392925304737077,4,0.09687709239103973,1,-0.06705216065633103,23,0.2958782328536796,33,Manufacturing - metals/machinery,0.0539971594985731,2,0.01826910498111113,1,-0.03572805451746197,24,0.09690361557024017
333611,0.16369885864214567,4,0.0699100361820634,3,-0.09378882246008229,23,0.2954623907253825,33,Manufacturing - metals/machinery,0.07887364334631483,1,0.033222676330288324,3,-0.04565096701602651,23,0.14154709774423407
311340,0.16368160478794525,4,0.09682482721395848,3,-0.06685677757398678,23,0.2954312489993279,31,Manufacturing - food/textiles,0.05075215750328709,2,0.02864376450559456,1,-0.02210839299769253,24,0.09108011617145852
449110,0.16317123587509236,4,0.10360244080383173,1,-0.059568795071260616,23,0.29451007691300884,44,Retail trade - general,0.04737046436148482,3,0.019125775429093266,1,-0.028244688932391557,24,0.08501131004845525
312113,0.16300448536583295,2,0.11023354840827505,1,-0.05277093695755789,24,0.2942091065548211,31,Manufacturing - food/textiles,0.2440329717211313,2,0.11562404451377023,4,-0.12840892720736108,24,0.4379429862186121
311412,0.16287603627601097,4,0.11092390146670407,1,-0.0519521348093069,23,0.2939772669715759,31,Manufacturing - food/textiles,0.04636056712514622,4,0.02572892659940533,2,-0.020631640525740885,23,0.08319894261164237
325991,0.16277617157566687,4,0.10954226738567305,3,-0.05323390418999382,23,0.2937970197581409,32,Manufacturing - paper/chemicals,0.04008308750967373,4,0.02434729251837431,2,-0.015735794991299422,23,0.07193334129007953
336310,0.16276031836093843,4,0.10268938905038781,1,-0.06007092931055062,23,0.29376840606612614,33,Manufacturing - metals/machinery,0.046241237354770634,4,0.01749441418308907,1,-0.028746823171681563,23,0.08298479271372292
812320,0.16272189384015373,4,0.0866360687845489,1,-0.07608582505560482,23,0.2936990531038166,81,Other services,0.07159666646787462,2,0.026834947551138855,1,-0.04476171891673576,24,0.12848779283838008
423830,0.1626882445231257,4,0.10586377986068211,3,-0.05682446466244356,23,0.29363831897446563,42,Wholesale trade,0.038718437720386495,4,0.020668804993383375,2,-0.01804963272700312,23,0.06948433286450496
711190,0.16264012151717305,4,0.0825644977514961,3,-0.08007562376567696,23,0.29355146107878083,71,"Arts, entertainment & recreation",0.11321208943143159,2,0.07368081989986391,1,-0.03953126953156767,24,0.20317107222014152
611430,0.16237688246645943,4,0.10696827743276734,1,-0.055408605033692084,23,0.29307633718420223,61,Educational services,0.04585780146029162,4,0.021773302565468597,1,-0.024084498894823024,23,0.08229667643391365
811430,0.16232155527017397,4,0.09623175660831555,1,-0.06608979866185842,23,0.2929764763432518,81,Other services,0.0549857380659354,3,0.020220045542946045,1,-0.03476569252298936,24,0.0986777244000794
236117,0.16211838329266526,4,0.08771241511096128,3,-0.07440596818170396,23,0.2926097683606729,23,Construction,0.06963165597188208,1,0.043363543234233894,3,-0.026268112737648182,23,0.12496137360700957
524210,0.1620279942555236,1,0.09245215627507122,3,-0.0695758379804524,23,0.29244662390608867,52,Finance & insurance,0.1866353966668834,1,0.12377626241394028,2,-0.0628591342529431,23,0.33493696517286015
331313,0.16178129387044157,1,0.11482946746589459,2,-0.04695182640454699,23,0.2920013508835775,33,Manufacturing - metals/machinery,0.25920827551677145,1,0.14615357360476366,4,-0.11305470191200777,23,0.4651766744131398
331523,0.16150510801685178,4,0.10058468787798393,1,-0.06092042013886785,23,0.2915028591209406,33,Manufacturing - metals/machinery,0.04498602701068398,4,0.015389713010685188,1,-0.02959631399999879,23,0.08073218495115392
611511,0.16147020629369763,4,0.08833891452260201,1,-0.07313129177109563,23,0.2914398645060172,61,Educational services,0.06218288609921063,2,0.02037570046698406,1,-0.04180718563222657,24,0.11159376799746608
522310,0.1612700774701385,4,0.09677365342174324,1,-0.06449642404839527,23,0.2910786491551448,52,Finance & insurance,0.05834809904246048,3,0.025175781132934266,1,-0.03317231790952621,24,0.10471183690716736
921150,0.16090154576979668,4,0.10274092170383345,1,-0.05816062406596322,23,0.29041348106451614,92,Public administration,0.04711573348514746,2,0.020279215558053298,1,-0.026836517927094163,24,0.08455416854057428
112920,0.16087649608247362,4,0.0940377345485796,1,-0.06683876153389401,23,0.2903682685287368,11,"Agriculture, forestry, fishing",0.06184602215657746,3,0.026331366761552507,1,-0.03551465539502495,24,0.11098923001251405
112210,0.16084870797559722,4,0.09258978944805864,1,-0.06825891852753858,23,0.29031811338068303,11,"Agriculture, forestry, fishing",0.053627323547263545,2,0.016692511158594017,1,-0.036934812388669525,24,0.09623990582731004
333243,0.16062172265456956,4,0.10263964850954074,3,-0.057982074145028824,23,0.2899084243567845,33,Manufacturing - metals/machinery,0.027906191478990837,4,0.017444673642242003,1,-0.010461517836748833,23,0.050080613058564684
455219,0.16051888521410235,4,0.08066459442301353,1,-0.0798542907910888,23,0.2897228116025567,45,Retail trade - specialty,0.08732888069351069,2,0.03879869604129095,1,-0.04853018465221974,24,0.1567209157201492
561520,0.16038496796205282,4,0.0836427479605785,3,-0.07674222000147433,23,0.2894811024557848,56,Administrative & waste services,0.054745992893783915,2,0.02614162833636536,3,-0.028604364557418556,24,0.09824747632383378
561110,0.16005943732323022,4,0.08369160243982204,3,-0.07636783488340818,23,0.2888935475907191,56,Administrative & waste services,0.11359663018485054,1,0.07240778977902093,2,-0.04118884040582961,23,0.2038611712862116
315210,0.1597853303730245,4,0.09876361567886639,1,-0.06102171469415812,23,0.2883988080702728,31,Manufacturing - food/textiles,0.050880688969707946,2,0.021183080414418888,1,-0.029697608555289058,24,0.09131077948646224
313310,0.15971376590281286,4,0.0987578603848474,3,-0.06095590551796546,23,0.2882696403434168,31,Manufacturing - food/textiles,0.027694076621259573,2,0.013704649247916773,1,-0.0139894273733428,24,0.04969995050480813
312140,0.15915861920508104,3,0.09473843853029369,2,-0.06442018067478734,24,0.2872676481983542,31,Manufacturing - food/textiles,0.25554904445746296,3,0.14287629397434948,4,-0.11267275048311347,24,0.458609797133914
112310,0.15904293410425563,4,0.08092857332630025,1,-0.07811436077795536,23,0.2870588465198043,11,"Agriculture, forestry, fishing",0.13146075533906662,3,0.08467050069998032,1,-0.0467902546390863,24,0.2359202338835424
332311,0.15859199217347925,4,0.10617880968995086,1,-0.05241318248352837,23,0.28624493503593273,33,Manufacturing - metals/machinery,0.04207291116731143,4,0.02098383482265212,1,-0.021089076344659313,23,0.07550429036523205
336510,0.1584038286600553,4,0.09737189601686429,3,-0.06103193264319101,23,0.28590531604295577,33,Manufacturing - metals/machinery,0.02507099834870078,4,0.012176921149565548,3,-0.012894077199135233,23,0.044992559025421076
334419,0.15832348996435752,4,0.10683773693489584,3,-0.05148575302946167,23,0.28576031159212745,33,Manufacturing - metals/machinery,0.0368053048311381,4,0.021642762067597104,2,-0.015162542763540992,23,0.06605101348704015
713990,0.15831888669657262,2,0.05964374715377909,3,-0.09867513954279354,24,0.28575200308884185,71,"Arts, entertainment & recreation",0.12426294658841505,2,0.06503424325927427,4,-0.05922870332914078,24,0.22300300455892058
449210,0.15824710195083427,4,0.09796309157202772,1,-0.06028401037880656,23,0.2856224377835649,44,Retail trade - general,0.044143691989717335,3,0.015183787749779833,1,-0.028959904239937502,24,0.07922052563775506
326111,0.1581661302152071,4,0.10371829803085884,1,-0.054447832184348254,23,0.28547629074999337,32,Manufacturing - paper/chemicals,0.043642462017875416,3,0.02051873597239622,1,-0.023123726045479194,24,0.07832101542361249
325212,0.15802430118532004,4,0.08478558172302483,3,-0.07323871946229521,23,0.2852203015232371,32,Manufacturing - paper/chemicals,0.06776301298201742,1,0.042662148963777985,3,-0.02510086401823943,23,0.12160789606097952
561439,0.15763924937987694,4,0.09069363924323612,1,-0.06694561013664081,23,0.28452531606070525,56,Administrative & waste services,0.05655133231677803,3,0.02092982831900628,1,-0.03562150399777175,24,0.10148734892165522
713950,0.15741161853654936,4,0.09156305786136217,2,-0.0658485606751872,23,0.28411446192445605,71,"Arts, entertainment & recreation",0.09016764353598136,3,0.029709578966289348,2,-0.060458064569692015,24,0.1618153759794732
111150,0.15720598584176068,4,0.08216508387421881,1,-0.07504090196754187,23,0.2837433125583729,11,"Agriculture, forestry, fishing",0.11069486971103522,2,0.0669780738823624,1,-0.043716795828672814,24,0.19865365511234787
541380,0.15713734766375165,4,0.097143743781141,3,-0.05999360388261066,23,0.2836194265377995,54,Professional & technical services,0.023804517352397143,4,0.011948768913842264,3,-0.01185574843855488,23,0.04271972488502401
325311,0.15713032902479585,4,0.07246556904736255,2,-0.08466475997743328,23,0.28360675849684475,32,Manufacturing - paper/chemicals,0.13995350971995435,3,0.06067924584801624,2,-0.0792742638719381,24,0.25116138014568545
333613,0.15697750718185538,4,0.09338582888711935,3,-0.06359167829473601,23,0.283330928185963,33,Manufacturing - metals/machinery,0.028132095625968447,2,0.012678272775288213,3,-0.015453822850680234,24,0.050486021950767984
112410,0.15655237221638055,4,0.09081371472744958,3,-0.06573865748893097,23,0.2825635960596301,11,"Agriculture, forestry, fishing",0.03859027504943405,2,0.02098947300455885,3,-0.017600802044875193,24,0.06925433139198751
332993,0.15637987321321875,4,0.08018561537215425,3,-0.0761942578410645,23,0.2822522501633014,33,Manufacturing - metals/machinery,0.04832744902041022,1,0.020271046623401498,3,-0.02805640239700872,23,0.08672872026699784
561621,0.15612860180233978,4,0.1005348702574119,1,-0.055593731544927874,23,0.28179872683152585,56,Administrative & waste services,0.04387622138411419,3,0.019606595978055374,1,-0.024269625406058815,24,0.07874052133785496
562920,0.15604186740288367,4,0.096984471116515,1,-0.05905739628636869,23,0.2816421786843121,56,Administrative & waste services,0.03952278639671589,4,0.011789496249216255,1,-0.02773329014749963,23,0.07092782166353177
327215,0.15592727626635422,4,0.09247500091117875,1,-0.06345227535517547,23,0.2814353515174291,32,Manufacturing - paper/chemicals,0.049529899039949005,2,0.01740172982364259,1,-0.032128169216306415,24,0.08888664404517164
316210,0.15590792909192885,4,0.0853569032836711,3,-0.07055102580825777,23,0.28140043152802346,31,Manufacturing - food/textiles,0.097894791548917,1,0.06013083890443212,2,-0.037763952644484886,23,0.17568256061387325
334510,0.15590476899109504,4,0.09558772492335096,3,-0.060317044067744074,23,0.28139472781722774,33,Manufacturing - metals/machinery,0.044289157116385716,1,0.02461220855667232,2,-0.019676948559713397,23,0.07948157819763872
334417,0.15582380639946025,4,0.1059311036862662,1,-0.04989270271319405,23,0.28124859728777774,33,Manufacturing - metals/machinery,0.048939738221967316,3,0.023717022175629838,2,-0.025222716046337475,24,0.08782753801882914
532281,0.15504460340597506,2,0.07545924819031434,1,-0.07958535521566072,24,0.279842202758059,53,Real estate,0.12911099337260118,2,0.08084974429580952,1,-0.04826124907679166,24,0.2317033374320549
339116,0.15494283787999946,4,0.09386585206233158,1,-0.06107698581766788,23,0.27965852471749364,33,Manufacturing - metals/machinery,0.04236163257567613,3,0.01260875289687731,1,-0.02975287967879882,24,0.07602243147900324
313320,0.1549365523763907,4,0.07937484107082535,3,-0.07556171130556534,23,0.2796471799229205,31,Manufacturing - food/textiles,0.054911131748548205,1,0.027487275887038642,3,-0.027423855861509562,23,0.09854383547024798
459910,0.154729893114827,4,0.07942043314743497,1,-0.07530945996739204,23,0.27927417769191143,45,Retail trade - specialty,0.07988820961400535,2,0.03590285578548237,1,-0.04398535382852298,24,0.14336784425178717
611513,0.15467883021481615,4,0.09400290458971142,1,-0.060675925625104724,23,0.2791820135397621,61,Educational services,0.06314103430845953,3,0.03378921482222387,1,-0.029351819486235664,24,0.11331326633016676
325414,0.15439850602995087,1,0.10010287248194238,2,-0.05429563354800849,23,0.2786760524443368,32,Manufacturing - paper/chemicals,0.2209663641743751,1,0.13142697862081143,4,-0.08953938555356368,23,0.39654751854999276
323120,0.15431337893095715,4,0.10306408542580785,1,-0.051249293505149306,23,0.27852240533651434,32,Manufacturing - paper/chemicals,0.037794297924789354,4,0.017869110558509108,1,-0.019925187366280246,23,0.06782586622816139
423110,0.15403170834970487,4,0.09126558806825497,3,-0.06276612028144991,23,0.27801401411116233,42,Wholesale trade,0.06683456224878251,1,0.03802674829520033,2,-0.028807813953582184,23,0.11994169299095171
333132,0.1539684203077475,1,0.09566729429288509,3,-0.058301126014862405,23,0.27789978462699755,33,Manufacturing - metals/machinery,0.20435160998805435,1,0.12699140043175416,4,-0.07736020955630019,23,0.36673058433685496
532283,0.15388357145875867,4,0.091824053194817,1,-0.06205951826394167,23,0.2777466397365537,53,Real estate,0.05807921985975378,3,0.027343807734681178,1,-0.03073541212507261,24,0.10422930476662877
325520,0.1531797298624974,4,0.09603006260546434,3,-0.057149667257033056,23,0.2764762660610846,32,Manufacturing - paper/chemicals,0.05145306742442136,1,0.02502275158994927,2,-0.026430315834472088,23,0.09233797318056206
611210,0.15278637533516257,4,0.09441835129444501,1,-0.05836802404071756,23,0.2757662948981025,61,Educational services,0.03869784460329184,3,0.011653926701443343,1,-0.0270439179018485,24,0.06944737633714566
332913,0.15260524891743354,4,0.08275743554874158,3,-0.06984781336869195,23,0.2754393772589104,33,Manufacturing - metals/machinery,0.06462877443034368,1,0.0429188165057075,3,-0.021709957924636168,23,0.11598317338043101
311225,0.15254563731050086,4,0.09820192006426609,3,-0.054343717246234775,23,0.27533178342444253,31,Manufacturing - food/textiles,0.03741434507264517,2,0.015145946389991023,1,-0.02226839868265415,24,0.06714400063632467
333515,0.15210383962869406,4,0.09674709615089061,1,-0.05535674347780346,23,0.2745343765251744,33,Manufacturing - metals/machinery,0.035584758622526275,4,0.01155212128359187,1,-0.024032637338934404,23,0.06386061418301453
811114,0.15141345729417166,4,0.07770000732410347,1,-0.07371344997006818,23,0.27328829566203,81,Other services,0.07295983214968216,3,0.03057048831848303,1,-0.04238934383119912,24,0.13093413787606512
334516,0.15139971453969958,4,0.10003915962805326,3,-0.05136055491164632,23,0.27326349116965204,33,Manufacturing - metals/machinery,0.06257793405117142,1,0.02683935776765904,2,-0.035738576283512374,23,0.11230272334297144
331315,0.15115980270997506,4,0.07735541876944817,3,-0.0738043839405269,23,0.2728304709069472,33,Manufacturing - metals/machinery,0.06893098268677648,2,0.04326445419030537,3,-0.025666528496471115,24,0.12370394126629536
332992,0.15103216257770113,4,0.08907987007571527,1,-0.06195229250198587,23,0.2726000914226491,33,Manufacturing - metals/machinery,0.06910657041238844,2,0.03847838404927162,1,-0.03062818636311681,24,0.12401905201692666
611420,0.15095707726053653,4,0.09549854884731006,3,-0.05545852841322646,23,0.2724645688692126,61,Educational services,0.017624246949182,4,0.010303573980011319,3,-0.0073206729691706815,23,0.03162857577950265
444230,0.15091756915425075,4,0.08163967326731857,3,-0.06927789588693219,23,0.27239326012807014,44,Retail trade - general,0.07559484166765498,2,0.04677958863463631,1,-0.028815253033018663,24,0.13566294123766248
533110,0.15060340242424441,4,0.06616325421152253,2,-0.0844401482127219,23,0.27182621614313335,53,Real estate,0.1756428440777555,1,0.09659319197052878,2,-0.07904965210722673,23,0.31520966654966776
712130,0.1505931430439425,2,0.06934572952052453,3,-0.08124741352341798,24,0.2718076988421789,71,"Arts, entertainment & recreation",0.14084990858848428,2,0.07473622562601971,4,-0.06611368296246459,24,0.2527700627534422
811198,0.150118505135995,4,0.08148156812109493,1,-0.06863693701490009,23,0.27095101815317285,81,Other services,0.06706645534339242,3,0.0297536244673614,1,-0.03731283087603103,24,0.12035784968330636
424510,0.1498379497691886,4,0.07422358836452495,3,-0.07561436140466365,23,0.27044463979418465,42,Wholesale trade,0.07502524713762804,1,0.047548741177020154,3,-0.027476505960607876,23,0.1346407435909492
311999,0.1488982054675589,4,0.10044158027541242,3,-0.04845662519214646,23,0.2687484819813984,31,Manufacturing - food/textiles,0.033456652760011044,4,0.015246605408113678,2,-0.018210047351897362,23,0.060041503061078576
332510,0.14864535905439083,4,0.10084920251959958,3,-0.04779615653479124,23,0.26829211590566243,33,Manufacturing - metals/machinery,0.02906250496564236,4,0.015654227652300845,2,-0.013408277313341516,23,0.052155739947269346
335921,0.14861763978637044,4,0.07846902016285365,2,-0.0701486196235168,23,0.26824208500583574,33,Manufacturing - metals/machinery,0.1530955672454355,1,0.08833744372741387,2,-0.06475812351802163,23,0.2747461927928185
459510,0.14850925126396922,4,0.08908542807315707,1,-0.059423823190812144,23,0.2680464530251274,45,Retail trade - specialty,0.05292585951951992,3,0.02482614246757683,1,-0.028099717051943085,24,0.09498105441527202
336212,0.14829108878363467,4,0.09658145876477431,1,-0.05170963001886038,23,0.2676526884714775,33,Manufacturing - metals/machinery,0.03177200777746689,4,0.011386483897475569,1,-0.02038552387999132,23,0.057018229406005906
561320,0.14770167889324198,4,0.06941825814429006,1,-0.0782834207489519,23,0.2665888542042313,56,Administrative & waste services,0.09465156221766989,2,0.04769224760758704,1,-0.04695931461008285,24,0.1698622424482556
325620,0.14741667322976518,4,0.1049669630884527,3,-0.04244971014131247,23,0.2660744434416907,32,Manufacturing - paper/chemicals,0.04149521141672309,4,0.01977198822115396,2,-0.021723223195569127,23,0.07446754704269644
812220,0.1473464549153594,2,0.07481345471803257,3,-0.07253300019732682,24,0.26594770541053314,81,Other services,0.13299966147600334,2,0.08020395082352774,4,-0.05279571065247559,24,0.23868196376113607
713940,0.14733132082424566,4,0.0704971593795067,3,-0.07683416144473898,23,0.26592038967492565,71,"Arts, entertainment & recreation",0.06636988310617375,2,0.03767357710549055,3,-0.0286963060006832,24,0.11910777710691234
522320,0.14680635212037296,1,0.09552393340524634,3,-0.05128241871512662,23,0.26497286621881344,52,Finance & insurance,0.206283008818345,1,0.1268480395441154,4,-0.07943496927422962,23,0.3701966838780399
811191,0.14674214828265433,4,0.0849979632075931,1,-0.06174418507506123,23,0.26485698380189593,81,Other services,0.06060398576800917,3,0.030183906831816997,1,-0.03042007893619217,24,0.1087602643069152
331222,0.1464298383315911,4,0.09518434580356672,1,-0.05124549252802437,23,0.2642932911435971,33,Manufacturing - metals/machinery,0.02991075732542329,4,0.009989370936267977,1,-0.01992138638915531,23,0.05367801855121947
721120,0.14638947152910586,1,0.07818861780941523,2,-0.06820085371969065,23,0.2642204325295105,72,Accommodation & food services,0.19194700827763897,1,0.10951272394828429,4,-0.08243428432935468,23,0.34446921417200765
459140,0.14626333641129857,4,0.08966531778310996,1,-0.056598018628188626,23,0.26399276946715994,45,Retail trade - specialty,0.04763512233504611,3,0.022361209845726544,1,-0.025273912489319567,24,0.08548626678258232
221118,0.14585199957533157,1,0.08076619886211742,3,-0.06508580071321417,23,0.2632503417803921,22,Utilities,0.20379982149639625,1,0.11209030500098648,4,-0.09170951649540977,23,0.3657403415098571
483212,0.14583908392745965,2,0.08875213342363857,3,-0.057086950503821066,24,0.2632270301444426,48,Transportation,0.2205438441523791,2,0.09414262952913374,4,-0.12640121462324536,24,0.39578926166828937
813110,0.14545585752707385,4,0.0832873108909475,3,-0.062168546636126344,23,0.2625353393813775,81,Other services,0.03503415382096563,2,0.021003462628895058,3,-0.014030691192070566,24,0.06287249561312992
485991,0.14513986653190236,4,0.08110721747399006,1,-0.06403264905791231,23,0.2619650027543815,48,Transportation,0.0516518909518426,3,0.01894334803279935,1,-0.03270854291904325,24,0.09269478303586669
541219,0.14497517270243554,4,0.09338208395920736,2,-0.051593088743228176,23,0.26166774452670893,54,Professional & technical services,0.07757419530596579,1,0.0313716026682328,2,-0.04620259263773299,23,0.13921510075541446
424460,0.1446943235420398,4,0.0965264483400288,1,-0.04816787520201098,23,0.26116083589550615,42,Wholesale trade,0.04697710228587118,3,0.02493374103112735,2,-0.02204336125474383,24,0.084305380186419
423410,0.14460606996637015,4,0.09275772844218119,3,-0.051848341524188955,23,0.26100154576560725,42,Wholesale trade,0.024212879768821756,2,0.009414922568369769,1,-0.014797957200451989,24,0.043452574445667864
541720,0.14454354307144376,4,0.09389266732886818,3,-0.050650875742575575,23,0.2608886900865095,54,Professional & technical services,0.015791538820689968,4,0.008697692461569442,2,-0.007093846359120527,23,0.028339587144081205
811121,0.14449636240101546,4,0.08407937333906354,1,-0.06041698906195192,23,0.2608035330255721,81,Other services,0.055209769254187135,3,0.02611688633110427,1,-0.02909288292308286,24,0.09907977206969179
336330,0.14443461936568658,4,0.09739570687662068,1,-0.047038912489065894,23,0.26069209214577466,33,Manufacturing - metals/machinery,0.027915538359518773,4,0.012200732009321938,1,-0.015714806350196835,23,0.05009738702456347
325510,0.14443382196874677,4,0.10072175894895072,3,-0.043712063019796056,23,0.2606906529127333,32,Manufacturing - paper/chemicals,0.049745325466306264,1,0.017143288780422206,2,-0.03260203668588406,23,0.08927324955918847
321911,0.14436901436384614,4,0.10041232209777508,3,-0.043956692266071073,23,0.26057368074786935,32,Manufacturing - paper/chemicals,0.02740893822585687,4,0.015217347230476339,1,-0.01219159099538053,23,0.049188239486876735
481111,0.14398038565358548,1,0.08830739237504875,2,-0.05567299327853673,23,0.25987223927912245,48,Transportation,0.22969960195539196,1,0.11963149851391781,4,-0.11006810344147415,23,0.4122202377165911
423610,0.14392946233403156,1,0.07500629446702493,2,-0.06892316786700663,23,0.25978032705771864,42,Wholesale trade,0.16986307236740544,1,0.106330400605894,2,-0.06353267176151145,23,0.30483725472088796
111160,0.14383385588963643,2,0.06927214656394763,3,-0.07456170932568879,24,0.2596077656308153,11,"Agriculture, forestry, fishing",0.10741386170357957,2,0.07466264266944281,4,-0.03275121903413676,24,0.19276553911532465
561311,0.143748395287367,4,0.08642383713953505,1,-0.057324558147831925,23,0.2594535165782024,56,Administrative & waste services,0.04479336812636149,2,0.018792916117398622,1,-0.026000452008962865,24,0.08038643820010359
712120,0.1436996110245104,2,0.09312890750318914,3,-0.05057070352132126,24,0.25936546517055703,71,"Arts, entertainment & recreation",0.17735354770423672,2,0.09851940360868432,4,-0.07883414409555242,24,0.3182797051982662
336991,0.14366414799411573,4,0.08004742425971058,1,-0.06361672373440515,23,0.25930145744423755,33,Manufacturing - metals/machinery,0.08607594765073086,3,0.05378333005519477,1,-0.03229261759553609,24,0.15447239481571168
337214,0.14363211780969973,4,0.09554440360917972,1,-0.04808771420052,23,0.2592436457102925,33,Manufacturing - metals/machinery,0.030445715546604475,3,0.013682107484953535,1,-0.01676360806165094,24,0.05463805767721926
238290,0.14333361239002698,4,0.09074353016399389,1,-0.052590082226033084,23,0.25870486904640755,23,Construction,0.04373574707633954,3,0.02246977098917551,1,-0.021265976087164025,24,0.07848842533050016
484121,0.1433186598394919,4,0.07107800334451811,1,-0.0722406564949738,23,0.25867788097596417,48,Transportation,0.08477545428435743,3,0.043858903928252695,1,-0.04091655035610474,24,0.15213852187874677
611519,0.14330975039760382,4,0.09082838589836016,1,-0.052481364499243656,23,0.258661800197991,61,Educational services,0.04041883246994016,2,0.019261574109565565,1,-0.021157258360374596,24,0.07253587114278712
483113,0.14327546942035982,4,0.07515931198472149,3,-0.06811615743563833,23,0.25859992597616116,48,Transportation,0.03980706804462538,1,0.01982876605304283,3,-0.01997830199158255,23,0.0714379951574435
532412,0.14321952889787767,4,0.09356492095423351,1,-0.04965460794364416,23,0.25849895813406315,53,Real estate,0.026700447891709868,4,0.008369946086934768,1,-0.0183305018047751,23,0.04791677862462108
532310,0.143169612188842,4,0.07221647269522836,3,-0.07095313949361363,23,0.2584088627582545,53,Real estate,0.06099605214263263,2,0.038180768093074774,3,-0.022815284049557856,24,0.10946386889644057
336414,0.1428721335629267,1,0.08985030330151043,2,-0.05302183026141625,23,0.2578719393689792,33,Manufacturing - metals/machinery,0.21631009530224526,1,0.1211744094403795,4,-0.09513568586186577,23,0.388191351429971
334514,0.14275996696023666,4,0.10099013201889666,1,-0.04176983494133999,23,0.2576694882775956,33,Manufacturing - metals/machinery,0.04796279504522055,3,0.021665442704960295,2,-0.026297352340260257,24,0.08607431012846319
445132,0.14266319705204067,4,0.08235514224360277,1,-0.060308054808437886,23,0.25749482689838366,44,Retail trade - general,0.050490753242903336,3,0.021506804573334506,1,-0.028983948669568826,24,0.09061099856986839
325613,0.1423078679179757,4,0.07874901474340777,3,-0.06355885317456793,23,0.25685348830680116,32,Manufacturing - paper/chemicals,0.05010784469919303,1,0.03468684696868088,3,-0.01542099773051215,23,0.08992382867680679
812910,0.14201087032749563,4,0.062146124685743445,1,-0.07986474564175218,23,0.25631743314520256,81,Other services,0.08524018900396625,2,0.03669954950108313,1,-0.04854063950288312,24,0.15297253750159276
812310,0.14194496501351977,4,0.08007529877319071,1,-0.06186966624032907,23,0.2561984797096665,81,Other services,0.04874971056859437,2,0.01820415046713435,1,-0.030545560101460013,24,0.08748651329009959
516210,0.14182607620959756,1,0.07560685211128457,2,-0.06621922409831299,23,0.2559838956219782,51,Information,0.18742308512640748,1,0.10693095825015363,4,-0.08049212687625386,23,0.33635055545019416
459110,0.14168564544902612,4,0.07772009321587442,1,-0.06396555223315169,23,0.25573043015133295,45,Retail trade - specialty,0.0560238318228333,2,0.02338238572855067,1,-0.03264144609428263,24,0.10054069347620197
488310,0.14164967118831062,4,0.07644146256590555,3,-0.06520820862240506,23,0.2556654996981597,48,Transportation,0.05353151153136012,1,0.036461158353010836,3,-0.017070353178349283,23,0.09606796102794776
423140,0.14157984761288298,4,0.08376435036497318,1,-0.05781549724790979,23,0.2555394741369801,42,Wholesale trade,0.05392809443812516,3,0.027436703329084426,1,-0.02649139110904073,24,0.09677967101224616
311991,0.14146945177946602,4,0.08596138196410735,1,-0.05550806981535867,23,0.2553402191321617,31,Manufacturing - food/textiles,0.04188319400209067,3,0.017699230325601063,1,-0.02418396367648961,24,0.07516382284034098
541990,0.1414134127198205,4,0.09909945214563882,1,-0.04231396057418167,23,0.2552390734389406,54,Professional & technical services,0.024894331713652698,4,0.013904477278340086,1,-0.010989854435312613,23,0.04467551205765901
326150,0.14099390491397099,4,0.09449614207403043,3,-0.04649776283994056,23,0.2544818978527918,32,Manufacturing - paper/chemicals,0.029484666167452916,1,0.00934158908947003,2,-0.020143077077982886,23,0.052913352888187125
339114,0.14071706688782112,4,0.08840454438573812,3,-0.05231252250208299,23,0.2539822289746554,33,Manufacturing - metals/machinery,0.012156209217031321,1,0.007981542159004106,3,-0.004174667058027215,23,0.021815603555771154
531312,0.1404908344593338,4,0.07736298250160831,2,-0.06312785195772551,23,0.2535738988571767,53,Real estate,0.1381942204529285,1,0.08045686460069817,2,-0.057737355852230325,23,0.2480041494248134
541614,0.1403239087696832,4,0.08821994273355814,3,-0.05210396603612505,23,0.2532726123134173,54,Professional & technical services,0.03634233846325836,1,0.01872093513962269,2,-0.017621403323635668,23,0.06522017135846199
811111,0.14017857173610276,4,0.07263532751651681,1,-0.06754324421958596,23,0.2530102914410618,81,Other services,0.06562030658295878,3,0.029401168502241875,1,-0.0362191380807169,24,0.11776258273149301
336320,0.14015276444584268,4,0.09376851481158814,3,-0.046384249634254526,23,0.25296371149700086,33,Manufacturing - metals/machinery,0.022174661251622887,4,0.008573539944289402,2,-0.013601121307333486,23,0.03979477567490097
722515,0.14007197165351362,4,0.07273657382774174,1,-0.06733539782577189,23,0.25281788744072503,72,Accommodation & food services,0.07909916319782634,2,0.04308787151092351,1,-0.03601129168690283,24,0.14195181697756534
561720,0.13971336069341955,4,0.07580996971596521,1,-0.06390339097745434,23,0.2521706254348161,56,Administrative & waste services,0.05701787839871153,3,0.024438593560126242,1,-0.032579284838585285,24,0.10232461522583332
336999,0.13919351736196933,4,0.0884851085083744,3,-0.050708408853594934,23,0.2512323528360517,33,Manufacturing - metals/machinery,0.026886083732567193,1,0.013190571031981936,2,-0.013695512700585256,23,0.0482499217811416
423130,0.1390944769960209,4,0.09067957068819064,3,-0.04841490630783026,23,0.25105359347545403,42,Wholesale trade,0.05054024061980998,1,0.022907640547866717,2,-0.02763260007194326,23,0.09069980890344653
488490,0.13905299864450632,4,0.0779777104572267,1,-0.06107528818727963,23,0.25097872861076587,48,Transportation,0.05951533239560206,3,0.029764150347191494,1,-0.029751182048410568,24,0.1068065606516003
339940,0.13894369643257545,4,0.08774798966185586,3,-0.051195706770719586,23,0.2507814474988721,33,Manufacturing - metals/machinery,0.007641076756065312,1,0.004364447554399652,2,-0.0032766292016656604,23,0.01371272065768603
424130,0.13892587691736955,4,0.08958503363728354,3,-0.04934084328008601,23,0.2507492848032493,42,Wholesale trade,0.04879707408906103,1,0.019930557505508158,2,-0.028866516583552878,23,0.08757151213859414
321212,0.13886482905819206,4,0.08836876975308315,3,-0.0504960593051089,23,0.25063909865674305,32,Manufacturing - paper/chemicals,0.03210525144721357,1,0.014970180597027722,2,-0.017135070850185848,23,0.05761627042824157
311224,0.13883176612157108,4,0.08567765190551277,1,-0.05315411421605832,23,0.25057942289370194,31,Manufacturing - food/textiles,0.1041860856731746,3,0.06454475348241681,2,-0.039641332190757786,24,0.18697295353301335
481219,0.13877239101209396,4,0.09097429758536539,3,-0.04779809342672856,23,0.25047225591684447,48,Transportation,0.06479391358480979,1,0.02901580570415151,2,-0.03577810788065828,23,0.11627953306469185
624210,0.13863247013619107,4,0.07972589911505853,1,-0.058906571021132545,23,0.25021971074426613,62,Health care & social assistance,0.04522988852493928,2,0.0176474236426758,1,-0.027582464882263485,24,0.08116982023881006
337215,0.13838249133193603,4,0.09437613987325584,3,-0.0440063514586802,23,0.24976852045651146,33,Manufacturing - metals/machinery,0.028985692069209767,4,0.009181165005957101,2,-0.019804527063252666,23,0.052017891077886916
561710,0.13790976781662256,4,0.052785105036305756,1,-0.08512466278031681,23,0.24891529508191093,56,Administrative & waste services,0.10596442772521612,2,0.05216387108376837,1,-0.053800556641447755,24,0.19016437649236323
336611,0.13786625982731332,4,0.09031408814599633,3,-0.04755217168131698,23,0.248836766895193,33,Manufacturing - metals/machinery,0.009670297051081155,4,0.005119113278697587,1,-0.004551183772383567,23,0.017354371166741805
326121,0.13759158607368663,4,0.08999210254083226,3,-0.04759948353285436,23,0.24834100434321657,32,Manufacturing - paper/chemicals,0.040787760011233645,1,0.018025425089651395,2,-0.022762334921582247,23,0.07319795064783446
311513,0.13738026353471813,4,0.0851144482854888,3,-0.05226581524922933,23,0.24795958529670822,31,Manufacturing - food/textiles,0.010141984880014242,1,0.0060140250748406884,3,-0.004127959805173553,23,0.01820086487990279
213113,0.1373236441659157,4,0.08257972353454122,3,-0.054743920631374475,23,0.24785739219526273,21,"Mining, quarrying, oil & gas",0.0642250976283736,1,0.03642643652212908,2,-0.027798661106244512,23,0.11525873265065954
561491,0.13723865662679358,4,0.09759645409791408,2,-0.03964220252887949,23,0.24770399698103107,56,Administrative & waste services,0.062159281924980825,3,0.027907575501596515,2,-0.03425170642338431,24,0.11155140780951066
811411,0.1372183548097382,2,0.0629433042457865,1,-0.0742750505639517,24,0.24766735394360856,81,Other services,0.11128474477636431,2,0.06833380035128167,1,-0.04295094442508264,24,0.19971224832532292
813319,0.13687995260594554,4,0.08472567302312424,3,-0.05215427958282131,23,0.247056567008448,81,Other services,0.025904874979922235,2,0.015057525411191652,1,-0.010847349568730583,24,0.046489038863532305
327213,0.13653911086171366,1,0.08270193378736772,2,-0.05383717707434593,23,0.24644137691216328,32,Manufacturing - paper/chemicals,0.2130857239040897,1,0.11402603992623678,4,-0.09905968397785292,23,0.38240487582043825
334220,0.1365219605022864,4,0.08081746998904926,3,-0.05570449051323715,23,0.246410421985292,33,Manufacturing - metals/machinery,0.024318504510710822,1,0.01675186944152945,3,-0.007566635069181371,23,0.0436421292199888
115210,0.13642466074017429,4,0.08199645722341885,1,-0.05442820351675544,23,0.24623480426523506,11,"Agriculture, forestry, fishing",0.03919308564698966,3,0.01608898826910328,1,-0.02310409737788638,24,0.07033613878611052
811210,0.13640626218030416,4,0.09026328823238564,3,-0.046142973947918525,23,0.2462015964436887,81,Other services,0.009994407081890512,4,0.005068313365086896,1,-0.004926093716803616,23,0.017936020907573794
311824,0.13616336592185369,4,0.09000925737280388,1,-0.0461541085490498,23,0.24576318954326606,31,Manufacturing - food/textiles,0.019941637849178233,3,0.005111635438997494,1,-0.014830002410180738,24,0.03578737892738198
445230,0.13614996558236514,2,0.07971241742406578,1,-0.05643754815829937,24,0.24573900308054628,44,Retail trade - general,0.14364712106417152,2,0.08510291352956095,4,-0.058544207534610565,24,0.25778995648358255
336390,0.13596622317086868,4,0.08822871879688768,3,-0.047737504373981,23,0.24540736379711628,33,Manufacturing - metals/machinery,0.0057055167400467816,4,0.003033743929588939,1,-0.0026717728104578425,23,0.010239153428462723
333992,0.13570195708550958,4,0.08020472990051859,2,-0.05549722718499098,23,0.24493038619314578,33,Manufacturing - metals/machinery,0.0859296248293754,1,0.035822893749879604,2,-0.05010673107949579,23,0.15420980303196874
336350,0.1354574807086862,4,0.08639757982224339,3,-0.04905990088644283,23,0.2444891273146705,33,Manufacturing - metals/machinery,0.030674118562540487,1,0.01606503958190378,2,-0.014609078980636708,23,0.055047951054146456
311119,0.13541325247543234,4,0.09656749619999914,3,-0.038845756275433206,23,0.244409299149446,31,Manufacturing - food/textiles,0.035007882244017935,4,0.011372521332700405,2,-0.02363536091131753,23,0.0628253484887885
484230,0.1347841593206173,4,0.07695844690387584,1,-0.05782571241674147,23,0.2432738399956534,48,Transportation,0.054615337641995845,3,0.028113731364123436,1,-0.02650160627787241,24,0.09801300165129403
311423,0.13456083892233855,4,0.07513383937516449,1,-0.05942699954717405,23,0.2428707658427821,31,Manufacturing - food/textiles,0.05316163530432355,3,0.025058741896018557,1,-0.02810289340830499,24,0.09540417900596437
325413,0.13441788900400098,4,0.0863901287897124,2,-0.04802776021428858,23,0.2426127535085706,32,Manufacturing - paper/chemicals,0.07374421263326643,1,0.031106948524473033,2,-0.0426372641087934,23,0.1323417916405943
531311,0.13419689016678152,4,0.09048812063973294,3,-0.04370876952704857,23,0.24221386957416802,53,Real estate,0.013539068419862042,4,0.005293145772434199,1,-0.008245922647427843,23,0.024297290700488795
332991,0.13404966815890418,4,0.07822075871882346,3,-0.05582890944008071,23,0.2419481464849807,33,Manufacturing - metals/machinery,0.0571598952176451,1,0.036318390829907926,2,-0.020841504387737173,23,0.10257947943265906
111411,0.13400821801229537,4,0.07890824300020395,1,-0.05509997501209143,23,0.24187333252772686,11,"Agriculture, forestry, fishing",0.03935751923224604,3,0.015581650359023674,1,-0.023775868873222368,24,0.07063123225177591
456199,0.13392018422339397,4,0.08989666587889233,1,-0.04402351834450163,23,0.24171443909408183,45,Retail trade - specialty,0.02770660582026367,3,0.015007193614631098,1,-0.012699412205632574,24,0.049722435477998775
323111,0.13368253149953482,4,0.09233422439165986,1,-0.04134830710787497,23,0.24128549632358076,32,Manufacturing - paper/chemicals,0.020398322742063664,3,0.010374121773057757,1,-0.010024200969005907,24,0.03660694828450854
313210,0.13354086591387748,4,0.07623945717667115,3,-0.05730140873720633,23,0.24102980209963185,31,Manufacturing - food/textiles,0.05390440231501604,1,0.03721806518869429,2,-0.016686337126321747,23,0.0967371529907219
333924,0.13352271041232677,4,0.08241700319148214,3,-0.05110570722084465,23,0.24099703297749203,33,Manufacturing - metals/machinery,0.012887329091667796,2,0.009186028851787606,1,-0.0037013002398801897,24,0.02312767552261984
311920,0.1333775957768327,4,0.08712534675994839,3,-0.046252249016884316,23,0.24073511351459553,31,Manufacturing - food/textiles,0.06435043911713459,1,0.030248942365164448,2,-0.03410149675197015,23,0.11548367121325594
212322,0.13317214575461783,4,0.08804692496036771,3,-0.045125220794250104,23,0.2403642938568306,21,"Mining, quarrying, oil & gas",0.00949128433583317,3,0.0030126346498056747,1,-0.006478649686027495,24,0.017033113909847873
336213,0.1330248592296333,4,0.08442129175340253,3,-0.04860356747623079,23,0.24009845431980187,33,Manufacturing - metals/machinery,0.023215932403216087,2,0.01130140550109432,1,-0.011914526902121768,24,0.04166344692196972
336992,0.13275911960496256,4,0.05055951210251658,3,-0.082199607502446,23,0.2396188171038374,33,Manufacturing - metals/machinery,0.10480732315881508,1,0.07017186039403292,4,-0.03463546276478216,23,0.18808782992735254
314994,0.13268839922937586,4,0.07492518110151232,1,-0.05776321812786355,23,0.2394911728953367,31,Manufacturing - food/textiles,0.06971854706324865,2,0.043279435074254156,1,-0.02643911198899449,24,0.1251173088634648
424420,0.13268763710386286,4,0.08867743929733445,1,-0.04401019780652842,23,0.2394897973241936,42,Wholesale trade,0.06367401461741272,3,0.03704780440859519,2,-0.026626210208817527,24,0.11426975588341211
112320,0.13224275708975242,4,0.06955155713546939,2,-0.06269119995428303,23,0.2386868270796523,11,"Agriculture, forestry, fishing",0.12627672998344433,1,0.06897602613465648,2,-0.05730070384878785,23,0.2266169519177406
483211,0.1322039075448828,4,0.08375358006446366,1,-0.04845032748041913,23,0.23861670698534632,48,Transportation,0.030127302511321563,2,0.013001081169771495,1,-0.01712622134155007,24,0.05406663179759638
444120,0.13209838376434552,1,0.07395082956402697,2,-0.05814755420031853,23,0.23842624561784173,44,Retail trade - general,0.16882228608840227,1,0.10527493570289603,4,-0.06354735038550624,23,0.3029694536289811
812191,0.13206014518479653,4,0.06975196270062807,3,-0.062308182484168445,23,0.2383572282635046,81,Other services,0.042055199486232,2,0.02661218731956133,4,-0.01544301216667067,24,0.07547250487965537
335220,0.13166402844938332,4,0.0699969016676151,3,-0.06166712678176823,23,0.237642271552002,33,Manufacturing - metals/machinery,0.047731277600329,1,0.03253320440064536,4,-0.015198073199683637,23,0.08565882757927153
458210,0.1314714806197016,4,0.059636394587843776,1,-0.07183508603185781,23,0.2372947392444548,45,Retail trade - specialty,0.09987142486397851,3,0.05936044497098976,1,-0.040510979892988755,24,0.1792298382237466
812332,0.1301215417193884,4,0.06196482205169317,1,-0.06815671966769521,23,0.2348582153851672,81,Other services,0.1084309203017101,3,0.07159830677288395,1,-0.03683261352882615,24,0.19459075837353865
621511,0.12995697500379838,4,0.09216137559448785,1,-0.03779559940931052,23,0.234561186587133,62,Health care & social assistance,0.021116122870514575,3,0.011123664585766684,2,-0.009992458284747891,24,0.03789511655761028
212115,0.12979679745139747,1,0.0786609794512283,2,-0.05113581800016916,23,0.23427207985196405,21,"Mining, quarrying, oil & gas",0.18499492062482256,1,0.10998508559009736,4,-0.0750098350347252,23,0.3319929573545183
333415,0.1288246777089689,4,0.0826015234122668,3,-0.04622315429670212,23,0.23251748714709264,33,Manufacturing - metals/machinery,0.019904101366862957,2,0.011041416152898048,1,-0.00886268521396491,24,0.03572001573854174
561421,0.12852506675556408,4,0.08314442780088972,1,-0.045380638954674354,23,0.23197671508970144,56,Administrative & waste services,0.029380585609306176,3,0.01532405279350088,1,-0.014056532815805295,24,0.05272656931496501
311941,0.12826356768323532,4,0.07969449746384487,3,-0.04856907021939045,23,0.23150473170677743,31,Manufacturing - food/textiles,0.025111996016550214,2,0.014233460813508268,1,-0.010878535203041946,24,0.04506613367789262
423620,0.12816223930767667,4,0.07969381940540746,3,-0.04846841990226921,23,0.2313218426851971,42,Wholesale trade,0.05541894945881504,1,0.03082797599535487,2,-0.02459097346346017,23,0.09945516807797074
811192,0.12759286612776807,4,0.06373461246423848,1,-0.0638582536635296,23,0.23029417296076446,81,Other services,0.08304782833859226,3,0.05051368081393172,1,-0.03253414752466054,24,0.1490381143378274
457120,0.12736103300718052,4,0.0733194091774803,1,-0.05404162382970022,23,0.22987573407471296,45,Retail trade - specialty,0.04612696114355367,3,0.023409443452722507,1,-0.022717517690831163,24,0.08277971196237552
522292,0.1268946228457819,1,0.05967878105008159,2,-0.06721584179570032,23,0.2290339037620979,52,Finance & insurance,0.1664267596428135,1,0.09100288718895065,4,-0.07542387245386287,23,0.29867042797786675
313230,0.1267513547907094,4,0.0783658193118188,3,-0.04838553547889061,23,0.2287753172183833,31,Manufacturing - food/textiles,0.03034096638765412,1,0.0189931109314563,2,-0.01134785545619782,23,0.054450074229117705
562219,0.1266560963245865,4,0.07851172114938441,1,-0.04814437517520207,23,0.22860338386239676,56,Administrative & waste services,0.03087575499604412,2,0.014055485959711109,1,-0.016820269036333012,24,0.05540980896701883
337920,0.12659671094802624,4,0.08662662607440484,3,-0.03997008487362141,23,0.22849619835433543,33,Manufacturing - metals/machinery,0.024595743397253428,3,0.008167770570434371,2,-0.016427972826819057,24,0.04413966373350994
335313,0.12630935614637714,4,0.07260502698627062,3,-0.05370432916010651,23,0.2279775475990039,33,Manufacturing - metals/machinery,0.055595826412289565,1,0.0355745899713812,2,-0.02002123644090836,23,0.09977259248440055
425120,0.12624244777880375,4,0.07372521222863507,3,-0.05251723555016868,23,0.22785678373780935,42,Wholesale trade,0.08418009969353003,1,0.0501902087649171,2,-0.03398989092861293,23,0.15107009507753622
332912,0.12591212768694166,4,0.08588684986545901,3,-0.040025277821482644,23,0.22726058432105253,33,Manufacturing - metals/machinery,0.022254594462711472,3,0.008112577622573135,2,-0.014142016840138338,24,0.03993822427906001
621498,0.12580618941298471,4,0.0727560176859349,1,-0.05305017172704982,23,0.2270693748284985,62,Health care & social assistance,0.05098146720699542,3,0.029255401618814656,1,-0.021726065588180764,24,0.09149163669551988
325194,0.12538892540323063,1,0.05608918164254859,2,-0.06929974376068203,23,0.22631624910173267,32,Manufacturing - paper/chemicals,0.18071063685806313,1,0.08741328778141766,4,-0.09329734907664547,23,0.3243043568617674
481211,0.12532698932830824,4,0.08321022043033743,1,-0.04211676889797081,23,0.2262044598020362,48,Transportation,0.05053869404479497,3,0.03134868162065552,2,-0.01919001242413945,24,0.09069703341095588
441120,0.12509348657160935,4,0.046919627287744174,1,-0.07817385928386518,23,0.22578300736609688,44,Retail trade - general,0.0930066346814266,3,0.04615688153643048,1,-0.04684975314499612,24,0.1669102459526393
423120,0.12499196396744641,4,0.08118514820397565,3,-0.04380681576347075,23,0.2255997677785551,42,Wholesale trade,0.016840482441380537,1,0.00793293226613508,2,-0.008907550175245457,23,0.03022202744868539
311830,0.12417751321754969,4,0.06508710665322756,1,-0.05909040656432213,23,0.22412975407358102,31,Manufacturing - food/textiles,0.06197936868797447,3,0.0342130682625214,1,-0.02776630042545307,24,0.11122853447104696
331221,0.12375682524523327,4,0.08539673269203173,3,-0.038360092553201545,23,0.22337044838824485,33,Manufacturing - metals/machinery,0.031118965045362934,1,0.01061406876919745,2,-0.020504896276165484,23,0.055846275131922044
326199,0.12373602448253823,4,0.08028052080965417,1,-0.04345550367288407,23,0.22333290479676374,32,Manufacturing - paper/chemicals,0.033918120192305265,3,0.021786722658290254,1,-0.012131397534015008,24,0.060869655191162504
812112,0.12372104014826121,4,0.055813266431256774,1,-0.06790777371700445,23,0.22330585935939393,81,Other services,0.08071572023047163,3,0.04413205265233625,1,-0.03658366757813539,24,0.1448528996029017
326299,0.12359006791771612,4,0.08052550110673092,3,-0.0430645668109852,23,0.223069465723687,32,Manufacturing - paper/chemicals,0.01978725611047067,1,0.010139716193532943,2,-0.009647539916937727,23,0.03551032456382461
325220,0.12353816340123275,4,0.06056511489386751,3,-0.06297304850736524,23,0.22297578252603473,32,Manufacturing - paper/chemicals,0.08226532587933538,1,0.057635465905904154,4,-0.02462985997343123,23,0.147633830886647
333618,0.12330460413420036,4,0.05932058101968125,2,-0.06398402311451912,23,0.22255422809379333,33,Manufacturing - metals/machinery,0.14300348870719573,1,0.08440996169817179,2,-0.058593527009023934,23,0.2566348901232753
339920,0.12325183977455592,4,0.07836853629188116,3,-0.044883303482674754,23,0.22245899295302962,33,Manufacturing - metals/machinery,0.05674882986999449,1,0.030438458987822107,2,-0.02631037088217238,23,0.10184177917596252
813910,0.1229652666679544,4,0.07022889241408933,3,-0.05273637425386506,23,0.22194175309017158,81,Other services,0.04084288723239915,1,0.025876804779189744,4,-0.014966082453209406,23,0.0732968822786255
311111,0.12256839851752657,4,0.06907854834229647,3,-0.05348985017523009,23,0.22122544013905623,31,Manufacturing - food/textiles,0.11050122589349014,1,0.06611652658755303,2,-0.04438469930593711,23,0.19830614079442457
311613,0.12231227478599514,4,0.07016700165142244,3,-0.052145273134572706,23,0.22076315878494362,31,Manufacturing - food/textiles,0.027320120272579358,1,0.012292147056703055,4,-0.015027973215876303,23,0.04902884627286208
334112,0.12209017211137305,4,0.04441891947020326,2,-0.0776712526411698,23,0.22036228251876389,33,Manufacturing - metals/machinery,0.13423230965040442,3,0.0619515531147298,2,-0.07228075653567462,24,0.2408940813231474
322291,0.1220322028234671,1,0.07364675345828711,2,-0.04838544936518,23,0.22025765292919064,32,Manufacturing - paper/chemicals,0.1838745270197802,1,0.10497085959715617,4,-0.07890366742262403,23,0.3299822924936518
611410,0.12160417608391559,4,0.06935358811166774,1,-0.05225058797224785,23,0.21948510139882998,61,Educational services,0.06794682836869126,3,0.04702034653531247,1,-0.020926481833378793,24,0.12193777221986538
456110,0.12136525705889445,4,0.07713377230779876,1,-0.044231484751095694,23,0.21905387306340926,45,Retail trade - specialty,0.03742192418507795,3,0.024514545572851314,1,-0.012907378612226635,24,0.06715760215544846
325998,0.12135032448132613,4,0.06417587697639618,3,-0.057174447504929955,23,0.21902692104245675,32,Manufacturing - paper/chemicals,0.10382626995616415,1,0.06714923506999906,2,-0.03667703488616509,23,0.18632722616066458
524128,0.12110185325722057,1,0.060343927409703554,2,-0.06075792584751702,23,0.21857845180748683,52,Finance & insurance,0.15362619073520278,1,0.09166803354857261,4,-0.061958157186630176,23,0.2756984527846854
482111,0.12092821063162641,4,0.06069086362855537,3,-0.06023734700307104,23,0.21826504177081676,48,Transportation,0.060334101589378485,1,0.03582999035063512,4,-0.024504111238743367,23,0.10827592859486336
112120,0.12071745713758011,4,0.06420190873961187,1,-0.05651554839796825,23,0.21788464980155586,11,"Agriculture, forestry, fishing",0.04979065112971301,3,0.02459920887061382,1,-0.025191442259099188,24,0.08935459125758557
336340,0.12051293009167388,4,0.048691721989458404,3,-0.07182120810221548,23,0.21751549603681547,33,Manufacturing - metals/machinery,0.10874059253856025,1,0.07223733966071991,4,-0.036503252877840335,23,0.19514649796560546
611692,0.12033819167046085,2,0.0343744827291443,1,-0.08596370894131655,24,0.2172001081830978,61,Educational services,0.13732103900497444,3,0.0752788780520072,4,-0.06204216095296724,24,0.24643713293466188
311212,0.11941374586554987,4,0.0683581691819663,1,-0.05105557668358358,23,0.21553156284392627,31,Manufacturing - food/textiles,0.03761674449773114,3,0.017885273953016628,1,-0.019731470544714518,24,0.06750722781831536
722514,0.11939837773402173,4,0.06891267617581641,1,-0.05048570155820533,23,0.2155038246854568,72,Accommodation & food services,0.04525543596816564,2,0.026093840548829367,1,-0.01916159541933627,24,0.08121566782857587
624230,0.11928711278549034,4,0.06818250096226543,1,-0.05110461182322491,23,0.21530300100244698,62,Health care & social assistance,0.04851280075033634,3,0.028732295065980486,1,-0.019780505684355854,24,0.08706135355639365
921120,0.11911802036435029,4,0.04478474957791954,2,-0.07433327078643075,23,0.21499780369430446,92,Public administration,0.12992036508081264,3,0.06097759039987708,2,-0.06894277468093557,24,0.23315584059322628
334111,0.11903881464355857,4,0.07882145343564925,3,-0.04021736120790932,23,0.21485484416594633,33,Manufacturing - metals/machinery,0.020246907443992136,1,0.009307369534925232,2,-0.010939537909066904,23,0.03633521751251924
423690,0.11899410083090975,4,0.07028612906337955,3,-0.04870797176753019,23,0.2147741395715878,42,Wholesale trade,0.03531385621279655,1,0.02040501040887736,4,-0.014908845803919185,23,0.06337445114752754
524291,0.11847446109990317,4,0.07054058053481117,3,-0.047933880565092006,23,0.2138362344541506,52,Finance & insurance,0.07308434203182369,1,0.044410927745983056,2,-0.028673414285840634,23,0.13115758403259967
321211,0.11830599776723832,4,0.0783711067042318,3,-0.039934891063006524,23,0.21353217259671559,32,Manufacturing - paper/chemicals,0.0150268325441162,3,0.008202964381049255,4,-0.006823868163066946,24,0.026967240825545462
493120,0.1182611286948701,4,0.07457538817262,1,-0.04368574052225011,23,0.2134511877718884,49,Warehousing & couriers,0.033137114367793305,3,0.020775479984412256,1,-0.012361634383381052,24,0.059468057609374424
325130,0.11820045775257268,4,0.06241225425757296,3,-0.05578820349499972,23,0.21334168192800254,32,Manufacturing - paper/chemicals,0.11174484516541996,1,0.07169768809920221,2,-0.04004715706621775,23,0.20053794715168333
333120,0.11785204166493393,4,0.06591366429606907,3,-0.051938377368864856,23,0.21271282079192114,33,Manufacturing - metals/machinery,0.08085418749071058,1,0.051910487581285275,2,-0.028943699909425306,23,0.1451013937511099
561410,0.11778163226973323,4,0.07656583187801821,1,-0.04121580039171502,23,0.21258573787632792,56,Administrative & waste services,0.030874832378295945,3,0.020983138125449986,1,-0.009891694252845959,24,0.05540815323185762
424950,0.11775609092461672,4,0.06703459238155768,2,-0.05072149854305904,23,0.21253963794042693,42,Wholesale trade,0.0959391942303982,1,0.05060819179283436,2,-0.045331002437563855,23,0.17217303432538494
488410,0.1171549801982566,4,0.06652128658447261,1,-0.05063369361378399,23,0.2114546846684601,48,Transportation,0.06230499931919538,3,0.04299541184428045,1,-0.01930958747491493,24,0.11181291309019561
321999,0.11688385323029246,4,0.08063256671689785,1,-0.03625128651339462,23,0.21096532376020888,32,Manufacturing - paper/chemicals,0.017040802297070314,3,0.012113621922544754,1,-0.00492718037452556,24,0.03058152262337807
624110,0.11653045058792463,4,0.07021675302471612,1,-0.04631369756320851,23,0.21032746232080246,62,Health care & social assistance,0.0345316877934657,2,0.01954209636912625,1,-0.014989591424339449,24,0.061970767166335504
812990,0.11647861112953373,4,0.07303740067206525,3,-0.04344121045746848,23,0.21023389654742364,81,Other services,0.023587686805856614,2,0.011430112610623128,4,-0.012157574195233486,24,0.04233059952878368
325611,0.11644450076555146,4,0.07666245796371012,2,-0.03978204280184134,23,0.2101723302678887,32,Manufacturing - paper/chemicals,0.0609575693648881,3,0.026566022668541946,2,-0.034391546696346156,24,0.10939480748033535
488320,0.11583766380607051,4,0.07273058568959208,3,-0.04310707811647843,23,0.20907704163658114,48,Transportation,0.02112836513378849,1,0.00866397595608183,4,-0.012464389177706661,23,0.03791708659427557
921140,0.11548425237134557,4,0.06257393501625189,3,-0.052910317355093696,23,0.20843916432772475,92,Public administration,0.05333773460386753,2,0.030716694752820677,4,-0.022621039851046854,24,0.09572020783014075
424940,0.1153141925843432,1,0.05956387389704203,3,-0.05575031868730116,23,0.20813222100722295,42,Wholesale trade,0.14267802510460545,1,0.09088798003591109,4,-0.05179004506869436,23,0.25605081125467577
311812,0.1152229269850843,4,0.06146770927195829,1,-0.053755217713126,23,0.20796749443324625,31,Manufacturing - food/textiles,0.06905178011836714,3,0.045324514523026695,4,-0.023727265595340448,24,0.12392072503754249
532289,0.11491709685665775,2,0.05485868141142838,3,-0.06005841544522938,24,0.207415497298689,53,Real estate,0.10025367011765837,2,0.06024917751692356,4,-0.040004492600734805,24,0.1799158177726731
457110,0.11427404509105787,4,0.06453106817873308,1,-0.04974297691232479,23,0.20625484405039932,45,Retail trade - specialty,0.04684037780165996,3,0.026176471113094308,4,-0.02066390668856566,24,0.0840600136341767
332112,0.11403327339848732,4,0.06514992458293822,3,-0.04888334881554909,23,0.20582027180905335,33,Manufacturing - metals/machinery,0.0469479864307972,1,0.026902936146436685,4,-0.020045050284360516,23,0.08425312870405793
311821,0.1137643350453561,4,0.07727988773225636,1,-0.036484447313099744,23,0.2053348611627421,31,Manufacturing - food/textiles,0.032190544698615514,3,0.02189887245010896,2,-0.010291672248506557,24,0.057769338191830284
721191,0.1137634129959547,3,0.0293534396467062,1,-0.0844099733492485,24,0.2053331969427056,72,Accommodation & food services,0.13615204551252186,3,0.07749129509076198,4,-0.058660750421759875,24,0.2443392504340142
213112,0.11373440263608436,1,0.0671330264726614,3,-0.04660137616342297,23,0.20528083573289516,21,"Mining, quarrying, oil & gas",0.1567822329234585,1,0.09845713261153045,4,-0.05832510031192803,23,0.281362304397885
441330,0.11368558250575864,4,0.06842020928638923,1,-0.0452653732193694,23,0.20519271958754623,44,Retail trade - general,0.037488122918384846,3,0.020713357337475334,4,-0.016774765580909512,24,0.06727640278613307
531110,0.11292561780044044,4,0.07378746580798483,3,-0.039138151992455614,23,0.20382104851688174,53,Real estate,0.020407212510914076,3,0.008999703451600165,4,-0.011407509059313911,24,0.036622901915240015
326112,0.11289330150760683,4,0.07189177358128163,3,-0.04100152792632521,23,0.2037627203817976,32,Manufacturing - paper/chemicals,0.023477347609574314,1,0.0101741463235572,4,-0.013303201286017113,23,0.042132584167269116
336415,0.11284025070835421,2,0.03709431996354159,3,-0.07574593074481262,24,0.20366696824212424,33,Manufacturing - metals/machinery,0.10835628951017667,1,0.04819290565189821,4,-0.06016338385827846,23,0.19445682552226248
485210,0.11236157630669327,4,0.05124863270098789,1,-0.06111294360570538,23,0.20280300202838933,48,Transportation,0.08096211825510946,3,0.047015776088798616,4,-0.03394634216631085,24,0.1452950869267998
424120,0.1121085252162001,4,0.07242260569556414,3,-0.039685919520635965,23,0.20234626652764753,42,Wholesale trade,0.0285174430896479,1,0.015745073917913296,4,-0.012772369171734604,23,0.05117756874374971
322230,0.1120805370960209,4,0.08037506865056346,3,-0.03170546844545744,23,0.2022957503727479,32,Manufacturing - paper/chemicals,0.037575983257200546,3,0.016432386998598336,2,-0.021143596258602206,24,0.06743407745968127
326113,0.11172921865340255,4,0.07431511085917192,3,-0.03741410779423062,23,0.2016616507350171,32,Manufacturing - paper/chemicals,0.02160361165795198,3,0.010723747649825158,4,-0.010879864008126822,24,0.03876996676253421
624221,0.11171546684881778,4,0.0619056948212983,1,-0.04980977202751948,23,0.20163682990796242,62,Health care & social assistance,0.05348318227285015,3,0.030193902226849704,4,-0.023289280046000442,24,0.0959812290603603
335999,0.11158172186396731,4,0.07232758111121786,2,-0.039254140752749446,23,0.20139543168870033,33,Manufacturing - metals/machinery,0.06411322947704762,1,0.03024958482979335,2,-0.03386364464725426,23,0.11505797341755707
813312,0.1115653129551778,4,0.058485553382532064,3,-0.05307975957264574,23,0.2013658150165967,81,Other services,0.056812090984958846,2,0.03010266950019217,4,-0.026709421484766675,24,0.10195530793973412
532490,0.11135775016195391,4,0.0717116076918327,3,-0.039646142470121215,23,0.2009911819884848,53,Real estate,0.021975080149400604,3,0.008491712973934563,4,-0.01348336717546604,24,0.039436606271465155
621910,0.11120522224713045,4,0.05725228080754692,1,-0.05395294143958353,23,0.20071588219262848,62,Health care & social assistance,0.07486502806069723,3,0.046922334000945407,4,-0.02794269405975182,24,0.1343532135063652
326122,0.11112580637564104,4,0.06903615981107977,3,-0.04208964656456127,23,0.20057254336029676,32,Manufacturing - paper/chemicals,0.024949474045817023,1,0.008790658989598056,4,-0.016158815056218967,23,0.04477447080673616
517410,0.11087772349441388,1,0.05504739617328081,2,-0.05583032732113307,23,0.20012477505089363,51,Information,0.14266972133790626,1,0.08637150231214988,4,-0.05629821902575637,23,0.25603590926680314
488999,0.1108741210784788,4,0.0745444506357872,3,-0.03632967044269161,23,0.20011827299930085,48,Transportation,0.022458709232875712,3,0.011808185001364171,4,-0.01065052423151154,24,0.04030452982927559
325910,0.11073754439924222,4,0.0657957929016412,3,-0.044941751497601025,23,0.1998717638146963,32,Manufacturing - paper/chemicals,0.04013750863570337,1,0.020738326670045826,4,-0.01939918196565754,23,0.07203100575844504
532282,0.11073737646890246,4,0.07831591095428714,1,-0.03242146551461532,23,0.1998714607148453,53,Real estate,0.046793507900282354,3,0.02851104623681345,2,-0.018282461663468905,24,0.0839759006373619
332919,0.11066557658360358,4,0.06653948169411998,2,-0.0441260948894836,23,0.19974186808396088,33,Manufacturing - metals/machinery,0.09234547199332124,1,0.053609873209332824,2,-0.03873559878398842,23,0.16572371955842702
541713,0.11005568702231644,1,0.048096236163487405,3,-0.061959450858829035,23,0.19864106976837653,54,Professional & technical services,0.12726575592809586,1,0.07942034230235646,4,-0.04784541362573941,23,0.22839186361345742
424110,0.11005238222121103,1,0.054625486187333025,2,-0.055426896033877994,23,0.19863510488600913,42,Wholesale trade,0.14072508524858676,1,0.08594959232620208,4,-0.05477549292238468,23,0.252546054063801
336419,0.10970113495094047,1,0.06602837562014882,2,-0.04367275933079164,23,0.19800113370825784,33,Manufacturing - metals/machinery,0.18260222004308427,1,0.09735248175901788,4,-0.08524973828406639,23,0.3276990030150574
561499,0.10923350669197021,4,0.07418967456595742,2,-0.035043832126012794,23,0.19715710483406673,56,Administrative & waste services,0.052340461601221785,1,0.022687125580704175,2,-0.029653336020517614,23,0.09393049591632209
623990,0.10915695400044052,4,0.059087439361796196,1,-0.05006951463864433,23,0.19701893379583565,62,Health care & social assistance,0.05563741622512354,3,0.029529880719620993,4,-0.026107535505502544,24,0.09984722980369526
333310,0.10909079369435307,4,0.06432707240394561,3,-0.04476372129040746,23,0.19689952012142237,33,Manufacturing - metals/machinery,0.05421573916362087,1,0.033347836700267745,4,-0.020867902463353127,23,0.09729587990469689
325120,0.10898782503764388,1,0.05695339111070654,3,-0.052034433926937344,23,0.19671367053313915,32,Manufacturing - paper/chemicals,0.16348467280990672,1,0.08827749724957559,4,-0.07520717556033113,23,0.2933905418861215
487990,0.1089524495097304,4,0.051368593979632934,1,-0.05758385553009746,23,0.1966498207412885,48,Transportation,0.08992155370223444,2,0.05609517281456863,4,-0.033826380887665805,24,0.1613737417367352
493190,0.10888630421831591,4,0.06576677207306783,3,-0.04311953214524807,23,0.19653043416707128,49,Warehousing & couriers,0.04199890313459605,1,0.022570700340365138,4,-0.01942820279423091,23,0.07537147512054218
541850,0.10888551012063319,1,0.06160247576198829,2,-0.04728303435864489,23,0.1965290008889058,54,Professional & technical services,0.1426802035981192,1,0.09292658190085734,4,-0.04975362169726186,23,0.2560547207917688
621410,0.10849662259539083,4,0.06256019938713825,1,-0.04593642320825259,23,0.19582709228132922,62,Health care & social assistance,0.059023083648483216,3,0.036388308168322725,4,-0.02263477548016049,24,0.10592316819542864
624120,0.10849051864569705,4,0.055638668080716165,1,-0.05285185056498088,23,0.1958160751759911,62,Health care & social assistance,0.0632245414724651,3,0.03366823468588253,4,-0.029556306786582574,24,0.11346312877095628
325199,0.10839188541661718,4,0.05323578437301784,3,-0.05515610104359934,23,0.19563805066249945,32,Manufacturing - paper/chemicals,0.0832017205178405,1,0.05124253002355959,4,-0.0319591904942809,23,0.14931429013514008
561611,0.10793130496982116,4,0.0737530027342842,1,-0.03417830223553696,23,0.1948067424844186,56,Administrative & waste services,0.03467727684301372,3,0.023235304709999186,4,-0.011441972133014539,24,0.06223204211893761
424690,0.1077661446357465,4,0.05924986100497338,2,-0.04851628363077313,23,0.19450864225596573,42,Wholesale trade,0.11289883248443584,1,0.0697730449591579,2,-0.043125787525277945,23,0.2026088994864594
322211,0.10766321603837223,4,0.06376039955076142,2,-0.04390281648761082,23,0.194322864971344,32,Manufacturing - paper/chemicals,0.07954490717505164,1,0.041032586792936004,2,-0.03851232038211563,23,0.14275175170400092
561440,0.10755160834600644,4,0.06676754694662643,3,-0.040784061399380005,23,0.19412142266512836,56,Administrative & waste services,0.025781221965348086,3,0.007353794044675774,4,-0.018427427920672312,24,0.046267130446503234
335991,0.10750302149570382,4,0.04608098317324631,3,-0.061422038322457496,23,0.19403372757020035,33,Manufacturing - metals/machinery,0.07256425597536964,1,0.03345026428131721,4,-0.03911399169405243,23,0.13022423457966414
456191,0.10746068863395045,4,0.07173021751586289,1,-0.035730471118087546,23,0.19395732038786784,45,Retail trade - specialty,0.035194479738746544,3,0.021729722387310697,4,-0.013464757351435847,24,0.06316021743492313
327993,0.10675415399527216,4,0.06736044972361427,3,-0.039393704271657885,23,0.1926820860019609,32,Manufacturing - paper/chemicals,0.06075947670898789,1,0.03436912684647428,2,-0.026390349862513613,23,0.10903930925130075
311211,0.10655778532571747,4,0.053315613922961365,1,-0.0532421714027561,23,0.19232765740635888,31,Manufacturing - food/textiles,0.11297701344677288,3,0.0810976525024355,4,-0.031879360944337375,24,0.20274920349484749
562111,0.10628318802133135,4,0.06643857451538805,1,-0.03984461350594331,23,0.1918320328387006,56,Administrative & waste services,0.04660682257587319,3,0.027850422223962504,4,-0.018756400351910688,24,0.08364087407157321
335929,0.10620562845426483,4,0.059275592414498667,3,-0.046930036039766164,23,0.1916920444765386,33,Manufacturing - metals/machinery,0.0641805525656527,1,0.03826117011285263,4,-0.025919382452800073,23,0.11517879182278003
485111,0.1061422165583909,4,0.058437902273224276,1,-0.04770431428516663,23,0.19157759144668396,48,Transportation,0.0517137297423357,3,0.024956657148261237,4,-0.026757072594074463,24,0.09280575928789399
484122,0.10612171226456238,4,0.046354128076908765,1,-0.05976758418765362,23,0.19154058295606305,48,Transportation,0.09127758379525168,3,0.052436737004861705,4,-0.038840846790389974,24,0.16380728120539728
813212,0.10604287923895107,4,0.0655429166215515,1,-0.040499962617399576,23,0.19139829611051976,81,Other services,0.04108487426236185,3,0.021432816016614602,4,-0.019652058245747242,24,0.07373115360589985
339113,0.10600898676505383,4,0.058932337012228386,3,-0.04707664975282544,23,0.19133712310388828,33,Manufacturing - metals/machinery,0.1047128321917629,1,0.06547394493281966,2,-0.03923888725894324,23,0.1879182558899196
424920,0.10575444813122564,4,0.05505988761592228,2,-0.05069456051530336,23,0.19087770271509222,42,Wholesale trade,0.10845533438703354,1,0.06315126997722537,2,-0.04530406440980818,23,0.19463457203263945
928120,0.10568320771565277,4,0.04673939355304572,3,-0.05894381416260706,23,0.19074911987904786,92,Public administration,0.08060840026845173,1,0.0421528189541987,4,-0.03845558131425302,23,0.14466030257670326
624190,0.10548633818735881,4,0.06367296671539849,1,-0.04181337147196031,23,0.19039378727640663,62,Health care & social assistance,0.0396987240603227,3,0.01817671590842245,4,-0.02152200815190025,24,0.07124356041491799
441340,0.10543450553475886,4,0.072216696872704,1,-0.03321780866205486,23,0.19030023378689637,44,Retail trade - general,0.05171405074692381,3,0.033199471055339366,2,-0.018514579691584446,24,0.09280633536458935
519290,0.10517487669544878,4,0.0564665455654338,3,-0.048708331130014985,23,0.1898316260140621,51,Information,0.11299751773329023,1,0.07200258746411381,2,-0.04099493026917642,23,0.20278600060633759
332431,0.10513002789698737,1,0.05872408760163548,2,-0.046405940295351895,23,0.18975067778189672,33,Manufacturing - metals/machinery,0.17871805392382098,1,0.09004819374050455,4,-0.08866986018331643,23,0.32072845597281924
423420,0.10510853260932325,4,0.07105055569470634,3,-0.034057976914616914,23,0.1897118806324526,42,Wholesale trade,0.02822429770203127,3,0.014079878529438865,4,-0.014144419172592404,24,0.05065148833115797
518210,0.10509895982011493,1,0.05212911155138501,2,-0.05296984826872991,23,0.18969460256949686,51,Information,0.13999222003708342,1,0.08345321769025407,4,-0.05653900234682934,23,0.25123084990528965
541511,0.1049243201054853,4,0.06257010426225836,3,-0.042354215843226954,23,0.18937939287269093,54,Professional & technical services,0.057345405404017225,1,0.03472053479897684,4,-0.022624870605040384,23,0.10291239708891176
336413,0.10467748718539918,4,0.06409800742173517,3,-0.04057947976366401,23,0.18893388063587196,33,Manufacturing - metals/machinery,0.04822725615266601,1,0.02713028870710244,4,-0.021096967445563566,23,0.08654891356551715
322120,0.10385365754479617,1,0.05934002023202465,2,-0.044513637312771526,23,0.1874469388380974,32,Manufacturing - paper/chemicals,0.16968469834491384,1,0.09066412637089372,4,-0.07902057197402013,23,0.30451714366571847
713290,0.10384929136837764,4,0.06422784310623958,1,-0.03962144826213807,23,0.18743905826438023,71,"Arts, entertainment & recreation",0.053566479212096736,3,0.032599347451037576,4,-0.02096713176105916,24,0.09613071423057823
327120,0.10344664704933453,4,0.06653554508606623,3,-0.0369111019632683,23,0.1867123198246423,32,Manufacturing - paper/chemicals,0.029886183262019993,3,0.011226753480787478,4,-0.018659429781232514,24,0.05363391779452884
561990,0.10333223690026042,4,0.06501482020889598,1,-0.038317416691364424,23,0.18650581932458332,56,Administrative & waste services,0.04086356799293509,3,0.020683413334532337,4,-0.020180154658402755,24,0.07333399609141279
333914,0.10287514442860488,4,0.054849671964576345,3,-0.04802547246402853,23,0.18568080664228262,33,Manufacturing - metals/machinery,0.09832505615775233,1,0.06437247074009289,2,-0.03395258541765944,23,0.17645471597603002
424340,0.10287448019334483,4,0.06701896616874725,3,-0.03585551402459757,23,0.1856796077546449,42,Wholesale trade,0.05174861984750527,1,0.0291809102698155,2,-0.02256770957768977,23,0.09286837327296198
624310,0.10264778884609618,4,0.055838570029042855,1,-0.04680921881705332,23,0.18527044932818781,62,Health care & social assistance,0.061129657143016755,3,0.03177325230476087,4,-0.029356404838255884,24,0.10970363720491663
621420,0.10229507821859932,4,0.054879032333716965,1,-0.04741604588488236,23,0.1846338369162327,62,Health care & social assistance,0.06647770379471665,3,0.03616176126113488,4,-0.030315942533581774,24,0.11930127273983272
621610,0.10218982045618477,4,0.05573303402652543,1,-0.04645678642965934,23,0.18444385568860916,62,Health care & social assistance,0.0646145488292568,3,0.03515260798848349,4,-0.02946194084077331,24,0.11595764403422504
517121,0.10195082675533651,1,0.0628142261817444,2,-0.03913660057359212,23,0.1840124925697294,51,Information,0.16678401989598418,1,0.09413833232061346,4,-0.07264568757537072,23,0.2993115692999893
812111,0.10108347948281855,4,0.05241854375080397,1,-0.04866493573201458,23,0.18244700518116114,81,Other services,0.07371663239067583,3,0.040940201274181055,4,-0.03277643111649477,24,0.13229229597730105
311213,0.10105273347209627,4,0.05784897159017154,2,-0.04320376188192473,23,0.18239151127052167,31,Manufacturing - food/textiles,0.10185289095783417,3,0.06403962518140463,2,-0.037813265776429544,24,0.18278578876646967
485999,0.10102858905223913,4,0.0599915030526176,1,-0.04103708599962153,23,0.18234793266482557,48,Transportation,0.06521822634671143,3,0.040014754532030294,4,-0.02520347181468114,24,0.11704100720782616
444110,0.10098874535833376,1,0.05529078641551881,2,-0.04569795894281495,23,0.18227601821683087,44,Retail trade - general,0.17074923365665434,1,0.08661489255438787,4,-0.08413434110226649,23,0.3064275649094984
326160,0.1009681016420474,4,0.06942630564303266,1,-0.03154179599901474,23,0.18223875808063922,32,Manufacturing - paper/chemicals,0.04380397775132104,3,0.02803530852705496,4,-0.015768669224266077,24,0.07861087249549742
623220,0.1009392848867389,4,0.054408953409251164,1,-0.04653033147748774,23,0.18218674631044715,62,Health care & social assistance,0.06501513126812183,3,0.03422910981007425,4,-0.030786021458047576,24,0.11667653160202372
623210,0.10067115385790712,4,0.0519931934567018,1,-0.04867796040120532,23,0.18170279281520943,62,Health care & social assistance,0.07773055348232287,3,0.04452877207172593,4,-0.03320178141059694,24,0.13949570204543918
456130,0.10018142781475968,4,0.05832345498046007,1,-0.04185797283429961,23,0.18081887933707616,45,Retail trade - specialty,0.06450222215614088,3,0.03763070226930221,4,-0.02687151988683867,24,0.11575606193525931
327410,0.10007413326160064,4,0.04024000983651512,3,-0.05983412342508551,23,0.18062522187696226,32,Manufacturing - paper/chemicals,0.07474616193293346,2,0.02979119690214984,4,-0.04495496503078362,24,0.1341398956641656
811122,0.09959987163553799,2,0.03961637982336966,1,-0.05998349181216834,24,0.17976922034446471,81,Other services,0.09865237369762642,2,0.04500687592886484,4,-0.05364549776876158,24,0.17704212193123017
532112,0.09942163084346686,4,0.047995349861103154,3,-0.051426280982363716,23,0.17944751101193204,53,Real estate,0.11070250892153888,1,0.07350288391534329,4,-0.037199625006195586,23,0.19866736448381817
331110,0.09911849723986282,1,0.05040860050592063,2,-0.048709896733942194,23,0.17890038087325563,33,Manufacturing - metals/machinery,0.13426687021899142,1,0.08173270664478968,4,-0.05253416357420173,23,0.24095610391995329
541512,0.099111210474741,4,0.06589940205067267,3,-0.033211808424068325,23,0.17888722888758263,54,Professional & technical services,0.03422161983661352,3,0.014926047019987454,4,-0.01929557281662607,24,0.06141431741285825
114112,0.09888775479383763,4,0.050601083373024235,1,-0.0482866714208134,23,0.17848391056118423,11,"Agriculture, forestry, fishing",0.10270888863587549,3,0.06811499714160098,4,-0.034593891494274505,24,0.18432196716348564
322219,0.09878569338262595,4,0.059949945983659186,2,-0.038835747398966766,23,0.1782996984731615,32,Manufacturing - paper/chemicals,0.07403071776612882,1,0.04058546647265725,2,-0.03344525129347158,23,0.13285595541349668
812331,0.09877748118247212,4,0.05068128515687511,1,-0.04809619602559701,23,0.17828487615667932,81,Other services,0.09445725239360475,3,0.05994356268318113,4,-0.03451368971042363,24,0.1695135329111692
925110,0.09871628777745736,4,0.057851440511585035,1,-0.040864847265872334,23,0.17817442731242797,92,Public administration,0.05418058956515229,3,0.026837055209438583,4,-0.027343534355713704,24,0.09723280023144967
541715,0.09866621561528709,1,0.04491661467773795,3,-0.05374960093754914,23,0.17808405135705274,54,Professional & technical services,0.12344952975137546,1,0.07624072081660702,4,-0.04720880893476844,23,0.22154324198609623
561599,0.09863626603238194,1,0.04737896751377554,3,-0.05125729851860641,23,0.17802999493027138,56,Administrative & waste services,0.12673631594640908,1,0.07870307365264459,4,-0.04803324229376449,23,0.22744172755205505
621491,0.09863466169319937,4,0.047985580482875906,3,-0.050649081210323466,23,0.178027099235736,62,Health care & social assistance,0.10744296618229679,1,0.07023357179787396,4,-0.037209394384422834,23,0.19281777018160992
531130,0.09858963974590615,4,0.06741726627600854,3,-0.03117237346989761,23,0.17794583848478937,53,Real estate,0.03474319056544837,3,0.01696548197415817,4,-0.0177777085912902,24,0.06235033126745809
321219,0.0984923744993085,1,0.04469187677122089,2,-0.05380049772808762,23,0.17777028306227383,32,Manufacturing - paper/chemicals,0.12442598453268239,1,0.07601598291008996,2,-0.04841000162259244,23,0.2232955933991736
923110,0.09825688914085608,4,0.0561267002839372,1,-0.042130188856918875,23,0.17734525220032216,92,Public administration,0.05096734193464672,3,0.02189906735128518,4,-0.029068274583361538,24,0.09146628739984924
812113,0.09817190384840671,3,0.034218660656014484,1,-0.06395324319239223,24,0.177191861041142,81,Other services,0.1706079579471313,3,0.08235651610007026,4,-0.08825144184706103,24,0.3061740307019185
813219,0.09813204061948685,4,0.06063304156746723,1,-0.03749899905201962,23,0.17711991133412272,81,Other services,0.04549366922609348,3,0.02093173592626197,4,-0.024561933299831508,24,0.081643202614788
532210,0.09778518868886443,4,0.06060752974520687,3,-0.037177658943657564,23,0.17649387336721517,53,Real estate,0.045215321461073245,1,0.020627876338981374,4,-0.02458744512209187,23,0.08114367810152043
339112,0.09753017782712244,1,0.04809265786959493,2,-0.04943751995752751,23,0.17603360064756265,33,Manufacturing - metals/machinery,0.1298076124387042,1,0.07941676400846398,4,-0.050390848430240234,23,0.23295349404783633
562112,0.09708021524315519,4,0.05736791121122997,3,-0.03971230403192522,23,0.17522145680063114,56,Administrative & waste services,0.03625261506819932,3,0.008425551412130555,4,-0.027827063656068768,24,0.06505915323337548
337910,0.09704234326679767,1,0.042409469559571214,2,-0.05463287370722645,23,0.17515310113359164,33,Manufacturing - metals/machinery,0.13108491422285073,1,0.07373357569844027,4,-0.05735133852441045,23,0.23524574723684694
314110,0.09695699584766637,4,0.05726568854170686,3,-0.03969130730595951,23,0.1749990563668294,31,Manufacturing - food/textiles,0.07573140228176967,1,0.047802115956177796,4,-0.027929286325591877,23,0.13590801370767927
722513,0.09678497238132097,4,0.04392578531130186,1,-0.05285918707001911,23,0.17468856877364228,72,Accommodation & food services,0.08751548295485792,3,0.04624629339886105,4,-0.04126918955599688,24,0.15705579322048527
323117,0.09642514888168452,4,0.05706182456754963,2,-0.03936332431413488,23,0.1740391182379231,32,Manufacturing - paper/chemicals,0.08218009799272073,1,0.04820726978408103,2,-0.0339728282086397,23,0.14748088042708463
327310,0.09637605848713537,1,0.055951173004759366,3,-0.040424885482376015,23,0.17395051428884578,32,Manufacturing - paper/chemicals,0.17863323195294573,1,0.08727527914362843,4,-0.09135795280931729,23,0.3205762339719967
561612,0.09632007279534999,4,0.048787779696760056,1,-0.047532293098589924,23,0.173849464920032,56,Administrative & waste services,0.07949112695507993,3,0.04308393178454125,4,-0.036407195170538684,24,0.14265523740936364
326220,0.09625312551219485,4,0.06403314006097884,1,-0.032219985451216016,23,0.17372863081955225,32,Manufacturing - paper/chemicals,0.03796567055029261,3,0.016803835743972706,4,-0.021161834806319904,24,0.06813341253569391
325193,0.09624228685907431,4,0.05566860367490487,3,-0.040573683184169436,23,0.17370906798087515,32,Manufacturing - paper/chemicals,0.051765603966270946,1,0.022239232773877078,4,-0.029526371192393867,23,0.0928988530709912
481112,0.09621113390012487,4,0.06272436493945364,3,-0.033486768960671216,23,0.17365283956361116,48,Transportation,0.03712169641122966,3,0.014651086483384562,4,-0.022470609927845095,24,0.06661881165145402
423450,0.09607340020764144,4,0.0571420095202671,3,-0.03893139068737433,23,0.17340424206939434,42,Wholesale trade,0.07864048004088679,1,0.0497838863764004,2,-0.028856593664486386,23,0.14112866152417916
621991,0.09580158329595617,4,0.052466166442188704,1,-0.04333541685376746,23,0.17291363587193953,62,Health care & social assistance,0.07445491234526005,3,0.04172610392015001,4,-0.032728808425110036,24,0.13361721746514588
524292,0.09536255146024111,4,0.04840069328215333,3,-0.04696185817808779,23,0.1721212210874938,52,Finance & insurance,0.11923172839132777,1,0.07835247455648764,2,-0.04087925383484013,23,0.21397395120596735
813930,0.09528181638682917,4,0.056888249429511664,1,-0.0383935669573175,23,0.17197550120890975,81,Other services,0.05672409835581013,3,0.028417372918023053,4,-0.028306725437787075,24,0.10179739585718713
212390,0.09482811892150873,4,0.06515140966856885,3,-0.02967670925293989,23,0.17115661622167436,21,"Mining, quarrying, oil & gas",0.04414400682118361,1,0.023574580126739672,2,-0.020569426694443935,23,0.07922109063613016
721199,0.0948080391280067,4,0.036460986831084306,3,-0.058347052296922386,23,0.1711203739177109,72,Accommodation & food services,0.08619170825373909,2,0.03745772021752465,4,-0.04873398803621443,24,0.1546801394651758
621492,0.094684503272778,4,0.05571346173810669,1,-0.0389710415346713,23,0.17089740230123818,62,Health care & social assistance,0.06244316114894753,3,0.032961648019755485,4,-0.029481513129192047,24,0.11206085911108098
481212,0.09465091084865787,4,0.06366457170520456,2,-0.030986339143453303,23,0.17083677085870325,48,Transportation,0.05973155080836735,3,0.034135707770409224,2,-0.025595843037958123,24,0.10719458746901776
532420,0.09453711713896787,4,0.047747567893878504,2,-0.04678954924508936,23,0.17063138297882793,53,Real estate,0.10827660031740484,1,0.06687754717781066,2,-0.041399053139594175,23,0.19431381483478977
325920,0.09453265712795635,4,0.04706667441641336,3,-0.04746598271154299,23,0.17062333304172358,32,Manufacturing - paper/chemicals,0.10254554856032463,1,0.06441724810943925,4,-0.03812830045088538,23,0.18402883611667914
339115,0.09407788104208042,4,0.045653278604533665,2,-0.04842460243754676,23,0.16980250123695595,33,Manufacturing - metals/machinery,0.10830302656559956,1,0.065268920233548,2,-0.043034106332051576,23,0.19436123953304807
111332,0.09395711372898946,2,0.059115499944492333,4,-0.03484161378449713,24,0.16958452660143733,11,"Agriculture, forestry, fishing",0.18454258470178336,2,0.06450599604998751,4,-0.12003658865179587,24,0.3311811926838978
336110,0.09392306618539803,4,0.044292828005767476,3,-0.04963023817963056,23,0.16952307370731642,33,Manufacturing - metals/machinery,0.07776636719559768,1,0.036864220334066417,4,-0.04090214686153126,23,0.1395599735429689
513140,0.09370100180588481,4,0.059318763515404084,3,-0.034382238290480725,23,0.1691222665605216,51,Information,0.05160768735612939,1,0.025731476004234734,4,-0.025876211351894655,23,0.09261545500665937
813311,0.09323278609681696,4,0.055885760734641333,1,-0.03734702536217563,23,0.16827717738932105,81,Other services,0.050301455081391375,3,0.02099224094873397,4,-0.029309214132657406,24,0.09027128299146295
519210,0.09292394927810231,4,0.05335585447035187,1,-0.03956809480775044,23,0.1677197534368369,51,Information,0.05787077888891157,3,0.026031658491964697,4,-0.03183912039694687,24,0.10385523539158847
221320,0.09288630981548127,4,0.05765524613700203,1,-0.035231063678479245,23,0.16765181743713672,22,Utilities,0.04530718694716666,3,0.017767458216869945,4,-0.02753972873029671,24,0.0813085404355994
493110,0.09172685203481101,4,0.05562478147609463,3,-0.03610207055871639,23,0.16555909565114754,49,Warehousing & couriers,0.0416059782765435,3,0.012035784885339386,4,-0.029570193391204112,24,0.07466632989167654
541214,0.09088251948494945,4,0.03607367770533483,2,-0.05480884177961462,23,0.16403514786178203,54,Professional & technical services,0.10078126183207825,1,0.051362916157958814,2,-0.049418345674119436,23,0.18086263692292004
311514,0.09073675315481411,4,0.052545985348417985,3,-0.038190767806396124,23,0.16377205214598842,31,Manufacturing - food/textiles,0.08859788095515861,1,0.05594889143627785,4,-0.032648989518880754,23,0.15899827094874255
513130,0.09069338290799774,4,0.04755522595479329,2,-0.04313815695320444,23,0.16369377257264864,51,Information,0.10038690653060509,1,0.06263924568289583,2,-0.03774766084770926,23,0.1801549246119965
622110,0.09035934457341291,4,0.051319895396323464,1,-0.03903944917708944,23,0.16309086204688797,62,Health care & social assistance,0.07800504743995432,3,0.04412996796897904,4,-0.033875079470975275,24,0.13998831049361826
624229,0.09021611044675565,4,0.05976976374995939,1,-0.03044634669679626,23,0.16283233674105105,62,Health care & social assistance,0.04673098729726156,3,0.021305776179922208,4,-0.02542521111733935,24,0.08386370080061852
333912,0.09019632053281457,1,0.04557915431642705,3,-0.044617166216387526,23,0.16279661764481676,33,Manufacturing - metals/machinery,0.1189769325148261,1,0.07690326045529611,4,-0.042073672059530005,23,0.21351669304841459
814110,0.09012467547528477,4,0.054213574637754364,1,-0.03591110083753041,23,0.16266730446476774,81,Other services,0.05538800031937792,3,0.024406600089833547,4,-0.030981400229544376,24,0.09939962657286021
445291,0.08974626659103258,4,0.04560369124878055,1,-0.04414257534225202,23,0.1619843089048702,44,Retail trade - general,0.0817453349367269,3,0.04215405131820871,4,-0.039591283618518186,24,0.1467006521255703
522130,0.08849721602141794,4,0.05142862203457726,2,-0.037068593986840676,23,0.15972987982395648,52,Finance & insurance,0.08533891638300375,1,0.051572563550282266,4,-0.03376635283272148,23,0.1531497142285419
713210,0.08846366493422633,4,0.05607236212014776,1,-0.03239130281407858,23,0.15966932299102987,71,"Arts, entertainment & recreation",0.06672060463425242,3,0.03759799188710143,4,-0.02912261274715098,24,0.11973718399506615
517810,0.08832850922461924,1,0.05111671354346021,3,-0.037211795681159024,23,0.15942537853465466,51,Information,0.1461399237794288,1,0.08244081968232927,4,-0.06369910409709953,23,0.26226355469235735
513199,0.08800140949424773,4,0.05232752199134527,2,-0.03567388750290245,23,0.15883499159400735,51,Information,0.07760398670350067,1,0.044736533827547206,4,-0.03286745287595347,23,0.13926856457019338
561510,0.08793240981973734,4,0.048239252812026075,2,-0.03969315700771126,23,0.1587104531032737,56,Administrative & waste services,0.09262879797022737,1,0.055673075914954705,4,-0.036955722055272665,23,0.1662321779996141
712110,0.08756194014266606,4,0.04362547492982021,3,-0.04393646521284585,23,0.15804178713097133,71,"Arts, entertainment & recreation",0.07983718272781255,2,0.038267682790334025,4,-0.04156949993747853,24,0.14327627110591637
445131,0.08747218551941335,4,0.04564397788247599,1,-0.04182820763693736,23,0.15787978773900932,44,Retail trade - general,0.0715443470552175,3,0.03199335007039475,4,-0.03955099698482275,24,0.1283939001170209
925120,0.08722444737163867,4,0.051524945921631905,1,-0.03569950145000677,23,0.15743264164390186,92,Public administration,0.0548136269873503,3,0.02114359804168347,4,-0.033670028945666834,24,0.09836885286036386
311411,0.08692999546462221,4,0.03923084044420529,1,-0.04769915502041693,23,0.15690118122247695,31,Manufacturing - food/textiles,0.10619447901883818,3,0.06023034459574472,4,-0.04596413442309345,24,0.19057722787798428
459991,0.08687771777566167,4,0.04618655714930638,2,-0.040691160626355284,23,0.15680682448053015,45,Retail trade - specialty,0.10578221799345161,1,0.06677380027545925,4,-0.03900841771799236,23,0.18983738185108898
311421,0.08645055088401771,2,0.046042413882424214,1,-0.040408137001593486,24,0.15603582490184795,31,Manufacturing - food/textiles,0.14931727929172964,3,0.0521660809137095,4,-0.09715119837802014,24,0.2679656553204861
488190,0.08631618665100405,4,0.060263366130658434,1,-0.026052820520345604,23,0.155793308992797,48,Transportation,0.05178702935085182,3,0.026855420614211516,4,-0.024931608736640305,24,0.09293730319040766
334210,0.08572197620143854,4,0.052968883564893356,2,-0.03275309263654519,23,0.15472081012824215,33,Manufacturing - metals/machinery,0.0634654346812254,1,0.03123934337882001,4,-0.032226091302405384,23,0.11389543712035761
812930,0.0856640420419806,4,0.05450799900035626,1,-0.031156043041624334,23,0.1546162439425027,81,Other services,0.06405789128518499,3,0.03337091541824251,4,-0.03068697586694248,24,0.11495866317752954
322212,0.08552184674592851,4,0.049267064466836284,2,-0.03625478227909223,23,0.15435959363675258,32,Manufacturing - paper/chemicals,0.07133367095489557,1,0.03540576055443312,4,-0.035927910400462455,23,0.1280158195656546
722410,0.08507178030243417,4,0.041632271299014124,1,-0.04343950900342006,23,0.1535472623322882,72,Accommodation & food services,0.09463652656316596,3,0.05107382299488135,4,-0.043562703568284615,24,0.16983525937548982
561422,0.08477138626540871,4,0.05923549611748191,2,-0.0255358901479268,23,0.15300507687616832,56,Administrative & waste services,0.05411487865800786,3,0.02815539990819103,4,-0.025959478749816828,24,0.09711487505642517
311230,0.08419277390410597,4,0.05072506853874732,3,-0.033467705365358646,23,0.15196073122225334,31,Manufacturing - food/textiles,0.07870361946065109,1,0.04423371313209967,4,-0.03446990632855142,23,0.141241971893039
485113,0.08397514789701557,4,0.046709507520230564,1,-0.037265640376785,23,0.1515679349567674,48,Transportation,0.08025954583932628,3,0.0417740784922581,4,-0.038485467347068175,24,0.14403424639515833
516120,0.08380956090214922,1,0.038373574420356556,2,-0.04543598648179267,23,0.1512690646422028,51,Information,0.13540363336345046,1,0.06969768055922562,4,-0.06570595280422484,23,0.24299614565118524
623311,0.0835877816408409,4,0.0442623453399742,1,-0.03932543630086669,23,0.15086877210929814,62,Health care & social assistance,0.08770174069351167,3,0.046769111166187136,4,-0.040932629527324536,24,0.15739005243839765
922160,0.08342161073599025,4,0.045743362780923544,1,-0.0376782479550667,23,0.15056884788732477,92,Public administration,0.07303443349648332,3,0.03358282141010813,4,-0.039451612086375196,24,0.131068017885654
112420,0.08340418293616314,2,0.02423728237000111,1,-0.059166900566162035,24,0.15053739220434253,11,"Agriculture, forestry, fishing",0.13567255651516624,3,0.06667076291481248,4,-0.06900179360035377,24,0.2434787566987625
485112,0.08337333622043815,4,0.04746302714053158,1,-0.03591030907990657,23,0.15048171652981596,48,Transportation,0.08564336225764409,3,0.047911414530876925,4,-0.03773194772676716,24,0.15369607456067885
334511,0.08292715429275367,4,0.04203352360431591,3,-0.04089363068843776,23,0.14967639644300765,33,Manufacturing - metals/machinery,0.09692275713262397,1,0.053761305869641146,4,-0.043161451262982826,23,0.17393814201348384
331420,0.08257940582391747,4,0.04300627700463864,2,-0.03957312881927883,23,0.1490487403015678,33,Manufacturing - metals/machinery,0.09155589940893619,1,0.049367201546276086,4,-0.0421886978626601,23,0.1643067480196913
713120,0.08220972587918822,4,0.055574274804065016,3,-0.026635451075123204,23,0.1483814997283656,71,"Arts, entertainment & recreation",0.0511231044321663,3,0.021502404368932575,4,-0.029620700063233724,24,0.09174581968117779
922150,0.08207730190944024,4,0.043759225733761245,1,-0.03831807617567899,23,0.14814248582799006,92,Public administration,0.08029626208886473,3,0.03886051295532723,4,-0.041435749133537494,24,0.1441001375895007
221116,0.08182038030437497,1,0.025270722703062666,3,-0.05654965760131231,23,0.14767876438062474,22,Utilities,0.12611167669715934,1,0.056594828841931726,4,-0.0695168478552276,23,0.22632074633301555
623312,0.08178317330351856,4,0.044554735349283225,1,-0.03722843795423533,23,0.14761160893729455,62,Health care & social assistance,0.08251698505542543,3,0.041876745537409915,4,-0.040640239518015514,24,0.14808545990345107
311615,0.08165377538426838,4,0.05797527871389423,1,-0.02367849667037415,23,0.14737805679836288,31,Manufacturing - food/textiles,0.05567732458204379,3,0.028457628428639272,4,-0.027219696153404513,24,0.09991884957245628
488119,0.08157398525348297,4,0.05116079850820067,2,-0.0304131867452823,23,0.14723404246012192,48,Transportation,0.07596891506409068,3,0.041934738704992605,4,-0.03403417635909807,24,0.1363342555241893
812199,0.08132755997861475,4,0.052223386760998684,3,-0.02910417321761607,23,0.14678926598793596,81,Other services,0.05200527033273976,3,0.019033682226439707,4,-0.032971588106300055,24,0.09332895972210169
513120,0.0813186807983177,4,0.045333888776998656,2,-0.03598479202131904,23,0.14677323982953747,51,Information,0.08808993393818598,1,0.04822884784788589,4,-0.039861086090300084,23,0.15808670628645569
445110,0.08119714848898746,4,0.045377757958467144,1,-0.03581939053052032,23,0.14655388444146122,44,Retail trade - general,0.07528453037170418,3,0.03546731346287259,4,-0.039817216908831596,24,0.1351060547864277
623110,0.08113096187568887,4,0.04322348277805502,1,-0.03790747909763385,23,0.1464344232847896,62,Health care & social assistance,0.0887947042612185,3,0.04682321217197477,4,-0.04197149208924372,24,0.15935149119519262
485310,0.08051896331510068,4,0.04596625510528788,2,-0.0345527082098128,23,0.14532981840646744,48,Transportation,0.09629141557833118,3,0.057062695816320314,4,-0.03922871976201086,24,0.17280513279894688
813211,0.08006989162934096,4,0.057788826784955186,1,-0.02228106484438577,23,0.14451928255434096,81,Other services,0.05886749439900195,3,0.031461346316658395,4,-0.027406148082343554,24,0.10564394682603433
423430,0.07999711848823446,4,0.022371393788421692,2,-0.05762572469981276,23,0.14438793328025148,42,Wholesale trade,0.13241803634473734,3,0.06959445526586029,4,-0.06282358107887705,24,0.2376381759276727
541519,0.07990716957513387,4,0.05235701510190598,2,-0.02755015447322789,23,0.1442255832117886,54,Professional & technical services,0.062443983070900225,1,0.02960602330550747,4,-0.032837959765392756,23,0.11206233413698367
221310,0.07982496379908645,4,0.049890447134400835,3,-0.02993451666468561,23,0.14407720884116756,22,Utilities,0.053507866512268076,3,0.01820333877937017,4,-0.035304527732897904,24,0.09602552753956571
922190,0.07887806562443549,4,0.04125610572177347,1,-0.03762195990266202,23,0.14236813890154465,92,Public administration,0.09140486583722604,3,0.04746599669170076,4,-0.04393886914552527,24,0.1640357022960438
311221,0.07758476890623536,4,0.03470667636938918,2,-0.04287809253684619,23,0.14003384931977036,31,Manufacturing - food/textiles,0.09926446558392721,1,0.048776167086017654,4,-0.05048829849790956,23,0.17814058557995827
331318,0.07714110462911025,4,0.05508974276124667,3,-0.022051361867863578,23,0.13923307337614946,33,Manufacturing - metals/machinery,0.05619172568224427,3,0.0260864935761922,4,-0.030105232106052073,24,0.10084199676993161
621999,0.07701388719279265,4,0.052515405312459885,3,-0.024498481880332754,23,0.1390034568217755,62,Health care & social assistance,0.05631894311856188,3,0.023639373563723025,4,-0.032679569554838854,24,0.10107030191889187
921130,0.07694684398663242,4,0.04481021976438379,1,-0.032136624222248625,23,0.13888244958850396,92,Public administration,0.08938811071945962,3,0.049003355616544675,4,-0.04038475510291495,24,0.16041642186636648
813920,0.07604442487586346,4,0.053034735662087835,3,-0.023009689213775622,23,0.1372536605418623,81,Other services,0.05728840543549106,3,0.025128166230280156,4,-0.032160239205210904,24,0.10281010461484706
922120,0.07554895822376131,4,0.040256985845320295,1,-0.03529197237844102,23,0.13635938575724196,92,Public administration,0.09644515303844264,3,0.0515071640164642,4,-0.044937989021978444,24,0.17308103093639945
327211,0.07552032766678247,4,0.04269755247571828,2,-0.0328227751910642,23,0.13630771005905484,32,Manufacturing - paper/chemicals,0.07912610913318985,1,0.03662868674160939,4,-0.04249742239158046,23,0.14200017430943046
622210,0.0754656096241991,4,0.0410013708032847,1,-0.03446423882091439,23,0.13620894868825725,62,Health care & social assistance,0.09297277233691768,3,0.04877916827290364,4,-0.04419360406401404,24,0.166849476392813
711310,0.07536173815803182,4,0.04393304869302224,3,-0.031428689465009575,23,0.13602146960638398,71,"Arts, entertainment & recreation",0.05829232857253312,2,0.017030402398256626,4,-0.0412619261742765,24,0.10461175089841804
455211,0.07534402632935489,4,0.03977293030790797,3,-0.035571096021446924,23,0.135989501275704,45,Retail trade - specialty,0.09757737081219403,1,0.05215532625280326,4,-0.04542204455939077,23,0.17511291551900046
622310,0.07442876178440858,4,0.04771198637827928,1,-0.026716775406129302,23,0.13433752732280563,62,Health care & social assistance,0.07629760883993902,3,0.038814620350919565,4,-0.03748298848901946,24,0.13692413128044978
424490,0.07426043813349972,4,0.04065941223649374,2,-0.033601025897005976,23,0.1340337175789523,42,Wholesale trade,0.08190612112679471,1,0.03737055849598971,4,-0.044535562630805,23,0.14698919995467874
424410,0.07396351608264815,4,0.03986525398069128,2,-0.034098262101956864,23,0.13349779875990012,42,Wholesale trade,0.11356526258613668,3,0.06823554169952922,4,-0.04532972088660746,24,0.20380487881165632
516110,0.07367709257311057,4,0.047513955617751194,1,-0.026163136955359382,23,0.1329808289069036,51,Information,0.0662702741239437,3,0.028589254874396168,4,-0.037681019249547545,24,0.11892901824976136
513110,0.07365075200608166,4,0.04553325167520559,2,-0.02811750033087607,23,0.13293328644404234,51,Information,0.07760936859693271,1,0.03794764540483957,4,-0.03966172319209315,23,0.13927822294735656
923140,0.07303136933335688,4,0.03910578405867009,1,-0.03392558527468679,23,0.13181535387704016,92,Public administration,0.08992053143096593,3,0.043831340622337275,4,-0.04608919080862865,24,0.16137190716278849
921110,0.07298964352525404,4,0.03946794375591938,1,-0.03352169976933466,23,0.1317400423744477,92,Public administration,0.07258870436746288,3,0.026861673256083525,4,-0.04572703111137936,24,0.13026810980589296
562212,0.07295977203464984,4,0.04895288054867821,3,-0.02400689148597163,23,0.13168612689756742,56,Administrative & waste services,0.06037305827670468,3,0.02413096395808415,4,-0.03624209431862053,24,0.10834584049185209
334610,0.07205471237763185,4,0.04537085230901362,2,-0.026683860068618226,23,0.13005257189156577,33,Manufacturing - metals/machinery,0.08351217292374712,3,0.043688050365462,4,-0.039824122558285116,24,0.1498714298231199
921190,0.07126537407153316,4,0.03889138331459075,1,-0.03237399075694242,23,0.12862788399242242,92,Public administration,0.08870629231277069,3,0.04240270076006271,4,-0.04630359155270799,24,0.15919282659979983
336412,0.07124848596865127,1,0.03791646412919379,2,-0.03333202183945747,23,0.12859740241610793,33,Manufacturing - metals/machinery,0.1296154939817406,1,0.06924057026806285,4,-0.06037492371367776,23,0.23260871715085826
926110,0.07116801322284258,4,0.03874055843003534,1,-0.03242745479280724,23,0.128452156016334,92,Public administration,0.08336294150797596,3,0.03690852507071257,4,-0.0464544164372634,24,0.14960361825897137
922140,0.07074178374142345,4,0.03870733350599624,1,-0.032034450235427205,23,0.12768284838265626,92,Public administration,0.10311507971495723,3,0.05662743835365473,4,-0.0464876413613025,24,0.1850509200295422
327420,0.0706992774190193,4,0.031486614343914705,3,-0.03921266307510459,23,0.12760612811873598,32,Manufacturing - paper/chemicals,0.0963603862616873,1,0.042652025738303276,4,-0.053708360523384034,23,0.1729289079872646
311919,0.07046057333956786,1,0.04517427649177527,3,-0.025286296847792586,23,0.1271752877416213,31,Manufacturing - food/textiles,0.15533689744960383,1,0.07649838263064433,4,-0.07883851481895951,23,0.27876849697488265
424820,0.07024095221622045,4,0.030034071624583096,2,-0.04020688059163736,23,0.12677889046251828,42,Wholesale trade,0.11620610887844682,1,0.06104520563573118,4,-0.05516090324271564,23,0.2085441568823274
926130,0.07010418013004005,4,0.04142128384300296,3,-0.02868289628703709,23,0.1265320285851505,92,Public administration,0.0650444564104184,2,0.02127076538612261,4,-0.04377369102429578,24,0.11672915867244811
336411,0.06975043154335481,1,0.03689338022002916,2,-0.03285705132332565,23,0.12589354274594114,33,Manufacturing - metals/machinery,0.1287857828431206,1,0.06821748635889821,4,-0.06056829648422239,23,0.23111971272992562
322130,0.06939947098231669,1,0.034707394032766944,2,-0.03469207694954975,23,0.12526008905374816,32,Manufacturing - paper/chemicals,0.11977829409509014,1,0.066031500171636,4,-0.053746793923454134,23,0.2149548211875201
923120,0.0693234227102075,4,0.03639228768232711,1,-0.032931135027880386,23,0.12512282844928033,92,Public administration,0.0986575265562161,3,0.049854839371244464,4,-0.04880268718497163,24,0.1770513692811371
561613,0.06929479785831699,4,0.04039253426640427,2,-0.028902263591912725,23,0.125071163048288,56,Administrative & waste services,0.09388296999083616,3,0.04908052938994169,4,-0.04480244060089447,24,0.1684829223808484
424430,0.06907054447624156,4,0.044408245347995305,3,-0.02466229912824625,23,0.12466640493973513,42,Wholesale trade,0.0772317711021775,1,0.03644504158287405,4,-0.040786729519303434,23,0.13860058429354902
541513,0.06880603414676614,1,0.035434027570948094,2,-0.03337200657581805,23,0.12418898649609643,54,Professional & technical services,0.13733317071048912,1,0.06675813370981715,4,-0.07057503700067198,23,0.2464589045637313
311511,0.06765177739722404,4,0.030120553877133097,2,-0.037531223520090945,23,0.12210565212492559,31,Manufacturing - food/textiles,0.10777610007576387,1,0.052701679085598224,4,-0.05507442099016564,23,0.1934156141986976
926150,0.06725470944608336,4,0.0346461822524494,1,-0.03260852719363396,23,0.12138897855067105,92,Public administration,0.09959197864627692,3,0.049043186031427585,4,-0.05054879261484934,24,0.17872834242092706
611310,0.06722091223316384,4,0.047310032132435516,2,-0.019910880100728324,23,0.12132797748192882,61,Educational services,0.07879722265784322,3,0.04091227992298001,4,-0.037884942734863224,24,0.14140995273353288
923130,0.06701977747642196,4,0.0342243653989706,1,-0.03279541207745136,23,0.12096494650799369,92,Public administration,0.10768503500783039,3,0.05671442553950225,4,-0.05097060946832814,24,0.19325218829969013
312120,0.06673563968735155,1,0.04222066375724875,2,-0.024514975930102805,23,0.12045210218427309,31,Manufacturing - food/textiles,0.15417538030615194,1,0.0735447698961178,4,-0.08063061041003414,23,0.27668403157350757
459410,0.06619483349588423,4,0.04818151253346786,1,-0.018013320962416368,23,0.11947599342227293,45,Retail trade - specialty,0.07270219071419455,3,0.035688728380363674,4,-0.03701346233383088,24,0.13047177306185456
813940,0.06612653760661574,2,0.03495931553377074,1,-0.031167222072844995,24,0.11935272520349997,81,Other services,0.12965517653662137,3,0.04288929493938209,4,-0.08676588159723927,24,0.23267993169396978
924120,0.06539127672237881,2,0.03294574710757237,3,-0.032445529614806436,24,0.11802564240973165,92,Public administration,0.10789583472446296,2,0.038336243213067556,4,-0.0695595915113954,24,0.19363049069360436
562211,0.0653300680646642,4,0.03831583005985002,3,-0.027014238004814173,23,0.11791516603566612,56,Administrative & waste services,0.08754328054452948,1,0.040664135737080755,4,-0.04687914480744872,23,0.1571056789361104
924110,0.06514467940079974,4,0.035505432857456054,1,-0.029639246543343684,23,0.11758055540799815,92,Public administration,0.08610138782008434,3,0.03641184581024166,4,-0.049689542009842685,24,0.15451804989116313
115114,0.06502260776887842,4,0.034071301745734694,1,-0.030951306023143728,23,0.11736022658893126,11,"Agriculture, forestry, fishing",0.08404090762157777,3,0.03291723450001373,4,-0.051123673121564045,24,0.15082030017802409
485119,0.0643672513039506,2,0.02875665867974153,4,-0.03561059262420908,24,0.11617736441438062,48,Transportation,0.1859542186861879,3,0.06514865119468008,4,-0.12080556749150781,24,0.33371451921849515
445250,0.06414796386590363,2,0.020238154315832497,3,-0.04390980955007113,24,0.115781569408607,44,Retail trade - general,0.1114468336657672,1,0.04074286465515124,4,-0.07070396901061596,23,0.20000313398621253
532111,0.06411060693813758,3,0.038775839568128224,1,-0.025334767370009365,24,0.1157141433600721,53,Real estate,0.16595505264096,3,0.086913695012184,4,-0.07904135762877598,24,0.29782389985687163
311520,0.06393832082670324,4,0.0202518364908026,3,-0.043686484335900645,23,0.11540318171504042,31,Manufacturing - food/textiles,0.11482617538424038,1,0.04988303700774424,4,-0.06494313837649614,23,0.20606772023127332
488111,0.06364474140026699,4,0.03359547300078463,1,-0.03004926839948236,23,0.11487329604618392,48,Transportation,0.11767295185983656,3,0.06607344999332246,4,-0.05159950186651411,24,0.2111765618030761
322220,0.06181290770009998,4,0.032061431565424715,3,-0.029751476134675266,23,0.11156699343080745,32,Manufacturing - paper/chemicals,0.10515954915154108,1,0.05202600584966705,4,-0.053133543301874024,23,0.188719936736487
922130,0.06106202660706761,4,0.03348733480360515,1,-0.027574691803462465,23,0.11021171750073622,92,Public administration,0.09906022838012415,3,0.04735258831643057,4,-0.05170764006369359,24,0.17777406030962448
512131,0.061049630685801076,4,0.04303068706984867,1,-0.018018943615952413,23,0.11018934392670501,51,Information,0.07410110630984756,3,0.031936818512397484,4,-0.04216428779745007,24,0.13298227510224345
532120,0.060929656432440756,4,0.02681343333481498,2,-0.03411622309762578,23,0.10997280069593746,53,Real estate,0.11622097845246031,1,0.05783943691997655,4,-0.05838154153248376,23,0.2085708419060819
722511,0.0600801763326956,4,0.025079094322836393,1,-0.03500108200985921,23,0.10843956202081012,72,Accommodation & food services,0.12282362610850146,3,0.06270774556403912,4,-0.06011588054446235,24,0.2204199916789263
513210,0.05992678585902133,4,0.023929135086536844,2,-0.035997650772484485,23,0.10816270538025545,51,Information,0.11585957321104734,3,0.05459373343028545,4,-0.061265839780761895,24,0.2079222619640226
927110,0.0597039725426611,2,0.033505430697311996,3,-0.026198541845349102,23,0.10776054646672778,92,Public administration,0.11581609956489995,2,0.03889592680280718,4,-0.07692017276209277,23,0.20784424390653916
312111,0.05969740116004286,1,0.038997702084220646,2,-0.02069969907582221,23,0.10774868568507748,31,Manufacturing - food/textiles,0.1677586619879835,1,0.0703218082230897,4,-0.09743685376489382,23,0.30106066765032335
212323,0.05945838752711288,4,0.028578473657242656,3,-0.03087991386987023,23,0.10731728659050085,21,"Mining, quarrying, oil & gas",0.09931585691128464,1,0.04269935570122856,4,-0.05661650121005608,23,0.17823281275405659
322110,0.05865185264754587,4,0.03379943781227207,2,-0.024852414835273794,23,0.10586156035210834,32,Manufacturing - paper/chemicals,0.09450892186202381,3,0.04311338480699713,4,-0.05139553705502667,24,0.16960625923882966
424450,0.05859379077230547,4,0.03434266899650306,3,-0.02425112177580241,23,0.10575676365034252,42,Wholesale trade,0.07473903953904905,3,0.02388673366825337,4,-0.05085230587079568,24,0.13412711377479727
561591,0.05704888969389177,4,0.029765512229709527,3,-0.027283377464182246,23,0.10296834979181843,56,Administrative & waste services,0.10053116258533815,1,0.04510169994774892,4,-0.055429462637589216,23,0.18041380736437354
922110,0.0535908453927964,4,0.02833827458726856,1,-0.025252570805527837,23,0.09672687660800436,92,Public administration,0.10900577766390425,3,0.05214907738387407,4,-0.056856700280030176,24,0.1956224007293788
314999,0.05349522480249298,4,0.02481342398978361,3,-0.02868180081270937,23,0.0965542896489506,31,Manufacturing - food/textiles,0.11623816262764505,1,0.05585661175012992,4,-0.06038155087751513,23,0.20860168072652097
926140,0.04964587417218912,4,0.025714939013224573,1,-0.02393093515896454,23,0.08960654212399002,92,Public administration,0.10075314444303815,3,0.04127310858896398,4,-0.059480035854074166,24,0.18081217729349355
213114,0.048895952137838886,4,0.02982523998807117,2,-0.019070712149767712,23,0.08825299721253078,21,"Mining, quarrying, oil & gas",0.0906691670585327,3,0.035299432179305125,4,-0.05536973487922757,24,0.16271541300142123
926120,0.04863933606156927,4,0.029717127749502737,1,-0.01892220831206653,23,0.08778982721842023,92,Public administration,0.10932812673776593,3,0.053850279619969924,4,-0.055477847117796006,24,0.19620089024666054
611512,0.041797762718444674,4,0.029780856748935575,2,-0.012016905969509098,23,0.07544137449828497,61,Educational services,0.09199408849185699,3,0.03657997037349382,4,-0.055414118118363165,24,0.1650931246889966
114119,0.040818188300933936,4,0.011131888670256553,1,-0.029686299630677385,23,0.07367332674467265,11,"Agriculture, forestry, fishing",0.13129431610255057,3,0.057231229905508385,4,-0.07406308619704219,24,0.23562154106449548
928110,0.04051926834630473,4,0.0195246593924366,1,-0.02099460895386813,23,0.0731338018807679,92,Public administration,0.12425644723348872,3,0.05858613175862658,4,-0.06567031547486214,24,0.2229913407788795
721110,0.03528518245178295,4,0.011567921149668797,2,-0.023717261302114153,23,0.06368672604599934,72,Accommodation & food services,0.13256256228598873,3,0.0589355085683588,4,-0.07362705371762994,24,0.23789754301996063
482112,0.030706618907432016,4,0.016662618940333433,3,-0.014043999967098583,23,0.05542281179440835,48,Transportation,0.11257327855709764,1,0.044040922630132345,4,-0.0685323559269653,23,0.20202465852054347
312112,0.023577047659787125,4,0.012275664008667184,2,-0.011301383651119943,23,0.042554547573452034,31,Manufacturing - food/textiles,0.11642346694928402,3,0.04350415609065246,4,-0.07291931085863156,24,0.2089342289367297
112130,,,,,,,,11,"Agriculture, forestry, fishing",,,,,,,
