naics_code,n_years,excessQ1,n_excessQ1,excessQ2,n_excessQ2,excessQ3,n_excessQ3,excessQ4,n_excessQ4,sep_rate_Q1,sep_rate_Q2,sep_rate_Q3,sep_rate_Q4,seasonal_amplitude,peak_quarter,peak_excess,n_excess_obs,seasonal_index,sector_2d,sector_label,naics_level,emp_seasonal_amplitude,peak_quarter_emp,peak_excess_emp,n_emp_excess_obs,seasonal_index_emp,national_industry_title,sector_title,subsector_title,industry_group_title,naics_industry_title
512132,24,-0.19930034655929618,21,-0.27852210558628876,23,0.3633011624018609,21,0.10969912452889814,20,0.18885282553660687,0.18915619964151423,0.7443288838663268,0.600564618682501,0.6418232679881497,3,0.3633011624018609,21,1.0,51,Information,6,1.080415378537728,2,0.6369985476570107,24,1.0,Drive-In Motion Picture Theaters,Information,Motion Picture and Sound Recording Industries,Motion Picture and Video Industries,Motion Picture and Video Exhibition
111199,24,-0.29368784079115856,23,-0.03058959583468379,24,-0.07020533930439704,24,0.3978473385729851,23,0.16577577322629775,0.24654574556629685,0.3884949095756635,0.6708547521938243,0.6915351793641437,4,0.3978473385729851,23,1.0,11,"Agriculture, forestry, fishing",6,0.21218218244459014,3,0.11222574510429993,24,0.3257109070028639,All Other Grain Farming,"Agriculture, Forestry, Fishing and Hunting",Crop Production,Oilseed and Grain Farming,Other Grain Farming
111336,24,-0.3327897197260159,18,-0.040964245221483835,24,0.03111001768248574,19,0.3330033895997136,18,0.3678145541295781,0.5040135761167729,0.7221410885469353,0.8570161784307402,0.6657931093257294,4,0.3330033895997136,18,1.0,11,"Agriculture, forestry, fishing",6,0.3689836311755551,2,0.18154612873554607,24,0.566409449628434,Fruit and Tree Nut Combination Farming,"Agriculture, Forestry, Fishing and Hunting",Crop Production,Fruit and Tree Nut Farming,Noncitrus Fruit and Tree Nut Farming
115113,24,-0.2627505537484539,10,0.12204508735840032,23,-0.2689106326253974,11,0.3977713072860586,10,0.534858678037534,0.6543740920052344,0.5466637421677859,0.857185641241811,0.666681939911456,4,0.3977713072860586,10,1.0,11,"Agriculture, forestry, fishing",6,0.2613680353867949,3,0.13489078981744734,24,0.4012138007375845,"Crop Harvesting, Primarily by Machine","Agriculture, Forestry, Fishing and Hunting",Support Activities for Agriculture and Forestry,Support Activities for Crop Production,Support Activities for Crop Production
532284,24,-0.1066753242017306,23,-0.3030598394606227,22,0.484871738812808,22,-0.07233427885462074,21,0.2984301285957008,0.2910436581911389,0.8871175481972213,0.5171301599594805,0.7879315782734306,3,0.484871738812808,22,1.0,53,Real estate,6,0.7442432253086791,2,0.46607545617006085,24,1.0,Recreational Goods Rental,Real Estate and Rental and Leasing,Rental and Leasing Services,Consumer Goods Rental,Other Consumer Goods Rental
111219,24,-0.3505604161043224,16,0.15359649232427855,24,-0.22871000137305988,17,0.46199763274740546,16,0.353475988891228,0.5798990998367531,0.4991292261337212,0.8366196090672697,0.8125580488517279,4,0.46199763274740546,16,1.0,11,"Agriculture, forestry, fishing",6,0.28003248175557593,3,0.14690295222782526,24,0.42986471612285504,Other Vegetable (except Potato) and Melon Farming,"Agriculture, Forestry, Fishing and Hunting",Crop Production,Vegetable and Melon Farming,Vegetable and Melon Farming
111998,24,-0.30940798304401773,20,-0.024142311340138462,24,0.004252622463357389,21,0.32801746829866635,20,0.2964865015659387,0.43443912144232294,0.6206763639989842,0.7551364570564739,0.637425451342684,4,0.32801746829866635,20,1.0,11,"Agriculture, forestry, fishing",6,0.3243961739037815,3,0.15297089024385277,24,0.49796533720757463,All Other Miscellaneous Crop Farming,"Agriculture, Forestry, Fishing and Hunting",Crop Production,Other Crop Farming,All Other Crop Farming
111160,24,-0.3974800578038779,22,0.17074410873835333,24,-0.32527032262790306,23,0.5625430222876308,22,0.1666615987498491,0.37205440444902677,0.23595899267149764,0.7529963436003569,0.9600230800915086,4,0.5625430222876308,22,1.0,11,"Agriculture, forestry, fishing",6,0.3431901109284613,3,0.18245577057689347,24,0.5268150276195475,Rice Farming,"Agriculture, Forestry, Fishing and Hunting",Crop Production,Oilseed and Grain Farming,Rice Farming
111120,24,-0.23924229963089388,14,0.02025769606279498,18,-0.0894933667678974,14,0.3481982524329453,12,0.15570641985833222,0.24306354168927136,0.33008690745335945,0.48502873350107906,0.5874405520638392,4,0.3481982524329453,12,1.0,11,"Agriculture, forestry, fishing",6,0.3435508025897963,2,0.16243658775675554,24,0.5273687084555548,Oilseed (except Soybean) Farming,"Agriculture, Forestry, Fishing and Hunting",Crop Production,Oilseed and Grain Farming,Oilseed (except Soybean) Farming
111140,24,-0.3053360690226259,23,-0.08914990414900989,21,0.07873788639268903,21,0.28684937918883857,20,0.21047210617390086,0.3276231702830636,0.5676790118132868,0.7087332788432193,0.5921854482114645,4,0.28684937918883857,20,1.0,11,"Agriculture, forestry, fishing",6,0.2172963346045417,3,0.10602463546569059,24,0.3335614018906874,Wheat Farming,"Agriculture, Forestry, Fishing and Hunting",Crop Production,Oilseed and Grain Farming,Wheat Farming
722330,24,-0.19521272590199637,23,-0.24097042936238408,18,0.3160794174324675,18,0.09682241669010432,17,0.3014341788007156,0.3112378330611587,0.7933797681858159,0.6729330230904719,0.5570498467948516,3,0.3160794174324675,18,0.9978224907948209,72,Accommodation & food services,6,0.47064166821991815,2,0.27005480630684847,24,0.7224599297788913,Mobile Food Services,Accommodation and Food Services,Food Services and Drinking Places,Special Food Services,Mobile Food Services
111191,24,-0.2199162539762099,23,-0.022971145056439185,24,-0.07923551859752719,24,0.3210969514685236,23,0.14105440596996816,0.18629114860584087,0.27747018135459195,0.5271202512983973,0.5410132054447334,4,0.3210969514685236,23,0.9690966568177923,11,"Agriculture, forestry, fishing",6,0.20853218310553817,3,0.11908240489699239,24,0.3201079643731597,Oilseed and Grain Combination Farming,"Agriculture, Forestry, Fishing and Hunting",Crop Production,Oilseed and Grain Farming,Other Grain Farming
525120,24,-0.2226089425375747,20,0.0834235860793113,23,-0.1769885813833862,22,0.3096860422980581,21,0.3239196473487962,0.422588267579103,0.34608149914206043,0.6202356227473159,0.5322949848356328,4,0.3096860422980581,21,0.9534800353367433,52,Finance & insurance,6,0.040545862414097675,4,0.023623177298385166,23,0.06224004989465973,Health and Welfare Funds,Finance and Insurance,"Funds, Trusts, and Other Financial Vehicles",Insurance and Employee Benefit Funds,Health and Welfare Funds
713990,24,-0.10441915090860363,23,-0.2062427758149481,24,0.32460384114974866,24,-0.015408945205633264,23,0.1987693686584203,0.20621631833351195,0.6261488196384999,0.39687363864399056,0.5308466169646968,3,0.32460384114974866,24,0.9508856283103704,71,"Arts, entertainment & recreation",6,0.40455239559295675,2,0.2521817913473798,24,0.6210093900470337,All Other Amusement and Recreation Industries,"Arts, Entertainment, and Recreation","Amusement, Gambling, and Recreation Industries",Other Amusement and Recreation Industries,All Other Amusement and Recreation Industries
311313,24,-0.08956983384736168,23,-0.05332203095909729,24,-0.19220664390113018,24,0.3351833929152646,23,0.1860208602216337,0.08103179038585061,0.08268678246826205,0.46875506235293374,0.5273900368163948,4,0.3351833929152646,23,0.9446939859770034,31,Manufacturing - food/textiles,6,0.23137410805462696,3,0.13242900608339678,24,0.3551715310079403,Beet Sugar Manufacturing,Manufacturing,Food Manufacturing,Sugar and Confectionery Product Manufacturing,Sugar Manufacturing
721211,24,-0.2737214082574143,23,-0.22130755787758508,24,0.24028643111410639,24,0.2518733371887629,23,0.163969488289706,0.1983417789833949,0.6753291854322541,0.6717437296529004,0.5255947454461772,4,0.2518733371887629,23,0.9414781479024752,72,Accommodation & food services,6,0.8314999880001057,2,0.5063008352740651,24,1.0,RV (Recreational Vehicle) Parks and Campgrounds,Accommodation and Food Services,Accommodation,RV (Recreational Vehicle) Parks and Recreational Camps,RV (Recreational Vehicle) Parks and Recreational Camps
111110,24,-0.21483827066545605,23,-0.02670469923082108,24,-0.06259561623029018,24,0.30265736999315074,23,0.13668149833704632,0.18474595895126752,0.28621981802713087,0.5128849095635746,0.5174956406586068,4,0.30265736999315074,23,0.9269705253641316,11,"Agriculture, forestry, fishing",6,0.24808846901009896,3,0.14834739308890368,24,0.3808289618254488,Soybean Farming,"Agriculture, Forestry, Fishing and Hunting",Crop Production,Oilseed and Grain Farming,Soybean Farming
111992,24,-0.2442841714744226,23,-0.0071692334428833495,24,-0.016109873948097014,24,0.2708665835723847,23,0.17076559484353615,0.27666654886272424,0.39690596976767906,0.5493651385688278,0.5151507550468073,4,0.2708665835723847,23,0.9227702197447023,11,"Agriculture, forestry, fishing",6,0.23153688478667483,3,0.09920302333986007,24,0.3554214019274654,Peanut Farming,"Agriculture, Forestry, Fishing and Hunting",Crop Production,Other Crop Farming,All Other Crop Farming
711212,24,-0.2739760907828156,23,-0.008280672664527028,24,0.04246242000804421,24,0.23825212869423743,23,0.21231794637290816,0.36010639847329423,0.5244561959027343,0.603881153316086,0.512228219477053,4,0.23825212869423743,23,0.9175351914282459,71,"Arts, entertainment & recreation",6,0.4131347569696744,2,0.2654145280888708,24,0.6341837700822991,Racetracks,"Arts, Entertainment, and Recreation","Performing Arts, Spectator Sports, and Related Industries",Spectator Sports,Spectator Sports
111920,24,-0.20086413369928832,23,-0.0535241730147162,24,-0.01704080156405999,24,0.27428821955458543,23,0.19118680953436973,0.2261130048230495,0.3680875461411616,0.5441436905873938,0.4751523532538737,4,0.27428821955458543,23,0.8511225832998162,11,"Agriculture, forestry, fishing",6,0.17023606895365345,3,0.07549991698625384,24,0.26132139741741195,Cotton Farming,"Agriculture, Forestry, Fishing and Hunting",Crop Production,Other Crop Farming,Cotton Farming
111335,24,-0.013091071185128034,22,-0.08379922228973154,24,-0.18705022527342444,23,0.28475340700587815,22,0.5323500743855044,0.3592589497931295,0.35376626978021775,0.7198920709533165,0.47180363227930255,4,0.28475340700587815,22,0.8451241450576206,11,"Agriculture, forestry, fishing",6,0.25443646739764103,3,0.15840899676386275,24,0.39057347613215304,Tree Nut Farming,"Agriculture, Forestry, Fishing and Hunting",Crop Production,Fruit and Tree Nut Farming,Noncitrus Fruit and Tree Nut Farming
115112,24,-0.20446637648696608,23,-0.1353511947582762,12,0.2660994191556352,12,0.04081346152466814,11,0.2856383074276316,0.3716505686251715,0.7484611876863904,0.6006222616234734,0.47056579564260126,3,0.2660994191556352,12,0.8429068547322806,11,"Agriculture, forestry, fishing",6,0.2163121586295678,2,0.11258703174450684,24,0.3320506395553867,"Soil Preparation, Planting, and Cultivating","Agriculture, Forestry, Fishing and Hunting",Support Activities for Agriculture and Forestry,Support Activities for Crop Production,Support Activities for Crop Production
611710,24,-0.22382381965129733,17,0.23865022784462836,17,-0.07494835335960039,17,0.12457171156331079,23,0.1909574439008431,0.45574668667758794,0.3146999319210459,0.3660079010926907,0.4624740474959257,2,0.23865022784462836,17,0.8284124098687606,61,Educational services,6,0.1492469754644307,4,0.07508386031655785,23,0.22910202537222185,Educational Support Services,Educational Services,Educational Services,Educational Support Services,Educational Support Services
487210,24,-0.19112759281017094,23,-0.12958363434982326,24,0.053223952939322784,24,0.2685814466325185,23,0.20560956483905293,0.19701334800015535,0.4475843998609043,0.5917075458430077,0.4597090394426894,4,0.2685814466325185,23,0.8234595546824203,48,Transportation,6,0.4993747302812711,2,0.28225322405411535,24,0.7665667044248576,"Scenic and Sightseeing Transportation, Water",Transportation and Warehousing,Scenic and Sightseeing Transportation,"Scenic and Sightseeing Transportation, Water","Scenic and Sightseeing Transportation, Water"
312113,24,-0.12953842537495275,23,-0.16096391418851172,24,0.2923472776490444,24,-0.004028065518636188,23,0.1628968907327498,0.21088779437818453,0.5808065264006429,0.3660307031250123,0.4533111918375561,3,0.2923472776490444,24,0.8119993303060713,31,Manufacturing - food/textiles,6,0.491156099168652,2,0.3011725781833537,24,0.7539506696420493,Ice Manufacturing,Manufacturing,Beverage and Tobacco Product Manufacturing,Beverage Manufacturing,Soft Drink and Ice Manufacturing
611620,24,-0.03644105823742287,23,-0.13444501875910916,24,0.3103177652258194,24,-0.1416078232941918,23,0.20091992979311277,0.2391798118069525,0.5463297313390104,0.23284412041942967,0.4519255885200112,3,0.3103177652258194,24,0.8095173510693453,61,Educational services,6,0.1789279636084818,2,0.11220142226176479,24,0.2746639168456716,Sports and Recreation Instruction,Educational Services,Educational Services,Other Schools and Instruction,Sports and Recreation Instruction
115114,24,-0.27445937912652846,23,0.1067779493055528,24,-0.0011215871459020223,24,0.16740092005378085,23,0.3061223449081129,0.5463474885815316,0.5730167336438448,0.6019291529979619,0.44186029918030933,4,0.16740092005378085,23,0.7914877759113961,11,"Agriculture, forestry, fishing",6,0.20104152510051893,2,0.10151533049942933,24,0.3086094069318429,Postharvest Crop Activities (except Cotton Ginning),"Agriculture, Forestry, Fishing and Hunting",Support Activities for Agriculture and Forestry,Support Activities for Crop Production,Support Activities for Crop Production
111150,24,-0.24157294647016253,23,-0.13538173119377245,18,0.15612000149239355,18,0.19825519824728297,17,0.13953724166579196,0.20401080566028737,0.5081079588068707,0.5525608367187431,0.43982814471744547,4,0.19825519824728297,17,0.7878476538657987,11,"Agriculture, forestry, fishing",6,0.26477836592090365,3,0.15667626974786147,24,0.40644883903649637,Corn Farming,"Agriculture, Forestry, Fishing and Hunting",Crop Production,Oilseed and Grain Farming,Corn Farming
311421,24,-0.17908171747017634,23,-0.06554007423208955,24,-0.016717161016158087,24,0.25955985452872327,23,0.10536314787835331,0.11977908208992062,0.265275164765667,0.4442055694737295,0.43864157199889964,4,0.25955985452872327,23,0.7857221906736965,31,Manufacturing - food/textiles,6,0.36201608307706623,3,0.2130922202712385,24,0.5557138936463122,Fruit and Vegetable Canning,Manufacturing,Food Manufacturing,Fruit and Vegetable Preserving and Specialty Food Manufacturing,"Fruit and Vegetable Canning, Pickling, and Drying"
111940,24,-0.2192363515243205,23,0.010809561074087806,24,-0.010166235117616034,24,0.21850429853688152,23,0.1704116852551745,0.2849403192251674,0.37784983104698466,0.491091813104034,0.437740650061202,4,0.21850429853688152,23,0.7841084030080907,11,"Agriculture, forestry, fishing",6,0.2668257559187824,2,0.13853130924421583,24,0.40959169130389544,Hay Farming,"Agriculture, Forestry, Fishing and Hunting",Crop Production,Other Crop Farming,Hay Farming
713910,24,-0.1877046957043217,23,-0.09682500290855707,24,0.05695228851972989,24,0.22984349044846028,23,0.14377550560866145,0.16777043057626254,0.3854153613609778,0.4891557151062332,0.417548186152782,4,0.22984349044846028,23,0.7479384000033068,71,"Arts, entertainment & recreation",6,0.509556393106956,2,0.2967751927994114,24,0.7821960970323976,Golf Courses and Country Clubs,"Arts, Entertainment, and Recreation","Amusement, Gambling, and Recreation Industries",Other Amusement and Recreation Industries,Golf Courses and Country Clubs
115116,24,-0.20261387971486566,22,-0.03138239942897563,24,0.021110095999423362,23,0.21323104067293056,22,0.37724455580051447,0.4541418122420043,0.5938038675414454,0.6946947226020821,0.4158449203877962,4,0.21323104067293056,22,0.7448874039427521,11,"Agriculture, forestry, fishing",6,0.1736257027821141,2,0.07707654641664587,24,0.2665246651751268,Farm Management Services,"Agriculture, Forestry, Fishing and Hunting",Support Activities for Agriculture and Forestry,Support Activities for Crop Production,Support Activities for Crop Production
711211,24,-0.06788118288087577,23,-0.14958357378640094,24,0.2635429895747956,24,-0.04850677619115393,23,0.22444078410363147,0.2390805119001899,0.5528873872695502,0.33960828348931943,0.4131265633611966,3,0.2635429895747956,24,0.7400181129901416,71,"Arts, entertainment & recreation",6,0.4462165498669549,2,0.28806646196979135,24,0.6849660772756375,Sports Teams and Clubs,"Arts, Entertainment, and Recreation","Performing Arts, Spectator Sports, and Related Industries",Spectator Sports,Spectator Sports
532281,24,-0.1980462305928947,23,0.10380865875829387,24,-0.12016905734842227,24,0.21213930321452173,23,0.17254560058789034,0.31530866947393177,0.25045442084338543,0.42593828690968366,0.4101855338074164,4,0.21213930321452173,23,0.7347499570939695,53,Real estate,6,0.20187064963039825,3,0.07997002063364177,24,0.3098821570729432,Formal Wear and Costume Rental,Real Estate and Rental and Leasing,Rental and Leasing Services,Consumer Goods Rental,Other Consumer Goods Rental
111332,24,-0.16376665342319524,13,-0.093396462439292,22,0.0038798113426770048,14,0.24221775933486397,13,0.5392940190965175,0.5251130383091545,0.6801541344433946,0.7977693989657494,0.4059844127580592,4,0.24221775933486397,13,0.7272246465787258,11,"Agriculture, forestry, fishing",6,0.32754757619348146,3,0.16990298172265259,24,0.5028029069143388,Grape Vineyards,"Agriculture, Forestry, Fishing and Hunting",Crop Production,Fruit and Tree Nut Farming,Noncitrus Fruit and Tree Nut Farming
713110,24,-0.1503822332428923,23,-0.1386205523610189,24,0.2416490747103829,24,0.04814706095519505,23,0.1495282658678543,0.20659860445704023,0.5409100477682639,0.3919233416587217,0.39203130795327523,3,0.2416490747103829,24,0.7022309734438364,71,"Arts, entertainment & recreation",6,0.45597625553265164,2,0.3044249485197479,24,0.6999477432564047,Amusement and Theme Parks,"Arts, Entertainment, and Recreation","Amusement, Gambling, and Recreation Industries",Amusement Parks and Arcades,Amusement and Theme Parks
114111,24,-0.15205482137734494,23,-0.011966451993725922,24,-0.06855182938466313,24,0.23436678727815577,23,0.34603892108351686,0.37352893572112617,0.4249518543461872,0.6134784317405746,0.3864216086555007,4,0.23436678727815577,23,0.6921825295601838,11,"Agriculture, forestry, fishing",6,0.16827983609634614,2,0.07936846971172622,24,0.25831847619697085,Finfish Fishing,"Agriculture, Forestry, Fishing and Hunting","Fishing, Hunting and Trapping",Fishing,Fishing
111422,24,-0.18342496120464097,23,0.20192932042560494,24,-0.057217077965048414,24,0.037752626197656354,23,0.1651679254841854,0.4285266512301032,0.2880267361248113,0.2619609769496161,0.3853542816302459,2,0.20192932042560494,24,0.6902706667045342,11,"Agriculture, forestry, fishing",6,0.25259071133639394,1,0.12270559087311696,23,0.3877401426548154,Floriculture Production,"Agriculture, Forestry, Fishing and Hunting",Crop Production,"Greenhouse, Nursery, and Floriculture Production",Nursery and Floriculture Production
541921,24,-0.1260786641461193,23,0.09130880741514062,24,-0.16779907013629103,24,0.20372076800696046,23,0.3120478571712269,0.38201073896049625,0.26935600591948444,0.49229941315105474,0.3715198381432515,4,0.20372076800696046,23,0.6654895471361867,54,Professional & technical services,6,0.10065558290344617,3,0.047527245878240344,24,0.15451165986071844,"Photography Studios, Portrait","Professional, Scientific, and Technical Services","Professional, Scientific, and Technical Services","Other Professional, Scientific, and Technical Services",Photographic Services
111421,24,-0.17471528546856302,23,0.06527220271761097,24,-0.08122042946145282,24,0.1916109309453351,23,0.18605288601135647,0.29607524549411013,0.27555319954164187,0.41747201251207927,0.3663262164138981,4,0.1916109309453351,23,0.6561864073901703,11,"Agriculture, forestry, fishing",6,0.17858696936743845,2,0.08232458858709403,24,0.2741404725948237,Nursery and Tree Production,"Agriculture, Forestry, Fishing and Hunting",Crop Production,"Greenhouse, Nursery, and Floriculture Production",Nursery and Floriculture Production
111130,24,-0.1389143770185056,11,-0.05256640267034553,23,-0.037315755382899406,12,0.2165623359195884,12,0.21799929478567248,0.2517417930700866,0.42105385727556177,0.4665871836788516,0.355476712938094,4,0.2165623359195884,12,0.6367520988728917,11,"Agriculture, forestry, fishing",6,0.28358352550063504,3,0.1564544250744707,24,0.4353157566658662,Dry Pea and Bean Farming,"Agriculture, Forestry, Fishing and Hunting",Crop Production,Oilseed and Grain Farming,Dry Pea and Bean Farming
111310,24,-0.14077512272935025,23,0.21305234521257202,24,-0.10981941965878035,24,0.03445387768772738,23,0.31717866714573045,0.5427068278337479,0.3421302980966214,0.3611926076770555,0.35382746794192227,2,0.21305234521257202,24,0.6337978681887263,11,"Agriculture, forestry, fishing",6,0.15978162811106741,1,0.08020895497376741,23,0.2452732760821735,Orange Groves,"Agriculture, Forestry, Fishing and Hunting",Crop Production,Fruit and Tree Nut Farming,Orange Groves
111320,24,-0.06986791753367119,20,0.17202361537837887,22,-0.17533476156838054,21,0.06869416316082584,22,0.504701598593885,0.6086039363698184,0.39292252891041585,0.5143049051441277,0.3473583769467594,2,0.17202361537837887,22,0.6222100282007746,11,"Agriculture, forestry, fishing",6,0.17519582977818876,4,0.09404232169860215,23,0.26893489341441223,Citrus (except Orange) Groves,"Agriculture, Forestry, Fishing and Hunting",Crop Production,Fruit and Tree Nut Farming,Citrus (except Orange) Groves
713940,24,-0.025101001600242263,23,-0.11689686025039109,24,0.2169794177398107,24,-0.07492126154300108,23,0.19602744970642552,0.1994652467269824,0.4366967642483215,0.2399694462900391,0.3338762779902018,3,0.2169794177398107,24,0.5980600501703006,71,"Arts, entertainment & recreation",6,0.24667887343243827,2,0.16053915478654815,24,0.3786651578301393,Fitness and Recreational Sports Centers,"Arts, Entertainment, and Recreation","Amusement, Gambling, and Recreation Industries",Other Amusement and Recreation Industries,Fitness and Recreational Sports Centers
324121,24,-0.11992104354088771,23,-0.009682516071223161,24,-0.07428140497392081,24,0.20600504048642865,23,0.08473567715916967,0.09646452271724093,0.12755840041775854,0.30721508806611775,0.3259260840273164,4,0.20600504048642865,23,0.5838191660052794,32,Manufacturing - paper/chemicals,6,0.2050060165966167,2,0.10150536298293966,24,0.31469511170743764,Asphalt Paving Mixture and Block Manufacturing,Manufacturing,Petroleum and Coal Products Manufacturing,Petroleum and Coal Products Manufacturing,"Asphalt Paving, Roofing, and Saturated Materials Manufacturing"
713930,24,-0.15698968805676716,23,-0.11978643427235826,24,0.1679300920394737,24,0.1102045409733312,23,0.13093172064303918,0.17254931818329758,0.4537397842682725,0.39907006627430003,0.3249197800962409,3,0.1679300920394737,24,0.582016611528728,71,"Arts, entertainment & recreation",6,0.49699882992137234,2,0.3050570039272509,24,0.7629195713232215,Marinas,"Arts, Entertainment, and Recreation","Amusement, Gambling, and Recreation Industries",Other Amusement and Recreation Industries,Marinas
111419,24,-0.15896847411269938,23,0.021286582748763747,24,-0.02226974351771981,24,0.16118337394924656,23,0.2643376763711964,0.35031651932237945,0.3937221967760351,0.4816673612651303,0.32015184806194597,4,0.16118337394924656,23,0.5734759937621591,11,"Agriculture, forestry, fishing",6,0.12520326261912615,2,0.06519700666204654,24,0.1921936505580188,Other Food Crops Grown Under Cover,"Agriculture, Forestry, Fishing and Hunting",Crop Production,"Greenhouse, Nursery, and Floriculture Production",Food Crops Grown Under Cover
711510,24,-0.12211198228058211,23,0.015011291317322087,24,-0.09093284791644489,24,0.19793315057407354,23,0.29765748495301086,0.32674134544953776,0.3258026233114204,0.5067295970061928,0.32004513285465563,4,0.19793315057407354,23,0.5732848388151525,71,"Arts, entertainment & recreation",6,0.08036726521685682,3,0.028313593609494415,24,0.12336801585099143,"Independent Artists, Writers, and Performers","Arts, Entertainment, and Recreation","Performing Arts, Spectator Sports, and Related Industries","Independent Artists, Writers, and Performers","Independent Artists, Writers, and Performers"
711320,24,-0.1834759970466676,23,-0.08214100659443961,24,0.13644678509807273,24,0.12826367241965114,23,0.29879511049195057,0.3759275704686149,0.6173420436341585,0.5858629466035565,0.31992278214474035,3,0.13644678509807273,24,0.5730656765789169,71,"Arts, entertainment & recreation",6,0.18439238985928152,2,0.09621497897190041,24,0.2830521010461194,"Promoters of Performing Arts, Sports, and Similar Events without Facilities","Arts, Entertainment, and Recreation","Performing Arts, Spectator Sports, and Related Industries","Promoters of Performing Arts, Sports, and Similar Events","Promoters of Performing Arts, Sports, and Similar Events without Facilities"
561730,24,-0.12832704254014382,23,-0.010291877429413369,24,-0.04620449698411738,24,0.18692065843742944,23,0.23141196102636122,0.26070480198794715,0.31058139780835986,0.45286698759700733,0.31524770097757326,4,0.18692065843742944,23,0.5646913790869933,56,Administrative & waste services,6,0.26293216410777553,2,0.14604511676942875,24,0.4036148213063727,Landscaping Services,Administrative and Support and Waste Management and Remediation Services,Administrative and Support Services,Services to Buildings and Dwellings,Landscaping Services
711130,24,-0.18316264921794523,23,0.1299296131437665,24,-0.03134789955024211,24,0.08168866511546492,23,0.315156105837692,0.5201732745771505,0.465331217029076,0.47318495858148574,0.3130922623617117,2,0.1299296131437665,24,0.5608304227635884,71,"Arts, entertainment & recreation",6,0.06944185602190683,4,0.028464081912184795,23,0.10659693310848135,Musical Groups and Artists,"Arts, Entertainment, and Recreation","Performing Arts, Spectator Sports, and Related Industries",Performing Arts Companies,Musical Groups and Artists
711190,24,-0.15654778626428,22,-0.013182817291185608,23,0.0076577588146203995,24,0.1552458240061949,22,0.33818593581372564,0.42440950318352916,0.5038227750299166,0.5679205292470632,0.3117936102704749,4,0.1552458240061949,22,0.5585041959962538,71,"Arts, entertainment & recreation",6,0.11449892333349826,2,0.05791878642290269,24,0.17576192185479117,Other Performing Arts Companies,"Arts, Entertainment, and Recreation","Performing Arts, Spectator Sports, and Related Industries",Performing Arts Companies,Other Performing Arts Companies
113210,24,-0.1642942177916128,22,0.12637612562458095,23,-0.10439581624011114,23,0.14695142066208242,23,0.3752838171178203,0.5211510583748956,0.4237406477214911,0.5409128882099488,0.31124563845369524,4,0.14695142066208242,23,0.5575226346400296,11,"Agriculture, forestry, fishing",6,0.05478885792340021,2,0.03485802198125005,24,0.08410380363837529,Forest Nurseries and Gathering of Forest Products,"Agriculture, Forestry, Fishing and Hunting",Forestry and Logging,Forest Nurseries and Gathering of Forest Products,Forest Nurseries and Gathering of Forest Products
487110,24,-0.11654555567803145,22,-0.04469559123274196,23,-0.03399879179768543,24,0.19159016521923358,22,0.16600065027466718,0.17374175520559587,0.24949666307865118,0.3932491545470773,0.30813572089726504,4,0.19159016521923358,22,0.5519519560011634,48,Transportation,6,0.2654133023747063,2,0.1339359279698353,24,0.407423500178514,"Scenic and Sightseeing Transportation, Land",Transportation and Warehousing,Scenic and Sightseeing Transportation,"Scenic and Sightseeing Transportation, Land","Scenic and Sightseeing Transportation, Land"
711120,24,-0.0667329540126416,23,0.18052547073702793,24,-0.12276408792958793,24,0.01198769260804883,23,0.2750927114934971,0.4272642848962469,0.2183849168249409,0.2550337246128107,0.3032895586666159,2,0.18052547073702793,24,0.5432712074189581,71,"Arts, entertainment & recreation",6,0.2225039297645786,4,0.1204317062494033,23,0.34155533674109495,Dance Companies,"Arts, Entertainment, and Recreation","Performing Arts, Spectator Sports, and Related Industries",Performing Arts Companies,Dance Companies
721199,24,-0.1195341190743233,23,-0.1325458837379947,24,0.16856150011793472,24,0.08275014919969999,23,0.21419536438056022,0.22414993935546526,0.4991962818063597,0.43711962402138477,0.3011073838559294,3,0.16856150011793472,24,0.5393623595528697,72,Accommodation & food services,6,0.4174987061344604,2,0.2431794094128529,24,0.6408826635718503,All Other Traveler Accommodation,Accommodation and Food Services,Accommodation,Traveler Accommodation,Other Traveler Accommodation
445230,24,-0.12280451271358055,23,-0.015782694109705345,24,-0.032881526260030845,24,0.16998102097149814,23,0.17883479773368305,0.20786638498557009,0.2684633604568678,0.39482338844822723,0.2927855336850787,4,0.16998102097149814,23,0.5244557415665666,44,Retail trade - general,6,0.15847278717125907,3,0.08099168309356235,24,0.24326413580132647,Fruit and Vegetable Retailers,Retail Trade,Food and Beverage Retailers,Specialty Food Retailers,Fruit and Vegetable Retailers
238990,24,-0.11594960269757287,23,-0.010239182776565513,24,-0.04554107444722468,24,0.17319325947454783,23,0.223179441151812,0.24606953330649864,0.2894379910143163,0.4238885976165833,0.2891428621721207,4,0.17319325947454783,23,0.5179307607535916,23,Construction,6,0.1729089215827308,2,0.08891945036624126,24,0.26542436800651464,All Other Specialty Trade Contractors,Construction,Specialty Trade Contractors,Other Specialty Trade Contractors,All Other Specialty Trade Contractors
114112,24,-0.11534094161615824,23,-0.012736054992147293,24,-0.03826425583689962,24,0.1651596846839097,23,0.36152354666630554,0.38678927762638543,0.4375271185707601,0.5647934711889339,0.28050062630006795,4,0.1651596846839097,23,0.5024502478811702,11,"Agriculture, forestry, fishing",6,0.09075487402304952,2,0.04305116044082141,24,0.1393135464647106,Shellfish Fishing,"Agriculture, Forestry, Fishing and Hunting","Fishing, Hunting and Trapping",Fishing,Fishing
813410,24,-0.02888959281436766,23,-0.07534230956345467,24,0.19178141546782332,24,-0.08758073215508988,23,0.15750855344839804,0.19185274951353828,0.3768815647055878,0.1783475489619908,0.2793621476229132,3,0.19178141546782332,24,0.5004109337409876,81,Other services,6,0.1437064220550694,2,0.09246758701733725,24,0.22059698194459032,Civic and Social Organizations,Other Services (except Public Administration),"Religious, Grantmaking, Civic, Professional, and Similar Organizations",Civic and Social Organizations,Civic and Social Organizations
711310,24,-0.08371962296632818,22,-0.10452989334999888,23,0.1727542537393794,24,-0.0033911242476160593,22,0.2648320225844917,0.3173146523819225,0.5276380772127558,0.39245299456483024,0.27728414708937826,3,0.1727542537393794,24,0.4966886893490805,71,"Arts, entertainment & recreation",6,0.08647577560314008,2,0.02870971398080205,24,0.1327449033701511,"Promoters of Performing Arts, Sports, and Similar Events with Facilities","Arts, Entertainment, and Recreation","Performing Arts, Spectator Sports, and Related Industries","Promoters of Performing Arts, Sports, and Similar Events","Promoters of Performing Arts, Sports, and Similar Events with Facilities"
112519,24,-0.10023031563017225,23,-0.09648590069449545,23,0.16884558749533105,23,0.018665117593264606,22,0.19388514960768352,0.23566739847474816,0.45739234398568485,0.35449382253304035,0.2690759031255033,3,0.16884558749533105,23,0.4819855698989793,11,"Agriculture, forestry, fishing",6,0.24083805079580942,2,0.1450523720545762,24,0.3696991852083993,Other Aquaculture,"Agriculture, Forestry, Fishing and Hunting",Animal Production and Aquaculture,Aquaculture,Aquaculture
722320,24,-0.12991337437393458,22,0.01602623643234161,23,-0.020003434714083623,24,0.1311954858467524,22,0.2383543003252732,0.3139185424057231,0.34804513789909725,0.4221786028206386,0.26110886022068697,4,0.1311954858467524,22,0.4677145048564271,72,Accommodation & food services,6,0.12204176044795703,2,0.04788631716192541,24,0.18734057699736803,Caterers,Accommodation and Food Services,Food Services and Drinking Places,Special Food Services,Caterers
115310,24,-0.11086764227864611,23,-0.052723151645559595,24,0.02403408084799133,24,0.1372912266831273,23,0.358169062564365,0.3710157548948358,0.4893087505164259,0.5595335844420333,0.24815886896177342,4,0.1372912266831273,23,0.44451767138077036,11,"Agriculture, forestry, fishing",6,0.17106367220822566,3,0.09375853716542942,24,0.26259181232020723,Support Activities for Forestry,"Agriculture, Forestry, Fishing and Hunting",Support Activities for Agriculture and Forestry,Support Activities for Forestry,Support Activities for Forestry
311411,24,-0.11903172215537566,23,-0.07239726113137872,24,0.06823423013768522,24,0.12436319924158068,23,0.1018210849966107,0.12189412214136797,0.28676168154888265,0.3151607806810269,0.24339492139695634,4,0.12436319924158068,23,0.4359841908448852,31,Manufacturing - food/textiles,6,0.2163751910725789,3,0.12089508492038843,24,0.33214739769948354,"Frozen Fruit, Juice, and Vegetable Manufacturing",Manufacturing,Food Manufacturing,Fruit and Vegetable Preserving and Specialty Food Manufacturing,Frozen Food Manufacturing
114119,24,-0.0020051250265166187,15,-0.015256261944574537,19,-0.12046584439695701,18,0.12109404967213652,15,0.2529987356208948,0.21967069644263565,0.22134578020754403,0.4241681542516861,0.24155989406909353,4,0.12109404967213652,15,0.4326971752402674,11,"Agriculture, forestry, fishing",6,0.4260490265855362,4,0.218826529761486,23,0.6540078590863809,Other Marine Fishing,"Agriculture, Forestry, Fishing and Hunting","Fishing, Hunting and Trapping",Fishing,Fishing
721310,24,-0.10722584938049975,23,0.12449820521443984,24,-0.05900785378210152,24,0.04222760482700523,23,0.17794486161987733,0.3255167525571922,0.2240922330656274,0.2406834211382656,0.2317240545949396,2,0.12449820521443984,24,0.4150786050178207,72,Accommodation & food services,6,0.14952436916538614,1,0.061313160691706364,23,0.22952783941982066,"Rooming and Boarding Houses, Dormitories, and Workers' Camps",Accommodation and Food Services,Accommodation,"Rooming and Boarding Houses, Dormitories, and Workers' Camps","Rooming and Boarding Houses, Dormitories, and Workers' Camps"
444240,24,-0.13608562569130211,23,0.04047650810327286,24,0.003493487639734432,24,0.09281905744393878,23,0.14816531822489026,0.25763231555806493,0.28614629668469393,0.30767330253185404,0.2289046831352409,4,0.09281905744393878,23,0.41002837070112685,44,Retail trade - general,6,0.19863137862810593,2,0.12480566524077959,24,0.3049097042306305,"Nursery, Garden Center, and Farm Supply Retailers",Retail Trade,Building Material and Garden Equipment and Supplies Dealers,Lawn and Garden Equipment and Supplies Retailers,"Nursery, Garden Center, and Farm Supply Retailers"
237310,24,-0.09813355038030544,23,-0.010053313795651582,24,-0.019999336743339435,24,0.12924727051142548,23,0.12305834041083169,0.15079454857512622,0.19863738433072395,0.28647889357300055,0.22738082089173092,4,0.12924727051142548,23,0.40729873343761047,23,Construction,6,0.13649985636950998,2,0.06944303839614792,24,0.2095345212856599,"Highway, Street, and Bridge Construction",Construction,Heavy and Civil Engineering Construction,"Highway, Street, and Bridge Construction","Highway, Street, and Bridge Construction"
813990,24,-0.018919359897896865,23,-0.08031846252141345,24,0.1467701101648284,24,-0.048189649699069526,23,0.14491939971668666,0.14648904168189394,0.3086956086899281,0.17736195536830546,0.22708857268624186,3,0.1467701101648284,24,0.4067752401918816,81,Other services,6,0.17612804920025193,2,0.1087546561639835,24,0.2703658996845319,"Other Similar Organizations (except Business, Professional, Labor, and Political Organizations)",Other Services (except Public Administration),"Religious, Grantmaking, Civic, Professional, and Similar Organizations","Business, Professional, Labor, Political, and Similar Organizations","Other Similar Organizations (except Business, Professional, Labor, and Political Organizations)"
713120,24,-0.05891187779388099,22,-0.06754784577812827,23,0.15684106782559928,24,-0.03077821440847067,22,0.25692995776313304,0.29858951569653874,0.47192929540169476,0.33158693945565215,0.22438891360372754,3,0.15684106782559928,24,0.4019394421649891,71,"Arts, entertainment & recreation",6,0.16959532247876113,2,0.10850086886938964,24,0.26033781758478125,Amusement Arcades,"Arts, Entertainment, and Recreation","Amusement, Gambling, and Recreation Industries",Amusement Parks and Arcades,Amusement Arcades
312130,24,-0.0899392281086554,23,-0.019352183723707204,24,-0.022188984206868195,24,0.13227170667807978,23,0.14634065563984092,0.16030959063222044,0.21298289307201435,0.31003416392554467,0.22221093478673518,4,0.13227170667807978,23,0.39803811042497694,31,Manufacturing - food/textiles,6,0.1576010846839618,3,0.0955337634088043,24,0.24192602623669143,Wineries,Manufacturing,Beverage and Tobacco Product Manufacturing,Beverage Manufacturing,Wineries
493130,24,-0.07426455652267158,23,-0.01704931412978389,24,-0.05429591069052823,24,0.14744729240927856,23,0.1533944468389822,0.14455757640638542,0.1698193342333564,0.30367291344138386,0.22171184893195015,4,0.14744729240927856,23,0.3971441166583375,49,Warehousing & couriers,6,0.14437915534324008,3,0.10081904841447853,24,0.2216296632326071,Farm Product Warehousing and Storage,Transportation and Warehousing,Warehousing and Storage,Warehousing and Storage,Farm Product Warehousing and Storage
112910,24,-0.1289941362330956,23,-0.010012740163578414,24,0.05141043292166897,24,0.08797303614266994,23,0.174803984948906,0.2531731820591505,0.3515678594965519,0.3471416710906154,0.21696717237576554,4,0.08797303614266994,23,0.38864515555719303,11,"Agriculture, forestry, fishing",6,0.1463872320749136,2,0.06648949725066979,24,0.22471216755068543,Apiculture,"Agriculture, Forestry, Fishing and Hunting",Animal Production and Aquaculture,Other Animal Production,Apiculture
459420,24,-0.04234391530465599,23,-0.041516725478749794,24,-0.06495324678197233,24,0.14887248666762962,23,0.28194924169094127,0.2283035813039104,0.2576913718743792,0.41698565600879256,0.21382573344960193,4,0.14887248666762962,23,0.3830180138713633,45,Retail trade - specialty,6,0.09187075700863473,4,0.04033270983726588,23,0.14102648604878212,"Gift, Novelty, and Souvenir Retailers",Retail Trade,"Sporting Goods, Hobby, Musical Instrument, Book, and Miscellaneous Retailers","Office Supplies, Stationery, and Gift Retailers","Gift, Novelty, and Souvenir Retailers"
311710,24,-0.07735439598821632,23,-0.06415294837692685,24,0.1351975345362506,24,0.003204109662750825,23,0.20672017725161385,0.24687480282342497,0.41533532514908983,0.3134007784022533,0.21255193052446691,3,0.1351975345362506,24,0.3807362984829592,31,Manufacturing - food/textiles,6,0.13705263286024516,2,0.06166273503789541,24,0.21038306252551747,Seafood Product Preparation and Packaging,Manufacturing,Food Manufacturing,Seafood Product Preparation and Packaging,Seafood Product Preparation and Packaging
541320,24,-0.08981764422911671,23,-0.005053585071357505,24,-0.023159949127728664,24,0.11957785531707311,23,0.1577994444558015,0.18463399497292196,0.22157571563275738,0.3048373345480502,0.20939549954618983,4,0.11957785531707311,23,0.37508230209666044,54,Professional & technical services,6,0.1653382902674838,2,0.08685604677236876,24,0.2538030472911557,Landscape Architectural Services,"Professional, Scientific, and Technical Services","Professional, Scientific, and Technical Services","Architectural, Engineering, and Related Services",Landscape Architectural Services
611630,24,-0.10839327546699354,23,0.09953770593892282,24,0.042927037664802666,24,-0.03545895120692097,23,0.1601825010972723,0.3344540126083207,0.30965011224152345,0.1989921365451209,0.20793098140591637,2,0.09953770593892282,24,0.37245896569875986,61,Educational services,6,0.1140036807531831,1,0.06212939908837339,23,0.1750016982197882,Language Schools,Educational Services,Educational Services,Other Schools and Instruction,Language Schools
423920,24,0.0010284958861190388,23,-0.08004926797350885,24,0.1278448239138028,24,-0.04864831806148239,23,0.1364846607615439,0.11932360356369431,0.26226108231286244,0.1495089132344249,0.20789409188731167,3,0.1278448239138028,24,0.37239288688812894,42,Wholesale trade,6,0.07279287442766524,2,0.04429280198495947,24,0.11174092414367533,Toy and Hobby Goods and Supplies Merchant Wholesalers,Wholesale Trade,"Merchant Wholesalers, Durable Goods",Miscellaneous Durable Goods Merchant Wholesalers,Toy and Hobby Goods and Supplies Merchant Wholesalers
611691,24,-0.10836072137635056,23,0.09731897956900142,24,0.060451082059159535,24,-0.048361651304181706,23,0.19024198327806693,0.37199571506917,0.35911148772227025,0.2253250962570514,0.20567970094535198,2,0.09731897956900142,24,0.36842633147479725,61,Educational services,6,0.12328703395845741,1,0.06791084202697185,23,0.18925213790176978,Exam Preparation and Tutoring,Educational Services,Educational Services,Other Schools and Instruction,All Other Schools and Instruction
541214,24,-0.09380265012139269,23,0.015670245285915846,24,-0.03056171713226574,24,0.10991268770883876,23,0.4588016349465822,0.5033196460608296,0.5164971666032453,0.5907981214101925,0.20371533783023144,4,0.10991268770883876,23,0.36490764152697125,54,Professional & technical services,6,0.04526834661731392,3,0.028094790012764354,24,0.06948931368964374,Payroll Services,"Professional, Scientific, and Technical Services","Professional, Scientific, and Technical Services","Accounting, Tax Preparation, Bookkeeping, and Payroll Services","Accounting, Tax Preparation, Bookkeeping, and Payroll Services"
813930,24,-0.09524151906838474,23,0.0790295908422614,24,-0.0911744951051205,24,0.10749357923746133,23,0.2315310457307708,0.3112705022976303,0.23295077717996704,0.3369800422725448,0.20273509830584607,4,0.10749357923746133,23,0.36315177524422193,81,Other services,6,0.04429803487903783,3,0.020853276833513696,24,0.06799983369321679,Labor Unions and Similar Labor Organizations,Other Services (except Public Administration),"Religious, Grantmaking, Civic, Professional, and Similar Organizations","Business, Professional, Labor, Political, and Similar Organizations",Labor Unions and Similar Labor Organizations
541922,24,-0.08801049812200028,23,0.03826009678834002,24,-0.061640575334407456,24,0.11196554551344383,23,0.16675660503240095,0.2174921417392323,0.19170748486938363,0.28920397866834996,0.1999760436354441,4,0.11196554551344383,23,0.35820958412918974,54,Professional & technical services,6,0.0358222799551125,3,0.015896494122058902,24,0.05498910021880438,Commercial Photography,"Professional, Scientific, and Technical Services","Professional, Scientific, and Technical Services","Other Professional, Scientific, and Technical Services",Photographic Services
424590,24,-0.02494102915372739,23,-0.017780579781246846,24,-0.0747613716542289,24,0.11946987750165695,23,0.20831523478969063,0.16364612987523475,0.15453818452327256,0.29495298247976814,0.19423124915588585,4,0.11946987750165695,23,0.34791914931499934,42,Wholesale trade,6,0.09280725816073124,3,0.05100433499645482,24,0.14246406500166256,Other Farm Product Raw Material Merchant Wholesalers,Wholesale Trade,"Merchant Wholesalers, Nondurable Goods",Farm Product Raw Material Merchant Wholesalers,Other Farm Product Raw Material Merchant Wholesalers
238140,24,-0.083057984730029,23,-0.0012527323556108933,24,-0.023660546088564785,24,0.1088372319425834,23,0.29069750022590296,0.3167596412845044,0.3453272470543276,0.42121594500128046,0.1918952166726124,4,0.1088372319425834,23,0.343734701972541,23,Construction,6,0.11206348341007158,3,0.048521061359765805,24,0.17202339236437347,Masonry Contractors,Construction,Specialty Trade Contractors,"Foundation, Structure, and Building Exterior Contractors",Masonry Contractors
712190,24,-0.05550189353929484,23,-0.07473141191534004,24,0.11487076982379692,24,0.01592062317219472,23,0.07063588505031282,0.08036471901935116,0.2395563768190696,0.16900649497119413,0.18960218173913695,3,0.11487076982379692,24,0.33962727452782504,71,"Arts, entertainment & recreation",6,0.226175415651234,2,0.13650625673600422,24,0.34719126236130116,Nature Parks and Other Similar Institutions,"Arts, Entertainment, and Recreation","Museums, Historical Sites, and Similar Institutions","Museums, Historical Sites, and Similar Institutions",Nature Parks and Other Similar Institutions
721191,24,-0.08364316603933084,23,-0.05069303450916562,24,0.034909917518665845,24,0.100110771650761,23,0.2434125850215827,0.250716422857631,0.35940632971201053,0.39827640152905835,0.18375393769009185,4,0.100110771650761,23,0.32915153438110306,72,Accommodation & food services,6,0.17493857253170997,2,0.08887830400734698,24,0.26853998989273903,Bed-and-Breakfast Inns,Accommodation and Food Services,Accommodation,Traveler Accommodation,Other Traveler Accommodation
928120,24,-0.033330430715087865,9,-0.024591424428136586,10,0.11308353595014015,11,-0.06656789279701124,9,0.0928286646160674,0.1946728072263607,0.2562884773144298,0.1226368943061099,0.1796514287471514,3,0.11308353595014015,11,0.32180286403228875,92,Public administration,6,0.2914974835731953,1,0.16667830154030155,11,0.4474641021682949,International Affairs,Public Administration,National Security and International Affairs,National Security and International Affairs,International Affairs
237120,24,-0.0688855816627728,23,0.008068255813178106,24,-0.048055571810231734,24,0.10883529238521138,23,0.35387080714091385,0.3710762014956132,0.37214508422395626,0.46932511057276294,0.17772087404798417,4,0.10883529238521138,23,0.3183447338315132,23,Construction,6,0.1038611791201017,3,0.06247485677246989,24,0.15943242012052244,Oil and Gas Pipeline and Related Structures Construction,Construction,Heavy and Civil Engineering Construction,Utility System Construction,Oil and Gas Pipeline and Related Structures Construction
238110,24,-0.08093537474785943,23,-0.007280555024493894,24,-0.006487895192144057,24,0.09553024019092338,23,0.25179256194727456,0.2793065845259605,0.32138171715363417,0.37643264016559597,0.17646561493878282,4,0.09553024019092338,23,0.31609623528485176,23,Construction,6,0.10233754839752042,3,0.04933190053340977,24,0.15709356612782693,Poured Concrete Foundation and Structure Contractors,Construction,Specialty Trade Contractors,"Foundation, Structure, and Building Exterior Contractors",Poured Concrete Foundation and Structure Contractors
624110,24,-0.023889243195491513,23,-0.041049405644241525,24,0.12047631425384615,24,-0.05542413189616332,23,0.11533912361068029,0.1461553182810947,0.25907032423999216,0.13103270169119732,0.17590044615000947,3,0.12047631425384615,24,0.31508386963790275,62,Health care & social assistance,6,0.03004067633292392,2,0.013938348521773785,24,0.04611403192599025,Child and Youth Services,Health Care and Social Assistance,Social Assistance,Individual and Family Services,Child and Youth Services
424930,24,-0.08246425424923799,23,0.0933281470448164,24,-0.05883636163054534,24,0.04765103628304438,23,0.18458744482763048,0.2881664646950328,0.20508919047280227,0.23968463951166244,0.17579240129405438,2,0.0933281470448164,24,0.31489033294112956,42,Wholesale trade,6,0.09276479601465232,1,0.04237983253105054,23,0.14239888335467735,"Flower, Nursery Stock, and Florists' Supplies Merchant Wholesalers",Wholesale Trade,"Merchant Wholesalers, Nondurable Goods",Miscellaneous Nondurable Goods Merchant Wholesalers,"Flower, Nursery Stock, and Florists' Supplies Merchant Wholesalers"
561320,24,-0.08909580394247071,19,0.009986503960598303,21,-0.002660791627972831,21,0.08008733393395837,19,0.728522995251913,0.765352501358246,0.7862361435567162,0.8100541855282004,0.16918313787642908,4,0.08008733393395837,19,0.3030514073519036,56,Administrative & waste services,6,0.061762867566554025,3,0.03399042035564589,24,0.09480927843436357,Temporary Help Services,Administrative and Support and Waste Management and Remediation Services,Administrative and Support Services,Employment Services,Temporary Help Services
611610,24,-0.08586441005770169,23,0.07991112860118212,24,0.03517910959647635,24,-0.02844511881565745,23,0.12320503345190088,0.26338168775127263,0.24373608484828013,0.1537322627523349,0.1657755386588838,2,0.07991112860118212,24,0.2969475027221018,61,Educational services,6,0.09599683773364046,1,0.0347023583282021,23,0.14736023886358127,Fine Arts Schools,Educational Services,Educational Services,Other Schools and Instruction,Fine Arts Schools
611513,24,-0.057870833290036415,23,0.10721781349886095,24,-0.04258683005724939,24,-0.006391594461676904,23,0.16321297086443035,0.27765436025525486,0.17766012264835743,0.16283954515595883,0.16508864678889737,2,0.10721781349886095,24,0.29571709908666377,61,Educational services,6,0.11684659885276497,4,0.05451341357228214,23,0.17936572832863806,Apprenticeship Training,Educational Services,Educational Services,Technical and Trade Schools,Technical and Trade Schools
712130,24,-0.04232092781946367,23,-0.0604242393645019,24,0.10461624056459777,24,-0.0018431794734691037,23,0.11956765250184183,0.1326200050771821,0.2665208363815262,0.19118918655667475,0.16504047992909968,3,0.10461624056459777,24,0.29563081959786464,71,"Arts, entertainment & recreation",6,0.23026624707106136,2,0.14308432937838253,24,0.353470905622562,Zoos and Botanical Gardens,"Arts, Entertainment, and Recreation","Museums, Historical Sites, and Similar Institutions","Museums, Historical Sites, and Similar Institutions",Zoos and Botanical Gardens
512131,24,-0.012121873330767413,22,-0.05954613591885903,23,0.10493684178730549,24,-0.04799606823017886,22,0.24043602059336938,0.27034357754083443,0.3650206485901797,0.249824036064914,0.16448297770616452,3,0.10493684178730549,24,0.29463218678266223,51,Information,6,0.1506081666060927,2,0.08051084641586882,24,0.2311915259902616,Motion Picture Theaters (except Drive-Ins),Information,Motion Picture and Sound Recording Industries,Motion Picture and Video Industries,Motion Picture and Video Exhibition
561920,24,-0.02340728712293487,22,0.0639869661979168,23,-0.09954548975838362,24,0.05735272062681827,22,0.4217286492897884,0.4496320376916902,0.3442489730628471,0.4379568879507712,0.16353245595630042,2,0.0639869661979168,23,0.29292955283444155,56,Administrative & waste services,6,0.06792989567057331,1,0.02916703638303001,23,0.10427599375480205,Convention and Trade Show Organizers,Administrative and Support and Waste Management and Remediation Services,Administrative and Support Services,Other Support Services,Convention and Trade Show Organizers
212321,24,-0.06515268344852478,23,-0.0032365263288143126,24,-0.028846209774623488,24,0.09834960842106977,23,0.09959727411601604,0.11367762079459937,0.1342310201308113,0.21247683901627024,0.16350229186959453,4,0.09834960842106977,23,0.29287552103764164,21,"Mining, quarrying, oil & gas",6,0.11412841632090029,3,0.055911467144997985,24,0.17519317393385903,Construction Sand and Gravel Mining,"Mining, Quarrying, and Oil and Gas Extraction",Mining (except Oil and Gas),Nonmetallic Mineral Mining and Quarrying,"Sand, Gravel, Clay, and Ceramic and Refractory Minerals Mining and Quarrying"
112410,24,-0.08433955016372226,23,0.03818246277127373,24,-0.031155949325412522,24,0.0785541614133317,23,0.1803414628179442,0.24239475243760525,0.22808311651471894,0.27608337924265763,0.16289371157705396,4,0.0785541614133317,23,0.29178539399273623,11,"Agriculture, forestry, fishing",6,0.04085946474734381,3,0.022462257322549486,24,0.06272144611380968,Sheep Farming,"Agriculture, Forestry, Fishing and Hunting",Animal Production and Aquaculture,Sheep and Goat Farming,Sheep Farming
812220,24,-0.07597300765732162,23,-0.003577215904561642,24,-0.006321268951939893,24,0.08666663533911217,23,0.10779649156190707,0.1377565512661043,0.1748710427794248,0.2246280721966251,0.1626396429964338,4,0.08666663533911217,23,0.2913302904765863,81,Other services,6,0.14301759473096043,2,0.08331377768870596,24,0.21953959545756765,Cemeteries and Crematories,Other Services (except Public Administration),Personal and Laundry Services,Death Care Services,Cemeteries and Crematories
722515,24,-0.047765171488456874,23,-0.049310361565178505,24,0.11280776504093877,24,-0.015499754704602586,23,0.26201776515975594,0.2916045664115832,0.41981209079376747,0.32240408509407426,0.16211812660611727,3,0.11280776504093877,24,0.2903961177332131,72,Accommodation & food services,6,0.13853262716042236,2,0.07294404744810372,24,0.2126549322947695,Snack and Nonalcoholic Beverage Bars,Accommodation and Food Services,Food Services and Drinking Places,Restaurants and Other Eating Places,Restaurants and Other Eating Places
238320,24,-0.07699059797418654,23,-0.031156459736675107,24,0.024946877077003438,24,0.08376360641235493,23,0.2577802954961812,0.27533527306447964,0.3552031701061283,0.38517731299376995,0.16075420438654148,4,0.08376360641235493,23,0.28795297503383327,23,Construction,6,0.12231794489122691,2,0.06410521316876705,24,0.18776453477026445,Painting and Wall Covering Contractors,Construction,Specialty Trade Contractors,Building Finishing Contractors,Painting and Wall Covering Contractors
237990,24,-0.06984492836328395,23,0.010610725252431877,24,-0.03179758879867484,24,0.09079854671646947,23,0.24975659596018862,0.2784268450832572,0.285875643701462,0.3569196199170166,0.1606434750797534,4,0.09079854671646947,23,0.287754629781,23,Construction,6,0.08543673021856286,3,0.043496951201708656,24,0.13114991358010986,Other Heavy and Civil Engineering Construction,Construction,Heavy and Civil Engineering Construction,Other Heavy and Civil Engineering Construction,Other Heavy and Civil Engineering Construction
611210,24,-0.07170869086559829,23,0.0885612742611998,24,-0.03488425143736617,24,0.018275470745070976,23,0.08996988190698207,0.1967895888555763,0.12648674728177092,0.1259524085826979,0.1602699651267981,2,0.0885612742611998,24,0.28708557541586743,61,Educational services,6,0.10781787379004092,1,0.052671925753660996,23,0.16550615635431692,Junior Colleges,Educational Services,Educational Services,Junior Colleges,Junior Colleges
561790,24,-0.02215416387091356,23,-0.07337480898242986,24,0.08672114391852127,24,0.010078228175891957,23,0.2546532487106709,0.23477096903759787,0.36163830732938457,0.3150633577841288,0.16009595290095113,3,0.08672114391852127,24,0.2867738738444149,56,Administrative & waste services,6,0.22472427803784806,2,0.12547267968975342,24,0.3449636891372142,Other Services to Buildings and Dwellings,Administrative and Support and Waste Management and Remediation Services,Administrative and Support Services,Services to Buildings and Dwellings,Other Services to Buildings and Dwellings
611699,24,-0.05445558286694147,23,-0.019994196574074957,24,0.1040312035162223,24,-0.029103582431771417,23,0.1700706846810465,0.22913530846633287,0.32818832539976905,0.2191789353007607,0.15848678638316377,3,0.1040312035162223,24,0.2838914342348882,61,Educational services,6,0.06530396897295232,2,0.033317168347827934,24,0.10024505696005719,All Other Miscellaneous Schools and Instruction,Educational Services,Educational Services,Other Schools and Instruction,All Other Schools and Instruction
483212,24,-0.08010542045695103,23,-0.07376215847910263,24,0.07434883599689134,24,0.07837784607397905,23,0.1617272090417671,0.16471695732834862,0.3152310225731354,0.31704741582413953,0.1584832665309301,4,0.07837784607397905,23,0.28388512925564224,48,Transportation,6,0.2951675337254396,2,0.16306011968710865,24,0.4530978238600097,Inland Water Passenger Transportation,Transportation and Warehousing,Water Transportation,Inland Water Transportation,Inland Water Transportation
238910,24,-0.06727942203624233,23,-0.009472220638658742,24,-0.01312741171791592,24,0.09106792488758314,23,0.2076617136529504,0.22341752633019665,0.25811778028476035,0.319072857675156,0.15834734692382546,4,0.09106792488758314,23,0.28364166156295845,23,Construction,6,0.10401201836715653,3,0.05087621270485854,24,0.15966396636726107,Site Preparation Contractors,Construction,Specialty Trade Contractors,Other Specialty Trade Contractors,Site Preparation Contractors
459120,24,0.07972228424266004,23,-0.07757650666204256,24,-0.044574009157132145,24,0.04523126456535246,23,0.3666900070984267,0.22586769901813034,0.2401984042619191,0.34367712781997223,0.1572987909047026,1,0.07972228424266004,23,0.28176342250632985,45,Retail trade - specialty,6,0.2946936293528955,4,0.20441025995965556,23,0.45237035550599625,"Hobby, Toy, and Game Retailers",Retail Trade,"Sporting Goods, Hobby, Musical Instrument, Book, and Miscellaneous Retailers","Sporting Goods, Hobby, and Musical Instrument Retailers","Hobby, Toy, and Game Retailers"
711110,24,-0.11040096745250251,22,0.01807777019390891,23,0.035881757602409727,24,0.04688261260645348,22,0.3301328983956806,0.4390119023875256,0.47960127282691706,0.44842712806148893,0.15728358005895599,4,0.04688261260645348,22,0.2817361758890346,71,"Arts, entertainment & recreation",6,0.05260563207606647,2,0.0321176343981308,24,0.08075243613553199,Theater Companies and Dinner Theaters,"Arts, Entertainment, and Recreation","Performing Arts, Spectator Sports, and Related Industries",Performing Arts Companies,Theater Companies and Dinner Theaters
212311,24,-0.07000752614793262,23,-0.0005927334686604476,24,-0.013487487124150549,24,0.08477400811188736,23,0.13878118831230338,0.16503946952722345,0.1924832176794644,0.24690194008000646,0.15478153425982,4,0.08477400811188736,23,0.2772543551224704,21,"Mining, quarrying, oil & gas",6,0.11426525492279312,2,0.057336323119643394,24,0.17540322844749454,Dimension Stone Mining and Quarrying,"Mining, Quarrying, and Oil and Gas Extraction",Mining (except Oil and Gas),Nonmetallic Mineral Mining and Quarrying,Stone Mining and Quarrying
712120,24,-0.06849664309370027,23,-0.022484452579590003,24,0.00495356738646022,24,0.08620887997351512,23,0.10241599149029572,0.11655978438956971,0.17567248244802372,0.2248780457335573,0.15470552306721538,4,0.08620887997351512,23,0.2771181991249965,71,"Arts, entertainment & recreation",6,0.1526496232909323,2,0.07973551083813858,24,0.23432527030736422,Historical Sites,"Arts, Entertainment, and Recreation","Museums, Historical Sites, and Similar Institutions","Museums, Historical Sites, and Similar Institutions",Historical Sites
112512,24,-0.0765394047647091,23,-0.017136133636914425,24,0.07651391753029661,24,0.01687723786352889,23,0.1626321986992161,0.22158643648984044,0.31481294155429357,0.2550116115581535,0.15305332229500573,3,0.07651391753029661,24,0.27415867387011117,11,"Agriculture, forestry, fishing",6,0.14563670419112834,2,0.08746793256273606,24,0.22356006743114556,Shellfish Farming,"Agriculture, Forestry, Fishing and Hunting",Animal Production and Aquaculture,Aquaculture,Aquaculture
711219,24,-0.08197184764882062,23,0.005249665891922585,24,0.005241888903054676,24,0.07029278869308424,23,0.23115820298946577,0.27715218867854985,0.3126468425837887,0.33765771868291833,0.15226463634190485,4,0.07029278869308424,23,0.2727459303127688,71,"Arts, entertainment & recreation",6,0.06687749389953747,2,0.04562149974497179,24,0.10266050120294738,Other Spectator Sports,"Arts, Entertainment, and Recreation","Performing Arts, Spectator Sports, and Related Industries",Spectator Sports,Spectator Sports
928110,24,-0.0781089266508344,23,0.004132170598389824,24,0.006915485727229734,24,0.07030257751852155,23,0.11559159749497232,0.16099098873422082,0.19812603877668966,0.221430117364699,0.14841150416935595,4,0.07030257751852155,23,0.26584395921647236,92,Public administration,6,0.029277457032461065,4,0.011126298815274962,23,0.044942449808529635,National Security,Public Administration,National Security and International Affairs,National Security and International Affairs,National Security
813312,24,-0.047280889795221714,23,-0.031204049075505697,24,0.1010739733736078,24,-0.023146357129251994,23,0.14984025516107105,0.19190671721884112,0.2963812774276226,0.19870789088918847,0.1483548631688295,3,0.1010739733736078,24,0.2657425003173243,81,Other services,6,0.11454792206612541,2,0.06241828477825192,24,0.17583713750891494,"Environment, Conservation and Wildlife Organizations",Other Services (except Public Administration),"Religious, Grantmaking, Civic, Professional, and Similar Organizations",Social Advocacy Organizations,Social Advocacy Organizations
445240,24,-0.03699238244786524,23,0.04164579308036229,24,-0.07560322703157553,24,0.07234732480949715,23,0.2528182127952992,0.2733739525400665,0.21063810612410935,0.29910871377130316,0.1479505518410727,4,0.07234732480949715,23,0.2650182726051364,44,Retail trade - general,6,0.12880577636234983,4,0.0895880323915044,23,0.19772370027886227,Meat Retailers,Retail Trade,Food and Beverage Retailers,Specialty Food Retailers,Meat Retailers
459210,24,0.0724772293293266,23,-0.06602765540927692,24,0.06620231284227522,24,-0.07335988989292674,23,0.2926157925247325,0.22231938366003298,0.28407828561388726,0.21343256188319107,0.14583711922225334,1,0.0724772293293266,23,0.2612325600482241,45,Retail trade - specialty,6,0.09572272636834656,4,0.052403262558187585,23,0.14693946337536146,Book Retailers and News Dealers,Retail Trade,"Sporting Goods, Hobby, Musical Instrument, Book, and Miscellaneous Retailers",Book Retailers and News Dealers,Book Retailers and News Dealers
525110,24,-0.03957007911860499,18,-0.03297322997968071,24,-0.026552989269122095,19,0.10549298697951277,18,0.12716661758360384,0.1020782813349312,0.14293640504562,0.23659254165088386,0.14506306609811775,4,0.10549298697951277,18,0.25984602772840293,52,Finance & insurance,6,0.12611639245622586,3,0.0399101421335268,24,0.19359535330245536,Pension Funds,Finance and Insurance,"Funds, Trusts, and Other Financial Vehicles",Insurance and Employee Benefit Funds,Pension Funds
458320,24,0.08173039870035147,23,-0.06001969080500069,24,-0.024239540659706526,24,0.001505357107637851,23,0.316302182968048,0.20001332687217407,0.20376385238630146,0.25599345921984196,0.14175008950535217,1,0.08173039870035147,23,0.253911617056254,45,Retail trade - specialty,6,0.23192965840224528,4,0.1582935260477397,23,0.3560243302652755,Luggage and Leather Goods Retailers,Retail Trade,"Clothing, Clothing Accessories, Shoe, and Jewelry Retailers","Jewelry, Luggage, and Leather Goods Retailers",Luggage and Leather Goods Retailers
484210,24,-0.04052207852354144,23,-0.044400560019575014,24,0.09634865186485754,24,-0.010995700845654367,23,0.22241182450185715,0.24631649103719785,0.35902227761168853,0.2790307604564641,0.14074921188443257,3,0.09634865186485754,24,0.25211878252549685,48,Transportation,6,0.13276702397138668,2,0.08108128221282282,24,0.20380442551571976,Used Household and Office Goods Moving,Transportation and Warehousing,Truck Transportation,Specialized Freight Trucking,Used Household and Office Goods Moving
238170,24,-0.05769026689444551,23,-0.016837389386710686,24,-0.00654145314612061,24,0.08209338672103207,23,0.25560654071577815,0.262326772532772,0.3027217831231872,0.35619970000584367,0.13978365361547757,4,0.08209338672103207,23,0.2503892142247788,23,Construction,6,0.08344767304181618,3,0.04250118395839386,24,0.1280966052878931,Siding Contractors,Construction,Specialty Trade Contractors,"Foundation, Structure, and Building Exterior Contractors",Siding Contractors
311423,24,-0.06462863534922385,23,-0.06167358959609078,24,0.053424567381727184,24,0.07391874373420565,23,0.1300683627704801,0.12638092595292288,0.24604066832754726,0.25885127593871726,0.1385473790834295,4,0.07391874373420565,23,0.24817472203889604,31,Manufacturing - food/textiles,6,0.11878478680416851,3,0.0715591064735419,24,0.18234094966117634,Dried and Dehydrated Food Manufacturing,Manufacturing,Food Manufacturing,Fruit and Vegetable Preserving and Specialty Food Manufacturing,"Fruit and Vegetable Canning, Pickling, and Drying"
112111,24,-0.06981357843139795,23,-0.0036616461006166606,24,0.005549951143263793,24,0.0680830362104655,23,0.1471449213415418,0.18026881542951326,0.22071600171871808,0.2500632857213953,0.13789661464186345,4,0.0680830362104655,23,0.2470090321105344,11,"Agriculture, forestry, fishing",6,0.06876054845866997,2,0.03897399398137718,24,0.10555108985334498,Beef Cattle Ranching and Farming,"Agriculture, Forestry, Fishing and Hunting",Animal Production and Aquaculture,Cattle Ranching and Farming,"Beef Cattle Ranching and Farming, including Feedlots"
237130,24,-0.058167238526092534,23,0.030750957423906516,24,-0.04929334799718168,24,0.07771269551275539,23,0.26180316660586883,0.2955703849469906,0.2678356884402993,0.33868768792797144,0.13587993403884793,4,0.07771269551275539,23,0.24339662780952465,23,Construction,6,0.07214240754469448,3,0.04228511561814996,24,0.11074242296894515,Power and Communication Line and Related Structures Construction,Construction,Heavy and Civil Engineering Construction,Utility System Construction,Power and Communication Line and Related Structures Construction
424510,24,-0.06502561032107784,23,0.0005316220940572545,24,-0.004231746287248412,24,0.0694914715549235,23,0.08572118932990498,0.11649863595072897,0.1462128383834385,0.18439053339064482,0.13451708187600134,4,0.0694914715549235,23,0.24095540186261669,42,Wholesale trade,6,0.05186284437953518,3,0.026320273124633312,24,0.07961221761406893,Grain and Field Bean Merchant Wholesalers,Wholesale Trade,"Merchant Wholesalers, Nondurable Goods",Farm Product Raw Material Merchant Wholesalers,Grain and Field Bean Merchant Wholesalers
532289,24,-0.06837714041576147,23,-0.007799880711830325,24,0.011854938427321165,24,0.0639992594860455,23,0.19697266863315624,0.22863115656760527,0.27588940592571504,0.29943777842918234,0.13237639990180697,4,0.0639992594860455,23,0.23712087855778063,53,Real estate,6,0.13402267538457333,2,0.06849085993267925,24,0.2057319170513262,All Other Consumer Goods Rental,Real Estate and Rental and Leasing,Rental and Leasing Services,Consumer Goods Rental,Other Consumer Goods Rental
561311,24,-0.06882484102064951,23,0.007327458162119489,24,-0.0014262783763677501,24,0.06349578435797139,23,0.5871199028584284,0.6242276956862924,0.6466805721899175,0.6719860054462782,0.13232062537862088,4,0.06349578435797139,23,0.23702097174698328,56,Administrative & waste services,6,0.06581009827083276,3,0.029965553626906446,24,0.10102199228409839,Employment Placement Agencies,Administrative and Support and Waste Management and Remediation Services,Administrative and Support Services,Employment Services,Employment Placement Agencies and Executive Search Services
112330,24,-0.049677690806171244,23,-0.0034373791368252434,24,-0.029713673219558104,24,0.0824708846391208,23,0.1483318500971578,0.15504974881619324,0.1686424058088792,0.2416624092406813,0.13214857544529204,4,0.0824708846391208,23,0.23671278515649583,11,"Agriculture, forestry, fishing",6,0.014679368444909437,3,0.0071837529506186505,24,0.022533609350866474,Turkey Production,"Agriculture, Forestry, Fishing and Hunting",Animal Production and Aquaculture,Poultry and Egg Production,Turkey Production
811411,24,-0.07159595907963165,23,-0.004055498955384561,24,0.01476514987242252,24,0.060550234494973224,23,0.15192888801727328,0.1894698371950021,0.23512178428349997,0.25124343162715285,0.1321461935746049,4,0.060550234494973224,23,0.23670851860089853,81,Other services,6,0.13577169387249233,2,0.07886057610738784,24,0.20841675322136438,Home and Garden Equipment Repair and Maintenance,Other Services (except Public Administration),Repair and Maintenance,Personal and Household Goods Repair and Maintenance,Home and Garden Equipment and Appliance Repair and Maintenance
921120,24,-0.0300286287864037,23,-0.048066734195194825,24,0.08391961422407794,24,-0.005929147440997844,23,0.06963468291752613,0.07841938733850894,0.18333756014988137,0.12041650451309797,0.13198634841927276,3,0.08391961422407794,24,0.23642219397132958,92,Public administration,6,0.048778158250055464,2,0.03385827967378336,24,0.07487706075275063,Legislative Bodies,Public Administration,"Executive, Legislative, and Other General Government Support","Executive, Legislative, and Other General Government Support",Legislative Bodies
512240,24,-0.05885407154828355,23,0.003888739754502081,24,-0.018349369521828387,24,0.07303889936282372,23,0.16368697473599392,0.18630406401459979,0.20114367378420148,0.2526820225974599,0.13189297091110727,4,0.07303889936282372,23,0.23625493034435255,51,Information,6,0.04328425050881584,3,0.016050824134278743,24,0.06644362090038929,Sound Recording Studios,Information,Motion Picture and Sound Recording Industries,Sound Recording Industries,Sound Recording Studios
336110,24,-0.041069188359830984,23,0.0044023783844354585,24,-0.04633125829526621,24,0.08522183511385167,23,0.05523584008256765,0.056076872749770475,0.04811314864810239,0.1328119411369667,0.1315530934091179,4,0.08522183511385167,23,0.23564612052679046,33,Manufacturing - metals/machinery,6,0.028260735398848186,3,0.015613929321797324,24,0.0433817281605658,Automobile and Light Duty Motor Vehicle Manufacturing,Manufacturing,Transportation Equipment Manufacturing,Motor Vehicle Manufacturing,Automobile and Light Duty Motor Vehicle Manufacturing
926140,24,-0.04304480751571491,23,-0.04847763013956069,24,0.08293432582953704,24,0.010673764943707854,23,0.0722251860886627,0.08690619294105222,0.19854246007256307,0.14431007554499992,0.13141195596909772,3,0.08293432582953704,24,0.2353933063257712,92,Public administration,6,0.03805028949371496,3,0.018303958301376103,24,0.05840921306366471,Regulation of Agricultural Marketing and Commodities,Public Administration,Administration of Economic Programs,Administration of Economic Programs,Regulation of Agricultural Marketing and Commodities
561330,24,-0.06341239457994356,23,0.007536497083184671,24,-0.010979996203147886,24,0.06783734133220021,23,0.36528584745574477,0.3959433041797713,0.41152776673742847,0.4490722217013814,0.13124973591214378,4,0.06783734133220021,23,0.23510272762403026,56,Administrative & waste services,6,0.051694133864834374,3,0.03290348306682291,24,0.07935323802336522,Professional Employer Organizations,Administrative and Support and Waste Management and Remediation Services,Administrative and Support Services,Employment Services,Professional Employer Organizations
561520,24,-0.06791532552581607,23,0.009631339986007284,24,-0.003283966790168992,24,0.06284486934598907,23,0.138174227296064,0.17939323026736342,0.20134955326664827,0.22987380984627115,0.13076019487180512,4,0.06284486934598907,23,0.23422583112539982,56,Administrative & waste services,6,0.08232998954945712,2,0.034382063813524814,24,0.12638090183040102,Tour Operators,Administrative and Support and Waste Management and Remediation Services,Administrative and Support Services,Travel Arrangement and Reservation Services,Tour Operators
311314,24,0.05011271580706945,23,0.023643115153567068,24,-0.07991711462080933,24,0.005157732442797879,23,0.21095665939888805,0.16739162609719424,0.07654036248836632,0.14552332812115706,0.13002983042787877,1,0.05011271580706945,23,0.23291755669929637,31,Manufacturing - food/textiles,6,0.21521264583805527,4,0.15152051726906687,23,0.3303628290877085,Cane Sugar Manufacturing,Manufacturing,Food Manufacturing,Sugar and Confectionery Product Manufacturing,Sugar Manufacturing
512290,24,-0.03287594990577954,23,0.030474371380810068,24,-0.06323333077092777,24,0.06586282041443178,23,0.24373503793048815,0.25661833416361274,0.20855288763511717,0.2869541026484772,0.12909615118535955,4,0.06586282041443178,23,0.2312450921025741,51,Information,6,0.03196696147963804,3,0.013589803398323838,24,0.049070981821848,Other Sound Recording Industries,Information,Motion Picture and Sound Recording Industries,Sound Recording Industries,Other Sound Recording Industries
238160,24,-0.06078424458006308,23,-0.010668521091745846,24,0.0056046238274871174,24,0.0665377072387064,23,0.22349846653550207,0.2440953160995095,0.28602920784700864,0.3167538519395335,0.12732195181876949,4,0.0665377072387064,23,0.2280670353428,23,Construction,6,0.0799286837603073,3,0.038938673992735616,24,0.12269477004702443,Roofing Contractors,Construction,Specialty Trade Contractors,"Foundation, Structure, and Building Exterior Contractors",Roofing Contractors
921150,24,-0.026587601014560754,23,-0.037288783790085656,24,0.08977012352254556,24,-0.0270191577337192,23,0.10434876394156713,0.12395417784195394,0.21813715932251201,0.13277989375797905,0.1270589073126312,3,0.08977012352254556,24,0.22759585358803425,92,Public administration,6,0.053027763000034006,2,0.02924384660756915,24,0.08140042949923172,American Indian and Alaska Native Tribal Governments,Public Administration,"Executive, Legislative, and Other General Government Support","Executive, Legislative, and Other General Government Support",American Indian and Alaska Native Tribal Governments
541870,24,-0.018087583171213038,22,0.020582390643795728,24,-0.063532293228998,23,0.06336257969454069,22,0.5581926803644434,0.5478968732759076,0.4964362848997805,0.5673329106970401,0.12689487292353868,4,0.06336257969454069,22,0.22730202494120477,54,Professional & technical services,6,0.018712334675868907,2,0.008127986936415588,24,0.028724426477279824,Advertising Material Distribution Services,"Professional, Scientific, and Technical Services","Professional, Scientific, and Technical Services","Advertising, Public Relations, and Related Services",Advertising Material Distribution Services
525920,24,0.005596216416057907,6,-0.03776276218760131,6,-0.05495951725559671,5,0.0697615240479241,5,0.3163890618971954,0.3854982704231909,0.47329402573891166,0.4283239435133244,0.12472104130352081,4,0.0697615240479241,5,0.22340812191953568,52,Finance & insurance,6,0.18906233552472718,4,0.08677696159263382,23,0.29022071539828637,"Trusts, Estates, and Agency Accounts",Finance and Insurance,"Funds, Trusts, and Other Financial Vehicles",Other Investment Pools and Funds,"Trusts, Estates, and Agency Accounts"
512110,24,-0.03165067019570123,23,0.02482520227600551,24,-0.056888050633163524,24,0.06598932740347399,23,0.4881462594534885,0.498388703826587,0.4589807436476745,0.533348884735089,0.12287737803663751,4,0.06598932740347399,23,0.2201056370813594,51,Information,6,0.04496831391859567,3,0.025019451457371153,24,0.06902874757940704,Motion Picture and Video Production,Information,Motion Picture and Sound Recording Industries,Motion Picture and Video Industries,Motion Picture and Video Production
459310,24,-0.034817298206799636,23,0.06777776064226909,24,-0.05372445825020605,24,0.020607753978680147,23,0.2147758219760738,0.2727010026726539,0.19507066208469573,0.2248892379971497,0.12150221889247514,2,0.06777776064226909,24,0.21764236610056206,45,Retail trade - specialty,6,0.06025076546587227,1,0.04153253444124132,23,0.09248812148791448,Florists,Retail Trade,"Sporting Goods, Hobby, Musical Instrument, Book, and Miscellaneous Retailers",Florists,Florists
812921,24,-0.04205930698094353,23,0.0038664550755034255,24,-0.039871236386464254,24,0.07850526211744194,23,0.15005047721730996,0.15466509581689517,0.15154680426547357,0.22817098548698045,0.12056456909838548,4,0.07850526211744194,23,0.21596278920378148,81,Other services,6,0.05435512100757389,3,0.02611652871611926,24,0.08343799446143695,Photofinishing Laboratories (except One-Hour),Other Services (except Public Administration),Personal and Laundry Services,Other Personal Services,Photofinishing
237110,24,-0.05419546237058764,23,-0.00507612696223357,24,-0.006300623238474554,24,0.06634524251816326,23,0.18835969311209688,0.20535198495203857,0.2324965307164474,0.2722423229578053,0.1205407048887509,4,0.06634524251816326,23,0.21592004214041643,23,Construction,6,0.08127482306070158,3,0.04064859793568638,24,0.12476116529016941,Water and Sewer Line and Related Structures Construction,Construction,Heavy and Civil Engineering Construction,Utility System Construction,Water and Sewer Line and Related Structures Construction
339999,24,-0.04627671022738733,23,-0.0029476180196885376,24,-0.023956989618417985,24,0.0739031462916967,23,0.13944502926794783,0.1457353578002641,0.15792092237195743,0.21802046618048668,0.12017985651908403,4,0.0739031462916967,23,0.2152736679943827,33,Manufacturing - metals/machinery,6,0.03240472869945816,3,0.020101119950684868,24,0.049742977729237484,All Other Miscellaneous Manufacturing,Manufacturing,Miscellaneous Manufacturing,Other Miscellaneous Manufacturing,All Other Miscellaneous Manufacturing
814110,24,-0.04971956037499385,23,0.0014117908136745568,24,-0.020284557747953055,24,0.0693635940933116,23,0.15100017998988938,0.16630871461606314,0.1787936676148878,0.2318477361096185,0.11908315446830545,4,0.0693635940933116,23,0.2133091867576242,81,Other services,6,0.07635942410996277,3,0.04576551564395089,24,0.11721576712298752,Private Households,Other Services (except Public Administration),Private Households,Private Households,Private Households
112511,24,-0.07318306251455171,23,-0.004237956752706094,24,0.03198021463574489,24,0.04493430389787996,23,0.14133056961514745,0.1887316976587766,0.24460873920781787,0.23652535148536943,0.11811736641243167,4,0.04493430389787996,23,0.21157920684821988,11,"Agriculture, forestry, fishing",6,0.10588922937757794,2,0.05423116869061086,24,0.16254558486036802,Finfish Farming and Fish Hatcheries,"Agriculture, Forestry, Fishing and Hunting",Animal Production and Aquaculture,Aquaculture,Aquaculture
111930,24,-0.057730595138715375,23,0.013374453713132374,24,-0.01635057804081154,24,0.059250127870360374,23,0.19994364621166025,0.22967197981675977,0.23265140599559453,0.26833198825605237,0.11698072300907575,4,0.059250127870360374,23,0.20954318016513598,11,"Agriculture, forestry, fishing",6,0.11692989964890538,4,0.059372322484718965,23,0.17949359947009003,Sugarcane Farming,"Agriculture, Forestry, Fishing and Hunting",Crop Production,Other Crop Farming,Sugarcane Farming
445250,24,-0.05214513531013636,23,-0.030904599712066588,24,0.06446827752253485,24,0.017461577523040898,23,0.1863616823181551,0.21237190308496534,0.3001913232759088,0.2590741884217826,0.11661341283267121,3,0.06446827752253485,24,0.20888523122713146,44,Retail trade - general,6,0.12684452648424338,2,0.0774485492381191,24,0.1947130776653253,Fish and Seafood Retailers,Retail Trade,Food and Beverage Retailers,Specialty Food Retailers,Fish and Seafood Retailers
484220,24,-0.045584903226545535,23,0.0005323037083968113,24,-0.022397802687273264,24,0.06816990061776936,23,0.1805830367834466,0.1915414718038897,0.2014352994075391,0.25612473238573513,0.11375480384431488,4,0.06816990061776936,23,0.2037647121974931,48,Transportation,6,0.06935973750444076,3,0.03899292919161624,24,0.10647087682751823,"Specialized Freight (except Used Goods) Trucking, Local",Transportation and Warehousing,Truck Transportation,Specialized Freight Trucking,"Specialized Freight (except Used Goods) Trucking, Local"
713950,24,-0.04656616654030496,22,0.06610328587159166,23,-0.01738184873416808,24,0.0002466857121725889,22,0.20245442279685105,0.28149600639106837,0.23078382657899618,0.21483534423526018,0.11266945241189662,2,0.06610328587159166,23,0.20182056289754335,71,"Arts, entertainment & recreation",6,0.10093773492835839,1,0.0403072442779296,23,0.15494477818803534,Bowling Centers,"Arts, Entertainment, and Recreation","Amusement, Gambling, and Recreation Industries",Other Amusement and Recreation Industries,Bowling Centers
924120,24,-0.05400112082269332,23,-0.04562392266766544,24,0.05841498602856008,24,0.04130588751084117,23,0.06697909965317285,0.07743310817338582,0.17913496202892967,0.16400684382735337,0.1124161068512534,3,0.05841498602856008,24,0.20136675449995137,92,Public administration,6,0.19091108278039673,2,0.1093428600357715,24,0.29305864051775504,Administration of Conservation Programs,Public Administration,Administration of Environmental Quality Programs,Administration of Environmental Quality Programs,Administration of Conservation Programs
611310,24,-0.06190915263697382,23,0.05011457883562872,24,0.021469752810360895,24,-0.009785654310055125,23,0.07934258545202795,0.17084881337374802,0.16212588362421068,0.11046344825395155,0.11202373147260254,2,0.05011457883562872,24,0.20066390720557603,61,Educational services,6,0.06088086012410894,1,0.02995958833127646,23,0.09345535021686545,"Colleges, Universities, and Professional Schools",Educational Services,Educational Services,"Colleges, Universities, and Professional Schools","Colleges, Universities, and Professional Schools"
611110,24,-0.04436398241202443,23,0.06609487233246632,24,-0.019428697105035538,24,-0.002005783966954282,23,0.06506576442615535,0.14354777634985227,0.08984004360861657,0.07498970507745194,0.11045885474449074,2,0.06609487233246632,24,0.19786080223460129,61,Educational services,6,0.08206548659783214,1,0.03268401483541308,23,0.12597487576692037,Elementary and Secondary Schools,Educational Services,Educational Services,Elementary and Secondary Schools,Elementary and Secondary Schools
483114,24,-0.04717490934895597,23,-0.03187668197200346,24,0.01656794658327288,24,0.06312013273947537,23,0.11436742423325401,0.11586153684745537,0.18110901340566365,0.2132205967973262,0.11029504208843133,4,0.06312013273947537,23,0.19756737076983488,48,Transportation,6,0.22434633506838125,2,0.12269629019203658,24,0.3443835266279868,Coastal and Great Lakes Passenger Transportation,Transportation and Warehousing,Water Transportation,"Deep Sea, Coastal, and Great Lakes Water Transportation","Deep Sea, Coastal, and Great Lakes Water Transportation"
238120,24,-0.054200224583508615,23,-6.281631372296916e-05,24,-0.0006172352054916915,24,0.05547287462153307,23,0.34075988601053253,0.36484714611650654,0.3890600388499264,0.4145074019943298,0.10967309920504169,4,0.05547287462153307,23,0.19645330781728818,23,Construction,6,0.05541246401943331,3,0.03241064421318032,24,0.08506107208010459,Structural Steel and Precast Concrete Contractors,Construction,Specialty Trade Contractors,"Foundation, Structure, and Building Exterior Contractors",Structural Steel and Precast Concrete Contractors
441222,24,-0.06471742286620034,23,-0.02179501685327212,24,0.042676401349783594,24,0.04460161587821266,23,0.11551956790376346,0.146528595010609,0.22112765582399882,0.21037391393782143,0.10931903874441301,4,0.04460161587821266,23,0.19581909259804123,44,Retail trade - general,6,0.172770215078827,2,0.1065357770191277,24,0.26521144616419406,Boat Dealers,Retail Trade,Motor Vehicle and Parts Dealers,Other Motor Vehicle Dealers,"Motorcycle, Boat, and Other Motor Vehicle Dealers"
531210,24,-0.04483498446639624,23,-0.005980280121337007,24,-0.013757285897726878,24,0.06403582045477185,23,0.13355378033844126,0.14235982805929134,0.16312643602281546,0.21140761578179332,0.1088708049211681,4,0.06403582045477185,23,0.19501618816759905,53,Real estate,6,0.036989467335307155,2,0.016678367113078324,24,0.05678079477046531,Offices of Real Estate Agents and Brokers,Real Estate and Rental and Leasing,Real Estate,Offices of Real Estate Agents and Brokers,Offices of Real Estate Agents and Brokers
236210,24,-0.05545604498648661,23,0.03954291842577837,24,-0.03590839555458729,24,0.052733423068126034,23,0.28309817606391735,0.33069271424373575,0.2992014155719975,0.33952690800943364,0.10818946805461264,4,0.052733423068126034,23,0.1937957350013906,23,Construction,6,0.056619430553016006,3,0.027098329720922642,24,0.08691382974262879,Industrial Building Construction,Construction,Construction of Buildings,Nonresidential Building Construction,Industrial Building Construction
487990,24,-0.043285686223140746,23,-0.020964548437010993,24,0.06363199808449249,24,0.0042921690631629985,23,0.23095311405301291,0.2641138527172356,0.3392036882554803,0.28702952762474,0.10691768430763324,3,0.06363199808449249,24,0.1915176364910598,48,Transportation,6,0.1786336638974149,2,0.09627841521947446,24,0.27421215117563325,"Scenic and Sightseeing Transportation, Other",Transportation and Warehousing,Scenic and Sightseeing Transportation,"Scenic and Sightseeing Transportation, Other","Scenic and Sightseeing Transportation, Other"
212319,24,-0.04729292942980932,23,-0.0022545562663550023,24,-0.009284094364913719,24,0.059368595306881905,23,0.09559840814668386,0.11159069571926204,0.1320920958245502,0.17116168465966583,0.10666152473669122,4,0.059368595306881905,23,0.1910587874623975,21,"Mining, quarrying, oil & gas",6,0.07551481209147373,3,0.03712231612563761,24,0.11591924286521,Other Crushed and Broken Stone Mining and Quarrying,"Mining, Quarrying, and Oil and Gas Extraction",Mining (except Oil and Gas),Nonmetallic Mineral Mining and Quarrying,Stone Mining and Quarrying
711410,24,-0.042241287252587176,23,0.0033049553348224506,24,-0.03025839418837246,24,0.06427073078927141,23,0.3187608992072705,0.3305080629684423,0.3356453160599691,0.4012993575282409,0.10651201804185859,4,0.06427073078927141,23,0.190790981729236,71,"Arts, entertainment & recreation",6,0.03818669187989049,3,0.016741084076728485,24,0.058618597963031496,"Agents and Managers for Artists, Athletes, Entertainers, and Other Public Figures","Arts, Entertainment, and Recreation","Performing Arts, Spectator Sports, and Related Industries","Agents and Managers for Artists, Athletes, Entertainers, and Other Public Figures","Agents and Managers for Artists, Athletes, Entertainers, and Other Public Figures"
813211,24,-0.05409206090274292,23,0.010878133051597813,24,0.052022176697573586,24,-0.007973315678813125,23,0.12202799854649056,0.18535389950293565,0.22692353435618498,0.16444881581428725,0.1061142376003165,3,0.052022176697573586,24,0.19007845254849437,81,Other services,6,0.022834190584697548,4,0.011760321508594513,23,0.035051693975107,Grantmaking Foundations,Other Services (except Public Administration),"Religious, Grantmaking, Civic, Professional, and Similar Organizations",Grantmaking and Giving Services,Grantmaking and Giving Services
238190,24,-0.05174635476221997,23,0.009419379598995192,24,-0.011690635797686678,24,0.053976422820905694,23,0.3112531653149228,0.3389114845978072,0.3477310446827013,0.3799318763629686,0.10572277758312566,4,0.053976422820905694,23,0.18937724490675922,23,Construction,6,0.05837518433601638,3,0.03053536091642485,24,0.08960900494794605,"Other Foundation, Structure, and Building Exterior Contractors",Construction,Specialty Trade Contractors,"Foundation, Structure, and Building Exterior Contractors","Other Foundation, Structure, and Building Exterior Contractors"
236118,24,-0.046310047911316196,23,-0.01613105032046271,24,0.004557745627538052,24,0.05849939498666758,23,0.22480223328037754,0.23234197171621482,0.2721438107929774,0.30283015861466395,0.10480944289798377,4,0.05849939498666758,23,0.18774122275236624,23,Construction,6,0.06731790831640744,3,0.029827063603621754,24,0.10333656069825074,Residential Remodelers,Construction,Construction of Buildings,Residential Building Construction,Residential Building Construction
492110,24,0.0050189792535430015,23,-0.039510645211975476,24,-0.028816588800854262,24,0.06311513626429294,23,0.19222941384759853,0.13790966346626224,0.16261120350887692,0.24494592115320013,0.10262578147626841,4,0.06311513626429294,23,0.18382971197571754,49,Warehousing & couriers,6,0.16944072768232943,4,0.1097525120025709,23,0.2601005063705051,Couriers and Express Delivery Services,Transportation and Warehousing,Couriers and Messengers,Couriers and Express Delivery Services,Couriers and Express Delivery Services
236115,24,-0.04535561841178761,23,-0.012940448496357186,24,0.0018786905229489469,24,0.056868705726583355,23,0.2116345665097361,0.220324749146647,0.25489582877627226,0.2857095273599997,0.10222432413837096,4,0.056868705726583355,23,0.1831105965084868,23,Construction,6,0.053490692632218034,3,0.02531162744061713,24,0.08211105104454709,New Single-Family Housing Construction (except For-Sale Builders),Construction,Construction of Buildings,Residential Building Construction,Residential Building Construction
456120,24,0.03597525445177057,23,-0.033363892830326425,24,-0.05114964903733125,24,0.050518327985428164,23,0.34100992053006135,0.26412231338355224,0.25396249189769593,0.34610196848650215,0.10166797702275941,4,0.050518327985428164,23,0.18211403279369506,45,Retail trade - specialty,6,0.26822720875799927,4,0.1768453889101107,23,0.4117429957636951,"Cosmetics, Beauty Supplies, and Perfume Retailers",Retail Trade,Health and Personal Care Retailers,Health and Personal Care Retailers,"Cosmetics, Beauty Supplies, and Perfume Retailers"
525910,24,-0.02861003318925903,23,-0.01874548433871658,24,0.07260207079487048,24,-0.021094968827561223,23,0.07681398593020687,0.10978735368430591,0.1802516901158381,0.10551188495762935,0.10121210398412951,3,0.07260207079487048,24,0.18129744452334695,52,Finance & insurance,6,0.08007169524715052,4,0.045889369143171876,23,0.12291430026655027,Open-End Investment Funds,Finance and Insurance,"Funds, Trusts, and Other Financial Vehicles",Other Investment Pools and Funds,Open-End Investment Funds
525990,24,-0.06204592432182831,16,-0.02027825301838283,17,0.026007341561237074,17,0.03808415755952576,15,0.21922233619027232,0.2127577788798335,0.2674857536707357,0.29179631608656187,0.10013008188135407,4,0.03808415755952576,15,0.1793592589266744,52,Finance & insurance,6,0.09247156796384656,3,0.051924387426804774,24,0.1419487627399949,Other Financial Vehicles,Finance and Insurance,"Funds, Trusts, and Other Financial Vehicles",Other Investment Pools and Funds,Other Financial Vehicles
722513,24,-0.0461465045832593,23,0.002406982017884469,24,0.05246738043805763,24,-0.008025083618807063,23,0.32517787997636693,0.37559846028615196,0.4212050765601682,0.361876931958069,0.09861388502131693,3,0.05246738043805763,24,0.17664335237697795,72,Accommodation & food services,6,0.03714440879155962,2,0.019458041529879396,24,0.057018638125957775,Limited-Service Restaurants,Accommodation and Food Services,Food Services and Drinking Places,Restaurants and Other Eating Places,Restaurants and Other Eating Places
482112,24,-0.03360841664289225,12,0.008788505612664635,13,-0.011037598719636,16,0.06491246836561261,13,0.16059256469338534,0.1487970236822667,0.16911047761469683,0.2024228899160061,0.09852088500850487,4,0.06491246836561261,13,0.1764767649432644,48,Transportation,6,0.24092110702222508,4,0.13207525191603228,23,0.3698266809223485,Short Line Railroads,Transportation and Warehousing,Rail Transportation,Rail Transportation,Rail Transportation
532310,24,-0.05300713672167773,23,-0.007542585822291704,24,0.015731983519157625,24,0.045496777610608004,23,0.1437339293533638,0.16963063850661605,0.2106125193044517,0.2201304330639721,0.09850391433228572,4,0.045496777610608004,23,0.17644636600767022,53,Real estate,6,0.09819082322620123,2,0.0576219579598251,24,0.15072812299268204,General Rental Centers,Real Estate and Rental and Leasing,Rental and Leasing Services,General Rental Centers,General Rental Centers
813940,24,-0.029050678514005345,11,-0.02996590877291679,24,-0.029836688250262023,12,0.06838200572081177,11,0.409625442345416,0.3703156473972384,0.3909376699948943,0.44581829954809477,0.09834791449372855,4,0.06838200572081177,11,0.17616692934976905,81,Other services,6,0.5378169617686904,3,0.3411242629276227,24,0.8255775692426478,Political Organizations,Other Services (except Public Administration),"Religious, Grantmaking, Civic, Professional, and Similar Organizations","Business, Professional, Labor, Political, and Similar Organizations",Political Organizations
541211,24,-0.05632697636798711,23,0.041200705587705506,24,-0.013528732194846996,24,0.029298189189621536,23,0.07806423762903646,0.13983888403708614,0.11921211926972479,0.12564281889205742,0.09752768195569261,2,0.041200705587705506,24,0.17469767757841834,54,Professional & technical services,6,0.08053661282787762,1,0.050062945941138484,23,0.12362797341834635,Offices of Certified Public Accountants,"Professional, Scientific, and Technical Services","Professional, Scientific, and Technical Services","Accounting, Tax Preparation, Bookkeeping, and Payroll Services","Accounting, Tax Preparation, Bookkeeping, and Payroll Services"
562910,24,-0.04896138225349632,23,-0.02621571239550903,24,0.04826448800722207,24,0.026803958335237445,23,0.25222403265935633,0.27260808168655415,0.34542355550477,0.3217100533085418,0.09722587026071838,3,0.04826448800722207,24,0.17415705361278408,56,Administrative & waste services,6,0.06985005530311525,2,0.03900310340338116,24,0.10722354066142718,Remediation Services,Administrative and Support and Waste Management and Remediation Services,Waste Management and Remediation Services,Remediation and Other Waste Management Services,Remediation Services
561499,24,-0.04456326579377495,23,0.009070466579678615,24,-0.015872682720496186,24,0.05161749070529753,23,0.21564943098260014,0.23757246143576718,0.241354558729577,0.27688202146437924,0.09618075649907248,4,0.05161749070529753,23,0.17228498054282504,56,Administrative & waste services,6,0.02257060794985486,3,0.0136468703615819,24,0.03464708064671296,All Other Business Support Services,Administrative and Support and Waste Management and Remediation Services,Administrative and Support Services,Business Support Services,Other Business Support Services
541350,24,-0.038207086101473775,23,-0.005210628211242986,24,-0.013428297482624632,24,0.05795891030280533,23,0.13029595669426142,0.13640955697211848,0.1529444136724615,0.1963358653380538,0.09616599640427911,4,0.05795891030280533,23,0.17225854133880078,54,Professional & technical services,6,0.046419119275080925,3,0.021380684889903467,24,0.07125581077152417,Building Inspection Services,"Professional, Scientific, and Technical Services","Professional, Scientific, and Technical Services","Architectural, Engineering, and Related Services",Building Inspection Services
213114,24,-0.04585423697071462,23,-0.010940996197468167,24,0.007932107133060196,24,0.05026853838861602,23,0.23281672211375412,0.24859635043610617,0.2862579711533946,0.30805537760456253,0.09612277535933064,4,0.05026853838861602,23,0.17218112110258066,21,"Mining, quarrying, oil & gas",6,0.08654642997326188,3,0.04075776467002738,24,0.1328533615767307,Support Activities for Metal Mining,"Mining, Quarrying, and Oil and Gas Extraction",Support Activities for Mining,Support Activities for Mining,Support Activities for Mining
541690,24,-0.040305619124452095,23,7.041020544120448e-05,24,-0.015539472365338515,24,0.0558069705147067,23,0.1688422437949215,0.17968285811123422,0.1903826520166645,0.23216139065277183,0.0961125896391588,4,0.0558069705147067,23,0.17216287580419148,54,Professional & technical services,6,0.08001015280172634,4,0.028207330823275163,23,0.12281982934779856,Other Scientific and Technical Consulting Services,"Professional, Scientific, and Technical Services","Professional, Scientific, and Technical Services","Management, Scientific, and Technical Consulting Services",Other Scientific and Technical Consulting Services
812990,24,-0.044460710102538215,23,-0.0028570186426807795,24,-0.0034017272017878956,24,0.05161442052606582,23,0.2410379154959362,0.2574426669162855,0.27956145562199625,0.3084836987312829,0.09607513062860404,4,0.05161442052606582,23,0.17209577688399696,81,Other services,6,0.07054353071642028,2,0.02147753272216139,24,0.10828806221196195,All Other Personal Services,Other Services (except Public Administration),Personal and Laundry Services,Other Personal Services,All Other Personal Services
333112,24,-0.009496799702246568,23,0.06247826194791297,24,-0.019323629998448135,24,-0.03348222695071476,23,0.13132739248343048,0.18938147072977377,0.12247902508029111,0.09422383942770474,0.09596048889862774,2,0.06247826194791297,24,0.17189042345429553,33,Manufacturing - metals/machinery,6,0.09110164062989846,1,0.06342465646400529,23,0.13984585160331275,Lawn and Garden Tractor and Home Lawn and Garden Equipment Manufacturing,Manufacturing,Machinery Manufacturing,"Agriculture, Construction, and Mining Machinery Manufacturing",Agricultural Implement Manufacturing
812113,24,-0.04327112600916363,22,0.0046978359247683505,23,-0.01242910319494108,24,0.052080839902846336,22,0.1588281017673696,0.17470037793739981,0.18552349784889177,0.22120482415026588,0.09535196591200996,4,0.052080839902846336,22,0.1708003990593396,81,Other services,6,0.1062117255206256,3,0.05114699153409041,24,0.16304063354940868,Nail Salons,Other Services (except Public Administration),Personal and Laundry Services,Personal Care Services,"Hair, Nail, and Skin Care Services"
561312,24,-0.04569456411655214,23,0.004167564338614672,24,-0.006636605217850752,24,0.048455326551449726,23,0.288443993885612,0.31069471464756043,0.32461030673227953,0.3517991092527002,0.09414989066800186,4,0.048455326551449726,23,0.16864716677501104,56,Administrative & waste services,6,0.03290909360594834,3,0.017302677848228473,24,0.05051720461888799,Executive Search Services,Administrative and Support and Waste Management and Remediation Services,Administrative and Support Services,Employment Services,Employment Placement Agencies and Executive Search Services
532282,24,-0.011360075923606128,23,-0.015473060123640007,24,0.06018705667693295,24,-0.03371784125204279,23,0.27117177930597525,0.2893133642459451,0.3384010694331951,0.2671146612665791,0.09390489792897574,3,0.06018705667693295,24,0.16820832047339504,53,Real estate,6,0.1521107526959659,1,0.08673151680584854,23,0.23349807535526448,Video Tape and Disc Rental,Real Estate and Rental and Leasing,Rental and Leasing Services,Consumer Goods Rental,Other Consumer Goods Rental
541410,24,-0.03464442837697529,23,-0.0010712165480157472,24,-0.02299582436126627,24,0.05910482609399531,23,0.15368526048315087,0.15680176955659428,0.16206071172606923,0.2133113026180767,0.0937492544709706,4,0.05910482609399531,23,0.16792952218660578,54,Professional & technical services,6,0.029512684271690265,3,0.013621217114692363,24,0.045303536100311605,Interior Design Services,"Professional, Scientific, and Technical Services","Professional, Scientific, and Technical Services",Specialized Design Services,Interior Design Services
112930,24,0.0432589692694404,23,-0.04165439013631695,24,-0.04774811803547163,24,0.04570083053364784,23,0.31373858907569074,0.2227245769031445,0.21501934500323228,0.30281034917426325,0.09344894856911948,4,0.04570083053364784,23,0.1673915954916976,11,"Agriculture, forestry, fishing",6,0.13581316739926552,4,0.08411138658916412,23,0.20848041728526584,Fur-Bearing Animal and Rabbit Production,"Agriculture, Forestry, Fishing and Hunting",Animal Production and Aquaculture,Other Animal Production,Fur-Bearing Animal and Rabbit Production
541820,24,-0.04591156312255294,23,-0.0027407823787638976,24,0.0011899990428658827,24,0.04746392443500219,23,0.13556874832549434,0.15487245917307566,0.17965773477818478,0.20206301229756207,0.09337548755755513,4,0.04746392443500219,23,0.16726000753784176,54,Professional & technical services,6,0.03351539484565634,2,0.01703912964504659,24,0.05144790918807972,Public Relations Agencies,"Professional, Scientific, and Technical Services","Professional, Scientific, and Technical Services","Advertising, Public Relations, and Related Services",Public Relations Agencies
722310,24,-0.055114766785445836,23,0.029806724627879404,24,-0.012212701598829716,24,0.038147859979485395,23,0.18937311493104003,0.23963841150707457,0.23029025882735035,0.2453675093452856,0.09326262676493123,4,0.038147859979485395,23,0.1670578442344013,72,Accommodation & food services,6,0.07402427613384112,3,0.04372056486801887,24,0.11363119109249492,Food Service Contractors,Accommodation and Food Services,Food Services and Drinking Places,Special Food Services,Food Service Contractors
238130,24,-0.047688390073324524,23,-0.020173809921239953,24,0.022768221413260847,24,0.04539312280219875,23,0.33637615950972966,0.348640346463342,0.40125215325943425,0.40832751722900484,0.09308151287552327,4,0.04539312280219875,23,0.16673342171945685,23,Construction,6,0.07526758029188652,2,0.0289012472131628,24,0.11553972893639776,Framing Contractors,Construction,Specialty Trade Contractors,"Foundation, Structure, and Building Exterior Contractors",Framing Contractors
424910,24,-0.049571222176731274,23,-0.0024095835661878833,24,0.04303106951637501,24,0.008829427605662923,23,0.09539630488845768,0.13870539021493056,0.18683364267377922,0.14889975609987785,0.09260229169310628,3,0.04303106951637501,24,0.16587501079513423,42,Wholesale trade,6,0.07223280346293005,2,0.042079516676076144,24,0.11088118549923233,Farm Supplies Merchant Wholesalers,Wholesale Trade,"Merchant Wholesalers, Nondurable Goods",Miscellaneous Nondurable Goods Merchant Wholesalers,Farm Supplies Merchant Wholesalers
611430,24,-0.03920602095448217,23,-0.014512239227094173,24,0.05254962282418285,24,0.0009030465076287389,23,0.12256345760024516,0.1530260873925494,0.21251319563904195,0.16690105823716875,0.09175564377866502,3,0.05254962282418285,24,0.1643584421510984,61,Educational services,6,0.01874120474703103,2,0.011676682615791389,24,0.02876874356816425,Professional and Management Development Training,Educational Services,Educational Services,Business Schools and Computer and Management Training,Professional and Management Development Training
459999,24,-0.03269394754744409,23,-0.04298272819584666,24,0.027034541238213333,24,0.04870640671578998,23,0.20023192497509368,0.18543655041746634,0.2566066322515323,0.27370763160917155,0.09168913491163663,4,0.04870640671578998,23,0.1642393073129146,45,Retail trade - specialty,6,0.10632477178394659,2,0.049579182309638925,24,0.16321416556107593,All Other Miscellaneous Retailers,Retail Trade,"Sporting Goods, Hobby, Musical Instrument, Book, and Miscellaneous Retailers",Other Miscellaneous Retailers,All Other Miscellaneous Retailers
512191,24,-0.04671527577640393,23,0.030628097981529084,24,-0.030283231514990683,24,0.04488045700790997,23,0.24329341606485014,0.2804296472185948,0.25630968240928137,0.2927561806299493,0.0915957327843139,4,0.04488045700790997,23,0.1640719995865649,51,Information,6,0.023770486723946757,1,0.010845769487932063,23,0.03648895822239024,Teleproduction and Other Postproduction Services,Information,Motion Picture and Sound Recording Industries,Motion Picture and Video Industries,Postproduction Services and Other Motion Picture and Video Industries
624410,24,-0.029632562855026613,23,-0.0050585118572604735,24,0.061358629707324086,24,-0.02612916568903704,23,0.17068309021499847,0.21054218589092,0.2605183052813625,0.18777716525715685,0.09099119256235069,3,0.061358629707324086,24,0.16298910936850666,62,Health care & social assistance,6,0.011660547815989259,2,0.004490490048279898,24,0.017899559527284708,Child Care Services,Health Care and Social Assistance,Social Assistance,Child Care Services,Child Care Services
541612,24,-0.04110228418059343,23,-0.0031617520150370886,24,-0.005498300244466125,24,0.04969397757628586,23,0.20038005329764155,0.2121489033928129,0.23024125751805843,0.2593302121322362,0.0907962617568793,4,0.04969397757628586,23,0.16263993713021013,54,Professional & technical services,6,0.030440048719791144,3,0.017745175670208127,24,0.04672708972782708,Human Resources Consulting Services,"Professional, Scientific, and Technical Services","Professional, Scientific, and Technical Services","Management, Scientific, and Technical Consulting Services",Management Consulting Services
712110,24,-0.03268910833613526,23,-0.018612058454797648,24,0.057186801083789374,24,-0.005559636088558981,23,0.10874978215929239,0.13487389074640413,0.19822211624311117,0.14719673957223947,0.08987590941992463,3,0.057186801083789374,24,0.16099134451941788,71,"Arts, entertainment & recreation",6,0.07475974602872462,2,0.047430686806984056,24,0.11476017640019559,Museums,"Arts, Entertainment, and Recreation","Museums, Historical Sites, and Similar Institutions","Museums, Historical Sites, and Similar Institutions",Museums
311340,24,-0.03487166550906928,23,-0.021252849461874185,24,0.002039024420372869,24,0.05485498070410223,23,0.11952722838492914,0.11587878831414837,0.15473604716711595,0.1895152571793378,0.08972664621317152,4,0.05485498070410223,23,0.16072397493731788,31,Manufacturing - food/textiles,6,0.05188822697147778,3,0.025168653298174998,24,0.07965118123932935,Nonchocolate Confectionery Manufacturing,Manufacturing,Food Manufacturing,Sugar and Confectionery Product Manufacturing,Nonchocolate Confectionery Manufacturing
311911,24,-0.03139478270161283,23,-0.006427142295072887,24,-0.019486665896518606,24,0.05814972869274218,23,0.12056725947769402,0.11895709105680997,0.1302012072260717,0.18041865518837064,0.08954451139435501,4,0.05814972869274218,23,0.16039772366982785,31,Manufacturing - food/textiles,6,0.08499051900442622,3,0.04859192868906842,24,0.13046495569346334,Roasted Nuts and Peanut Butter Manufacturing,Manufacturing,Food Manufacturing,Other Food Manufacturing,Snack Food Manufacturing
811490,24,-0.044953160800699325,23,-0.001573564351386711,24,0.003247510645098863,24,0.0440003705416915,23,0.15720864188493613,0.17884432073646642,0.20362712829077012,0.22191491455487608,0.08895353134239083,4,0.0440003705416915,23,0.15933912327552932,81,Other services,6,0.07257221661809574,2,0.03998104522669758,24,0.1114022026993763,Other Personal and Household Goods Repair and Maintenance,Other Services (except Public Administration),Repair and Maintenance,Personal and Household Goods Repair and Maintenance,Other Personal and Household Goods Repair and Maintenance
424480,24,-0.055753199412032085,23,0.024854022016280352,24,-0.0012886587188967041,24,0.03264024128001647,23,0.16783572519020393,0.21853284661624817,0.2195219240097317,0.22308831884100866,0.08839344069204855,4,0.03264024128001647,23,0.1583358539074269,42,Wholesale trade,6,0.03377440295046005,3,0.01618609579385166,24,0.05184550037017033,Fresh Fruit and Vegetable Merchant Wholesalers,Wholesale Trade,"Merchant Wholesalers, Nondurable Goods",Grocery and Related Product Merchant Wholesalers,Fresh Fruit and Vegetable Merchant Wholesalers
113110,24,-0.031544618966605285,23,-0.005331818737658492,24,-0.01881922893756612,24,0.0567164429565594,23,0.10617944132189124,0.10656996405533119,0.11762412426408812,0.1663167423479773,0.08826106192316469,4,0.0567164429565594,23,0.15809872878540046,11,"Agriculture, forestry, fishing",6,0.02564235782076111,3,0.012798393871343294,24,0.03936237966481067,Timber Tract Operations,"Agriculture, Forestry, Fishing and Hunting",Forestry and Logging,Timber Tract Operations,Timber Tract Operations
523910,24,-0.03403682904426585,23,-0.030275361017340432,22,0.010227279537093133,22,0.05408678884477508,21,0.1422535557372608,0.1301045522299657,0.1797392699634108,0.2198955430959438,0.08812361788904094,4,0.05408678884477508,21,0.1578525304437918,52,Finance & insurance,6,0.03973110854101226,2,0.012950828540425638,24,0.06098935947414787,Miscellaneous Intermediation,Finance and Insurance,"Securities, Commodity Contracts, and Other Financial Investments and Related Activities",Other Financial Investment Activities,Miscellaneous Intermediation
562119,24,-0.04030194137038246,23,-0.006076321485483916,24,-0.0006297079792819878,24,0.04766728841931371,23,0.20586089836650748,0.21842187382641376,0.2431354922572879,0.26910852664672597,0.08796922978969618,4,0.04766728841931371,23,0.15757598083387153,56,Administrative & waste services,6,0.06370487158291033,3,0.025740723481990777,24,0.0977903576290589,Other Waste Collection,Administrative and Support and Waste Management and Remediation Services,Waste Management and Remediation Services,Waste Collection,Waste Collection
523991,24,-0.017615105590077233,23,-0.032214281438145295,23,-0.0025744808546577665,23,0.0555240981581184,22,0.20232463595951908,0.17806377203986054,0.21663564868766888,0.2606607869336451,0.0877383795962637,4,0.0555240981581184,22,0.1571624675435679,52,Finance & insurance,6,0.01602995863332959,2,0.006178080606660914,24,0.024606836943265164,"Trust, Fiduciary, and Custody Activities",Finance and Insurance,"Securities, Commodity Contracts, and Other Financial Investments and Related Activities",Other Financial Investment Activities,All Other Financial Investment Activities
488320,24,-0.0022343420437077348,23,0.0025407865902850545,24,-0.044702921204387645,24,0.042998709766858365,23,0.21798385267948994,0.19823676123696377,0.17340809661386744,0.23798527439954645,0.087701630971246,4,0.042998709766858365,23,0.1570966411103332,48,Transportation,6,0.033024746898013664,3,0.02191326404636747,24,0.05069473855798912,Marine Cargo Handling,Transportation and Warehousing,Support Activities for Transportation,Support Activities for Water Transportation,Marine Cargo Handling
921140,24,-0.021091075297476572,23,-0.030872361093779745,24,0.055718551399940565,24,-0.0036624694075104857,23,0.06605297676288945,0.07332189647544159,0.14233553837555324,0.09991207747578375,0.0865909124937203,3,0.055718551399940565,24,0.1551070527742203,92,Public administration,6,0.08313830324442212,2,0.05069461007166267,24,0.12762170623582578,"Executive and Legislative Offices, Combined",Public Administration,"Executive, Legislative, and Other General Government Support","Executive, Legislative, and Other General Government Support","Executive and Legislative Offices, Combined"
114210,24,0.009195860855276957,23,-0.011751469509356308,24,-0.04131401364878154,24,0.04448305589417268,23,0.26599185628911304,0.22803649916124327,0.21358408105208607,0.281759690240492,0.08579706954295421,4,0.04448305589417268,23,0.15368507168044387,11,"Agriculture, forestry, fishing",6,0.14700828596208076,4,0.0855061544237825,23,0.22566551821640257,Hunting and Trapping,"Agriculture, Forestry, Fishing and Hunting","Fishing, Hunting and Trapping",Hunting and Trapping,Hunting and Trapping
531320,24,-0.03341235335213781,23,-0.002392161462299892,24,-0.0159813361274976,24,0.051641657756020934,23,0.09370522659801163,0.09939791688764689,0.10987493010188194,0.15231461557111223,0.08505401110815874,4,0.051641657756020934,23,0.15235405898475818,53,Real estate,6,0.03914474214156435,3,0.016069765517166063,24,0.06008925594236307,Offices of Real Estate Appraisers,Real Estate and Rental and Leasing,Real Estate,Activities Related to Real Estate,Offices of Real Estate Appraisers
512199,24,-0.026973288156863312,21,0.008845822920950888,22,-0.008110702356681815,23,0.05806748575363747,22,0.3843180499424232,0.3923758304133733,0.3921265529186458,0.43427122955404074,0.08504077391050077,4,0.05806748575363747,22,0.15233034768923548,51,Information,6,0.03284815115705664,2,0.015875295997314822,24,0.05042365472664539,Other Motion Picture and Video Industries,Information,Motion Picture and Sound Recording Industries,Motion Picture and Video Industries,Postproduction Services and Other Motion Picture and Video Industries
922160,24,-0.03938486999494772,23,-0.00709974888691552,24,0.001420396903723765,24,0.045068449692333167,23,0.06283375485562954,0.07590548907874033,0.10317672107568214,0.1276071592651764,0.08445331968728088,4,0.045068449692333167,23,0.15127806297968224,92,Public administration,6,0.04434108045217161,2,0.023182529262397444,24,0.06806591093168389,Fire Protection,Public Administration,"Justice, Public Order, and Safety Activities","Justice, Public Order, and Safety Activities",Fire Protection
813110,24,-0.04127642982471091,23,0.012253161202552548,24,0.04301430010930293,24,-0.01378534318372382,23,0.0902159851154325,0.14415921376847587,0.17359612001641414,0.11700442604574655,0.08429072993401385,3,0.04301430010930293,24,0.15098682205480612,81,Other services,6,0.019935072089757696,1,0.010812825450952456,23,0.03060139327777004,Religious Organizations,Other Services (except Public Administration),"Religious, Grantmaking, Civic, Professional, and Similar Organizations",Religious Organizations,Religious Organizations
541910,24,-0.044390141220374636,23,0.008632329166228159,24,-0.0025795369640733133,24,0.0387144806712703,23,0.2335287057952202,0.26066290775491363,0.2705324513821507,0.28556106893753447,0.08310462189164494,4,0.0387144806712703,23,0.1488621912197057,54,Professional & technical services,6,0.02504725539072562,1,0.006682435024820765,23,0.03844886586259928,Marketing Research and Public Opinion Polling,"Professional, Scientific, and Technical Services","Professional, Scientific, and Technical Services","Other Professional, Scientific, and Technical Services",Marketing Research and Public Opinion Polling
923110,24,-0.04188713455183601,23,0.040944093879198146,24,0.025015146332663066,24,-0.024401054894079243,23,0.06026195999367947,0.13432597804104726,0.12650180833001876,0.06864734595366413,0.08283122843103416,2,0.040944093879198146,24,0.14837247177107235,92,Public administration,6,0.04991705485195219,1,0.02635989773915421,23,0.07662532745880704,Administration of Education Programs,Public Administration,Administration of Human Resource Programs,Administration of Human Resource Programs,Administration of Education Programs
561599,24,-0.030196181717868927,23,-0.014975468415832425,24,0.052150496880195345,24,-0.009131541062061507,23,0.14711298607646764,0.17079546659924313,0.22442888395368343,0.1737613075477331,0.08234667859806427,3,0.052150496880195345,24,0.14750451583493818,56,Administrative & waste services,6,0.03123374529408285,2,0.018167291563374932,24,0.047945456077532846,All Other Travel Arrangement and Reservation Services,Administrative and Support and Waste Management and Remediation Services,Administrative and Support Services,Travel Arrangement and Reservation Services,Other Travel Arrangement and Reservation Services
921110,24,-0.03764313336658286,23,-0.02459009786068035,24,0.04442087514466205,24,0.01812374308976324,23,0.08084552967714365,0.09686265323594134,0.16205997251609977,0.1384155415069341,0.0820640085112449,3,0.04442087514466205,24,0.14699817951382405,92,Public administration,6,0.10497826927246423,2,0.06870070467930431,24,0.16114721276964122,Executive Offices,Public Administration,"Executive, Legislative, and Other General Government Support","Executive, Legislative, and Other General Government Support",Executive Offices
813319,24,-0.03832996977066874,23,-0.004921060779374757,24,0.04358463169342275,24,-1.9860049616151936e-05,23,0.1084357139505886,0.14402534950506024,0.18945710661828138,0.14771960034465706,0.08191460146409149,3,0.04358463169342275,24,0.14673055227581167,81,Other services,6,0.019708141094129765,2,0.009242049739789588,24,0.03025304216005855,Other Social Advocacy Organizations,Other Services (except Public Administration),"Religious, Grantmaking, Civic, Professional, and Similar Organizations",Social Advocacy Organizations,Social Advocacy Organizations
485320,24,-0.039344287889073126,22,0.010530689201880323,23,-0.019856371766425105,24,0.04251439776759776,22,0.1921328622963066,0.225249674642327,0.21491653168637195,0.24429613226326716,0.08185868565667088,4,0.04251439776759776,22,0.14663039238786582,48,Transportation,6,0.02344045239210088,3,0.012399616674988678,24,0.03598233801361905,Limousine Service,Transportation and Warehousing,Transit and Ground Passenger Transportation,Taxi and Limousine Service,Limousine Service
531190,24,-0.04821551591968741,23,-0.002507728127269773,24,0.0171673014828676,24,0.0332540813358917,23,0.12565534747533033,0.15473329992908832,0.18882670863738585,0.1885855143799482,0.08146959725557912,4,0.0332540813358917,23,0.14593343293306904,53,Real estate,6,0.05602954211327793,2,0.034110953282529936,24,0.08600831969214297,Lessors of Other Real Estate Property,Real Estate and Rental and Leasing,Real Estate,Lessors of Real Estate,Lessors of Other Real Estate Property
541219,24,-0.03902990461602208,23,0.04215942015766259,24,-0.023798556540578986,24,0.020839525423823585,23,0.13585463164256892,0.184648072915396,0.1491226738728979,0.1611943879115578,0.08118932477368467,2,0.04215942015766259,24,0.145431391351702,54,Professional & technical services,6,0.06179587781495138,1,0.04102773624009476,23,0.09485995091695387,Other Accounting Services,"Professional, Scientific, and Technical Services","Professional, Scientific, and Technical Services","Accounting, Tax Preparation, Bookkeeping, and Payroll Services","Accounting, Tax Preparation, Bookkeeping, and Payroll Services"
325314,24,-0.036511103945592385,23,0.04465357987519247,24,-0.005735390502120251,24,-0.0016916050633756247,23,0.11029560974576609,0.16958199469649485,0.1395612198968386,0.12101122610142284,0.08116468382078486,2,0.04465357987519247,24,0.1453872529372683,32,Manufacturing - paper/chemicals,6,0.05087175389693374,2,0.024880071164659706,24,0.07809084114272304,Fertilizer (Mixing Only) Manufacturing,Manufacturing,Chemical Manufacturing,"Pesticide, Fertilizer, and Other Agricultural Chemical Manufacturing",Fertilizer and Compost Manufacturing
327320,24,-0.03740280963820158,23,0.0029972267995402716,24,-0.008684789285792681,24,0.043748406959555244,23,0.0894875737305197,0.1062815421281907,0.11708105692678113,0.14525015029695695,0.08115121659775681,4,0.043748406959555244,23,0.14536312960593045,32,Manufacturing - paper/chemicals,6,0.0648656048637763,2,0.03165746900836948,24,0.09957214479583947,Ready-Mix Concrete Manufacturing,Manufacturing,Nonmetallic Mineral Product Manufacturing,Cement and Concrete Product Manufacturing,Ready-Mix Concrete Manufacturing
336330,24,-0.02831952093757004,23,-0.012521642509237187,24,-0.010893410140123147,24,0.05228085592359455,23,0.08706002179434819,0.082104200741811,0.1021916647077482,0.14406594895393168,0.08060037686116459,4,0.05228085592359455,23,0.14437643105254652,33,Manufacturing - metals/machinery,6,0.03513999154359806,3,0.014487100221288787,24,0.053941751309524756,Motor Vehicle Steering and Suspension Components (except Spring) Manufacturing,Manufacturing,Transportation Equipment Manufacturing,Motor Vehicle Parts Manufacturing,Motor Vehicle Steering and Suspension Components (except Spring) Manufacturing
541618,24,-0.0344679786016955,23,-0.0006231329147285367,24,-0.010476803950937072,24,0.045537846274006595,23,0.13863116392645747,0.14895685580941323,0.1605288135218261,0.1930543791361131,0.0800058248757021,4,0.045537846274006595,23,0.1433114323877867,54,Professional & technical services,6,0.03751296497393347,3,0.012078735417988373,24,0.05758439141899806,Other Management Consulting Services,"Professional, Scientific, and Technical Services","Professional, Scientific, and Technical Services","Management, Scientific, and Technical Consulting Services",Management Consulting Services
311212,24,-0.03054290963051789,23,0.0008816232285854906,24,-0.019415645818174846,24,0.04899538175520723,23,0.10096172561449986,0.10651158741443678,0.1102982027572027,0.1529161097363183,0.07953829138572512,4,0.04899538175520723,23,0.14247395718842518,31,Manufacturing - food/textiles,6,0.08566394209079167,3,0.04832036491388799,24,0.13149869585830512,Rice Milling,Manufacturing,Food Manufacturing,Grain and Oilseed Milling,Flour Milling and Malt Manufacturing
812922,24,-0.03425433531529927,23,-0.006893427778268602,24,-0.002308629084466765,24,0.04499640432029315,23,0.1701995008962538,0.17685670690035152,0.19730076846098646,0.22236208819055492,0.07925073963559243,4,0.04499640432029315,23,0.1419588765269714,81,Other services,6,0.060203145710917345,1,0.02346286380512709,23,0.09241502263767679,One-Hour Photofinishing,Other Services (except Public Administration),Personal and Laundry Services,Other Personal Services,Photofinishing
812910,24,-0.021044885825003634,23,-0.02413598061052652,24,0.054993659811435995,24,-0.009385352818728378,23,0.227045671985772,0.2403845499815768,0.3019953891984346,0.2536189087924205,0.07912964042196252,3,0.054993659811435995,24,0.14174195604907747,81,Other services,6,0.09006616530611196,2,0.029386202468938985,24,0.13825634204598855,Pet Care (except Veterinary) Services,Other Services (except Public Administration),Personal and Laundry Services,Other Personal Services,Pet Care (except Veterinary) Services
212312,24,-0.03306494687119122,23,-0.0024591991410667113,24,-0.00976703673129564,24,0.04606020861766129,23,0.06722596438855843,0.0760686918907066,0.08982981767498817,0.12312501692186105,0.07912515548885252,4,0.04606020861766129,23,0.14173392235666624,21,"Mining, quarrying, oil & gas",6,0.06825156856392284,2,0.03281371715630647,24,0.10476977871188001,Crushed and Broken Limestone Mining and Quarrying,"Mining, Quarrying, and Oil and Gas Extraction",Mining (except Oil and Gas),Nonmetallic Mineral Mining and Quarrying,Stone Mining and Quarrying
541613,24,-0.03372108954051857,23,-0.0009924679029206449,24,-0.01007958547738746,24,0.04520027458014466,23,0.20636594064157454,0.2166958317802441,0.22901065872475498,0.26148465662404075,0.07892136412066322,4,0.04520027458014466,23,0.14136887852480964,54,Professional & technical services,6,0.03985724327836481,3,0.011512482816663103,24,0.061182982987839446,Marketing Consulting Services,"Professional, Scientific, and Technical Services","Professional, Scientific, and Technical Services","Management, Scientific, and Technical Consulting Services",Management Consulting Services
311520,24,-0.027786702647119615,23,-0.01455600787100376,24,0.050943857453950636,24,-0.009000026391007323,23,0.10560023244922719,0.13071081442459254,0.18493341214196538,0.13726829495143697,0.07873056010107025,3,0.050943857453950636,24,0.14102709844322558,31,Manufacturing - food/textiles,6,0.06757879939323093,2,0.04726031593546237,24,0.10373704234228946,Ice Cream and Frozen Dessert Manufacturing,Manufacturing,Food Manufacturing,Dairy Product Manufacturing,Ice Cream and Frozen Dessert Manufacturing
112420,24,-0.05283789581694954,23,0.015215389288349363,24,0.01440593756442092,24,0.0257744436107997,23,0.1967567844214824,0.24392491180697803,0.2606622606157749,0.24858773429572997,0.07861233942774924,4,0.0257744436107997,23,0.14081533418658798,11,"Agriculture, forestry, fishing",6,0.05836730971033043,2,0.027171892245869717,24,0.08959691697974378,Goat Farming,"Agriculture, Forestry, Fishing and Hunting",Animal Production and Aquaculture,Sheep and Goat Farming,Goat Farming
541611,24,-0.031879978304939056,23,-0.0035778778714504844,24,-0.009666208515879952,24,0.0457950625217762,23,0.13271456923956973,0.139560853907013,0.15356289431735726,0.18689735175946143,0.07767504082671525,4,0.0457950625217762,23,0.13913638636875172,54,Professional & technical services,6,0.04260272094858938,4,0.013684229804627078,23,0.06539743686809621,Administrative Management and General Management Consulting Services,"Professional, Scientific, and Technical Services","Professional, Scientific, and Technical Services","Management, Scientific, and Technical Consulting Services",Management Consulting Services
512250,24,-0.03962553728463058,23,-0.0015394431927430608,24,0.0018092547520945762,24,0.03788170142589619,23,0.12646153988685468,0.14353056191721703,0.16367847033306548,0.18020786924472476,0.07750723871052677,4,0.03788170142589619,23,0.13883580873373533,51,Information,6,0.035106696975821854,1,0.011510165033070771,23,0.053890642381603876,Record Production and Distribution,Information,Motion Picture and Sound Recording Industries,Sound Recording Industries,Record Production and Distribution
112920,24,-0.0472219154956434,23,0.013453004089255352,24,0.0032219526119764536,24,0.030241605267768562,23,0.17942748233268427,0.2157943313363796,0.2252551721615642,0.22827210776279597,0.07746352076341195,4,0.030241605267768562,23,0.13875749841530774,11,"Agriculture, forestry, fishing",6,0.059843787949807964,2,0.022200856050451367,24,0.09186338940928344,Horses and Other Equine Production,"Agriculture, Forestry, Fishing and Hunting",Animal Production and Aquaculture,Other Animal Production,Horses and Other Equine Production
524291,24,-0.03179765296878643,23,-0.006579541875104035,24,-0.006377032370701548,24,0.045420503653793895,23,0.11505755343744768,0.12112204878833238,0.14034562788942515,0.17232327173192097,0.07721815662258033,4,0.045420503653793895,23,0.13831798683557203,52,Finance & insurance,6,0.03985327785166669,3,0.02550791511210811,24,0.061176895847479124,Claims Adjusting,Finance and Insurance,Insurance Carriers and Related Activities,"Agencies, Brokerages, and Other Insurance Related Activities",Other Insurance Related Activities
722410,24,-0.04809994181250184,22,0.0019022086204746951,23,0.028661482064378612,24,0.01724186618772142,22,0.25744746747257125,0.2961101693627436,0.33097008224708646,0.3085070310026721,0.07676142387688045,3,0.028661482064378612,24,0.13749985860420455,72,Accommodation & food services,6,0.043089889486381705,2,0.016952104713742533,24,0.06614526641947259,Drinking Places (Alcoholic Beverages),Accommodation and Food Services,Food Services and Drinking Places,Drinking Places (Alcoholic Beverages),Drinking Places (Alcoholic Beverages)
312230,24,0.04264432877304586,23,-0.03374415484044577,24,-0.023747392712924555,24,0.015565332756681946,23,0.1357781251731486,0.06939348665514193,0.07049715781802679,0.11909561440676075,0.07638848361349163,1,0.04264432877304586,23,0.13683182470261843,31,Manufacturing - food/textiles,6,0.05658145037842069,3,0.024964575455997524,24,0.086855528159654,Tobacco Manufacturing,Manufacturing,Beverage and Tobacco Product Manufacturing,Tobacco Manufacturing,Tobacco Manufacturing
458210,24,0.00462611505820547,23,-0.0296424773928556,24,0.04622547281550491,24,-0.02057108818846344,23,0.2902339789084121,0.2799787172320822,0.3290084103414634,0.2855871578198348,0.07586795020836051,3,0.04622547281550491,24,0.13589941274372758,45,Retail trade - specialty,6,0.10879409744481816,4,0.06820917328186894,23,0.16700471145621942,Shoe Retailers,Retail Trade,"Clothing, Clothing Accessories, Shoe, and Jewelry Retailers",Shoe Retailers,Shoe Retailers
541990,24,-0.03401248055182357,23,0.0042613007114499085,24,-0.011017455792900992,24,0.04145758554072688,23,0.16802140922487885,0.1832825184708691,0.19002102629395953,0.21879444570285198,0.07547006609255044,4,0.04145758554072688,23,0.1351866978551594,54,Professional & technical services,6,0.06823052565352927,4,0.024028708171222636,23,0.10473747672803149,"All Other Professional, Scientific, and Technical Services","Professional, Scientific, and Technical Services","Professional, Scientific, and Technical Services","Other Professional, Scientific, and Technical Services","All Other Professional, Scientific, and Technical Services"
112390,24,-0.030609246867487006,23,-0.011669612487326092,24,0.04424818088418551,24,-0.0020835696405991848,23,0.1764893750480804,0.20072659039660098,0.2483030307197737,0.2073831092745754,0.0748574277516725,3,0.04424818088418551,24,0.13408930178051987,11,"Agriculture, forestry, fishing",6,0.06598110030781006,2,0.04446101320796788,24,0.10128448948306919,Other Poultry Production,"Agriculture, Forestry, Fishing and Hunting",Animal Production and Aquaculture,Poultry and Egg Production,Other Poultry Production
112120,24,-0.03581729496853717,23,-0.0028494572711827044,24,0.0007536283639034055,24,0.03830151212332261,23,0.17112336765446234,0.18537330309663855,0.2053221530811801,0.22376374633791482,0.07411880709185978,4,0.03830151212332261,23,0.13276623830466136,11,"Agriculture, forestry, fishing",6,0.03457554310676715,3,0.0183883540773519,24,0.053075293013175796,Dairy Cattle and Milk Production,"Agriculture, Forestry, Fishing and Hunting",Animal Production and Aquaculture,Cattle Ranching and Farming,Dairy Cattle and Milk Production
324199,24,0.00667390618476307,23,-0.029211852292124724,24,0.04432821740272996,24,-0.022531519987087686,23,0.06476505119826446,0.05418579463124453,0.10203024264847405,0.06121825586024362,0.07354006969485469,3,0.04432821740272996,24,0.13172956771886293,32,Manufacturing - paper/chemicals,6,0.038028404139887825,1,0.01652953142785075,23,0.058375617884451315,All Other Petroleum and Coal Products Manufacturing,Manufacturing,Petroleum and Coal Products Manufacturing,Petroleum and Coal Products Manufacturing,Other Petroleum and Coal Products Manufacturing
311352,24,-0.011440474517499116,23,-0.01012064607976851,24,-0.02518255510309789,24,0.04829143171984438,23,0.17192882398718615,0.1548417253152364,0.15799591880282368,0.21151522249660673,0.07347398682294227,4,0.04829143171984438,23,0.13161119594974763,31,Manufacturing - food/textiles,6,0.06064598247855685,4,0.03672672272593508,23,0.09309480056992492,Confectionery Manufacturing from Purchased Chocolate,Manufacturing,Food Manufacturing,Sugar and Confectionery Product Manufacturing,Chocolate and Confectionery Manufacturing
721110,24,-0.039077595385496065,23,0.003019263938269032,24,0.03433373181123154,24,0.0017550914869426816,23,0.21301926423353942,0.2517348351209984,0.28441187813191937,0.24842145752037725,0.0734113271967276,3,0.03433373181123154,24,0.13149895611221507,72,Accommodation & food services,6,0.051998480623466764,2,0.02952937316923553,24,0.07982042644444494,Hotels (except Casino Hotels) and Motels,Accommodation and Food Services,Accommodation,Traveler Accommodation,Hotels (except Casino Hotels) and Motels
485410,24,-0.027821643924763183,23,0.04505793103416883,24,-0.016484234781512605,24,-0.00022639182690494517,23,0.09765760885771509,0.148371180747243,0.10896889056843324,0.10253506995264872,0.07287957495893202,2,0.04505793103416883,24,0.13054644827928802,48,Transportation,6,0.07464569161436577,1,0.02303549144013977,23,0.11458509682319952,School and Employee Bus Transportation,Transportation and Warehousing,Transit and Ground Passenger Transportation,School and Employee Bus Transportation,School and Employee Bus Transportation
722511,24,-0.022980830047684392,23,-0.013014520236594114,24,0.0496705002164772,24,-0.013085449727107545,23,0.2876039612951753,0.30997283091945543,0.35837074101692384,0.30742765068143785,0.0726513302641616,3,0.0496705002164772,24,0.1301376021209829,72,Accommodation & food services,6,0.04808642693830863,2,0.024841357174174298,24,0.07381521649063791,Full-Service Restaurants,Accommodation and Food Services,Food Services and Drinking Places,Restaurants and Other Eating Places,Restaurants and Other Eating Places
561591,24,-0.03940345648654212,23,0.025298022127443764,24,-0.01830128409693042,24,0.033034218767523806,23,0.15823469994511655,0.1918800009839683,0.17492925776793253,0.19458108274575756,0.07243767525406593,4,0.033034218767523806,23,0.12975488991745013,56,Administrative & waste services,6,0.03232101135320976,2,0.019737863888545832,24,0.049614467161270444,Convention and Visitors Bureaus,Administrative and Support and Waste Management and Remediation Services,Administrative and Support Services,Travel Arrangement and Reservation Services,Other Travel Arrangement and Reservation Services
611420,24,-0.028234576970353874,23,-0.019030229052640475,24,0.04416097747913686,24,0.004734735989748294,23,0.1587138589724089,0.17480797425177116,0.22896254763641433,0.1947951660627838,0.07239555444949074,3,0.04416097747913686,24,0.12967944050053112,61,Educational services,6,0.04447713264501435,2,0.028548836270596723,24,0.06827475826570596,Computer Training,Educational Services,Educational Services,Business Schools and Computer and Management Training,Computer Training
483111,24,-0.031154270053543653,23,0.014714147615409137,24,-0.026959400839411386,24,0.04108114513645876,23,0.232439650164988,0.2464095882285133,0.2309512310612204,0.26941167557275025,0.07223541519000241,4,0.04108114513645876,23,0.12939258905322154,48,Transportation,6,0.008144811503307129,3,0.0038222038750286382,24,0.012502717766145602,Deep Sea Freight Transportation,Transportation and Warehousing,Water Transportation,"Deep Sea, Coastal, and Great Lakes Water Transportation","Deep Sea, Coastal, and Great Lakes Water Transportation"
531390,24,-0.030296055364342746,23,-0.0053929319225542935,24,-0.006690639904873779,24,0.04190900384076405,23,0.12451517130982359,0.12997191933114197,0.14621453119756891,0.17583842287374343,0.0722050592051068,4,0.04190900384076405,23,0.12933821351639416,53,Real estate,6,0.042282044940659846,2,0.01240647180376317,24,0.06490518218302595,Other Activities Related to Real Estate,Real Estate and Rental and Leasing,Real Estate,Activities Related to Real Estate,Other Activities Related to Real Estate
811191,24,-0.03017451914278418,23,0.006908800205418518,24,0.041449208238893476,24,-0.01792395558066604,23,0.2856071400004471,0.3267085829387746,0.35399242546626497,0.2983778515159684,0.07162372738167766,3,0.041449208238893476,24,0.1282968956318818,81,Other services,6,0.01676068382896534,3,0.0077867346020793204,24,0.025728538885898912,Automotive Oil Change and Lubrication Shops,Other Services (except Public Administration),Repair and Maintenance,Automotive Repair and Maintenance,Other Automotive Repair and Maintenance
237210,24,-0.03588797801400553,23,-0.009266208462185841,24,0.009440802414632106,24,0.035702441185424275,23,0.13188979119156788,0.14411641273715944,0.17487545120712275,0.1867528848478218,0.0715904191994298,4,0.035702441185424275,23,0.12823723193469985,23,Construction,6,0.05124247329996899,2,0.030063739963528683,24,0.07865991509424441,Land Subdivision,Construction,Heavy and Civil Engineering Construction,Land Subdivision,Land Subdivision
455110,24,0.03472050986252957,23,-0.03674683579873825,24,-0.0064441953676640925,24,0.009566527969823746,23,0.2569760899756571,0.19937981147580155,0.2152772045734225,0.24406298840637164,0.07146734566126782,1,0.03472050986252957,23,0.12801677492334565,45,Retail trade - specialty,6,0.1748993373671577,4,0.12053257439181382,23,0.26847976183359906,Department Stores,Retail Trade,General Merchandise Retailers,Department Stores,Department Stores
532490,24,-0.0345455219540144,23,0.011995828454434676,24,-0.01378718768781526,24,0.036500413662312166,23,0.17868976580821813,0.20005723233478367,0.19743304195247982,0.2223832269458065,0.07104593561632656,4,0.036500413662312166,23,0.12726191892058636,53,Real estate,6,0.0344902846239675,3,0.012259717270976333,24,0.05294441671884032,Other Commercial and Industrial Machinery and Equipment Rental and Leasing,Real Estate and Rental and Leasing,Rental and Leasing Services,Commercial and Industrial Machinery and Equipment Rental and Leasing,Other Commercial and Industrial Machinery and Equipment Rental and Leasing
813920,24,-0.0384987467401312,23,0.032413201926935316,24,-0.0059916953744341694,24,0.012132343555738199,23,0.07795693450072631,0.1261912685197453,0.10959919868489365,0.10499051959891037,0.07091194866706652,2,0.032413201926935316,24,0.12702191312538882,81,Other services,6,0.012415941363467194,2,0.0048253364655224075,24,0.019059128698731987,Professional Organizations,Other Services (except Public Administration),"Religious, Grantmaking, Civic, Professional, and Similar Organizations","Business, Professional, Labor, Political, and Similar Organizations",Professional Organizations
562991,24,-0.037091915632081335,23,-0.007024394550827519,24,0.011136460823428949,24,0.03321265816537088,23,0.14649895822093983,0.16287036125081708,0.19329055338234938,0.2014378238670238,0.07030457379745222,4,0.03321265816537088,23,0.1259339453093454,56,Administrative & waste services,6,0.06979884116925433,2,0.030584924452401196,24,0.10714492424887538,Septic Tank and Related Services,Administrative and Support and Waste Management and Remediation Services,Waste Management and Remediation Services,Remediation and Other Waste Management Services,All Other Waste Management Services
115210,24,-0.04115428198631955,23,0.002852990933972014,24,0.01003393270220281,24,0.02850708050653919,23,0.16932479333119432,0.19687948637128705,0.21872819754343575,0.22050904331117885,0.06966136249285873,4,0.02850708050653919,23,0.12478178503185909,11,"Agriculture, forestry, fishing",6,0.042900446794077556,2,0.021109329514997954,24,0.06585446183623873,Support Activities for Animal Production,"Agriculture, Forestry, Fishing and Hunting",Support Activities for Agriculture and Forestry,Support Activities for Animal Production,Support Activities for Animal Production
459920,24,-0.027250462101143985,23,-0.014892734133768945,24,0.0001419460550681588,24,0.042142494487067444,23,0.1760898517618339,0.17316694894076065,0.20002951438722527,0.2266081877235536,0.06939295658821143,4,0.042142494487067444,23,0.12430099960509668,45,Retail trade - specialty,6,0.037701904012474044,2,0.020238019108089218,24,0.05787442286698436,Art Dealers,Retail Trade,"Sporting Goods, Hobby, Musical Instrument, Book, and Miscellaneous Retailers",Other Miscellaneous Retailers,Art Dealers
541490,24,-0.022668109119860662,23,-0.0036102296274260104,24,-0.020465230521760452,24,0.046083128593869975,23,0.18430126018874304,0.1796773610175583,0.1822739211012255,0.22580094222841365,0.06875123771373064,4,0.046083128593869975,23,0.12315151266167725,54,Professional & technical services,6,0.07414280002487757,4,0.030304708295554227,23,0.11381313155331128,Other Specialized Design Services,"Professional, Scientific, and Technical Services","Professional, Scientific, and Technical Services",Specialized Design Services,Other Specialized Design Services
813219,24,-0.028464060891699124,23,-0.004546906919172829,24,0.04010505474759477,24,-0.007021787604985656,23,0.09731563528784248,0.1266752043977555,0.16512858734601418,0.12337186079908331,0.0685691156392939,3,0.04010505474759477,24,0.12282528422271653,81,Other services,6,0.004348897623526932,4,0.0013762965335637769,23,0.006675788575185671,Other Grantmaking and Giving Services,Other Services (except Public Administration),"Religious, Grantmaking, Civic, Professional, and Similar Organizations",Grantmaking and Giving Services,Grantmaking and Giving Services
812199,24,-0.04302517172361454,23,0.024305890112959267,24,0.025324197919985785,24,-0.005336679347080527,23,0.2657507057527627,0.323940205251177,0.3335179245236728,0.292447247956197,0.06834936964360032,3,0.025324197919985785,24,0.1224316614652079,81,Other services,6,0.035667520986152626,2,0.01651576436796778,24,0.054751536990987594,Other Personal Care Services,Other Services (except Public Administration),Personal and Laundry Services,Personal Care Services,Other Personal Care Services
921190,24,-0.022176140504357886,23,-0.02272961962120883,24,0.04487996159182994,24,3.0912138594203833e-05,23,0.06220529476236495,0.07259194669997172,0.12843783787999616,0.09452380587636071,0.06760958121303877,3,0.04487996159182994,24,0.12110650620542021,92,Public administration,6,0.06081802607169745,2,0.03669996755607718,24,0.0933588966128643,Other General Government Support,Public Administration,"Executive, Legislative, and Other General Government Support","Executive, Legislative, and Other General Government Support",Other General Government Support
561740,24,-0.03524735808906249,23,-0.016215250081165426,24,0.019626498600421472,24,0.032072730038966595,23,0.21854611844344882,0.2279343274438174,0.26975303660651684,0.2723187485683733,0.06732008812802909,4,0.032072730038966595,23,0.1205879481036376,56,Administrative & waste services,6,0.0602207837886984,3,0.02732988483977494,24,0.09244209802282773,Carpet and Upholstery Cleaning Services,Administrative and Support and Waste Management and Remediation Services,Administrative and Support Services,Services to Buildings and Dwellings,Carpet and Upholstery Cleaning Services
541720,24,-0.022408482985652754,23,-0.003473398081761855,24,0.044836777202333165,24,-0.017456916899282672,23,0.1296649803282667,0.15949355011995545,0.19626891607516792,0.14337072762571404,0.06724526018798592,3,0.044836777202333165,24,0.12045391162208298,54,Professional & technical services,6,0.027973982365593855,2,0.01268768784652978,24,0.04294154704134538,Research and Development in the Social Sciences and Humanities,"Professional, Scientific, and Technical Services","Professional, Scientific, and Technical Services",Scientific Research and Development Services,Research and Development in the Social Sciences and Humanities
611692,24,-0.035655901894026384,23,-0.023624204156081033,24,0.031441211778591355,24,0.027593452227658313,23,0.13694252635144194,0.14593212707065276,0.2021701361020257,0.19552572157621584,0.06709711367261774,3,0.031441211778591355,24,0.12018854232736403,61,Educational services,6,0.08118870445653242,2,0.046227589277364346,24,0.12462896866389951,Automobile Driving Schools,Educational Services,Educational Services,Other Schools and Instruction,All Other Schools and Instruction
811310,24,-0.03495710860293089,23,0.03205899238280743,24,-0.025719610724633867,24,0.028678153989283334,23,0.16211245433766683,0.19801059742904636,0.16979075575481103,0.19301013552984345,0.06701610098573832,2,0.03205899238280743,24,0.12004342734084511,81,Other services,6,0.02153430381106112,3,0.0122885056441494,24,0.03305629881438132,Commercial and Industrial Machinery and Equipment (except Automotive and Electronic) Repair and Maintenance,Other Services (except Public Administration),Repair and Maintenance,Commercial and Industrial Machinery and Equipment (except Automotive and Electronic) Repair and Maintenance,Commercial and Industrial Machinery and Equipment (except Automotive and Electronic) Repair and Maintenance
458110,24,0.019197201837990664,23,-0.04771891821559578,24,0.018996613825409864,24,0.009434367672373219,23,0.3374133571547804,0.2884198353966986,0.33486415006980835,0.3433152370920984,0.06691612005358645,1,0.019197201837990664,23,0.11986433524823296,45,Retail trade - specialty,6,0.1842059246106914,4,0.11633004818144908,23,0.2827658669969496,Clothing and Clothing Accessories Retailers,Retail Trade,"Clothing, Clothing Accessories, Shoe, and Jewelry Retailers",Clothing and Clothing Accessories Retailers,Clothing and Clothing Accessories Retailers
459110,24,-0.0007484305283920394,23,-0.025454946031096336,24,0.04102422156040691,24,-0.014042070333034076,23,0.22068735189521846,0.2151506066443848,0.2605237534557438,0.22384845714628898,0.06647916759150324,3,0.04102422156040691,24,0.11908163869677808,45,Retail trade - specialty,6,0.11553939246954936,4,0.06130002727369719,23,0.17735909717887943,Sporting Goods Retailers,Retail Trade,"Sporting Goods, Hobby, Musical Instrument, Book, and Miscellaneous Retailers","Sporting Goods, Hobby, and Musical Instrument Retailers",Sporting Goods Retailers
485510,24,-0.034147501349596494,23,0.01595699397121099,24,-0.01347267045259693,24,0.03200332010173351,23,0.16257037892996787,0.18883746972638157,0.18319057258037327,0.20448901633955882,0.06615082145133,4,0.03200332010173351,23,0.1184934845749959,48,Transportation,6,0.04449494032224917,3,0.017051784029251855,24,0.06830209399501623,Charter Bus Industry,Transportation and Warehousing,Transit and Ground Passenger Transportation,Charter Bus Industry,Charter Bus Industry
238310,24,-0.03537947059668257,23,-0.004020323541645374,24,0.00857594209624892,24,0.030771236558076235,23,0.28611928264710745,0.30165621690934974,0.32523379825488286,0.33165949540791806,0.0661507071547588,4,0.030771236558076235,23,0.11849327983983617,23,Construction,6,0.05084915269895102,3,0.019654902825082463,24,0.07805614710475296,Drywall and Insulation Contractors,Construction,Specialty Trade Contractors,Building Finishing Contractors,Drywall and Insulation Contractors
813311,24,-0.026632656244782147,23,-0.007459377081955025,24,0.039373278196583816,24,-0.005107591664056865,23,0.1114175322335222,0.13618723131508856,0.175875684560565,0.13681758141287378,0.06600593444136596,3,0.039373278196583816,24,0.11823395391001507,81,Other services,6,0.026779504576980848,2,0.011360384164414497,24,0.04110796026491793,Human Rights Organizations,Other Services (except Public Administration),"Religious, Grantmaking, Civic, Professional, and Similar Organizations",Social Advocacy Organizations,Social Advocacy Organizations
112990,24,-0.03831827678011055,23,-0.006305041276548149,24,0.01784012446121275,24,0.027118599297191973,23,0.15762437937183946,0.17847885506297825,0.21194341330721334,0.20972772262902295,0.06543687607730253,4,0.027118599297191973,23,0.11721462101278063,11,"Agriculture, forestry, fishing",6,0.051182357081476684,2,0.02908902486647678,24,0.07856763350949907,All Other Animal Production,"Agriculture, Forestry, Fishing and Hunting",Animal Production and Aquaculture,Other Animal Production,All Other Animal Production
811192,24,-0.03890094535503888,23,0.01728674569591267,24,0.02634515936852161,24,-0.004199940502292033,23,0.3284582593681878,0.3758743769502222,0.3887170031404313,0.34886931059359716,0.06524610472356049,3,0.02634515936852161,24,0.11687289944430979,81,Other services,6,0.034161204608745416,1,0.010558063408753995,23,0.052439261436716234,Car Washes,Other Services (except Public Administration),Repair and Maintenance,Automotive Repair and Maintenance,Other Automotive Repair and Maintenance
212210,24,0.01942023300692815,23,-0.02465847442160928,24,0.03452908709334508,24,-0.030637429994287424,23,0.06355898744993918,0.04532528976365574,0.07640854092059086,0.03843361789083582,0.0651665170876325,3,0.03452908709334508,24,0.11673033709809415,21,"Mining, quarrying, oil & gas",6,0.02487278728177127,1,0.007748601395800146,23,0.0381810480592574,Iron Ore Mining,"Mining, Quarrying, and Oil and Gas Extraction",Mining (except Oil and Gas),Metal Ore Mining,Iron Ore Mining
311225,24,-0.03397966987980784,23,0.030958552909634562,24,-0.020534795589117083,24,0.023651129705128813,23,0.07399464133511684,0.1112606977238863,0.08660964829338665,0.10302819004112114,0.0649382227894424,2,0.030958552909634562,24,0.11632140208704442,31,Manufacturing - food/textiles,6,0.024884447645442006,2,0.013064905123747033,24,0.038198947336111955,Fats and Oils Refining and Blending,Manufacturing,Food Manufacturing,Grain and Oilseed Milling,Starch and Vegetable Fats and Oils Manufacturing
449129,24,0.03386535894890308,23,-0.030292061029285833,24,0.002690789805086307,24,-0.004357324584089852,23,0.26524553259819467,0.21862227312090887,0.23258313570219483,0.24116241867330812,0.06415741997818891,1,0.03386535894890308,23,0.11492277930592824,44,Retail trade - general,6,0.1466188595479576,4,0.1000344817672537,23,0.22506772801039385,All Other Home Furnishings Retailers,Retail Trade,"Furniture, Home Furnishings, Electronics, and Appliance Retailers",Furniture and Home Furnishings Retailers,Home Furnishings Retailers
327332,24,-0.03344966071765428,23,0.0014005154221895272,24,0.0022225891628747437,24,0.030590829325066692,23,0.10445924941851226,0.1233697265359018,0.13947917280891226,0.15114344075617323,0.06404049004272097,4,0.030590829325066692,23,0.11471332709958006,32,Manufacturing - paper/chemicals,6,0.059309380137109194,3,0.0241132682052269,24,0.0910430450647295,Concrete Pipe Manufacturing,Manufacturing,Nonmetallic Mineral Product Manufacturing,Cement and Concrete Product Manufacturing,"Concrete Pipe, Brick, and Block Manufacturing"
457110,24,-0.03446202139579358,23,0.005378687881518941,24,0.029442943751261302,24,-8.872961450362185e-05,23,0.26486375515815125,0.3010162125360242,0.32641129415085923,0.2929204882631717,0.06390496514705488,3,0.029442943751261302,24,0.11447056643868708,45,Retail trade - specialty,6,0.02261426053464461,2,0.009669532714633314,24,0.03471408968027591,Gasoline Stations with Convenience Stores,Retail Trade,Gasoline Stations and Fuel Dealers,Gasoline Stations,Gasoline Stations with Convenience Stores
512230,24,-0.028952480350683703,23,-0.0029090046190602716,24,-0.002728323000512712,24,0.03486070958997808,23,0.08387690437796468,0.09321096054334001,0.1083630259468359,0.12897173735135722,0.06381318994066178,4,0.03486070958997808,23,0.1143061729547587,51,Information,6,0.018730474419776842,2,0.007677866456117057,24,0.028752271946550535,Music Publishers,Information,Motion Picture and Sound Recording Industries,Sound Recording Industries,Music Publishers
923130,24,-0.010088982393986508,23,-0.02266974676933725,24,0.04089099017651584,24,-0.005004763148741105,23,0.048808673455675265,0.05161508293184256,0.09976098594668437,0.06612490860849451,0.0635607369458531,3,0.04089099017651584,24,0.11385396337685826,92,Public administration,6,0.0015994383647974738,3,0.0006514029602386293,24,0.0024552227453377537,"Administration of Human Resource Programs (except Education, Public Health, and Veterans' Affairs Programs)",Public Administration,Administration of Human Resource Programs,Administration of Human Resource Programs,"Administration of Human Resource Programs (except Education, Public Health, and Veterans' Affairs Programs)"
444110,24,-0.026152461654352577,23,0.008578029882255951,24,0.03712044097387045,24,-0.019089322016993957,23,0.12119093061288481,0.1612615713331187,0.18417615228884068,0.13284985129682172,0.06327290262822302,3,0.03712044097387045,24,0.11333837656284798,44,Retail trade - general,6,0.06945768605814176,2,0.045826702853968136,24,0.10662123305393655,Home Centers,Retail Trade,Building Material and Garden Equipment and Supplies Dealers,Building Material and Supplies Dealers,Home Centers
238350,24,-0.03208858081689465,23,-0.018046456689266493,24,0.01912773961777817,24,0.031134657486429098,23,0.2232788753106567,0.22852864522575467,0.26987132851938567,0.2729585325774602,0.06322323830332374,4,0.031134657486429098,23,0.11324941472099527,23,Construction,6,0.043011118537619034,3,0.020959453466204984,24,0.06602434883406852,Finish Carpentry Contractors,Construction,Specialty Trade Contractors,Building Finishing Contractors,Finish Carpentry Contractors
213115,24,-0.02746388985207804,23,-0.015134184280904087,24,0.008256006594720871,24,0.03556924093605758,23,0.18997877669727156,0.19291279833652428,0.22611518853758517,0.2428055655492043,0.06303313078813562,4,0.03556924093605758,23,0.11290888226161971,21,"Mining, quarrying, oil & gas",6,0.07868338986481654,2,0.03136153273574466,24,0.12078317785058094,Support Activities for Nonmetallic Minerals (except Fuels) Mining,"Mining, Quarrying, and Oil and Gas Extraction",Support Activities for Mining,Support Activities for Mining,Support Activities for Mining
541340,24,-0.021807808224678465,23,-0.004956813382153951,24,-0.013259327907189805,24,0.040854352004165574,23,0.11443232934541091,0.11279428074028053,0.12106985889945808,0.15586409287301523,0.06266216022884404,4,0.040854352004165574,23,0.11224437661708231,54,Professional & technical services,6,0.03255102228305132,3,0.013250009914936065,24,0.04996754614140032,Drafting Services,"Professional, Scientific, and Technical Services","Professional, Scientific, and Technical Services","Architectural, Engineering, and Related Services",Drafting Services
624310,24,-0.019197277819678865,23,-0.012803740479593331,24,0.043441023792448095,24,-0.01142806035694419,23,0.13546121110230694,0.15350739845777361,0.19716106677242692,0.153932687502184,0.06263830161212697,3,0.043441023792448095,24,0.11220163957210057,62,Health care & social assistance,6,0.014100336836855057,2,0.009157476699627859,24,0.02164476511300513,Vocational Rehabilitation Services,Health Care and Social Assistance,Social Assistance,Vocational Rehabilitation Services,Vocational Rehabilitation Services
236116,24,-0.030921025940917387,23,-0.008881978944196166,24,0.008317882053212442,24,0.03128403304481695,23,0.20118662765828665,0.20932287571598293,0.23522308166207154,0.2444875235017353,0.062205058985734335,4,0.03128403304481695,23,0.11142558831013012,23,Construction,6,0.037303843573508966,3,0.01664806603132109,24,0.0572633789747804,New Multifamily Housing Construction (except For-Sale Builders),Construction,Construction of Buildings,Residential Building Construction,Residential Building Construction
337127,24,-0.009569941085340716,23,-0.01796772841615135,24,0.04417914781874523,24,-0.01664681850717097,23,0.09452163464482248,0.10290807756153665,0.14722997731055354,0.10319358142207992,0.06214687623489658,3,0.04417914781874523,24,0.11132136773149381,33,Manufacturing - metals/machinery,6,0.048256812083569564,2,0.029652391798863698,24,0.07407676672809597,Institutional Furniture Manufacturing,Manufacturing,Furniture and Related Product Manufacturing,Household and Institutional Furniture and Kitchen Cabinet Manufacturing,Household and Institutional Furniture Manufacturing
624230,24,-0.031024345634535485,23,-0.012352706536890001,24,0.012554764009935453,24,0.03095786359224777,23,0.12007085746167735,0.12922986182479507,0.16309427926169276,0.17184916867871958,0.061982209226783255,4,0.03095786359224777,23,0.11102640589794739,62,Health care & social assistance,6,0.01757005060134082,4,0.008690321314714424,23,0.026970959821017913,Emergency and Other Relief Services,Health Care and Social Assistance,Social Assistance,"Community Food and Housing, and Emergency and Other Relief Services",Emergency and Other Relief Services
925120,24,-0.022746012230782316,23,-0.010940492613428368,24,0.03844813116637299,24,-0.0022404583460576186,23,0.06052818907138515,0.08133104360634415,0.1240148833681599,0.08980246079722966,0.0611941433971553,3,0.03844813116637299,24,0.10961477314451581,92,Public administration,6,0.038354045607888784,2,0.021621492683353154,24,0.05887549481416494,Administration of Urban Planning and Community and Rural Development,Public Administration,"Administration of Housing Programs, Urban Planning, and Community Development","Administration of Housing Programs, Urban Planning, and Community Development",Administration of Urban Planning and Community and Rural Development
445131,24,-0.03389575232264374,23,-0.0038489833918893385,24,0.02707416222957491,24,0.011047102180054183,23,0.23950440947381554,0.26461654147582553,0.29742664026161414,0.276088414588253,0.060969914552218646,3,0.02707416222957491,24,0.10921312042734858,44,Retail trade - general,6,0.037230415313253495,2,0.014785887841446202,24,0.05715066269968177,Convenience Retailers,Retail Trade,Food and Beverage Retailers,Grocery and Convenience Retailers,Convenience Retailers and Vending Machine Operators
611519,24,-0.033164122730490055,23,0.02735425400150533,24,-0.006828998590530914,24,0.013000639015738159,23,0.14619338260121062,0.18612970166248688,0.1713575127207525,0.17024332096007996,0.06051837673199538,2,0.02735425400150533,24,0.10840429767108066,61,Educational services,6,0.018493484788342462,1,0.006260757608762474,23,0.028388480289233013,Other Technical and Trade Schools,Educational Services,Educational Services,Technical and Trade Schools,Technical and Trade Schools
541430,24,-0.02660883421504497,23,8.843568414331159e-05,24,-0.007093413208452855,24,0.03376558655024383,23,0.11936740273301057,0.12850279763177805,0.13746132116225893,0.16060667110964547,0.0603744207652888,4,0.03376558655024383,23,0.10814643474895543,54,Professional & technical services,6,0.026653463781540113,3,0.009938393500730757,24,0.04091448095704491,Graphic Design Services,"Professional, Scientific, and Technical Services","Professional, Scientific, and Technical Services",Specialized Design Services,Graphic Design Services
445298,24,-0.011245138093707023,23,-0.028177894185793053,24,0.031825897198065715,24,0.007883369986555465,23,0.24515395487537806,0.23776456590306294,0.28673096530233394,0.27204557030547355,0.060003791383858765,3,0.031825897198065715,24,0.10748254024352087,44,Retail trade - general,6,0.0661513528581425,4,0.028997603693854575,23,0.10154583618027742,All Other Specialty Food Retailers,Retail Trade,Food and Beverage Retailers,Specialty Food Retailers,Other Specialty Food Retailers
236220,24,-0.03119522845227101,23,-0.014526317451637844,24,0.017252771429627955,24,0.02867651160403784,23,0.20171995667122836,0.20943405158275116,0.24620078139754964,0.2484619683530922,0.05987174005630885,4,0.02867651160403784,23,0.10724600165487075,23,Construction,6,0.04527894083456778,2,0.022256301215484983,24,0.06950557637518587,Commercial and Institutional Building Construction,Construction,Construction of Buildings,Nonresidential Building Construction,Commercial and Institutional Building Construction
485111,24,0.03646603014756183,23,-0.021633338887287305,24,0.004889530075920976,24,-0.01894117738338962,23,0.07577157291038049,0.03922879065041728,0.045952686165028685,0.04289752152779814,0.058099369034849135,1,0.03646603014756183,23,0.1040712199411316,48,Transportation,6,0.02988982364902229,4,0.015565807915438688,23,0.0458824650529789,Mixed Mode Transit Systems,Transportation and Warehousing,Transit and Ground Passenger Transportation,Urban Transit Systems,Urban Transit Systems
459930,24,-0.02773960603532092,23,-0.006361367200420573,24,0.004389664856352694,24,0.03029066507867937,23,0.1589116157687123,0.1665209299494157,0.18685297853096028,0.19840569739979944,0.05803027111400029,4,0.03029066507867937,23,0.10394744742797707,45,Retail trade - specialty,6,0.06135811884195618,3,0.017633541021004534,24,0.09418796766887816,Manufactured (Mobile) Home Dealers,Retail Trade,"Sporting Goods, Hobby, Musical Instrument, Book, and Miscellaneous Retailers",Other Miscellaneous Retailers,Manufactured (Mobile) Home Dealers
522310,24,-0.025375146220492122,23,-0.0006393191058528027,24,-0.006214114945974433,24,0.03256673667067794,23,0.19311424267126553,0.2002603434476594,0.20868508243575878,0.2295380513158071,0.05794188289117007,4,0.03256673667067794,23,0.10378912092062977,52,Finance & insurance,6,0.022721527054828307,3,0.013206351704065122,24,0.03487874947959339,Mortgage and Nonmortgage Loan Brokers,Finance and Insurance,Credit Intermediation and Related Activities,Activities Related to Credit Intermediation,Mortgage and Nonmortgage Loan Brokers
458310,24,0.03721765065347318,23,-0.020261387640823168,24,-0.005612767913287721,24,-0.01104631488432878,23,0.19909970022689602,0.15667466669277386,0.15477240844029808,0.1640956860143977,0.05747903829429635,1,0.03721765065347318,23,0.10296004475956308,45,Retail trade - specialty,6,0.10538048961186146,4,0.07292370346205271,23,0.16176464232970472,Jewelry Retailers,Retail Trade,"Clothing, Clothing Accessories, Shoe, and Jewelry Retailers","Jewelry, Luggage, and Leather Goods Retailers",Jewelry Retailers
621399,24,-0.026981567029957517,23,0.0019420010740852783,24,-0.004926687909599079,24,0.030180042784028145,23,0.17401898279557718,0.18583955568498958,0.19377612642623143,0.21156607298667143,0.05716160981398566,4,0.030180042784028145,23,0.10239144703227662,62,Health care & social assistance,6,0.06272371230182112,4,0.027792104698948723,23,0.09628422607891662,Offices of All Other Miscellaneous Health Practitioners,Health Care and Social Assistance,Ambulatory Health Care Services,Offices of Other Health Practitioners,Offices of All Other Health Practitioners
238340,24,-0.028806984642028216,23,-0.01356645986685613,24,0.014943125720149672,24,0.027589147747441513,23,0.2162943306248191,0.22290162720081141,0.256641843510516,0.2604958083799212,0.05639613238946973,4,0.027589147747441513,23,0.10102027604143532,23,Construction,6,0.04424511919872373,3,0.01984179485663899,24,0.06791860531658682,Tile and Terrazzo Contractors,Construction,Specialty Trade Contractors,Building Finishing Contractors,Tile and Terrazzo Contractors
424990,24,-0.024369733853767162,23,-0.0067563744421595935,24,-0.0009624900585654533,24,0.03199299614960927,23,0.14740470424988675,0.1511255095970185,0.1683590638284694,0.18751759817705124,0.05636273000337644,4,0.03199299614960927,23,0.10096044360043947,42,Wholesale trade,6,0.022054378422533716,3,0.008046544258708932,24,0.03385464093463045,Other Miscellaneous Nondurable Goods Merchant Wholesalers,Wholesale Trade,"Merchant Wholesalers, Nondurable Goods",Miscellaneous Nondurable Goods Merchant Wholesalers,Other Miscellaneous Nondurable Goods Merchant Wholesalers
561611,24,-0.028417002343551576,23,-0.0071574752801456,24,0.00704905881824008,24,0.027784067035058473,23,0.18922643869781566,0.1970561017145546,0.21920071529158466,0.22724721123213457,0.05620106937861005,4,0.027784067035058473,23,0.10067086698858692,56,Administrative & waste services,6,0.03138316129846873,3,0.012484143624762628,24,0.04817481757126702,Investigation and Personal Background Check Services,Administrative and Support and Waste Management and Remediation Services,Administrative and Support Services,Investigation and Security Services,"Investigation, Guard, and Armored Car Services"
624210,24,-0.013252242960110768,23,-0.01626633265860397,24,0.039745213418005,24,-0.009707140199911396,23,0.11410441525962696,0.1239733670944747,0.1663749842465304,0.1292861745625761,0.05601154607660897,3,0.039745213418005,24,0.10033138100837441,62,Health care & social assistance,6,0.04145854681889018,4,0.016584492278164373,23,0.06364106887687311,Community Food Services,Health Care and Social Assistance,Social Assistance,"Community Food and Housing, and Emergency and Other Relief Services",Community Food Services
488991,24,-0.03231314700549872,23,0.0035840436836221666,24,0.005919651208864912,24,0.02315207086962048,23,0.2028903040612332,0.22445499589459397,0.2388516003607104,0.24140890240909704,0.0554652178751192,4,0.02315207086962048,23,0.0993527637985527,48,Transportation,6,0.03340709692706248,4,0.01022395796090945,23,0.05128166613748361,Packing and Crating,Transportation and Warehousing,Support Activities for Transportation,Other Support Activities for Transportation,Other Support Activities for Transportation
562212,24,-0.024958158602043944,23,-0.004600930715700503,24,-0.0006896585165941209,24,0.03028459751231063,23,0.08006477029768481,0.0867986135363844,0.102734318206485,0.12004933990977383,0.05524275611435457,4,0.03028459751231063,23,0.0989542763929642,56,Administrative & waste services,6,0.021332355455851444,2,0.010625815276173248,24,0.03274629737512166,Solid Waste Landfill,Administrative and Support and Waste Management and Remediation Services,Waste Management and Remediation Services,Waste Treatment and Disposal,Waste Treatment and Disposal
325315,24,-0.03779149161153041,23,0.01742473925985239,24,-0.009497808660375973,24,0.017402808729397784,23,0.14339166165037975,0.16103628240458656,0.1438314246390886,0.14562218419434256,0.055216230871382804,2,0.01742473925985239,24,0.09890676272042068,32,Manufacturing - paper/chemicals,6,0.0335990100372766,3,0.02096058710968336,24,0.05157626294327292,Compost Manufacturing,Manufacturing,Chemical Manufacturing,"Pesticide, Fertilizer, and Other Agricultural Chemical Manufacturing",Fertilizer and Compost Manufacturing
491110,24,-0.0014909966833149895,23,-0.006266111597174999,24,-0.021562392877234795,24,0.03354212886414803,23,0.25870781480742433,0.24437022030695635,0.24256484900083838,0.28388426344919,0.05510452174138282,4,0.03354212886414803,23,0.09870666234702957,49,Warehousing & couriers,6,0.08549598140137583,4,0.05581226700497262,23,0.13124086728919448,Postal Service,Transportation and Warehousing,Postal Service,Postal Service,Postal Service
561710,24,-0.033113531013778286,23,-0.00727613966579916,24,0.01821493483646156,24,0.021903890456496763,23,0.11874400144559234,0.136047509866477,0.16790329761895997,0.16332921569851985,0.05501742147027505,4,0.021903890456496763,23,0.09855064289928046,56,Administrative & waste services,6,0.07402674723919792,2,0.041389140440055705,24,0.11363498437031773,Exterminating and Pest Control Services,Administrative and Support and Waste Management and Remediation Services,Administrative and Support Services,Services to Buildings and Dwellings,Exterminating and Pest Control Services
445292,24,0.011950320869523658,23,-0.023574762989493445,24,-0.016460061379782943,24,0.031112281627483904,23,0.33156611572825667,0.2941196182759172,0.3038226468025646,0.3464457980887779,0.05468704461697735,4,0.031112281627483904,23,0.09795885123726808,44,Retail trade - general,6,0.19026321194574686,4,0.1250871627319409,23,0.2920641244149262,Confectionery and Nut Retailers,Retail Trade,Food and Beverage Retailers,Specialty Food Retailers,Other Specialty Food Retailers
924110,24,-0.025772190732235235,23,-0.008691028696211698,24,0.004779754613765143,24,0.028877787195728064,23,0.04303480608891352,0.049816424449056464,0.07398010020162281,0.08858426672665887,0.0546499779279633,4,0.028877787195728064,23,0.09789245506793005,92,Public administration,6,0.030964347908902505,2,0.017911017595605778,24,0.047531916798879206,Administration of Air and Water Resource and Solid Waste Management Programs,Public Administration,Administration of Environmental Quality Programs,Administration of Environmental Quality Programs,Administration of Air and Water Resource and Solid Waste Management Programs
315210,24,-0.028087246425534892,23,-0.0006775422725341027,24,0.002850940079253903,24,0.026300820957327414,23,0.19327445034002977,0.2068335581372185,0.22174775047947545,0.23096006266322458,0.05438806738286231,4,0.026300820957327414,23,0.09742330453502568,31,Manufacturing - food/textiles,6,0.11671433715115445,1,0.04595582798588461,23,0.17916269959975528,Cut and Sew Apparel Contractors,Manufacturing,Apparel Manufacturing,Cut and Sew Apparel Manufacturing,Cut and Sew Apparel Contractors
113310,24,-0.01311876787028324,23,-0.017063505474288494,24,-0.006989481074455274,24,0.03722087879567447,23,0.19363084081708504,0.17832311831345293,0.19714240675839778,0.22994065735225322,0.05428438426996296,4,0.03722087879567447,23,0.09723758086494147,11,"Agriculture, forestry, fishing",6,0.06388760325691384,3,0.03665543378294184,24,0.09807086044316007,Logging,"Agriculture, Forestry, Fishing and Hunting",Forestry and Logging,Logging,Logging
441210,24,-0.0353660915399457,23,0.0035854903401201406,24,0.013000893350571105,24,0.01884641610982807,23,0.13705243643028758,0.16425306127251035,0.1842827054344928,0.17831056289533312,0.05421250764977377,4,0.01884641610982807,23,0.0971088309719117,44,Retail trade - general,6,0.06367396050190907,2,0.03423687562888802,24,0.09774290747978924,Recreational Vehicle Dealers,Retail Trade,Motor Vehicle and Parts Dealers,Other Motor Vehicle Dealers,Recreational Vehicle Dealers
236117,24,-0.02528384957189632,23,-0.007603655047349764,24,0.004408527773569527,24,0.028759904449188006,23,0.1320921194295662,0.13831316229541227,0.1597415152559579,0.1723528126693645,0.05404375402108433,4,0.028759904449188006,23,0.09680654892825183,23,Construction,6,0.03170527158249072,2,0.016433408476304676,24,0.04866927394623221,New Housing For-Sale Builders,Construction,Construction of Buildings,Residential Building Construction,Residential Building Construction
624190,24,-0.017703479591733375,23,-0.007502384327324664,24,0.0361639409448376,24,-0.01102692779519417,23,0.10090631003497152,0.12018575289847538,0.1544699644166286,0.11642629404510657,0.05386742053657098,3,0.0361639409448376,24,0.0964906893732407,62,Health care & social assistance,6,0.01716096225655074,4,0.010126137963414994,23,0.026342987508306534,Other Individual and Family Services,Health Care and Social Assistance,Social Assistance,Individual and Family Services,Other Individual and Family Services
523999,24,-0.02597263579323269,23,-0.014720660018231342,24,0.011439771844469482,24,0.02787941193068488,23,0.07883154318412564,0.0829090147697331,0.11642780639180328,0.12706705432493445,0.053852047723917565,4,0.02787941193068488,23,0.0964631526307021,52,Finance & insurance,6,0.03742070376446427,4,0.017795974476903276,23,0.057442765567707534,Miscellaneous Financial Investment Activities,Finance and Insurance,"Securities, Commodity Contracts, and Other Financial Investments and Related Activities",Other Financial Investment Activities,All Other Financial Investment Activities
621999,24,-0.021308320519420217,23,-0.00025452685829547374,24,-0.009955978333023257,24,0.03214800186300433,23,0.13531707795584025,0.14027868872797547,0.14574935321670163,0.1711319743714743,0.05345632238242455,4,0.03214800186300433,23,0.09575430467357375,62,Health care & social assistance,6,0.049803742651268496,4,0.020683698435308734,23,0.07645138721917916,All Other Miscellaneous Ambulatory Health Care Services,Health Care and Social Assistance,Ambulatory Health Care Services,Other Ambulatory Health Care Services,All Other Ambulatory Health Care Services
321215,24,-0.027707545160644307,23,-0.009244763373713386,24,0.025438687729484988,24,0.011643214693992246,23,0.1565241078117756,0.17261037933030854,0.20718617759626823,0.19088460040325805,0.05314623289012929,3,0.025438687729484988,24,0.09519885300017027,32,Manufacturing - paper/chemicals,6,0.04853061564144111,2,0.022060981920799652,24,0.0744970697155923,Engineered Wood Member Manufacturing,Manufacturing,Wood Product Manufacturing,"Veneer, Plywood, and Engineered Wood Product Manufacturing","Veneer, Plywood, and Engineered Wood Product Manufacturing"
486990,24,-0.017412805690317855,23,0.009784771664850296,24,-0.023910562801015566,24,0.02923334938145072,23,0.1471112616724783,0.1501525687279399,0.13362433245370084,0.16491722178149293,0.05314391218246629,4,0.02923334938145072,23,0.09519469600360339,48,Transportation,6,0.04749383881477888,3,0.028648785534791537,24,0.07290556228230492,All Other Pipeline Transportation,Transportation and Warehousing,Pipeline Transportation,Other Pipeline Transportation,All Other Pipeline Transportation
311941,24,-0.02368944168854216,23,-0.002827162022074512,24,-0.0023692177513704327,24,0.029184397756233372,23,0.08789223597690345,0.09525735219917657,0.1082767924655987,0.12603466823476173,0.05287383944477553,4,0.029184397756233372,23,0.09471092484134758,31,Manufacturing - food/textiles,6,0.03618455985553189,3,0.02278761433200049,24,0.05554521908606753,"Mayonnaise, Dressing, and Other Prepared Sauce Manufacturing",Manufacturing,Food Manufacturing,Other Food Manufacturing,Seasoning and Dressing Manufacturing
541360,24,-0.02320640140643433,23,5.6548611364598427e-05,24,-0.005449948035194177,24,0.02924546533836054,23,0.14007053520152132,0.1486048513331281,0.15702607024200563,0.17634718522127157,0.052451866744794864,4,0.02924546533836054,23,0.09395506097572626,54,Professional & technical services,6,0.04439965400067733,3,0.02008156582480811,24,0.0681558244361562,Geophysical Surveying and Mapping Services,"Professional, Scientific, and Technical Services","Professional, Scientific, and Technical Services","Architectural, Engineering, and Related Services",Geophysical Surveying and Mapping Services
457120,24,-0.028242780519564328,23,0.002571627149338524,24,0.02398547381659434,24,0.002615247263778439,23,0.22861398697513247,0.25647889694375986,0.2792005526137102,0.25395126065047186,0.05222825433615867,3,0.02398547381659434,24,0.09355451245777617,45,Retail trade - specialty,6,0.022003564234578506,3,0.007738731884949728,24,0.03377663846026233,Other Gasoline Stations,Retail Trade,Gasoline Stations and Fuel Dealers,Gasoline Stations,Other Gasoline Stations
551112,24,-0.01863916752505983,23,-0.004913246725396587,24,-0.00924437418719545,24,0.03336012794997095,23,0.1053355634734577,0.10447844520565967,0.1134478203886548,0.14090594394604083,0.05199929547503078,4,0.03336012794997095,23,0.0931443870400695,55,Management of companies,6,0.022867832643886147,3,0.010944292243488926,24,0.03510333632078145,Offices of Other Holding Companies,Management of Companies and Enterprises,Management of Companies and Enterprises,Management of Companies and Enterprises,Management of Companies and Enterprises
311613,24,-0.025179800475403046,23,0.009548244882609047,24,-0.011363659355489449,24,0.026748397024686836,23,0.09271820159715265,0.10784267571708461,0.1038706600717985,0.12262596313749129,0.05192819750008988,4,0.026748397024686836,23,0.09301703190505925,31,Manufacturing - food/textiles,6,0.021973335767954356,3,0.011422008203038648,24,0.03373023616027643,Rendering and Meat Byproduct Processing,Manufacturing,Food Manufacturing,Animal Slaughtering and Processing,Animal Slaughtering and Processing
484110,24,-0.02262567357386544,23,-0.002545103918926509,24,-0.004032240378151444,24,0.029181800974530544,23,0.17459986425804844,0.18065267076206948,0.19179568510394351,0.21100318020212047,0.05180747454839599,4,0.029181800974530544,23,0.09280078541105444,48,Transportation,6,0.03693954240032365,3,0.017531711446383907,24,0.05670415734658651,"General Freight Trucking, Local",Transportation and Warehousing,Truck Transportation,General Freight Trucking,"General Freight Trucking, Local"
423320,24,-0.02588904936654267,23,-0.0019217928648270256,24,0.0024797806236452375,24,0.02591203686588276,23,0.11459753763574139,0.12613969361200897,0.1415254353179306,0.15195161577656177,0.05180108623242543,4,0.02591203686588276,23,0.0927893422603375,42,Wholesale trade,6,0.0445390546081436,2,0.022226226675772637,24,0.0683698117642696,"Brick, Stone, and Related Construction Material Merchant Wholesalers",Wholesale Trade,"Merchant Wholesalers, Durable Goods",Lumber and Other Construction Materials Merchant Wholesalers,"Brick, Stone, and Related Construction Material Merchant Wholesalers"
441227,24,-0.03139849852740366,23,-0.004017946755625981,24,0.020384811241371748,24,0.015399293681143148,23,0.13585521504660295,0.15724668191058058,0.1866740422858102,0.1753317801782963,0.051783309768775404,3,0.020384811241371748,24,0.09275749994795046,44,Retail trade - general,6,0.05915825537053439,2,0.036145361630627496,24,0.09081106053037996,"Motorcycle, ATV, and All Other Motor Vehicle Dealers",Retail Trade,Motor Vehicle and Parts Dealers,Other Motor Vehicle Dealers,"Motorcycle, Boat, and Other Motor Vehicle Dealers"
444230,24,-0.03546626733079801,23,0.004257110417465689,24,0.01626658934477754,24,0.015621352626587332,23,0.11061396403499606,0.13994448872421952,0.16076079257851167,0.14904391774324868,0.05173285667557555,3,0.01626658934477754,24,0.09266712521503445,44,Retail trade - general,6,0.08112189466131484,2,0.04592671653637035,24,0.124526412083765,Outdoor Power Equipment Retailers,Retail Trade,Building Material and Garden Equipment and Supplies Dealers,Lawn and Garden Equipment and Supplies Retailers,Outdoor Power Equipment Retailers
541930,24,-0.02989566242492605,23,0.004094716189432956,24,0.004346746802123102,24,0.02167929914061244,23,0.15331786962388275,0.17297970591940692,0.1844521098360651,0.18723102014847715,0.051574961565538494,4,0.02167929914061244,23,0.09238429362843945,54,Professional & technical services,6,0.034756071360536975,4,0.01274408157161323,23,0.05335241346031969,Translation and Interpretation Services,"Professional, Scientific, and Technical Services","Professional, Scientific, and Technical Services","Other Professional, Scientific, and Technical Services",Translation and Interpretation Services
621330,24,-0.027263265412869376,23,-0.002770101493280917,24,0.0066863697332440715,24,0.023805768595943903,23,0.1221502191897349,0.13590480253607665,0.15519958886898028,0.16112163573539573,0.05106903400881328,4,0.023805768595943903,23,0.09147804457780609,62,Health care & social assistance,6,0.04345451750313212,4,0.019180436491131502,23,0.06670498976987901,Offices of Mental Health Practitioners (except Physicians),Health Care and Social Assistance,Ambulatory Health Care Services,Offices of Other Health Practitioners,Offices of Mental Health Practitioners (except Physicians)
213111,24,-0.0231730120532622,23,0.01560384940316023,24,-0.019189607459579643,24,0.027844581565614434,23,0.2443083689086701,0.26157859117992555,0.2476411146448605,0.27208285302895474,0.05101759361887663,4,0.027844581565614434,23,0.09138590133728754,21,"Mining, quarrying, oil & gas",6,0.024638880700046946,3,0.014494769716554204,24,0.03782198904681056,Drilling Oil and Gas Wells,"Mining, Quarrying, and Oil and Gas Extraction",Support Activities for Mining,Support Activities for Mining,Support Activities for Mining
541940,24,-0.016777315072676758,23,-0.009017719221784569,24,0.03326332993453708,24,-0.007401694391533458,23,0.12104411832004876,0.13640311404332392,0.1697975482101682,0.1366653225079383,0.050040645007213835,3,0.03326332993453708,24,0.08963592994302752,54,Professional & technical services,6,0.03579905741260532,2,0.011358419968874994,24,0.054953452384024944,Veterinary Services,"Professional, Scientific, and Technical Services","Professional, Scientific, and Technical Services","Other Professional, Scientific, and Technical Services",Veterinary Services
482111,24,0.022037938652751773,23,-0.008445598467310324,24,-0.02798873369677324,24,0.014036263793449924,23,0.23546157041702376,0.20126157833746297,0.18395278319252284,0.2226214554411292,0.050026672349525014,1,0.022037938652751773,23,0.08961090124554505,48,Transportation,6,0.12226350480818969,4,0.06701844037908318,23,0.18768096635458,Line-Haul Railroads,Transportation and Warehousing,Rail Transportation,Rail Transportation,Rail Transportation
336214,24,-0.012433075756669987,23,0.005613843090359121,24,0.028285759909308653,24,-0.02158078023216718,23,0.15699385008303077,0.18237962147134415,0.19653770667893924,0.1541242720679171,0.04986654014147583,3,0.028285759909308653,24,0.08932406242921385,33,Manufacturing - metals/machinery,6,0.04034277715810243,2,0.018388297581837718,24,0.06192830325237795,Travel Trailer and Camper Manufacturing,Manufacturing,Transportation Equipment Manufacturing,Motor Vehicle Body and Trailer Manufacturing,Motor Vehicle Body and Trailer Manufacturing
611410,24,-0.03394603550855991,23,0.014465982048509815,24,0.003710979015187705,24,0.015901082824533518,23,0.1532539662452469,0.18563912424988058,0.18909231815749458,0.18512355403473316,0.049847118333093424,4,0.015901082824533518,23,0.08928927287253885,61,Educational services,6,0.03566217084704153,1,0.01648249619455331,23,0.054743324243609885,Business and Secretarial Schools,Educational Services,Educational Services,Business Schools and Computer and Management Training,Business and Secretarial Schools
238390,24,-0.014774365345100402,23,-0.015773730639422355,24,-0.003093611823672309,24,0.03401077353545979,23,0.2822360132785948,0.27084726042659973,0.2910059688534493,0.31735190092764354,0.049784504174882144,4,0.03401077353545979,23,0.08917711448013485,23,Construction,6,0.05034001146284676,3,0.02338490754069179,24,0.07727458829574513,Other Building Finishing Contractors,Construction,Specialty Trade Contractors,Building Finishing Contractors,Other Building Finishing Contractors
561492,24,-0.021977181293500615,23,0.003465179476987063,24,-0.00918265615780918,24,0.027661164074595807,23,0.10840831667496714,0.11709855779539562,0.11885843996184997,0.13898363444392267,0.04963834536809642,4,0.027661164074595807,23,0.08891530569322348,56,Administrative & waste services,6,0.022274609656056002,3,0.008100326512498549,24,0.034192707562065744,Court Reporting and Stenotype Services,Administrative and Support and Waste Management and Remediation Services,Administrative and Support Services,Business Support Services,Other Business Support Services
621112,24,-0.023172106942640415,23,-0.0026956388346885494,24,-0.00042412050558527335,24,0.026336505831976432,23,0.1097926685166114,0.11766644799316694,0.1309315051390996,0.1450448032962028,0.04950861277461685,4,0.026336505831976432,23,0.08868292056591776,62,Health care & social assistance,6,0.032326858752313795,4,0.011751389603398889,23,0.04962344322911856,"Offices of Physicians, Mental Health Specialists",Health Care and Social Assistance,Ambulatory Health Care Services,Offices of Physicians,Offices of Physicians
444140,24,-0.025429052803583933,23,0.003694021569429801,24,0.02400022525023558,24,-0.001983431756096331,23,0.12967356081794507,0.15742036208680335,0.1777791202168021,0.15013742784632964,0.04942927805381951,3,0.02400022525023558,24,0.0885408112570866,44,Retail trade - general,6,0.04472725512451857,2,0.025189736065172347,24,0.06865870954155072,Hardware Retailers,Retail Trade,Building Material and Garden Equipment and Supplies Dealers,Building Material and Supplies Dealers,Hardware Retailers
523210,24,-0.009224345006880219,23,-0.016973133736399373,24,0.03234854863918291,24,0.000910915564754969,23,0.060560172555879976,0.0642934771378217,0.10197304919256216,0.0749555239689368,0.049321682375582286,3,0.03234854863918291,24,0.0883480791555069,52,Finance & insurance,6,0.04211518880948454,2,0.02932439742371194,24,0.06464904916941491,Securities and Commodity Exchanges,Finance and Insurance,"Securities, Commodity Contracts, and Other Financial Investments and Related Activities",Securities and Commodity Exchanges,Securities and Commodity Exchanges
813212,24,-0.018342571860838295,23,-0.006040499281984969,24,0.030909649544874837,24,-0.006844175918115039,23,0.09742522272916776,0.11538855020861348,0.14543287625202914,0.11365790320569513,0.04925222140571313,3,0.030909649544874837,24,0.0882236563262634,81,Other services,6,0.009634365521940802,2,0.0064083021224524,24,0.01478926221040228,Voluntary Health Organizations,Other Services (except Public Administration),"Religious, Grantmaking, Civic, Professional, and Similar Organizations",Grantmaking and Giving Services,Grantmaking and Giving Services
425120,24,-0.02038646914582014,23,0.0011328788421634355,24,-0.009363300546176527,24,0.028792125530394647,23,0.113374116201346,0.11919336594084277,0.1227468579960127,0.14502695114353567,0.049178594676214785,4,0.028792125530394647,23,0.08809177152808992,42,Wholesale trade,6,0.02448879450893468,3,0.011500799938391384,24,0.03759159878089582,Wholesale Trade Agents and Brokers,Wholesale Trade,Wholesale Trade Agents and Brokers,Wholesale Trade Agents and Brokers,Wholesale Trade Agents and Brokers
459510,24,-0.02316466397598158,23,-0.0050480645344858355,24,0.025787456420493182,24,0.002959501258840532,23,0.22457205981735115,0.24316506752381173,0.27185420429924406,0.24896842823368992,0.04895212039647476,3,0.025787456420493182,24,0.08768609664780513,45,Retail trade - specialty,6,0.028537030951601976,4,0.010557693662647723,23,0.04380585649241475,Used Merchandise Retailers,Retail Trade,"Sporting Goods, Hobby, Musical Instrument, Book, and Miscellaneous Retailers",Used Merchandise Retailers,Used Merchandise Retailers
513191,24,-0.012914951410879333,23,-0.014305609488707386,24,-0.008230866495855952,24,0.03385323293550502,23,0.0885826817540774,0.07431690595888175,0.0886623491411009,0.11946952531503195,0.0481588424242124,4,0.03385323293550502,23,0.08626512757882521,51,Information,6,0.09557517511157156,1,0.0489998838286372,23,0.14671296436814085,Greeting Card Publishers,Information,Publishing Industries,"Newspaper, Periodical, Book, and Directory Publishers",Other Publishers
561510,24,-0.024737457270093265,23,0.007655078064726405,24,-0.006199487214731496,24,0.02337289219393383,23,0.1117605767324354,0.1278014411764975,0.12853214949110678,0.14166183223517906,0.04811034946402709,4,0.02337289219393383,23,0.08617826395863659,56,Administrative & waste services,6,0.0556435193368999,1,0.023500196668163255,23,0.08541575425064703,Travel Agencies,Administrative and Support and Waste Management and Remediation Services,Administrative and Support Services,Travel Arrangement and Reservation Services,Travel Agencies
523940,24,-0.01840374627150962,23,-0.008716384573814451,24,-0.002161369739548952,24,0.029577243234080605,23,0.09442383152230055,0.09266870558789646,0.10834634880112125,0.12834673149344397,0.047980989505590224,4,0.029577243234080605,23,0.08594654631850208,52,Finance & insurance,6,0.032848260192481736,2,0.009689694414571362,24,0.05042382210180759,Portfolio Management and Investment Advice,Finance and Insurance,"Securities, Commodity Contracts, and Other Financial Investments and Related Activities",Other Financial Investment Activities,Portfolio Management and Investment Advice
455219,24,-0.02527737906339007,23,-0.004777236573467431,24,0.007967075973246963,24,0.02261243555741539,23,0.29748652572604906,0.3084746335101857,0.3290172144412572,0.33362564342583484,0.04788981462080546,4,0.02261243555741539,23,0.08578322816814746,45,Retail trade - specialty,6,0.1230119423592892,4,0.07082492053859524,23,0.18882985770254831,All Other General Merchandise Retailers,Retail Trade,General Merchandise Retailers,"Warehouse Clubs, Supercenters, and Other General Merchandise Retailers","Warehouse Clubs, Supercenters, and Other General Merchandise Retailers"
926130,24,-0.01736300618225785,23,-0.01574117437789366,24,0.03046313118822952,24,0.0023420760017576546,23,0.03986834810542109,0.04797264456016667,0.08755928977069956,0.06621967260477343,0.04782613737048737,3,0.03046313118822952,24,0.08566916549873833,92,Public administration,6,0.06375767558808111,2,0.03735333074189055,24,0.09787141457841916,"Regulation and Administration of Communications, Electric, Gas, and Other Utilities",Public Administration,Administration of Economic Programs,Administration of Economic Programs,"Regulation and Administration of Communications, Electric, Gas, and Other Utilities"
531311,24,-0.019084015339811782,23,-0.01176389532050788,24,0.028725599747490754,24,0.0019692238698181467,23,0.1325363765062295,0.1438635908308641,0.1787185957965145,0.15612240126718338,0.04780961508730254,3,0.028725599747490754,24,0.08563956975276342,53,Real estate,6,0.042404793792686954,2,0.019041123850628883,24,0.0650936081831108,Residential Property Managers,Real Estate and Rental and Leasing,Real Estate,Activities Related to Real Estate,Real Estate Property Managers
531110,24,-0.022147943475697734,23,-0.013790647813362214,24,0.025610746484410096,24,0.010323605397483277,23,0.1262637117661513,0.135623344561142,0.17256427298285715,0.1582837084357521,0.047758689960107834,3,0.025610746484410096,24,0.08554834948306253,53,Real estate,6,0.029771773300751023,2,0.0177906932266632,24,0.04570125150543007,Lessors of Residential Buildings and Dwellings,Real Estate and Rental and Leasing,Real Estate,Lessors of Real Estate,Lessors of Residential Buildings and Dwellings
112112,24,-0.023200044161646016,23,-0.00894968621635862,24,0.008185518452984479,24,0.024425640071306137,23,0.13759587781410507,0.14344690301513144,0.16719730064887506,0.17457666137664973,0.04762568423295215,4,0.024425640071306137,23,0.08531010131420641,11,"Agriculture, forestry, fishing",6,0.011942136664557559,3,0.00564602265933543,24,0.018331813349035383,Cattle Feedlots,"Agriculture, Forestry, Fishing and Hunting",Animal Production and Aquaculture,Cattle Ranching and Farming,"Beef Cattle Ranching and Farming, including Feedlots"
541620,24,-0.025311889890968418,23,-0.0028735199622575073,24,0.006139123016391061,24,0.02228507623410901,23,0.10994204585990815,0.12204235416785914,0.13988970240032514,0.14545880460000904,0.047596966125077425,4,0.02228507623410901,23,0.0852586596450356,54,Professional & technical services,6,0.0329158821055472,2,0.01315204526523829,24,0.050527625325924086,Environmental Consulting Services,"Professional, Scientific, and Technical Services","Professional, Scientific, and Technical Services","Management, Scientific, and Technical Consulting Services",Environmental Consulting Services
922120,24,-0.024060636158284732,23,-0.00855952454427421,24,0.009013593532927423,24,0.02344898659605845,23,0.049211119440023175,0.057025111146431474,0.0819581519413882,0.08886400567049008,0.047509622754343186,4,0.02344898659605845,23,0.08510220474204637,92,Public administration,6,0.028047915034387486,2,0.015198182212314448,24,0.043055037610310584,Police Protection,Public Administration,"Justice, Public Order, and Safety Activities","Justice, Public Order, and Safety Activities",Police Protection
424520,24,-0.02139287060400551,23,0.013936133063889947,24,-0.018353537756608567,24,0.025901803303788985,23,0.18966129562035886,0.20417255144441104,0.1908115411406833,0.21415760635017267,0.047294673907794495,4,0.025901803303788985,23,0.08471717493781832,42,Wholesale trade,6,0.025867869348637662,1,0.010603694616981914,23,0.03970855182421644,Livestock Merchant Wholesalers,Wholesale Trade,"Merchant Wholesalers, Nondurable Goods",Farm Product Raw Material Merchant Wholesalers,Livestock Merchant Wholesalers
541850,24,-0.02698875225469225,23,0.004317436993998625,24,0.002576405000639874,24,0.020113181481138685,23,0.17945338827840382,0.19808488969761515,0.20808151712882925,0.2129253345587636,0.047101933735830936,4,0.020113181481138685,23,0.0843719266991347,54,Professional & technical services,6,0.02503466450222079,2,0.010699560261948052,24,0.03842953818075705,Indoor and Outdoor Display Advertising,"Professional, Scientific, and Technical Services","Professional, Scientific, and Technical Services","Advertising, Public Relations, and Related Services",Indoor and Outdoor Display Advertising
519210,24,-0.01223088490645397,23,-0.012708654001978485,24,0.03432272219268615,24,-0.009578030140537647,23,0.05696172357889692,0.06745921159512197,0.10337400761530398,0.07064335925011367,0.04703137619466464,3,0.03432272219268615,24,0.08424553962286853,51,Information,6,0.025502818737389528,2,0.015679444058916817,24,0.039148179768836014,Libraries and Archives,Information,"Web Search Portals, Libraries, Archives, and Other Information Services","Web Search Portals, Libraries, Archives, and Other Information Services",Libraries and Archives
311422,24,-0.013717364251390331,23,-0.015709914195237724,24,-0.0014993736079228189,24,0.031254039293109166,23,0.09243192177072264,0.08231697873028833,0.10362186408032946,0.12792549664621625,0.04696395348834689,4,0.031254039293109166,23,0.08412476785865176,31,Manufacturing - food/textiles,6,0.06501892340557285,3,0.041968105535289235,24,0.09980749689154125,Specialty Canning,Manufacturing,Food Manufacturing,Fruit and Vegetable Preserving and Specialty Food Manufacturing,"Fruit and Vegetable Canning, Pickling, and Drying"
221320,24,-0.007554507067902949,23,-0.015452645644204453,24,0.031144990219419553,24,-0.008238568598600764,23,0.048868842905666454,0.052548453082950995,0.08713335454864445,0.05942827557549877,0.046597635863624004,3,0.031144990219419553,24,0.08346859684123534,22,Utilities,6,0.044780412155522836,2,0.02810427342317225,24,0.06874030840429453,Sewage Treatment Facilities,Utilities,Utilities,"Water, Sewage and Other Systems",Sewage Treatment Facilities
561210,24,-0.027124069822544398,23,0.01301698262120105,24,-0.005838816324675394,24,0.019440879580305936,23,0.14722180363723827,0.17041307424526517,0.16757037961088997,0.17640531762586553,0.04656494940285033,4,0.019440879580305936,23,0.08341004681040397,56,Administrative & waste services,6,0.014095718111331035,3,0.007992460412157404,24,0.02163767512428744,Facilities Support Services,Administrative and Support and Waste Management and Remediation Services,Administrative and Support Services,Facilities Support Services,Facilities Support Services
624229,24,-0.014442415082003019,23,-0.00568612880462632,24,0.03203145065907451,24,-0.012026961843049109,23,0.11290363578479778,0.1299460633347283,0.15836074849391146,0.12271253233494557,0.046473865741077536,3,0.03203145065907451,24,0.0832468920644081,62,Health care & social assistance,6,0.031210481910306155,4,0.016118683012275405,23,0.047909745549237936,Other Community Housing Services,Health Care and Social Assistance,Social Assistance,"Community Food and Housing, and Emergency and Other Relief Services",Community Housing Services
321991,24,-0.01645434411851916,23,-0.007497054570051317,24,0.02985919724850053,24,-0.004782461026900908,23,0.16775289383743577,0.18275960055619841,0.21276041641506369,0.1830428377769279,0.04631354136701969,3,0.02985919724850053,24,0.08295970902831541,32,Manufacturing - paper/chemicals,6,0.032270110942119894,2,0.011589295346930614,24,0.04953633232981622,Manufactured Home (Mobile Home) Manufacturing,Manufacturing,Wood Product Manufacturing,Other Wood Product Manufacturing,All Other Wood Product Manufacturing
334210,24,-0.020013148096497985,23,0.004698390933206236,24,-0.010847246117389958,24,0.026211066721203723,23,0.0655384688668849,0.07400227970536381,0.07306930867743026,0.09383082988427661,0.04622421481770171,4,0.026211066721203723,23,0.08279970173193535,33,Manufacturing - metals/machinery,6,0.082961353779465,1,0.039360821362987755,23,0.12735007941937568,Telephone Apparatus Manufacturing,Manufacturing,Computer and Electronic Product Manufacturing,Communications Equipment Manufacturing,Telephone Apparatus Manufacturing
532420,24,-0.025000552342979758,23,0.008764552130509294,24,-0.004405916594932763,24,0.021134684469005408,23,0.10719732621895388,0.12538946249428337,0.1260524945085943,0.13552735971277075,0.04613523681198517,4,0.021134684469005408,23,0.08264031876863165,53,Real estate,6,0.01412292388075816,1,0.004022592351056784,23,0.021679437423712058,Office Machinery and Equipment Rental and Leasing,Real Estate and Rental and Leasing,Rental and Leasing Services,Commercial and Industrial Machinery and Equipment Rental and Leasing,Office Machinery and Equipment Rental and Leasing
424460,24,-0.023388699511034554,23,-0.019693928928239707,24,0.022313475490393794,24,0.02012266417121152,23,0.15639966420119739,0.15773598195667257,0.1984601575686272,0.1945573821997942,0.04570217500142835,3,0.022313475490393794,24,0.08186459139528392,42,Wholesale trade,6,0.05176851919024694,2,0.025173439306747394,24,0.07946742344425539,Fish and Seafood Merchant Wholesalers,Wholesale Trade,"Merchant Wholesalers, Nondurable Goods",Grocery and Related Product Merchant Wholesalers,Fish and Seafood Merchant Wholesalers
311811,24,-0.021612675355796,23,-0.010269347406412218,24,0.023484696787932302,24,0.009043636195812966,23,0.21990460206667128,0.23146526809308354,0.2635646289323202,0.2486945961956922,0.045097372143728304,3,0.023484696787932302,24,0.08078123072768403,31,Manufacturing - food/textiles,6,0.04385081968326178,4,0.017208675701932494,23,0.0673133346414893,Retail Bakeries,Manufacturing,Food Manufacturing,Bakeries and Tortilla Manufacturing,Bread and Bakery Product Manufacturing
456191,24,-0.024114762605013024,23,-0.0017763662335387824,24,0.020825080028654745,24,0.00526623899934903,23,0.20480149954549284,0.22441040049720493,0.24757203391599458,0.22908350727747476,0.044939842633667765,3,0.020825080028654745,24,0.08049905402661013,45,Retail trade - specialty,6,0.006287646589397764,2,0.0026432055920119816,24,0.009651871094694854,Food (Health) Supplement Retailers,Retail Trade,Health and Personal Care Retailers,Health and Personal Care Retailers,Other Health and Personal Care Retailers
483112,24,-0.02158730751479739,23,-0.0002951900179234493,24,-0.0006248516302195898,24,0.023334395365528168,23,0.08715019969388109,0.09679125754991413,0.10702269544179406,0.11850383659411319,0.044921702880325556,4,0.023334395365528168,23,0.08046656096702763,48,Transportation,6,0.026297477478391965,3,0.00904368226849756,24,0.0403680230954888,Deep Sea Passenger Transportation,Transportation and Warehousing,Water Transportation,"Deep Sea, Coastal, and Great Lakes Water Transportation","Deep Sea, Coastal, and Great Lakes Water Transportation"
445291,24,-0.02633695414218705,23,-0.008259721252062143,24,0.018550515993144234,24,0.017145289135563787,23,0.22333933413308574,0.23688817478310578,0.2669564579372501,0.25992370910510604,0.04488747013533129,3,0.018550515993144234,24,0.08040524113528642,44,Retail trade - general,6,0.055899010950718475,4,0.021521332219074447,23,0.08580794743251424,Baked Goods Retailers,Retail Trade,Food and Beverage Retailers,Specialty Food Retailers,Other Specialty Food Retailers
336350,24,-0.015502345693629502,23,-3.9703135210091695e-05,24,-0.013154297943207974,24,0.029234776682400886,23,0.0725841110004592,0.07347149381508396,0.07443828290012892,0.10171366787158981,0.04473712237603039,4,0.029234776682400886,23,0.08013592883489855,33,Manufacturing - metals/machinery,6,0.022123203440133896,3,0.011419782280653754,24,0.03396029098803631,Motor Vehicle Transmission and Power Train Parts Manufacturing,Manufacturing,Transportation Equipment Manufacturing,Motor Vehicle Parts Manufacturing,Motor Vehicle Transmission and Power Train Parts Manufacturing
238330,24,-0.022884796909620177,23,-0.019580600336238426,24,0.021776478102043546,24,0.020792571530936412,23,0.19947820051838985,0.20093358570563083,0.2415501715653486,0.23861380122097928,0.044661275011663726,3,0.021776478102043546,24,0.08000006629680069,23,Construction,6,0.041675700994114974,3,0.018723456547657762,24,0.06397441205657388,Flooring Contractors,Construction,Specialty Trade Contractors,Building Finishing Contractors,Flooring Contractors
327331,24,-0.025649972810827548,23,0.00247359780318466,24,0.00556130724325421,24,0.018769377587547355,23,0.10971929889311575,0.1273994548300143,0.14013241516054356,0.1417427610045644,0.0444193503983749,4,0.018769377587547355,23,0.07956671581370589,32,Manufacturing - paper/chemicals,6,0.04875350592143157,2,0.022186821586069744,24,0.07483921812042726,Concrete Block and Brick Manufacturing,Manufacturing,Nonmetallic Mineral Product Manufacturing,Cement and Concrete Product Manufacturing,"Concrete Pipe, Brick, and Block Manufacturing"
561410,24,-0.02851444230232294,23,0.010180769615911233,24,0.003349848541773219,24,0.015836462610823557,23,0.15518433732947745,0.1805991946794455,0.18565251279759107,0.18400613383219022,0.0443509049131465,4,0.015836462610823557,23,0.07944411198399977,56,Administrative & waste services,6,0.017598553243015378,1,0.006099832080778331,23,0.027014712888145602,Document Preparation Services,Administrative and Support and Waste Management and Remediation Services,Administrative and Support Services,Business Support Services,Document Preparation Services
533110,24,-0.02249300126886576,23,-0.009131482085180819,24,0.009714265112307894,24,0.021814695655178042,23,0.11875679109797206,0.1247747830363598,0.14905573914510914,0.15390816502924268,0.04430769692404381,4,0.021814695655178042,23,0.07936671513422636,53,Real estate,6,0.024534037906737995,2,0.006535490735429107,24,0.03766104979683235,Lessors of Nonfinancial Intangible Assets (except Copyrighted Works),Real Estate and Rental and Leasing,Lessors of Nonfinancial Intangible Assets (except Copyrighted Works),Lessors of Nonfinancial Intangible Assets (except Copyrighted Works),Lessors of Nonfinancial Intangible Assets (except Copyrighted Works)
321992,24,-0.026129183198930404,23,-0.0054358676058969,24,0.01817378526955195,24,0.014255457946217074,23,0.14615656980891514,0.16249521052478144,0.1897055864524415,0.1805683918409977,0.044302968468482355,3,0.01817378526955195,24,0.07935824522918448,32,Manufacturing - paper/chemicals,6,0.04859718067493415,2,0.02224824132995964,24,0.07459925057349424,Prefabricated Wood Building Manufacturing,Manufacturing,Wood Product Manufacturing,Other Wood Product Manufacturing,All Other Wood Product Manufacturing
532210,24,-0.027124598291150204,23,0.010373857235981441,24,-0.0002102792766574893,24,0.017008398809954507,23,0.19870048126954418,0.2216638626579448,0.22387952957438262,0.22651575504413538,0.044132997101104715,4,0.017008398809954507,23,0.07905378189590039,53,Real estate,6,0.009176707228528543,1,0.0035373994455591587,23,0.014086732449763132,Consumer Electronics and Appliances Rental,Real Estate and Rental and Leasing,Rental and Leasing Services,Consumer Goods Rental,Consumer Electronics and Appliances Rental
423910,24,-0.020094123260164343,23,-0.010177373254211947,24,0.02401970217496535,24,0.006687199267029472,23,0.11076338196613185,0.12203030365618084,0.1536519718546537,0.1372342357031959,0.04411382543512969,3,0.02401970217496535,24,0.07901944040993471,42,Wholesale trade,6,0.04647903833048837,2,0.029042649113398628,24,0.0713477897004741,Sporting and Recreational Goods and Supplies Merchant Wholesalers,Wholesale Trade,"Merchant Wholesalers, Durable Goods",Miscellaneous Durable Goods Merchant Wholesalers,Sporting and Recreational Goods and Supplies Merchant Wholesalers
459991,24,-0.024799271625038005,23,-0.011932890678249047,24,0.017533265739363788,24,0.01929851499939932,23,0.21840086236820833,0.2269924009498275,0.25944972088794477,0.25684050934733443,0.04409778662443732,4,0.01929851499939932,23,0.07899071069009629,45,Retail trade - specialty,6,0.06299558086908366,2,0.01902121444794598,24,0.09670155875317062,"Tobacco, Electronic Cigarette, and Other Smoking Supplies Retailers",Retail Trade,"Sporting Goods, Hobby, Musical Instrument, Book, and Miscellaneous Retailers",Other Miscellaneous Retailers,All Other Miscellaneous Retailers
812331,24,-0.01520140174839015,23,-0.0025396281336344897,24,0.028798334519651452,24,-0.01058304656526588,23,0.15276471408666673,0.17172533875270898,0.1957652196860202,0.16220843158002848,0.0439997362680416,3,0.028798334519651452,24,0.0788150767654035,81,Other services,6,0.014041497340893144,3,0.006889181130817411,24,0.021554443365078196,Linen Supply,Other Services (except Public Administration),Personal and Laundry Services,Drycleaning and Laundry Services,Linen and Uniform Supply
541614,24,-0.020019086357895958,23,-0.0020340273578250815,24,-0.0018001898299583243,24,0.023883793473550713,23,0.14365806889882687,0.15040417377878249,0.16121833337438826,0.1756328726299107,0.04390287983144667,4,0.023883793473550713,23,0.07864158146445559,54,Professional & technical services,6,0.039360796897707426,4,0.015868618464053914,23,0.06042091145544566,"Process, Physical Distribution, and Logistics Consulting Services","Professional, Scientific, and Technical Services","Professional, Scientific, and Technical Services","Management, Scientific, and Technical Consulting Services",Management Consulting Services
336411,24,0.019649845264289815,23,-0.01774370211207103,24,0.020894366592618566,24,-0.022867633321474665,23,0.05625469152279977,0.03916582384065091,0.05756436038264412,0.03417416373940019,0.04376199991409323,3,0.020894366592618566,24,0.07838922855412735,33,Manufacturing - metals/machinery,6,0.006563622493164044,4,0.0036012195078562147,23,0.01007550874838957,Aircraft Manufacturing,Manufacturing,Transportation Equipment Manufacturing,Aerospace Product and Parts Manufacturing,Aerospace Product and Parts Manufacturing
812191,24,-0.02589349731551593,23,0.01785157845195502,24,-0.005384206630983548,24,0.013767262459137676,23,0.12442219604161912,0.15209874463347214,0.14407213632141516,0.14681394127132524,0.04374507576747095,2,0.01785157845195502,24,0.07835891296525431,81,Other services,6,0.05782906926453889,1,0.026759773225756102,23,0.08877068934005886,Diet and Weight Reducing Centers,Other Services (except Public Administration),Personal and Laundry Services,Personal Care Services,Other Personal Care Services
561110,24,-0.02236669614307078,23,-0.0028961542817967276,24,0.0042476748930633705,24,0.021359403534252096,23,0.13980182740046868,0.14917127723878595,0.16433303564069668,0.1709994442564807,0.043726099677322876,4,0.021359403534252096,23,0.07832492180692971,56,Administrative & waste services,6,0.03396520408611086,4,0.01057260490887867,23,0.05213839023601111,Office Administrative Services,Administrative and Support and Waste Management and Remediation Services,Administrative and Support Services,Office Administrative Services,Office Administrative Services
541420,24,-0.015318245965616891,23,-0.0018644490382972688,24,-0.00918376010573183,24,0.027637429898846034,23,0.13102017010482883,0.1311446440889011,0.13499801614956794,0.15721890842169842,0.042955675864462924,4,0.027637429898846034,23,0.07694489053622967,54,Professional & technical services,6,0.029099246245806662,4,0.008287659365397475,23,0.04466888679635703,Industrial Design Services,"Professional, Scientific, and Technical Services","Professional, Scientific, and Technical Services",Specialized Design Services,Industrial Design Services
531130,24,-0.024098100750075433,23,-0.00047261493458932574,24,0.006102036078836374,24,0.018793469005357426,23,0.14289202918162683,0.15668449025988507,0.17142218120732192,0.17395579999708607,0.04289156975543286,4,0.018793469005357426,23,0.0768300596683,53,Real estate,6,0.02544815841586295,3,0.00992964644510278,24,0.03906427327538603,Lessors of Miniwarehouses and Self-Storage Units,Real Estate and Rental and Leasing,Real Estate,Lessors of Real Estate,Lessors of Miniwarehouses and Self-Storage Units
336370,24,-0.01700504342107501,23,0.0007570815538408797,24,-0.00918628345015008,24,0.025870638037571562,23,0.08784988948282484,0.09236213518659314,0.09536021778267971,0.11673086727906641,0.04287568145864657,4,0.025870638037571562,23,0.07680159955837447,33,Manufacturing - metals/machinery,6,0.037789844575534484,3,0.02137625867459017,24,0.05800941629681317,Motor Vehicle Metal Stamping,Manufacturing,Transportation Equipment Manufacturing,Motor Vehicle Parts Manufacturing,Motor Vehicle Metal Stamping
326191,24,-0.016484448058987057,23,0.003374304866374968,24,0.026320180664453855,24,-0.013019692117815052,23,0.1438241180393118,0.16823793065552559,0.18590313353898938,0.15092797509354552,0.042804628723440916,3,0.026320180664453855,24,0.07667432545960463,32,Manufacturing - paper/chemicals,6,0.03638367826188549,2,0.01225078018958134,24,0.05585087640369518,Plastics Plumbing Fixture Manufacturing,Manufacturing,Plastics and Rubber Products Manufacturing,Plastics Product Manufacturing,Other Plastics Product Manufacturing
312112,24,-0.018838767692119663,23,-0.005664419914243643,24,0.023865024936693412,24,0.0003993143017976433,23,0.10124259595405638,0.1163677458369391,0.14282173554830913,0.12154567538629231,0.042703792628813075,3,0.023865024936693412,24,0.07649370154653384,31,Manufacturing - food/textiles,6,0.033250598384435365,2,0.01656118173251739,24,0.0510414325717976,Bottled Water Manufacturing,Manufacturing,Beverage and Tobacco Product Manufacturing,Beverage Manufacturing,Soft Drink and Ice Manufacturing
811420,24,-0.01894939406651506,23,-0.003341577784438298,24,-0.001067006149464738,24,0.023525063576394226,23,0.15291275385408185,0.15748739265937525,0.16874518703354524,0.1821369937066447,0.04247445764290929,4,0.023525063576394226,23,0.0760829023906278,81,Other services,6,0.041935376244849075,3,0.01373817651779805,24,0.06437302734306188,Reupholstery and Furniture Repair,Other Services (except Public Administration),Repair and Maintenance,Personal and Household Goods Repair and Maintenance,Reupholstery and Furniture Repair
221113,24,0.02186883154431459,23,-0.011399746172225505,24,0.010368326761560478,24,-0.020544440381853327,23,0.05743865381393839,0.04052846211111804,0.046417762752748705,0.03157040987125843,0.04241327192616792,1,0.02186883154431459,23,0.07597330271183564,22,Utilities,6,0.01401305746854109,2,0.00650610767363755,24,0.021510786652190667,Nuclear Electric Power Generation,Utilities,Utilities,"Electric Power Generation, Transmission and Distribution",Electric Power Generation
459410,24,-0.0226309395709557,23,-0.00772675086209041,24,0.019612700258690868,24,0.01092681644244054,23,0.15049860703019224,0.16273322066293291,0.19042133601985442,0.17888405085939418,0.042243639829646566,3,0.019612700258690868,24,0.07566944710170742,45,Retail trade - specialty,6,0.04865167333466979,1,0.02333173007945391,23,0.07468289969720014,Office Supplies and Stationery Retailers,Retail Trade,"Sporting Goods, Hobby, Musical Instrument, Book, and Miscellaneous Retailers","Office Supplies, Stationery, and Gift Retailers",Office Supplies and Stationery Retailers
925110,24,-0.01955395883042645,23,-0.013881196306643908,24,0.010076065234409607,24,0.02246498831000285,23,0.06540582855663248,0.06671566724961693,0.09578789855588919,0.10470799939334224,0.0420189471404293,4,0.02246498831000285,23,0.07526696351768315,92,Public administration,6,0.015224553793787982,2,0.010221687609756341,24,0.023370497785239495,Administration of Housing Programs,Public Administration,"Administration of Housing Programs, Urban Planning, and Community Development","Administration of Housing Programs, Urban Planning, and Community Development",Administration of Housing Programs
488330,24,-0.0171103001367986,23,-0.0006891568644516021,24,-0.0060575740254557725,24,0.02486144531830248,23,0.15104566528077537,0.15511283419890867,0.16055831684594515,0.17811894754389315,0.04197174545510108,4,0.02486144531830248,23,0.07518241290969911,48,Transportation,6,0.03146759657463105,3,0.010998829896165538,24,0.04830443019974043,Navigational Services to Shipping,Transportation and Warehousing,Support Activities for Transportation,Support Activities for Water Transportation,Navigational Services to Shipping
541519,24,-0.01697697578312627,23,-0.0010901378360060724,24,-0.006403422301239858,24,0.024858561692956208,23,0.13270218186424176,0.1358242905379313,0.14112667488363298,0.15923590383181438,0.04183553747608248,4,0.024858561692956208,23,0.07493842866722517,54,Professional & technical services,6,0.020200305530935207,3,0.006981442802028097,24,0.031008540681468643,Other Computer Related Services,"Professional, Scientific, and Technical Services","Professional, Scientific, and Technical Services",Computer Systems Design and Related Services,Computer Systems Design and Related Services
112210,24,-0.025116539858052466,23,-0.0047085077488634676,24,0.012779583136468644,24,0.016595800520336535,23,0.17752203950514855,0.1906157741859251,0.2131265243644285,0.21007810826999465,0.041712340378389,4,0.016595800520336535,23,0.07471775032831797,11,"Agriculture, forestry, fishing",6,0.02533463435317643,2,0.013646886051389232,24,0.03889000781634386,Hog and Pig Farming,"Agriculture, Forestry, Fishing and Hunting",Animal Production and Aquaculture,Hog and Pig Farming,Hog and Pig Farming
444120,24,-0.01921885866924684,23,-0.0046476921711475295,24,0.022391812091349984,24,0.0015344544814514967,23,0.08643326817135848,0.10176590684289766,0.12639392985673192,0.10623832868786624,0.041610670760596824,3,0.022391812091349984,24,0.07453563335647558,44,Retail trade - general,6,0.018978014367342085,2,0.009088757146990678,24,0.029132258898857295,Paint and Wallpaper Retailers,Retail Trade,Building Material and Garden Equipment and Supplies Dealers,Building Material and Supplies Dealers,Paint and Wallpaper Retailers
493120,24,-0.02357106767755298,23,0.000958791528132045,24,0.005511622578606241,24,0.017765912580076683,23,0.1450242816766986,0.1596877501288995,0.1724336355248363,0.17415627576356063,0.04133698025762966,4,0.017765912580076683,23,0.07404538182701388,49,Warehousing & couriers,6,0.03028090373573982,3,0.011344320127728286,24,0.04648279373415264,Refrigerated Warehousing and Storage,Transportation and Warehousing,Warehousing and Storage,Warehousing and Storage,Refrigerated Warehousing and Storage
531120,24,-0.02058047284548015,23,0.0002969206442348631,24,-0.0001873208982736465,24,0.02054253164342831,23,0.1295163794354082,0.13935136358455258,0.1485925064452272,0.15820829110244913,0.04112300448890846,4,0.02054253164342831,23,0.07366209506058961,53,Real estate,6,0.024067716704594837,2,0.011674399820756373,24,0.03694522201169598,Lessors of Nonresidential Buildings (except Miniwarehouses),Real Estate and Rental and Leasing,Real Estate,Lessors of Real Estate,Lessors of Nonresidential Buildings (except Miniwarehouses)
532411,24,-0.022119466231370562,23,-0.004004137737850645,24,0.007398245537977577,24,0.018813714657672863,23,0.145609534191432,0.15464966019403062,0.1716980616723305,0.17394997207467525,0.04093318088904342,4,0.018813714657672863,23,0.07332207116808018,53,Real estate,6,0.03357310324727837,2,0.013383527489738395,24,0.051536494646186724,"Commercial Air, Rail, and Water Transportation Equipment Rental and Leasing",Real Estate and Rental and Leasing,Rental and Leasing Services,Commercial and Industrial Machinery and Equipment Rental and Leasing,"Construction, Transportation, Mining, and Forestry Machinery and Equipment Rental and Leasing"
221114,24,-0.0212483164952815,23,0.019426987163568336,24,-0.016301795449795615,24,0.01933964920329833,23,0.13183945927266028,0.15508272114157076,0.13947200868334458,0.15646488712470966,0.04067530365884983,2,0.019426987163568336,24,0.07286014536084484,22,Utilities,6,0.11905764418954465,4,0.05720939037852903,23,0.1827598002236947,Solar Electric Power Generation,Utilities,Utilities,"Electric Power Generation, Transmission and Distribution",Electric Power Generation
481219,24,-0.0241115055732642,23,-0.006356859406973951,24,0.01474468401170046,24,0.016484453281394914,23,0.12705074443222597,0.1402095335856347,0.1660820415529913,0.162465181496947,0.04059595885465911,4,0.016484453281394914,23,0.07271801799000943,48,Transportation,6,0.06321892491031084,4,0.020344296761756985,23,0.09704440370557743,Other Nonscheduled Air Transportation,Transportation and Warehousing,Air Transportation,Nonscheduled Air Transportation,Nonscheduled Air Transportation
621310,24,-0.021045883513459606,23,-0.0009241691058237746,24,0.0029960431343489698,24,0.019104265690795822,23,0.15038887344338533,0.16049455809225044,0.17244858095276308,0.17841051754457782,0.04015014920425543,4,0.019104265690795822,23,0.07191945588942601,62,Health care & social assistance,6,0.016393404956117873,3,0.009765031132849428,24,0.025164746330747032,Offices of Chiropractors,Health Care and Social Assistance,Ambulatory Health Care Services,Offices of Other Health Practitioners,Offices of Chiropractors
212322,24,-0.024412941266650858,23,0.0060621300944810955,24,0.0027196216418282153,24,0.01570581695670316,23,0.11416431739449473,0.13357803907380947,0.140867500564162,0.14271771877085815,0.04011875822335402,4,0.01570581695670316,23,0.07186322640308515,21,"Mining, quarrying, oil & gas",6,0.035486102747013366,2,0.013318887080740393,24,0.05447305036908501,Industrial Sand Mining,"Mining, Quarrying, and Oil and Gas Extraction",Mining (except Oil and Gas),Nonmetallic Mineral Mining and Quarrying,"Sand, Gravel, Clay, and Ceramic and Refractory Minerals Mining and Quarrying"
459910,24,-0.02132151388268422,23,-0.0007362861150159543,24,0.01860426540068789,24,0.0031630965121068138,23,0.20213621809631724,0.2201702597551823,0.2396768736440793,0.2219749567316005,0.03992577928337211,3,0.01860426540068789,24,0.07151755046820851,45,Retail trade - specialty,6,0.048628006859299557,4,0.028411888233448264,23,0.07464657040192384,Pet and Pet Supplies Retailers,Retail Trade,"Sporting Goods, Hobby, Musical Instrument, Book, and Miscellaneous Retailers",Other Miscellaneous Retailers,Pet and Pet Supplies Retailers
445110,24,-0.015484695515221025,23,-0.0012693081523154764,24,0.02431635058513555,24,-0.007081637972156034,23,0.1574382116666567,0.1753629933330738,0.1958263913041219,0.16765708810489888,0.03980104610035658,3,0.02431635058513555,24,0.0712941205972958,44,Retail trade - general,6,0.0226834336919483,4,0.01063749002611214,23,0.03482027414659659,Supermarkets and Other Grocery Retailers (except Convenience Retailers),Retail Trade,Food and Beverage Retailers,Grocery and Convenience Retailers,Supermarkets and Other Grocery Retailers (except Convenience Retailers)
623990,24,-0.014696288896404737,23,-0.005571358597084055,24,0.024897551081366875,24,-0.004865860831868886,23,0.13522831637200747,0.1491048314744823,0.1741240637711253,0.1493481939050345,0.03959383997777161,3,0.024897551081366875,24,0.07092296004400726,62,Health care & social assistance,6,0.012238617123701973,2,0.005319201100531833,24,0.018786926583068454,Other Residential Care Facilities,Health Care and Social Assistance,Nursing and Residential Care Facilities,Other Residential Care Facilities,Other Residential Care Facilities
812310,24,-0.025838349140767696,23,0.0012804203324928685,24,0.011857384593773015,24,0.013131926102724043,23,0.1877937089958698,0.2070254467170698,0.22369634377328398,0.21665247164195214,0.03897027524349174,4,0.013131926102724043,23,0.06980599193081057,81,Other services,6,0.03151051931462256,3,0.012000132563560972,24,0.04837031888281745,Coin-Operated Laundries and Drycleaners,Other Services (except Public Administration),Personal and Laundry Services,Drycleaning and Laundry Services,Coin-Operated Laundries and Drycleaners
221118,24,-0.015413477978252129,23,-0.009751412444776588,24,0.001404067056409681,24,0.023413897876547934,23,0.07885585130590533,0.07670499478614758,0.09405696315594299,0.10860079741291906,0.03882737585480006,4,0.023413897876547934,23,0.06955002161724202,22,Utilities,6,0.059962537441993896,4,0.02394454336937272,23,0.09204567617983314,Other Electric Power Generation,Utilities,Utilities,"Electric Power Generation, Transmission and Distribution",Electric Power Generation
722514,24,-0.021495940215534484,23,0.010188197033614097,24,0.017252724263853738,24,-0.004868952636207238,23,0.284496967473942,0.31318962892526325,0.3215058963093563,0.2953167151657418,0.038748664479388226,3,0.017252724263853738,24,0.06940902888361285,72,Accommodation & food services,6,0.05002088911150747,1,0.020832097923601328,23,0.07678471855596739,"Cafeterias, Grill Buffets, and Buffets",Accommodation and Food Services,Food Services and Drinking Places,Restaurants and Other Eating Places,Restaurants and Other Eating Places
492210,24,-0.01554706287829859,23,-0.001394671992207742,24,-0.005755955172566625,24,0.023199536410571514,23,0.2712572780988641,0.2753779470843477,0.28228796005424683,0.30070988336927923,0.0387465992888701,4,0.023199536410571514,23,0.06940532958532092,49,Warehousing & couriers,6,0.10534814012140532,4,0.06183175838616463,23,0.16171498414560953,Local Messengers and Local Delivery,Transportation and Warehousing,Couriers and Messengers,Local Messengers and Local Delivery,Local Messengers and Local Delivery
541199,24,-0.015184438300083411,23,-0.007840408357751539,23,0.006657326198365005,23,0.023417475881445805,22,0.14483474398102944,0.14864651927916064,0.16622254403615205,0.17070394138924527,0.038601914181529216,4,0.023417475881445805,22,0.06914616058093384,54,Professional & technical services,6,0.021994799001897273,3,0.007093536171479023,24,0.03376318336307272,All Other Legal Services,"Professional, Scientific, and Technical Services","Professional, Scientific, and Technical Services",Legal Services,Other Legal Services
513199,24,-0.02666490899379193,23,0.01142476247439835,24,0.004339663188024822,24,0.011909085583476179,23,0.11685021087424163,0.14396022534266248,0.1482207148622866,0.14380187800586108,0.03857399457726811,4,0.011909085583476179,23,0.06909614924132731,51,Information,6,0.015121731288863956,2,0.008601089812915472,24,0.023212659785114973,All Other Publishers,Information,Publishing Industries,"Newspaper, Periodical, Book, and Directory Publishers",Other Publishers
424210,24,-0.013388216313770893,23,0.0009860443923034462,24,-0.012729647151850302,24,0.025046862325284847,23,0.09057218967867597,0.09117329835335286,0.08980231824342284,0.11389063243719343,0.038435078639055736,4,0.025046862325284847,23,0.06884731433314858,42,Wholesale trade,6,0.014741228285684835,3,0.008665991751915588,24,0.022628567488321157,Drugs and Druggists' Sundries Merchant Wholesalers,Wholesale Trade,"Merchant Wholesalers, Nondurable Goods",Drugs and Druggists' Sundries Merchant Wholesalers,Drugs and Druggists' Sundries Merchant Wholesalers
813910,24,-0.015477991307107223,23,-0.0073915032535392736,24,0.022944870759264296,24,-0.00014902373063757453,23,0.09679023359271068,0.10793476882786097,0.13386231057008982,0.1139001107937901,0.03842286206637152,3,0.022944870759264296,24,0.0688254312448489,81,Other services,6,0.025919268632146157,2,0.015827383429038066,24,0.03978745245130006,Business Associations,Other Services (except Public Administration),"Religious, Grantmaking, Civic, Professional, and Similar Organizations","Business, Professional, Labor, Political, and Similar Organizations",Business Associations
541512,24,-0.015862236978601348,23,-0.001257634123629699,24,-0.005279467115817747,24,0.022555362021393723,23,0.11682694413782102,0.12001342648141673,0.12571517707227184,0.14197586189476244,0.03841759899999507,4,0.022555362021393723,23,0.068816003711512,54,Professional & technical services,6,0.02095433913489038,3,0.007995446934090563,24,0.032166022267459085,Computer Systems Design Services,"Professional, Scientific, and Technical Services","Professional, Scientific, and Technical Services",Computer Systems Design and Related Services,Computer Systems Design and Related Services
441120,24,-0.02267502215048287,23,0.0028021457965923973,24,0.0045898774576325655,24,0.015446807176873412,23,0.17404468901977246,0.18939442458376385,0.19913986855457036,0.1997055576101118,0.03812182932735628,4,0.015446807176873412,23,0.06828620259379857,44,Retail trade - general,6,0.025013123390648356,3,0.010465028303505403,24,0.03839647143166778,Used Car Dealers,Retail Trade,Motor Vehicle and Parts Dealers,Automobile Dealers,Used Car Dealers
311830,24,-0.019053679664389124,23,0.01889061304515872,24,0.008581092603857409,24,-0.008228097676052728,23,0.14523018781111166,0.17675282045729504,0.17049422701316097,0.14707344836131211,0.03794429270954784,2,0.01889061304515872,24,0.06796818791125592,31,Manufacturing - food/textiles,6,0.015013675741220199,4,0.008914850117948908,23,0.023046788786785833,Tortilla Manufacturing,Manufacturing,Food Manufacturing,Bakeries and Tortilla Manufacturing,Tortilla Manufacturing
323113,24,-0.020537850911872747,23,-0.0041513781650341685,24,0.017403103718721648,24,0.007269575773657793,23,0.13579933815025322,0.14982637513985905,0.17215616845953322,0.1596797543417641,0.037940954630594395,3,0.017403103718721648,24,0.06796220853566688,32,Manufacturing - paper/chemicals,6,0.028742716083402363,2,0.01374077204856084,24,0.044121594081989235,Commercial Screen Printing,Manufacturing,Printing and Related Support Activities,Printing and Related Support Activities,Printing
541890,24,-0.0188439758414517,23,0.003954490978269603,24,-0.0037039154132103395,24,0.01908123503715398,23,0.21693824159031136,0.22783878802592264,0.2308303525049947,0.24122974781048745,0.037925210878605675,4,0.01908123503715398,23,0.06793400734341411,54,Professional & technical services,6,0.009849824238882782,2,0.0040869636409977955,24,0.01512000277168938,Other Services Related to Advertising,"Professional, Scientific, and Technical Services","Professional, Scientific, and Technical Services","Advertising, Public Relations, and Related Services",Other Services Related to Advertising
311213,24,-0.0051827564320763245,23,-0.014197595819658735,24,0.023663972433120826,24,-0.003299966408964514,23,0.05799071439712989,0.05840199254218784,0.08720846232656325,0.06868698724469702,0.03786156825277956,3,0.023663972433120826,24,0.0678200066955584,31,Manufacturing - food/textiles,6,0.05278775388266092,2,0.02875915679132932,24,0.08103200277080481,Malt Manufacturing,Manufacturing,Food Manufacturing,Grain and Oilseed Milling,Flour Milling and Malt Manufacturing
314910,24,-0.021888902890700584,23,-0.002174420726995484,24,0.015931997937301743,24,0.008331007033362125,23,0.12981099803122206,0.14582241874225463,0.1661826809072782,0.15467894719769826,0.037820900828002324,3,0.015931997937301743,24,0.06774716066334259,31,Manufacturing - food/textiles,6,0.04176339641552273,2,0.023193479679819454,24,0.06410902918096026,Textile Bag and Canvas Mills,Manufacturing,Textile Product Mills,Other Textile Product Mills,Textile Bag and Canvas Mills
238220,24,-0.02221733673855526,23,-0.004883592681569525,24,0.011755195228131824,24,0.01551452041400527,23,0.169389605669894,0.18021211831495346,0.20080181632315197,0.19788112387508683,0.03773185715256053,4,0.01551452041400527,23,0.06758766006832388,23,Construction,6,0.040245806705114726,2,0.018264070943968872,24,0.06177944846244594,"Plumbing, Heating, and Air-Conditioning Contractors",Construction,Specialty Trade Contractors,Building Equipment Contractors,"Plumbing, Heating, and Air-Conditioning Contractors"
481211,24,-0.017960630341091747,23,0.0021873098834981116,24,-0.0037439578664376825,24,0.01964502448812279,23,0.10494350651938888,0.11353203385423656,0.117745941422088,0.1294477647228148,0.03760565482921453,4,0.01964502448812279,23,0.06736159858145739,48,Transportation,6,0.01677890774882674,3,0.008581225442395665,24,0.025756513569723995,Nonscheduled Chartered Passenger Air Transportation,Transportation and Warehousing,Air Transportation,Nonscheduled Air Transportation,Nonscheduled Air Transportation
812210,24,-0.014681823330282564,23,0.002265715805993535,24,-0.010401816901393307,24,0.022916444428240812,23,0.1011592429065346,0.10495282700138092,0.10421497948424019,0.12428076576988605,0.037598267758523374,4,0.022916444428240812,23,0.06734836639888138,81,Other services,6,0.021313492109195913,3,0.011047605463391072,24,0.03271734113724392,Funeral Homes and Funeral Services,Other Services (except Public Administration),Personal and Laundry Services,Death Care Services,Funeral Homes and Funeral Services
621340,24,-0.013663803076477824,23,-0.007149612634199911,24,0.023898885298212883,24,-0.003032511763597353,23,0.1350928635336535,0.14585134189396187,0.17090904552267008,0.14816897855495256,0.037562688374690706,3,0.023898885298212883,24,0.06728463438351304,62,Health care & social assistance,6,0.037304712541442145,4,0.015873664069571424,23,0.05726471288665938,"Offices of Physical, Occupational and Speech Therapists, and Audiologists",Health Care and Social Assistance,Ambulatory Health Care Services,Offices of Other Health Practitioners,"Offices of Physical, Occupational and Speech Therapists, and Audiologists"
423990,24,-0.018268389105995188,23,-0.000279201703716032,24,-0.0007815857057665876,24,0.019236957833410995,23,0.12760533880500247,0.1350463975696975,0.1430458597418246,0.15260849332548487,0.03750534693940619,4,0.019236957833410995,23,0.06718192082186221,42,Wholesale trade,6,0.028565873231836042,4,0.010775777837469332,23,0.04385013092275021,Other Miscellaneous Durable Goods Merchant Wholesalers,Wholesale Trade,"Merchant Wholesalers, Durable Goods",Miscellaneous Durable Goods Merchant Wholesalers,Other Miscellaneous Durable Goods Merchant Wholesalers
541380,24,-0.01741215604573829,23,-0.0007503178243987071,24,-0.0013853730918392572,24,0.020066177933244066,23,0.08803447898327871,0.09467591052602442,0.10281797771756755,0.1137307910927892,0.037478333978982356,4,0.020066177933244066,23,0.06713353351934533,54,Professional & technical services,6,0.024780706199466585,3,0.012656989272825353,24,0.03803969871272075,Testing Laboratories and Services,"Professional, Scientific, and Technical Services","Professional, Scientific, and Technical Services","Architectural, Engineering, and Related Services",Testing Laboratories and Services
488310,24,-0.00011604322942565285,23,-0.0059488267611698675,24,-0.01640872826313448,24,0.021012980563979964,23,0.1296821927695259,0.1150802588393376,0.11237597843148901,0.14248915454990943,0.037421708827114444,4,0.021012980563979964,23,0.06703210300930466,48,Transportation,6,0.02681460599176437,3,0.012837513030661732,24,0.04116184279885411,Port and Harbor Operations,Transportation and Warehousing,Support Activities for Transportation,Support Activities for Water Transportation,Port and Harbor Operations
493110,24,-0.014875416813225097,23,-0.004750885460032558,24,-0.0028734794673412876,24,0.02252117353959853,23,0.15856353615912566,0.15987970270226315,0.17069764016546576,0.18726253656335093,0.037396590352823625,4,0.02252117353959853,23,0.06698710922871924,49,Warehousing & couriers,6,0.08648328910446719,4,0.04856486827714779,23,0.13275643699330372,General Warehousing and Storage,Transportation and Warehousing,Warehousing and Storage,Warehousing and Storage,General Warehousing and Storage
541191,24,-0.012388910463205522,23,-0.008758306994509454,24,-0.0034707336350243505,24,0.024913674629232455,23,0.11887022119286343,0.11392451662752719,0.12649542605120984,0.1460078027449412,0.03730258509243797,4,0.024913674629232455,23,0.06681872113274266,54,Professional & technical services,6,0.023014709262778585,2,0.009876239578055668,24,0.035328799723060585,Title Abstract and Settlement Offices,"Professional, Scientific, and Technical Services","Professional, Scientific, and Technical Services",Legal Services,Other Legal Services
481212,24,-0.016896606632374845,23,0.0014773860170852096,24,-0.005455496192143379,24,0.020270991704000544,23,0.12153963500390182,0.1278326955156923,0.1311709839933123,0.14542026485521908,0.03716759833637539,4,0.020270991704000544,23,0.06657692442113117,48,Transportation,6,0.018308009853975092,3,0.01191899475930557,24,0.028103766424934493,Nonscheduled Chartered Freight Air Transportation,Transportation and Warehousing,Air Transportation,Nonscheduled Air Transportation,Nonscheduled Air Transportation
561720,24,-0.022278637154353742,23,0.002965391482512715,24,0.014594118998106045,24,0.004797953470989312,23,0.26865847277968363,0.28796707567652474,0.30134489560834044,0.285534477543944,0.03687275615245979,3,0.014594118998106045,24,0.06604878467916946,56,Administrative & waste services,6,0.017913498334847802,3,0.00796366431300039,24,0.0274981703129632,Janitorial Services,Administrative and Support and Waste Management and Remediation Services,Administrative and Support Services,Services to Buildings and Dwellings,Janitorial Services
484121,24,-0.017616935155859544,23,0.0013318047786633168,24,-0.0024161386441717164,24,0.019023478104532275,23,0.18879079840924132,0.19733861149715495,0.20322281502774195,0.21393929584667237,0.036640413260391816,4,0.019023478104532275,23,0.06563259757380414,48,Transportation,6,0.02006215156555739,3,0.012398468240709781,24,0.030796467015099402,"General Freight Trucking, Long-Distance, Truckload",Transportation and Warehousing,Truck Transportation,General Freight Trucking,"General Freight Trucking, Long-Distance"
459130,24,-0.01797070880378923,23,0.0028328978356788465,24,-0.0031422152301045455,24,0.018568330482231304,23,0.1752313071917908,0.18406029220185482,0.18722348154056115,0.19667110133947663,0.036539039286020536,4,0.018568330482231304,23,0.06545101017692946,45,Retail trade - specialty,6,0.04236082611151896,4,0.027706217940785916,23,0.06502611545989036,"Sewing, Needlework, and Piece Goods Retailers",Retail Trade,"Sporting Goods, Hobby, Musical Instrument, Book, and Miscellaneous Retailers","Sporting Goods, Hobby, and Musical Instrument Retailers","Sewing, Needlework, and Piece Goods Retailers"
484230,24,-0.018800125091878905,23,0.0035752927017413637,24,-0.0025999269676699513,24,0.017602697125437522,23,0.17371028102613972,0.18447144308824112,0.18808201974685979,0.19689245034081834,0.03640282221731643,4,0.017602697125437522,23,0.0652070096524429,48,Transportation,6,0.01975427315878906,3,0.011690329990659559,24,0.03032385732676567,"Specialized Freight (except Used Goods) Trucking, Long-Distance",Transportation and Warehousing,Truck Transportation,Specialized Freight Trucking,"Specialized Freight (except Used Goods) Trucking, Long-Distance"
459140,24,-0.018638208363632475,23,-0.008387594957964558,24,0.017758032029963313,24,0.009273319248935673,23,0.1301761341166935,0.1387055223307613,0.16401010046075828,0.15379861453082863,0.03639624039359579,3,0.017758032029963313,24,0.06519521987855338,45,Retail trade - specialty,6,0.020178414540892933,3,0.012022736228559075,24,0.03097493685036599,Musical Instrument and Supplies Retailers,Retail Trade,"Sporting Goods, Hobby, Musical Instrument, Book, and Miscellaneous Retailers","Sporting Goods, Hobby, and Musical Instrument Retailers",Musical Instrument and Supplies Retailers
483113,24,-0.00883593564987474,23,-0.01919036205668759,24,0.009859267169009853,24,0.017037080472610818,23,0.1576661349225035,0.1464478647318839,0.17361031865463947,0.1810542382393754,0.03622744252929841,4,0.017037080472610818,23,0.06489285859730867,48,Transportation,6,0.030407684687959274,2,0.015288735029968165,24,0.04667740922194869,Coastal and Great Lakes Freight Transportation,Transportation and Warehousing,Water Transportation,"Deep Sea, Coastal, and Great Lakes Water Transportation","Deep Sea, Coastal, and Great Lakes Water Transportation"
926150,24,-0.006598343531539616,23,-0.011470442511792417,24,0.024688633957300105,24,-0.007225423259687395,23,0.05274915633335666,0.0568147238228105,0.08382117633584917,0.06145036093428763,0.03615907646909252,3,0.024688633957300105,24,0.06477039703866545,92,Public administration,6,0.01542013441295028,2,0.008648082843665916,24,0.023670724411837464,"Regulation, Licensing, and Inspection of Miscellaneous Commercial Sectors",Public Administration,Administration of Economic Programs,Administration of Economic Programs,"Regulation, Licensing, and Inspection of Miscellaneous Commercial Sectors"
562998,24,-0.021755644955548305,23,-0.0027657924344919476,24,0.010482138085219044,24,0.014225559956618174,23,0.18523208172074956,0.1974680466185176,0.2152355963852696,0.21203886998158347,0.03598120491216648,4,0.014225559956618174,23,0.06445178239224789,56,Administrative & waste services,6,0.0436249891600974,2,0.020788831733540614,24,0.06696667280739298,All Other Miscellaneous Waste Management Services,Administrative and Support and Waste Management and Remediation Services,Waste Management and Remediation Services,Remediation and Other Waste Management Services,All Other Waste Management Services
541370,24,-0.019749050032495826,23,-0.010297644717692156,24,0.014351840538750141,24,0.015955401992673268,23,0.11455456238650534,0.12029748866700951,0.146635704382898,0.14427023902128625,0.035704452025169094,4,0.015955401992673268,23,0.06395604532916943,54,Professional & technical services,6,0.03940631542435717,2,0.021141235369971447,24,0.06049078480875795,Surveying and Mapping (except Geophysical) Services,"Professional, Scientific, and Technical Services","Professional, Scientific, and Technical Services","Architectural, Engineering, and Related Services",Surveying and Mapping (except Geophysical) Services
212220,24,-0.011396447816731659,23,-0.012005627533558036,24,0.023459095356405894,24,-0.0005799404828472417,23,0.06985656238158448,0.07450998686697032,0.10317466641947222,0.08492115525916233,0.035464722889963926,3,0.023459095356405894,24,0.06352662752359448,21,"Mining, quarrying, oil & gas",6,0.03716914225946474,2,0.021773720283917452,24,0.05705660531138253,Gold Ore and Silver Ore Mining,"Mining, Quarrying, and Oil and Gas Extraction",Mining (except Oil and Gas),Metal Ore Mining,Gold Ore and Silver Ore Mining
311512,24,-0.020016848419148386,23,0.0015137280127123377,24,0.015441415604004763,24,0.0027684229721397407,23,0.06304434103339841,0.08154243953645891,0.09701308201409471,0.08160089328372101,0.03545826402315315,3,0.015441415604004763,24,0.06351505799780442,31,Manufacturing - food/textiles,6,0.057820695397697,4,0.0282655652236746,23,0.08875783501019587,Creamery Butter Manufacturing,Manufacturing,Food Manufacturing,Dairy Product Manufacturing,Dairy Product (except Frozen) Manufacturing
926110,24,-0.019255888285609535,23,0.0008486035940614122,24,0.01618113970168988,24,0.0051973080270476995,23,0.05824046210688707,0.07829694098023608,0.09665621266546227,0.08265320494730874,0.03543702798729942,3,0.01618113970168988,24,0.06347701868352743,92,Public administration,6,0.018456311655434196,1,0.008020857662123319,23,0.028331417558064002,Administration of General Economic Programs,Public Administration,Administration of Economic Programs,Administration of Economic Programs,Administration of General Economic Programs
624221,24,-0.013995862872727268,23,0.0001480959120662284,24,0.021211315689293936,24,-0.007270834456715944,23,0.12953203142403755,0.14687618502692298,0.163924146805676,0.1385494772058411,0.035207178562021206,3,0.021211315689293936,24,0.06306529803167106,62,Health care & social assistance,6,0.025629066650190706,4,0.01636271905582296,23,0.03934197701284555,Temporary Shelters,Health Care and Social Assistance,Social Assistance,"Community Food and Housing, and Emergency and Other Relief Services",Community Housing Services
221310,24,-0.013372756696336393,23,-0.010265403753940337,24,0.021801373620114695,24,0.0014943184534568052,23,0.056587325735951995,0.06378076559012279,0.09150501295217428,0.07562651307399636,0.035174130316451085,3,0.021801373620114695,24,0.06300609994930749,22,Utilities,6,0.04329647363584241,2,0.025011441630436077,24,0.06646238404885145,Water Supply and Irrigation Systems,Utilities,Utilities,"Water, Sewage and Other Systems",Water Supply and Irrigation Systems
334310,24,-0.01951563939791376,23,0.009542729769641253,24,-0.0053486188265275915,24,0.01551808203302573,23,0.07107905301764395,0.0875071639389815,0.0848498153210366,0.09288970435614684,0.03503372143093949,4,0.01551808203302573,23,0.06275459078064506,33,Manufacturing - metals/machinery,6,0.0031361678189417803,1,0.0009870666549775023,23,0.004814183985912549,Audio and Video Equipment Manufacturing,Manufacturing,Computer and Electronic Product Manufacturing,Audio and Video Equipment Manufacturing,Audio and Video Equipment Manufacturing
523160,24,-0.01445121336511473,23,-0.006776813207124403,24,0.0013374683793354741,24,0.020416713040103777,23,0.09289781535380655,0.09332494274040602,0.10730569654125428,0.11861151358343164,0.034867926405218505,4,0.020416713040103777,23,0.062457608371479754,52,Finance & insurance,6,0.021422330337329536,2,0.010097337613323579,24,0.03288441359164873,Commodity Contracts Intermediation,Finance and Insurance,"Securities, Commodity Contracts, and Other Financial Investments and Related Activities",Securities and Commodity Contracts Intermediation and Brokerage,Commodity Contracts Intermediation
336213,24,-0.002601125516017282,23,-0.0016180778491181886,24,0.019815578729884556,24,-0.015032984912670157,23,0.12953702400872377,0.13866109608188662,0.1510213238532859,0.12375039416491602,0.03484856364255472,3,0.019815578729884556,24,0.06242292458118519,33,Manufacturing - metals/machinery,6,0.041959893414543,1,0.014186857555930356,23,0.06441066249925713,Motor Home Manufacturing,Manufacturing,Transportation Equipment Manufacturing,Motor Vehicle Body and Trailer Manufacturing,Motor Vehicle Body and Trailer Manufacturing
541713,24,-0.01040180746161605,23,-0.011634374963408247,24,0.023181258044925268,24,-0.0016919299731163638,23,0.06672438707441197,0.07203342994885494,0.10061122275011437,0.0828264994615233,0.03481563300833351,3,0.023181258044925268,24,0.06236393717161831,54,Professional & technical services,6,0.03444452970131634,2,0.013761522059867975,24,0.052874180485124295,Research and Development in Nanotechnology,"Professional, Scientific, and Technical Services","Professional, Scientific, and Technical Services",Scientific Research and Development Services,"Research and Development in the Physical, Engineering, and Life Sciences"
333611,24,-0.015501682785492773,23,0.010464756122925073,24,-0.01408847610648722,24,0.019101921536362497,23,0.06648591971254243,0.07806522835565759,0.06871502475292261,0.08754177336316205,0.03460360432185527,4,0.019101921536362497,23,0.06198413814056393,33,Manufacturing - metals/machinery,6,0.008999182963247792,3,0.0035876688865133046,24,0.01381422328432126,Turbine and Turbine Generator Set Units Manufacturing,Manufacturing,Machinery Manufacturing,"Engine, Turbine, and Power Transmission Equipment Manufacturing","Engine, Turbine, and Power Transmission Equipment Manufacturing"
424810,24,-0.011467807845356325,23,-0.005526679928722343,24,0.02313478222620655,24,-0.006435148315749709,23,0.09251716506746203,0.10354382839931935,0.12562385158862133,0.10143431032551024,0.034602590071562876,3,0.02313478222620655,24,0.06198232135206849,42,Wholesale trade,6,0.03839667712629874,2,0.017797490291473705,24,0.058940936456664025,Beer and Ale Merchant Wholesalers,Wholesale Trade,"Merchant Wholesalers, Nondurable Goods","Beer, Wine, and Distilled Alcoholic Beverage Merchant Wholesalers",Beer and Ale Merchant Wholesalers
327390,24,-0.02186557517531482,23,0.0004531208226540035,24,0.012657257425756614,24,0.00892545702042359,23,0.1357819209200188,0.15208123648383878,0.16747431040235075,0.15755286946934952,0.03452283260107143,3,0.012657257425756614,24,0.061839454787571295,32,Manufacturing - paper/chemicals,6,0.03176139354716678,2,0.013294689461876272,24,0.04875542413946154,Other Concrete Product Manufacturing,Manufacturing,Nonmetallic Mineral Product Manufacturing,Cement and Concrete Product Manufacturing,Other Concrete Product Manufacturing
423490,24,-0.011348592349821619,23,-0.011712874549121038,24,0.022763704439241066,24,0.0001527768565244884,23,0.07470688053708176,0.07972677806572964,0.10817242469261962,0.09109066244102747,0.03447657898836211,3,0.022763704439241066,24,0.06175660242649907,42,Wholesale trade,6,0.030991581593783117,2,0.01830340107742745,24,0.047573721950005934,Other Professional Equipment and Supplies Merchant Wholesalers,Wholesale Trade,"Merchant Wholesalers, Durable Goods",Professional and Commercial Equipment and Supplies Merchant Wholesalers,Other Professional Equipment and Supplies Merchant Wholesalers
485310,24,-0.012602842719413747,23,0.0005710838725767725,24,-0.010143742228676868,24,0.021668072404323016,23,0.2231967136799989,0.22428037897149503,0.22422187651783765,0.24445085852153395,0.03427091512373676,4,0.021668072404323016,23,0.061388204462030145,48,Transportation,6,0.03945939833528529,3,0.02244007702684568,24,0.06057226989325257,Taxi and Ridesharing Services,Transportation and Warehousing,Transit and Ground Passenger Transportation,Taxi and Limousine Service,Taxi and Ridesharing Services
325312,24,0.00649042821658723,22,-0.013354029620400247,23,0.017403589389160697,24,-0.016759307268098052,22,0.048831680151014564,0.043358603662196134,0.0641963103415875,0.050226838242657466,0.034162896657258746,3,0.017403589389160697,24,0.06119471503573715,32,Manufacturing - paper/chemicals,6,0.03803763473588582,4,0.01711597560632865,23,0.05838978733902118,Phosphatic Fertilizer Manufacturing,Manufacturing,Chemical Manufacturing,"Pesticide, Fertilizer, and Other Agricultural Chemical Manufacturing",Fertilizer and Compost Manufacturing
541840,24,-0.01620928440531546,23,-0.0027271302252928303,24,0.0011772904533519056,24,0.017853030746018184,23,0.13611978049916593,0.1413170780450429,0.15196863604150557,0.1602656131312644,0.03406231515133364,4,0.017853030746018184,23,0.06101454715785774,54,Professional & technical services,6,0.03125978315171088,3,0.0110240427347968,24,0.047985425570384356,Media Representatives,"Professional, Scientific, and Technical Services","Professional, Scientific, and Technical Services","Advertising, Public Relations, and Related Services",Media Representatives
561422,24,-0.0219618565421899,23,0.009972096204675115,24,5.76154878511569e-06,24,0.012093133050753924,23,0.38390915725458985,0.40153356246474353,0.3992137752655469,0.39688246496877994,0.03405498959294383,4,0.012093133050753924,23,0.061001425159959266,56,Administrative & waste services,6,0.035680702637020376,4,0.018067439475126516,23,0.05477177152439876,Telemarketing Bureaus and Other Contact Centers,Administrative and Support and Waste Management and Remediation Services,Administrative and Support Services,Business Support Services,Telephone Call Centers
551111,24,-0.011896260005040843,23,-0.007154652417803432,24,-0.0028066850919350357,24,0.022137385647271194,23,0.07601992361279948,0.07236204879620074,0.08301347881520887,0.0992782790180871,0.03403364565231204,4,0.022137385647271194,23,0.06096319255990179,55,Management of companies,6,0.0227623347700764,3,0.011573386025374319,24,0.03494139148748038,Offices of Bank Holding Companies,Management of Companies and Enterprises,Management of Companies and Enterprises,Management of Companies and Enterprises,Management of Companies and Enterprises
561612,24,-0.01835276753050698,23,-0.003390337878122162,24,0.005703402822990957,24,0.015656981070222887,23,0.2443004416007791,0.25120160241174383,0.2648834389789529,0.26715846990017994,0.03400974860072987,4,0.015656981070222887,23,0.06092038666798821,56,Administrative & waste services,6,0.030011058682320686,3,0.012631223400429997,24,0.04606856726100222,Security Guards and Patrol Services,Administrative and Support and Waste Management and Remediation Services,Administrative and Support Services,Investigation and Security Services,"Investigation, Guard, and Armored Car Services"
112340,24,-0.011806834707234813,23,0.0010150015085455568,24,0.022124241559566365,24,-0.01097395597940799,23,0.140664465263085,0.15779426273575672,0.17289405719133732,0.1437453685277852,0.033931076266801176,3,0.022124241559566365,24,0.060779463867903,11,"Agriculture, forestry, fishing",6,0.008728634652283827,2,0.004630788389387755,24,0.013398917273529435,Poultry Hatcheries,"Agriculture, Forestry, Fishing and Hunting",Animal Production and Aquaculture,Poultry and Egg Production,Poultry Hatcheries
561431,24,-0.014197841100545634,23,-0.004220023393078608,24,-0.0008696420479962439,24,0.019714882528198183,23,0.21693218876552448,0.218132350818199,0.22777255965703078,0.23915205259185499,0.03391272362874381,4,0.019714882528198183,23,0.0607465894759174,56,Administrative & waste services,6,0.055451985929957884,4,0.03929295845085932,23,0.08512174030952488,Private Mail Centers,Administrative and Support and Waste Management and Remediation Services,Administrative and Support Services,Business Support Services,Business Service Centers
621391,24,-0.016023800159509254,23,-0.005061562058350709,24,0.0035908062394325885,24,0.01776635208870901,23,0.11457376990426472,0.11888332260384114,0.13331599942011899,0.14056706375753164,0.03379015224821827,4,0.01776635208870901,23,0.06052703196069704,62,Health care & social assistance,6,0.02167609705661882,3,0.013821989929499295,24,0.033273958968902256,Offices of Podiatrists,Health Care and Social Assistance,Ambulatory Health Care Services,Offices of Other Health Practitioners,Offices of All Other Health Practitioners
485999,24,-0.020223127249140466,23,0.006036793228810008,24,-0.001139626705165299,24,0.013532033645466542,23,0.21759164838779732,0.23170248956872389,0.23373974429203037,0.23805625242566744,0.033755160894607006,4,0.013532033645466542,23,0.060464353261802196,48,Transportation,6,0.018901527722873186,4,0.0077092805437296965,23,0.029014847841733887,All Other Transit and Ground Passenger Transportation,Transportation and Warehousing,Transit and Ground Passenger Transportation,Other Transit and Ground Passenger Transportation,Other Transit and Ground Passenger Transportation
457210,24,-0.004115821072728726,23,0.020753753582132713,24,-0.012994884442201067,24,-0.003954246019352005,23,0.1157300398505093,0.13124449332683819,0.10525143963890161,0.10524815483536716,0.03374863802433378,2,0.020753753582132713,24,0.06045266908901118,45,Retail trade - specialty,6,0.05444016050403076,4,0.03022173331540286,23,0.08356853460011832,Fuel Dealers,Retail Trade,Gasoline Stations and Fuel Dealers,Fuel Dealers,Fuel Dealers
321920,24,-0.022544796046584107,23,0.006630918924533089,24,0.011182512251197955,24,0.0050087085128317594,23,0.21009366364792736,0.2319972510210145,0.2406390005450355,0.2269157255666606,0.03372730829778206,3,0.011182512251197955,24,0.060414461950102034,32,Manufacturing - paper/chemicals,6,0.01881942714330196,3,0.00762975378608063,24,0.028888819096391013,Wood Container and Pallet Manufacturing,Manufacturing,Wood Product Manufacturing,Other Wood Product Manufacturing,Wood Container and Pallet Manufacturing
811198,24,-0.019427418022211693,23,-0.0038030259306062486,24,0.014291717144858706,24,0.008768257996054659,23,0.17546112672439343,0.18745062539005777,0.20704617591693467,0.19805829215409412,0.033719135167070396,3,0.014291717144858706,24,0.060399821727703217,81,Other services,6,0.03541370158912924,3,0.017110201654931264,24,0.05436191075061749,All Other Automotive Repair and Maintenance,Other Services (except Public Administration),Repair and Maintenance,Automotive Repair and Maintenance,Other Automotive Repair and Maintenance
221115,24,-0.018591453886629205,23,0.005995427745354343,24,-0.002303200775498227,24,0.014845263858460854,23,0.08699849022355755,0.10033036173987564,0.10167137776548503,0.10761879534209091,0.03343671774509006,4,0.014845263858460854,23,0.059893937995635596,22,Utilities,6,0.06189467391713322,4,0.028398223606278417,23,0.09501160817525546,Wind Electric Power Generation,Utilities,Utilities,"Electric Power Generation, Transmission and Distribution",Electric Power Generation
541110,24,-0.01543238347256667,23,-0.008795054509371245,24,0.017931451134306182,24,0.006344400322575494,23,0.08724453503738537,0.0945938723761612,0.11953331873367949,0.10860986282258545,0.03336383460687285,3,0.017931451134306182,24,0.059763385164625454,54,Professional & technical services,6,0.027115247128270993,2,0.01713090510612648,24,0.041623342893375555,Offices of Lawyers,"Professional, Scientific, and Technical Services","Professional, Scientific, and Technical Services",Legal Services,Offices of Lawyers
812320,24,-0.015221581632461616,23,0.00021820463339340332,24,0.018123172019621575,24,-0.0027622326809171064,23,0.19766618162440816,0.21348155588531817,0.2288605208794414,0.20799314183432147,0.03334475365208319,3,0.018123172019621575,24,0.05972920616620276,81,Other services,6,0.034713416033950936,1,0.011404343645253827,23,0.05328693527100722,Drycleaning and Laundry Services (except Coin-Operated),Other Services (except Public Administration),Personal and Laundry Services,Drycleaning and Laundry Services,Drycleaning and Laundry Services (except Coin-Operated)
524298,24,-0.015436400869187222,23,-0.0009801753401400843,24,-0.0012842943822669224,24,0.017836051906695488,23,0.09601497845083846,0.1014369524212781,0.10881927707199794,0.11877019048725161,0.03327245277588271,4,0.017836051906695488,23,0.059599696319297485,52,Finance & insurance,6,0.018477359954207618,3,0.008516230888381729,24,0.02836372781336147,All Other Insurance Related Activities,Finance and Insurance,Insurance Carriers and Related Activities,"Agencies, Brokerages, and Other Insurance Related Activities",Other Insurance Related Activities
623312,24,-0.016298192002287326,23,0.00161752520150051,24,0.016949067448000326,24,-0.0019457609163893949,23,0.20729894310612307,0.22512710959900983,0.2397202256888956,0.22041520688278074,0.033247259450287656,3,0.016949067448000326,24,0.0595545684603791,62,Health care & social assistance,6,0.02404972492151395,4,0.01091383444017653,23,0.036917603670144586,Assisted Living Facilities for the Elderly,Health Care and Social Assistance,Nursing and Residential Care Facilities,Continuing Care Retirement Communities and Assisted Living Facilities for the Elderly,Continuing Care Retirement Communities and Assisted Living Facilities for the Elderly
541511,24,-0.015063572850172255,23,-0.00022319257524410865,24,-0.0026692253880715587,24,0.018095813461755716,23,0.10984526760193623,0.11508241636570099,0.120765950279954,0.1317879349703501,0.03315938631192797,4,0.018095813461755716,23,0.05939716460451858,54,Professional & technical services,6,0.02179833014654949,3,0.0073873975068940905,24,0.03346159324680623,Custom Computer Programming Services,"Professional, Scientific, and Technical Services","Professional, Scientific, and Technical Services",Computer Systems Design and Related Services,Computer Systems Design and Related Services
541715,24,-0.010661340218855496,23,-0.008617270202941292,24,0.02245486706198262,24,-0.003108641433914765,23,0.0637051311914554,0.07146574397293598,0.09646089716029914,0.07654631622369706,0.03311620728083812,3,0.02245486706198262,24,0.0593198196261471,54,Professional & technical services,6,0.02681889820063104,2,0.013935499871757845,24,0.04116843156718,"Research and Development in the Physical, Engineering, and Life Sciences (except Nanotechnology and Biotechnology)","Professional, Scientific, and Technical Services","Professional, Scientific, and Technical Services",Scientific Research and Development Services,"Research and Development in the Physical, Engineering, and Life Sciences"
311991,24,-0.022930453594831146,23,0.008309071223289005,24,0.010133919521949952,24,0.005016921201965945,23,0.17230037622819672,0.19639865558634947,0.2038787924979242,0.19109109036559904,0.0330643731167811,3,0.010133919521949952,24,0.05922697103282061,31,Manufacturing - food/textiles,6,0.017717152583042985,4,0.007056907494907437,23,0.027196769167166207,Perishable Prepared Food Manufacturing,Manufacturing,Food Manufacturing,Other Food Manufacturing,All Other Food Manufacturing
441340,24,-0.016056391618184004,23,-0.0004429210764964273,24,0.016986280879187188,24,-0.0001875870160299575,23,0.15496951375138376,0.17035836054505807,0.1866330494917253,0.1689351766800181,0.033042672497371195,3,0.016986280879187188,24,0.05918809952745,44,Retail trade - general,6,0.017957175514123885,3,0.007860216065622547,24,0.027565217100367485,Tire Dealers,Retail Trade,Motor Vehicle and Parts Dealers,"Automotive Parts, Accessories, and Tire Retailers",Tire Dealers
336340,24,-0.016326251581128624,23,0.005507415948736921,24,-0.005631255533243313,24,0.016709235660632094,23,0.07620238369316665,0.08713422987869535,0.0870512441667502,0.09823076952129167,0.03303548724176072,4,0.016709235660632094,23,0.05917522884865618,33,Manufacturing - metals/machinery,6,0.05068445296280344,1,0.021670837600227363,23,0.07780332427191324,Motor Vehicle Brake System Manufacturing,Manufacturing,Transportation Equipment Manufacturing,Motor Vehicle Parts Manufacturing,Motor Vehicle Brake System Manufacturing
561910,24,-0.016552357438838584,23,-0.004931766414860147,24,0.01602433809195764,24,0.005534346519452825,23,0.18268571114569468,0.1922447639613547,0.21166734960673506,0.1990412590682001,0.03257669553079622,3,0.01602433809195764,24,0.058353412470059804,56,Administrative & waste services,6,0.012756746515425448,3,0.008570438256213253,24,0.019582282687802488,Packaging and Labeling Services,Administrative and Support and Waste Management and Remediation Services,Administrative and Support Services,Other Support Services,Packaging and Labeling Services
331511,24,-0.015205781335553548,23,-0.0018459160758068568,24,0.0005880293189525482,24,0.01735823065005124,23,0.09147125072042367,0.09722178013507116,0.10666414170133236,0.11493044462968845,0.03256401198560479,4,0.01735823065005124,23,0.058330692911428124,33,Manufacturing - metals/machinery,6,0.029481337512062417,1,0.01179828032340558,23,0.04525541716123596,Iron Foundries,Manufacturing,Primary Metal Manufacturing,Foundries,Ferrous Metal Foundries
334111,24,-0.011412721379468619,23,-0.006267077048389046,24,-0.003762678753012758,24,0.02104680003294453,23,0.05399982250638846,0.05031112716520871,0.059156585920807046,0.07552740218243091,0.03245952141241315,4,0.02104680003294453,23,0.05814352286801717,33,Manufacturing - metals/machinery,6,0.024268825852238003,2,0.009386313200623992,24,0.03725393522281838,Electronic Computer Manufacturing,Manufacturing,Computer and Electronic Product Manufacturing,Computer and Peripheral Equipment Manufacturing,Computer and Peripheral Equipment Manufacturing
441330,24,-0.02173314574617005,23,0.009338297855369673,24,0.010675264713497766,24,0.0019446448688624442,23,0.13641850965652966,0.1614586058091525,0.16782210625103608,0.15283507726592402,0.032408410459667816,3,0.010675264713497766,24,0.05805196973597937,44,Retail trade - general,6,0.012366939443769296,3,0.005701446071398025,24,0.018983908152285532,Automotive Parts and Accessories Retailers,Retail Trade,Motor Vehicle and Parts Dealers,"Automotive Parts, Accessories, and Tire Retailers",Automotive Parts and Accessories Retailers
532111,24,-0.019910177911870393,23,0.005469902106093484,24,0.012495449875146017,24,0.0023344012642502153,23,0.1222212629165614,0.14346366157501586,0.15376625602128333,0.13907795071725879,0.03240562778701641,3,0.012495449875146017,24,0.05804698523886108,53,Real estate,6,0.020607386531616284,2,0.00896684219245177,24,0.03163343161447661,Passenger Car Rental,Real Estate and Rental and Leasing,Rental and Leasing Services,Automotive Equipment Rental and Leasing,Passenger Car Rental and Leasing
623220,24,-0.012141559153051157,23,-0.004486670250897924,24,0.02019441172990473,24,-0.0038120414990496783,23,0.12868030322895982,0.14001937661070527,0.16033179049424653,0.14025538091797837,0.03233597088295589,3,0.02019441172990473,24,0.05792221144005179,62,Health care & social assistance,6,0.014979728302884486,4,0.00682139642696355,23,0.022994677667919215,Residential Mental Health and Substance Abuse Facilities,Health Care and Social Assistance,Nursing and Residential Care Facilities,"Residential Intellectual and Developmental Disability, Mental Health, and Substance Abuse Facilities",Residential Mental Health and Substance Abuse Facilities
541513,24,0.019917407295427073,23,-0.012374140845199241,24,-0.0066500253675436495,24,9.00198833065225e-05,23,0.11416375640559874,0.08888205709782666,0.08834863948045303,0.1011152725981667,0.03229154814062631,1,0.019917407295427073,23,0.05784263864839898,54,Professional & technical services,6,0.003768364006646709,3,0.0025163952298429917,24,0.005784638674090233,Computer Facilities Management Services,"Professional, Scientific, and Technical Services","Professional, Scientific, and Technical Services",Computer Systems Design and Related Services,Computer Systems Design and Related Services
238290,24,-0.019487671512860374,23,0.00039658387346896046,24,0.0062011620343717065,24,0.012751393391518848,23,0.23179553481075355,0.2432543447044798,0.25391998685126815,0.25218330492931307,0.03223906490437922,4,0.012751393391518848,23,0.05774862739641074,23,Construction,6,0.017106237069512552,3,0.00876469289936449,24,0.026258981442854903,Other Building Equipment Contractors,Construction,Specialty Trade Contractors,Building Equipment Contractors,Other Building Equipment Contractors
312120,24,-0.014471990609798398,23,-0.011436290831379299,24,0.017604420915781026,24,0.008685139401978587,23,0.10296107627698237,0.10848245707555608,0.13687641953688837,0.13006154016665863,0.032076411525579426,3,0.017604420915781026,24,0.05745727250150494,31,Manufacturing - food/textiles,6,0.08009530070030135,2,0.028711519634291468,24,0.12295053588948236,Breweries,Manufacturing,Beverage and Tobacco Product Manufacturing,Beverage Manufacturing,Breweries
423330,24,-0.018500939325227225,23,0.00021603753324218934,24,0.00512961968899794,24,0.013497063804050602,23,0.09684703648045438,0.10816809857616476,0.11905708560539076,0.11968683325662088,0.03199800312927783,4,0.013497063804050602,23,0.05731682248298855,42,Wholesale trade,6,0.03623134076248806,3,0.014240289790361599,24,0.055617030260123525,"Roofing, Siding, and Insulation Material Merchant Wholesalers",Wholesale Trade,"Merchant Wholesalers, Durable Goods",Lumber and Other Construction Materials Merchant Wholesalers,"Roofing, Siding, and Insulation Material Merchant Wholesalers"
321114,24,-0.01545612965861864,23,0.001194255524292219,24,0.016282241393539582,24,-0.0008753590903704063,23,0.15332805447277786,0.17012799346962282,0.18453942141788335,0.16638636657906472,0.031738371052158224,3,0.016282241393539582,24,0.056851753284294156,32,Manufacturing - paper/chemicals,6,0.036014140425233654,2,0.016883875636876485,24,0.055283616219258265,Wood Preservation,Manufacturing,Wood Product Manufacturing,Sawmills and Wood Preservation,Sawmills and Wood Preservation
238210,24,-0.016771525662575056,23,-0.0119143926855925,24,0.013794757003876015,24,0.01495806049572622,23,0.1882241354320157,0.19012840591818794,0.21586146177554513,0.21400500362515032,0.03172958615830128,4,0.01495806049572622,23,0.056836017233525736,23,Construction,6,0.03215772689651932,3,0.015120526482319957,24,0.04936381685748257,Electrical Contractors and Other Wiring Installation Contractors,Construction,Specialty Trade Contractors,Building Equipment Contractors,Electrical Contractors and Other Wiring Installation Contractors
424940,24,-0.016973566934083136,23,0.0002871758393983888,24,0.014429501106795509,24,0.0020924795528822894,23,0.11567804111941893,0.13138260309615502,0.1465128133940943,0.13278402147844257,0.03140306804087865,3,0.014429501106795509,24,0.05625113758031173,42,Wholesale trade,6,0.02019429531603617,3,0.008997012229591594,24,0.030999314682737297,Tobacco Product and Electronic Cigarette Merchant Wholesalers,Wholesale Trade,"Merchant Wholesalers, Nondurable Goods",Miscellaneous Nondurable Goods Merchant Wholesalers,Tobacco Product and Electronic Cigarette Merchant Wholesalers
561621,24,-0.016700418541294136,23,0.0016896922610941858,24,0.0004845477789583933,24,0.014579379570489019,23,0.14540372512179475,0.15410250534187273,0.15942190103976236,0.16377220117973515,0.03127979811178316,4,0.014579379570489019,23,0.05603032878124664,56,Administrative & waste services,6,0.01426739390146628,3,0.006142417265542007,24,0.021901206570100456,Security Systems Services (except Locksmiths),Administrative and Support and Waste Management and Remediation Services,Administrative and Support Services,Investigation and Security Services,Security Systems Services
424420,24,-0.017410285585408268,23,0.001273635105687683,24,0.002212760603434767,24,0.013836264525556781,23,0.12285667636374599,0.133142591390629,0.14088123620613666,0.14419435981477477,0.031246550110965048,4,0.013836264525556781,23,0.0559707728848019,42,Wholesale trade,6,0.010516267834534732,3,0.006309098677813614,24,0.016143029048001398,Packaged Frozen Food Merchant Wholesalers,Wholesale Trade,"Merchant Wholesalers, Nondurable Goods",Grocery and Related Product Merchant Wholesalers,Packaged Frozen Food Merchant Wholesalers
311821,24,-0.014547646962921811,23,-0.004187569301584883,24,0.002812268968781517,24,0.016471174927878193,23,0.11295585968635631,0.11733646815083709,0.13009221521848766,0.13722342434857515,0.031018821890800005,4,0.016471174927878193,23,0.055562851868079965,31,Manufacturing - food/textiles,6,0.01233748740477178,3,0.0033197972422754443,24,0.018938697709898505,Cookie and Cracker Manufacturing,Manufacturing,Food Manufacturing,Bakeries and Tortilla Manufacturing,"Cookie, Cracker, and Pasta Manufacturing"
424430,24,-0.015203673539597617,23,-0.004977087591625517,24,0.015745992753072396,24,0.004740296775968641,23,0.09539278724775145,0.10568264558890904,0.12592667911331765,0.11467872713158149,0.030949666292670014,3,0.015745992753072396,24,0.055438976039775704,42,Wholesale trade,6,0.024926431260172757,2,0.013585403565294854,24,0.03826339441209008,Dairy Product (except Dried or Canned) Merchant Wholesalers,Wholesale Trade,"Merchant Wholesalers, Nondurable Goods",Grocery and Related Product Merchant Wholesalers,Dairy Product (except Dried or Canned) Merchant Wholesalers
321912,24,-0.010646321724268971,23,0.0020470380440918297,24,0.0195353219421036,24,-0.011331090531376944,23,0.15850144209475,0.17549503759894472,0.18839455701495575,0.1622234325467596,0.030866412473480546,3,0.0195353219421036,24,0.05528984659703409,32,Manufacturing - paper/chemicals,6,0.031300617453926066,2,0.010207836260056363,24,0.04804810839067635,"Cut Stock, Resawing Lumber, and Planing",Manufacturing,Wood Product Manufacturing,Other Wood Product Manufacturing,Millwork
811122,24,-0.01822282365260342,23,-0.006283346494828218,24,0.012626424725209218,24,0.01185899077591411,23,0.14268478395578058,0.15078304051891,0.17144799007169587,0.16686009017406325,0.030849248377812638,3,0.012626424725209218,24,0.05525910119643819,81,Other services,6,0.041778951572978756,3,0.017845467848985965,24,0.06413290717290664,Automotive Glass Replacement Shops,Other Services (except Public Administration),Repair and Maintenance,Automotive Repair and Maintenance,"Automotive Body, Paint, Interior, and Glass Repair"
524210,24,-0.013710066137757826,23,-0.0019847609691273555,24,-0.0013015497697785854,24,0.01701701151569609,23,0.09229111043742637,0.09580380749279412,0.10328602648641659,0.11337134501959623,0.030727077653453914,4,0.01701701151569609,23,0.05504026136157737,52,Finance & insurance,6,0.016212421809891846,3,0.008669252164230918,24,0.024886927599549347,Insurance Agencies and Brokerages,Finance and Insurance,Insurance Carriers and Related Activities,"Agencies, Brokerages, and Other Insurance Related Activities",Insurance Agencies and Brokerages
424450,24,-0.011535115637588631,23,-0.0027771542255981105,24,-0.004343047659733608,24,0.018942136584433986,23,0.10347937821857271,0.10399423975422188,0.11006340974106726,0.12481867504737987,0.03047725222202262,4,0.018942136584433986,23,0.054592758439372155,42,Wholesale trade,6,0.0262296936796656,3,0.01365538549979108,24,0.04026397136829427,Confectionery Merchant Wholesalers,Wholesale Trade,"Merchant Wholesalers, Nondurable Goods",Grocery and Related Product Merchant Wholesalers,Confectionery Merchant Wholesalers
621420,24,-0.012203783939860338,23,-0.003278451915379233,24,0.018261303530782067,24,-0.0031738334549225532,23,0.10253713016849553,0.11408000321430012,0.13217978009086317,0.11375694990586209,0.030465087470642405,3,0.018261303530782067,24,0.05457096817663006,62,Health care & social assistance,6,0.0210118531072003,4,0.01057651796917937,23,0.03225430926625689,Outpatient Mental Health and Substance Abuse Centers,Health Care and Social Assistance,Ambulatory Health Care Services,Outpatient Care Centers,Outpatient Mental Health and Substance Abuse Centers
424920,24,-0.01903627691273834,23,0.006214311409930791,24,0.011427646568963811,24,0.001469142104982811,23,0.13360270004671607,0.1541174939886272,0.16220366511067677,0.14743454309479873,0.030463923481702154,3,0.011427646568963811,24,0.054568883166912704,42,Wholesale trade,6,0.027513216005077404,1,0.014191609339730743,23,0.0422342462328083,"Book, Periodical, and Newspaper Merchant Wholesalers",Wholesale Trade,"Merchant Wholesalers, Nondurable Goods",Miscellaneous Nondurable Goods Merchant Wholesalers,"Book, Periodical, and Newspaper Merchant Wholesalers"
519290,24,-0.016777152180406037,23,-0.001761218419269752,24,0.00470167322234316,24,0.013654090297339005,23,0.11801230419988236,0.12568322924198314,0.13687659112262338,0.13866660655857732,0.030431242477745042,4,0.013654090297339005,23,0.0545103429106721,51,Information,6,0.04779909421412798,4,0.019992021030308088,23,0.07337414551509111,Web Search Portals and All Other Information Services,Information,"Web Search Portals, Libraries, Archives, and Other Information Services","Web Search Portals, Libraries, Archives, and Other Information Services",Web Search Portals and All Other Information Services
561421,24,-0.01602184056117845,23,-0.0014899681256618478,24,0.003408733499473475,24,0.014357320737419965,23,0.23310306503060504,0.2396375230396149,0.24915191729994846,0.2518488445613351,0.030379161298598415,4,0.014357320737419965,23,0.054417051848483264,56,Administrative & waste services,6,0.01561990048648899,4,0.01006369570884984,23,0.023977375932955104,Telephone Answering Services,Administrative and Support and Waste Management and Remediation Services,Administrative and Support Services,Business Support Services,Telephone Call Centers
336212,24,-0.009822649727910577,23,-0.0005317395962606575,24,0.020393294389004727,24,-0.00963886630548631,23,0.12512646338502312,0.1396277584781439,0.155192532763786,0.12997071827141865,0.030215944116915305,3,0.020393294389004727,24,0.05412468703462572,33,Manufacturing - metals/machinery,6,0.01664478595064661,2,0.008902153537559113,24,0.025550629493922707,Truck Trailer Manufacturing,Manufacturing,Transportation Equipment Manufacturing,Motor Vehicle Body and Trailer Manufacturing,Motor Vehicle Body and Trailer Manufacturing
531312,24,-0.01706838889774381,23,-0.0077828839314602995,24,0.011897319137536605,24,0.013099431480004841,23,0.11565371959731584,0.12108986098275047,0.14209177023110567,0.13929904120438766,0.03016782037774865,4,0.013099431480004841,23,0.05403848478619513,53,Real estate,6,0.03611622723749597,2,0.015644172520237698,24,0.05544032489211619,Nonresidential Property Managers,Real Estate and Rental and Leasing,Real Estate,Activities Related to Real Estate,Real Estate Property Managers
522210,24,-0.01304511693841638,23,-0.003784318567260376,24,0.00033579551594784793,24,0.017107746688420588,23,0.07301551433231455,0.07557328462641276,0.0856996920550317,0.09515450845175495,0.030152863626836966,4,0.017107746688420588,23,0.054011693319444415,52,Finance & insurance,6,0.013070763770024592,3,0.007218248774525547,24,0.020064315833242235,Credit Card Issuing,Finance and Insurance,Credit Intermediation and Related Activities,Nondepository Credit Intermediation,Credit Card Issuing
332112,24,0.006412584422888902,23,-0.008325444447727022,24,0.01613359593511108,24,-0.013868056799656801,23,0.06834185954382895,0.06528781389828335,0.0788846571481918,0.06021430852787807,0.030001652734767882,3,0.01613359593511108,24,0.053740834921712465,33,Manufacturing - metals/machinery,6,0.019936533809564616,2,0.009340445078316861,24,0.03060363709522262,Nonferrous Forging,Manufacturing,Fabricated Metal Product Manufacturing,Forging and Stamping,Forging and Stamping
449122,24,-0.009823183261684245,23,-0.010936773460935127,24,0.0018679944903371964,24,0.018892790082890087,23,0.15281630051517495,0.14652614407612954,0.16210953455895435,0.17395693606110482,0.029829563543825214,4,0.018892790082890087,23,0.05343257801053425,44,Retail trade - general,6,0.021247480816990853,3,0.007324294356965026,24,0.0326160103015968,Window Treatment Retailers,Retail Trade,"Furniture, Home Furnishings, Electronics, and Appliance Retailers",Furniture and Home Furnishings Retailers,Home Furnishings Retailers
423430,24,-0.012418295134653083,23,0.0015586944579140019,24,-0.006282182267957341,24,0.01738112251273217,23,0.07675321272448976,0.0805608462464882,0.08125109085265864,0.09450569999474374,0.029799417647385255,4,0.01738112251273217,23,0.05337857879727526,42,Wholesale trade,6,0.012006731524120635,3,0.005082469623955893,24,0.018430969885430734,Computer and Computer Peripheral Equipment and Software Merchant Wholesalers,Wholesale Trade,"Merchant Wholesalers, Durable Goods",Professional and Commercial Equipment and Supplies Merchant Wholesalers,Computer and Computer Peripheral Equipment and Software Merchant Wholesalers
456199,24,-0.011748066162057265,23,-0.003673343456864307,24,-0.0023194047852649977,24,0.01803773934139088,23,0.13004969948302586,0.13024602843462327,0.13778904429994931,0.14997086973580534,0.029785805503448146,4,0.01803773934139088,23,0.053354195874550245,45,Retail trade - specialty,6,0.02183649692132276,4,0.008291103578276617,23,0.033520181270953936,All Other Health and Personal Care Retailers,Retail Trade,Health and Personal Care Retailers,Health and Personal Care Retailers,Other Health and Personal Care Retailers
445320,24,-0.01424844527091459,23,-0.0058208034259460304,24,0.015505717296674536,24,0.004704526887444321,23,0.17606043624162115,0.18451259676176693,0.20460636413380476,0.19368869691249357,0.029754162567589126,3,0.015505717296674536,24,0.053297515070746815,44,Retail trade - general,6,0.04855123784608458,4,0.019071132197098974,23,0.07452872589379463,"Beer, Wine, and Liquor Retailers",Retail Trade,Food and Beverage Retailers,"Beer, Wine, and Liquor Retailers","Beer, Wine, and Liquor Retailers"
311221,24,0.0009611653836269496,23,-0.014471524388026987,24,0.015263367582174732,24,-0.001431073872832951,23,0.0486618243828553,0.041467359003363784,0.06321594239992623,0.05443779063213922,0.029734891970201717,3,0.015263367582174732,24,0.053262996372653915,31,Manufacturing - food/textiles,6,0.02536084988687763,2,0.016310349255193254,24,0.03893025005139398,Wet Corn Milling and Starch Manufacturing,Manufacturing,Food Manufacturing,Grain and Oilseed Milling,Starch and Vegetable Fats and Oils Manufacturing
517810,24,-0.012117662137590092,23,-0.0012588214693710729,24,-0.00348493036832889,24,0.017345710567263913,23,0.1136146425169287,0.11595267481128063,0.12080835004437473,0.1326338860141266,0.029463372704854003,4,0.017345710567263913,23,0.052776634099677984,51,Information,6,0.024888855360021132,3,0.008609780700604383,24,0.038205713411834416,All Other Telecommunications,Information,Telecommunications,All Other Telecommunications,All Other Telecommunications
322299,24,-0.016770713463279616,23,-0.0006973840574302515,24,0.005320961128697427,24,0.012637513295554568,23,0.10143835574986604,0.11098551234561911,0.1219274370562327,0.12222743950945142,0.029408226758834186,4,0.012637513295554568,23,0.05267785323557518,32,Manufacturing - paper/chemicals,6,0.026935289961656957,2,0.01021077772565713,24,0.04134709909531381,All Other Converted Paper Product Manufacturing,Manufacturing,Paper Manufacturing,Converted Paper Product Manufacturing,Other Converted Paper Product Manufacturing
311224,24,-0.00990069875209534,23,-0.008228338073802315,24,-0.0006475693501449093,24,0.019458218581465656,23,0.07183220725012542,0.06861182683244581,0.08184812256237083,0.09637955699258566,0.029358917333560997,4,0.019458218581465656,23,0.05258952711210732,31,Manufacturing - food/textiles,6,0.024147811800523094,3,0.009682895820188553,24,0.037068172233249506,Soybean and Other Oilseed Processing,Manufacturing,Food Manufacturing,Grain and Oilseed Milling,Starch and Vegetable Fats and Oils Manufacturing
522292,24,-0.013529248997678234,23,-0.0015271734390895156,24,-0.0006777831654557394,24,0.015776410704735126,23,0.13151134449940796,0.13515741982228535,0.14185784202334178,0.14991383055530969,0.02930565970241336,4,0.015776410704735126,23,0.05249412871558799,52,Finance & insurance,6,0.016608417777535054,3,0.005483322573352166,24,0.025494802418747367,Real Estate Credit,Finance and Insurance,Credit Intermediation and Related Activities,Nondepository Credit Intermediation,Other Nondepository Credit Intermediation
336414,24,0.013107300384917985,23,-0.00829414737351296,24,0.013600582240141499,24,-0.015703173085951316,23,0.04982469280301147,0.042926909546582216,0.05261742103717889,0.03510676804749257,0.029303755326092813,3,0.013600582240141499,24,0.052490717477734664,33,Manufacturing - metals/machinery,6,0.06869380783668494,4,0.03452795344047597,23,0.1054486394577923,Guided Missile and Space Vehicle Manufacturing,Manufacturing,Transportation Equipment Manufacturing,Aerospace Product and Parts Manufacturing,Aerospace Product and Parts Manufacturing
493190,24,-0.015742664626271326,23,-0.003609164203698285,24,0.006258644148357775,24,0.013398628818251384,23,0.12062630421996141,0.12751344250319688,0.1416189091938289,0.1432070875877454,0.02914129344452271,4,0.013398628818251384,23,0.052199705604631684,49,Warehousing & couriers,6,0.028373561517791888,4,0.012676714738078472,23,0.04355492223893457,Other Warehousing and Storage,Transportation and Warehousing,Warehousing and Storage,Warehousing and Storage,Other Warehousing and Storage
488490,24,-0.0018815150323272065,23,-0.015590659963439,24,0.013302206419817372,24,0.003712673349901477,23,0.20261399423251555,0.19427285971985464,0.2171130451340717,0.21334881770865408,0.028892866383256374,3,0.013302206419817372,24,0.051754707530437975,48,Transportation,6,0.03292836213989835,2,0.010944631110583086,24,0.050546782840759245,Other Support Activities for Road Transportation,Transportation and Warehousing,Support Activities for Transportation,Support Activities for Road Transportation,Other Support Activities for Road Transportation
333415,24,-0.010736300471557447,23,-0.0016704543186411107,24,0.01810554864257966,24,-0.005827803170453766,23,0.07377391823217293,0.08657456857577843,0.10271612755666615,0.08264658925239458,0.028841849114137105,3,0.01810554864257966,24,0.05166332221036466,33,Manufacturing - metals/machinery,6,0.02714994113578084,2,0.01259998758492536,24,0.04167660003553238,Air-Conditioning and Warm Air Heating Equipment and Commercial and Industrial Refrigeration Equipment Manufacturing,Manufacturing,Machinery Manufacturing,"Ventilation, Heating, Air-Conditioning, and Commercial Refrigeration Equipment Manufacturing","Ventilation, Heating, Air-Conditioning, and Commercial Refrigeration Equipment Manufacturing"
541330,24,-0.014160690962536627,23,-0.004706969269224443,24,0.004528867927029928,24,0.014658460787348967,23,0.09940730500028387,0.1031326469322869,0.11627192740273878,0.12035347201913082,0.028819151749885592,4,0.014658460787348967,23,0.051622665273355815,54,Professional & technical services,6,0.026124277482111057,2,0.009904450785718139,24,0.040102151912378134,Engineering Services,"Professional, Scientific, and Technical Services","Professional, Scientific, and Technical Services","Architectural, Engineering, and Related Services",Engineering Services
339995,24,-0.012273871980155204,23,0.01646088250608148,24,-0.0073247201845661886,24,0.0036036569780701715,23,0.08449912308393444,0.10342412017638429,0.08942735225667116,0.09008002470609043,0.028734754486236684,2,0.01646088250608148,24,0.05147148762145452,33,Manufacturing - metals/machinery,6,0.032924424342883875,1,0.014360429909982928,23,0.05054073811342917,Burial Casket Manufacturing,Manufacturing,Miscellaneous Manufacturing,Other Miscellaneous Manufacturing,All Other Miscellaneous Manufacturing
314999,24,-0.0166240289221371,23,0.0006876646660879398,24,0.003877109090690165,24,0.012091745225163856,23,0.13937615163638142,0.14930292043988472,0.1578543599112121,0.15865158120115916,0.028715774147300956,4,0.012091745225163856,23,0.05143748885243601,31,Manufacturing - food/textiles,6,0.026486486474906493,3,0.00875452102471764,24,0.04065816193267663,All Other Miscellaneous Textile Product Mills,Manufacturing,Textile Product Mills,Other Textile Product Mills,All Other Textile Product Mills
337110,24,-0.011147407974618228,23,-0.002808111479917467,24,0.017502028793499245,24,-0.0033721405040353382,23,0.13117814397817276,0.1419220677215178,0.1582822144246978,0.13963830354087933,0.028649436768117473,3,0.017502028793499245,24,0.05131866119399481,33,Manufacturing - metals/machinery,6,0.021517442677880916,2,0.008638018388575502,24,0.03303041608041211,Wood Kitchen Cabinet and Countertop Manufacturing,Manufacturing,Furniture and Related Product Manufacturing,Household and Institutional Furniture and Kitchen Cabinet Manufacturing,Wood Kitchen Cabinet and Countertop Manufacturing
541810,24,-0.016007094846677904,23,-0.0030556311307453243,24,0.005638262093555499,24,0.012630236625001989,23,0.13000791652115226,0.13677260176205464,0.14964854926444768,0.1512479725797297,0.02863733147167989,4,0.012630236625001989,23,0.05129697743066078,54,Professional & technical services,6,0.025636937866597535,3,0.01073515868102048,24,0.0393540597476235,Advertising Agencies,"Professional, Scientific, and Technical Services","Professional, Scientific, and Technical Services","Advertising, Public Relations, and Related Services",Advertising Agencies
333413,24,-0.005658323630006073,23,-0.003297140463500582,24,0.018717531976887844,24,-0.009912941225565701,23,0.0953326776022837,0.10390472733996965,0.11907105800465678,0.09680232471556822,0.028630473202453544,3,0.018717531976887844,24,0.05128469247030875,33,Manufacturing - metals/machinery,6,0.013078059138654707,2,0.006593154996408691,24,0.020075514611132342,Industrial and Commercial Fan and Blower and Air Purification Equipment Manufacturing,Manufacturing,Machinery Manufacturing,"Ventilation, Heating, Air-Conditioning, and Commercial Refrigeration Equipment Manufacturing","Ventilation, Heating, Air-Conditioning, and Commercial Refrigeration Equipment Manufacturing"
327999,24,-0.01799161655730174,23,0.002577578379896916,24,0.010403416061785214,24,0.005531286555886477,23,0.11228005926645211,0.1285079000117157,0.13958058399718545,0.1298464358590848,0.028395032619086956,3,0.010403416061785214,24,0.05086295658674149,32,Manufacturing - paper/chemicals,6,0.02996396872670438,2,0.01714264981101871,24,0.04599628168085688,All Other Miscellaneous Nonmetallic Mineral Product Manufacturing,Manufacturing,Nonmetallic Mineral Product Manufacturing,Other Nonmetallic Mineral Product Manufacturing,All Other Nonmetallic Mineral Product Manufacturing
332420,24,-0.012398457775362278,23,0.015968129518747414,24,-0.002190890542846146,24,-0.000518272082423042,23,0.13733396813721874,0.15787877240600232,0.14648731763729106,0.1394776439542721,0.028366587294109694,2,0.015968129518747414,24,0.05081200354334045,33,Manufacturing - metals/machinery,6,0.004476321034483524,3,0.0019081753173718768,24,0.006871390271227742,Metal Tank (Heavy Gauge) Manufacturing,Manufacturing,Fabricated Metal Product Manufacturing,"Boiler, Tank, and Shipping Container Manufacturing",Metal Tank (Heavy Gauge) Manufacturing
524113,24,-0.009362581371515064,23,-0.0030424534860574773,24,-0.0067160909525290245,24,0.019000605507024076,23,0.07148034176710773,0.06931465500694899,0.07323387521890518,0.09058527733591942,0.02836318687853914,4,0.019000605507024076,23,0.05080591250650798,52,Finance & insurance,6,0.016391063225460523,1,0.004824577407762142,23,0.02516115164995162,Direct Life Insurance Carriers,Finance and Insurance,Insurance Carriers and Related Activities,Insurance Carriers,"Direct Life, Health, and Medical Insurance Carriers"
541310,24,-0.012728074122008692,23,-0.008682830918732303,24,0.01562376551567613,24,0.0058723780812633,23,0.07943004716518275,0.08428218946734019,0.10649999360696223,0.09747026671523203,0.028351839637684822,3,0.01562376551567613,24,0.050785586619699015,54,Professional & technical services,6,0.028807521990291067,2,0.017225714728581313,24,0.04422107458722616,Architectural Services,"Professional, Scientific, and Technical Services","Professional, Scientific, and Technical Services","Architectural, Engineering, and Related Services",Architectural Services
339920,24,-0.011123407247312214,23,-0.000382575923076942,24,0.017135147765267724,24,-0.005663109725606488,23,0.10863973454839497,0.12181677514813534,0.13575896759402958,0.1154308645093884,0.028258555012579938,3,0.017135147765267724,24,0.05061848937066361,33,Manufacturing - metals/machinery,6,0.029641179152349352,2,0.01149975334917929,24,0.04550078255919193,Sporting and Athletic Goods Manufacturing,Manufacturing,Miscellaneous Manufacturing,Other Miscellaneous Manufacturing,Sporting and Athletic Goods Manufacturing
922110,24,-0.013554900842773158,23,-0.0010577926945790816,24,0.014584387888272252,24,7.184470585835904e-05,23,0.049265882192360506,0.06224999484790464,0.07734969289260693,0.06328061516076472,0.02813928873104541,3,0.014584387888272252,24,0.05040485215526294,92,Public administration,6,0.009501502481099568,2,0.00448121102869443,24,0.014585310393897339,Courts,Public Administration,"Justice, Public Order, and Safety Activities","Justice, Public Order, and Safety Activities",Courts
532412,24,-0.015292625101265488,23,0.004742805111399523,24,-0.0021202177655211974,24,0.012844923985822985,23,0.12041829707107245,0.1309797886510763,0.13205567000828108,0.1373719868965283,0.028137549087088473,4,0.012844923985822985,23,0.05040173599631201,53,Real estate,6,0.027939963105874287,3,0.010162682325307038,24,0.04288932567284418,"Construction, Mining, and Forestry Machinery and Equipment Rental and Leasing",Real Estate and Rental and Leasing,Rental and Leasing Services,Commercial and Industrial Machinery and Equipment Rental and Leasing,"Construction, Transportation, Mining, and Forestry Machinery and Equipment Rental and Leasing"
423820,24,-0.01670732041115371,23,-0.000994114934781861,24,0.01141280930310108,24,0.006440726610296229,23,0.07940350016480739,0.09197042526644128,0.1065255802376389,0.09825511660263436,0.028120129714254788,3,0.01141280930310108,24,0.05037053332730671,42,Wholesale trade,6,0.03226411783478696,2,0.019790886681425743,24,0.04952713259210645,Farm and Garden Machinery and Equipment Merchant Wholesalers,Wholesale Trade,"Merchant Wholesalers, Durable Goods","Machinery, Equipment, and Supplies Merchant Wholesalers",Farm and Garden Machinery and Equipment Merchant Wholesalers
112320,24,-0.011152589121480939,23,-0.0035201024819027024,24,0.01689148701201473,24,-0.0019733045320128946,23,0.17207952201002508,0.1830972000148785,0.20115508298353738,0.18542999192816678,0.028044076133495667,3,0.01689148701201473,24,0.05023430140152202,11,"Agriculture, forestry, fishing",6,0.032936200637389654,3,0.0157864106090371,24,0.05055881535026602,Broilers and Other Meat Type Chicken Production,"Agriculture, Forestry, Fishing and Hunting",Animal Production and Aquaculture,Poultry and Egg Production,Broilers and Other Meat Type Chicken Production
335921,24,-0.013363597081063463,23,-0.0024774898216874063,24,0.0023450091726499415,24,0.014593230490070823,23,0.055351957622940144,0.060623080904539974,0.07084918382951462,0.0763852684091894,0.027956827571134286,4,0.014593230490070823,23,0.050078016325214005,33,Manufacturing - metals/machinery,6,0.011425629556391993,1,0.005431136949937147,23,0.017538947535630123,Fiber Optic Cable Manufacturing,Manufacturing,"Electrical Equipment, Appliance, and Component Manufacturing",Other Electrical Equipment and Component Manufacturing,Communication and Energy Wire and Cable Manufacturing
423390,24,-0.01726516331807217,23,-0.001885618041434229,24,0.010683802915821064,24,0.008281329092884974,23,0.11725181459228312,0.12873681025629038,0.14399304200316612,0.13788166791839973,0.027948966233893233,3,0.010683802915821064,24,0.050063934606761014,42,Wholesale trade,6,0.03356423959023199,2,0.013871755333193536,24,0.05152288846237488,Other Construction Material Merchant Wholesalers,Wholesale Trade,"Merchant Wholesalers, Durable Goods",Lumber and Other Construction Materials Merchant Wholesalers,Other Construction Material Merchant Wholesalers
922150,24,-0.015137512211904734,23,0.0037710676655741625,24,-0.0015181669094840413,24,0.012788602583698473,23,0.047751637545247604,0.05817792830085108,0.061062083725306214,0.06698257296872945,0.027926114795603207,4,0.012788602583698473,23,0.05002300168270764,92,Public administration,6,0.015654842431527725,4,0.008006782456003112,23,0.024031013672372654,Parole Offices and Probation Offices,Public Administration,"Justice, Public Order, and Safety Activities","Justice, Public Order, and Safety Activities",Parole Offices and Probation Offices
424350,24,-0.013290330971491243,23,-0.004803736908568403,24,0.003460041003296706,24,0.014623831167600498,23,0.14319060222435828,0.14583115999000967,0.1580791915727979,0.1634071411489927,0.02791416213909174,4,0.014623831167600498,23,0.05000159133754641,42,Wholesale trade,6,0.008732673569427175,3,0.004899056790558932,24,0.013405117225622081,Clothing and Clothing Accessories Merchant Wholesalers,Wholesale Trade,"Merchant Wholesalers, Nondurable Goods","Apparel, Piece Goods, and Notions Merchant Wholesalers",Clothing and Clothing Accessories Merchant Wholesalers
483211,24,-0.013243949723089695,23,0.0009001961809066717,24,-0.002456211134019754,24,0.014617064919956988,23,0.12076086863309565,0.12636804724271308,0.13017483349051714,0.1388940420063607,0.027861014643046682,4,0.014617064919956988,23,0.04990639022190421,48,Transportation,6,0.019027415802445158,3,0.009447031798889163,24,0.029208092722646278,Inland Water Freight Transportation,Transportation and Warehousing,Water Transportation,Inland Water Transportation,Inland Water Transportation
512120,24,-0.013943671672394544,23,-0.011503829848854416,24,0.009776529635176277,24,0.013884743434640443,23,0.1456982365384155,0.14465329574521704,0.16661601464972742,0.16902567428388524,0.027828415107034987,4,0.013884743434640443,23,0.04984799589613766,51,Information,6,0.027552066679434845,2,0.013047491369968175,24,0.04229388407910078,Motion Picture and Video Distribution,Information,Motion Picture and Sound Recording Industries,Motion Picture and Video Industries,Motion Picture and Video Distribution
522220,24,-0.010620089895495934,23,-0.0012587512823750441,24,-0.005415376770617659,24,0.017149730485950792,23,0.09045644052156922,0.09090154333351996,0.0938641487102208,0.10765750762815696,0.027769820381446726,4,0.017149730485950792,23,0.04974303736258752,52,Finance & insurance,6,0.023321903383611634,1,0.00980629461471962,23,0.03580035899618008,Sales Financing,Finance and Insurance,Credit Intermediation and Related Activities,Nondepository Credit Intermediation,Sales Financing
562111,24,-0.015103847742596854,23,-0.0025358558863139585,24,0.012634005536812659,24,0.004416704998494423,23,0.1373011674725607,0.14747001757926279,0.1627105794585928,0.15268313026429747,0.027737853279409513,3,0.012634005536812659,24,0.04968577589207138,56,Administrative & waste services,6,0.029556606040412985,3,0.011237746683869324,24,0.045370958345492735,Solid Waste Collection,Administrative and Support and Waste Management and Remediation Services,Waste Management and Remediation Services,Waste Collection,Waste Collection
562112,24,-0.016358438307411093,23,-0.0017997893875044107,24,0.011250029533663655,24,0.006140875437476601,23,0.1169734450978371,0.12733944583532172,0.14130502534781514,0.13277054579298125,0.02760846784107475,3,0.011250029533663655,24,0.049454012610751746,56,Administrative & waste services,6,0.015633295976429082,3,0.00676102339741419,24,0.02399793872068717,Hazardous Waste Collection,Administrative and Support and Waste Management and Remediation Services,Waste Management and Remediation Services,Waste Collection,Waste Collection
532112,24,-0.013142963067669123,23,-0.0049226912156897056,24,0.001832265950568975,24,0.014460205854006073,23,0.09609880126233938,0.09573174382548999,0.10521006882002,0.11102386191341207,0.027603168921675195,4,0.014460205854006073,23,0.049444520855239725,53,Real estate,6,0.018313186154835473,3,0.007461226433410878,24,0.028111712321374663,Passenger Car Leasing,Real Estate and Rental and Leasing,Rental and Leasing Services,Automotive Equipment Rental and Leasing,Passenger Car Rental and Leasing
326150,24,-0.0076845870319684016,23,-0.0018103775010835557,24,0.018688528467123804,24,-0.008897110028207226,23,0.103648198000187,0.1145755844153062,0.1291237258325925,0.10629481031563119,0.02758563849533103,3,0.018688528467123804,24,0.04941311926024768,32,Manufacturing - paper/chemicals,6,0.011902465713355225,1,0.00447471107583161,23,0.018270916334267646,Urethane and Other Foam Product (except Polystyrene) Manufacturing,Manufacturing,Plastics and Rubber Products Manufacturing,Plastics Product Manufacturing,Urethane and Other Foam Product (except Polystyrene) Manufacturing
922130,24,-0.01433815093954956,23,-0.0028500087097540123,24,0.0038907018446758257,24,0.013246278781851391,23,0.046114362264852014,0.05238989500941891,0.06436544517349381,0.06855959164821708,0.027584429721400953,4,0.013246278781851391,23,0.04941095402885833,92,Public administration,6,0.010205340467042622,4,0.003431966428342546,23,0.015665739043199442,Legal Counsel and Prosecution,Public Administration,"Justice, Public Order, and Safety Activities","Justice, Public Order, and Safety Activities",Legal Counsel and Prosecution
213113,24,-0.009367382570033026,23,0.0009214452016191935,24,-0.010726483532258626,24,0.01683681294620755,23,0.22640850553953037,0.22334681721076266,0.21844223847875663,0.2349906268112678,0.027563296478466177,4,0.01683681294620755,23,0.049373098843680414,21,"Mining, quarrying, oil & gas",6,0.028326593976079853,3,0.015415277038718062,24,0.043482824570626744,Support Activities for Coal Mining,"Mining, Quarrying, and Oil and Gas Extraction",Support Activities for Mining,Support Activities for Mining,Support Activities for Mining
621320,24,-0.013120040969200424,23,-0.004876695109680873,24,0.014325625866726468,24,0.004203774404682475,23,0.11302849290532346,0.12145157348906636,0.139628044292171,0.12915326336182267,0.02744566683592689,3,0.014325625866726468,24,0.049162393278307404,62,Health care & social assistance,6,0.017527768951628733,3,0.008132641507691921,24,0.026906055245531715,Offices of Optometrists,Health Care and Social Assistance,Ambulatory Health Care Services,Offices of Other Health Practitioners,Offices of Optometrists
322110,24,0.011002972193405958,23,-0.016206509038163383,24,0.011175178058313322,24,-0.00835910486259573,23,0.05025165603052715,0.03578922174341723,0.05373980553263408,0.04934003320522428,0.027381687096476703,3,0.011175178058313322,24,0.04904778877146495,32,Manufacturing - paper/chemicals,6,0.023449026148227137,3,0.00982558596883983,24,0.03599549918413832,Pulp Mills,Manufacturing,Paper Manufacturing,"Pulp, Paper, and Paperboard Mills",Pulp Mills
333922,24,-0.0037242606664577077,23,-0.00936134407887396,24,0.017963002563183336,24,-0.004392640142904107,23,0.09180317801313448,0.09280625861942941,0.11253202738347223,0.09633179102114843,0.027324346642057296,3,0.017963002563183336,24,0.04894507696680099,33,Manufacturing - metals/machinery,6,0.013725999877771062,3,0.005686133962639478,24,0.021070138021025895,Conveyor and Conveying Equipment Manufacturing,Manufacturing,Machinery Manufacturing,Other General Purpose Machinery Manufacturing,Material Handling Equipment Manufacturing
326212,24,-0.01099915764275151,23,-0.0015672169297057982,24,0.016308741485683596,24,-0.0019822910515232906,23,0.1252000711255926,0.1372703127000605,0.15247498813393998,0.13506218059645228,0.027307899128435106,3,0.016308741485683596,24,0.04891561515273839,32,Manufacturing - paper/chemicals,6,0.02364502970747563,3,0.011315325567631332,24,0.03629637504620694,Tire Retreading,Manufacturing,Plastics and Rubber Products Manufacturing,Rubber Product Manufacturing,Tire Manufacturing
221330,24,-0.01667397060834275,23,-9.027678898572682e-05,24,0.005993009834398309,24,0.010570383453880214,23,0.07048874296820078,0.08204907263628385,0.09378995588233836,0.09354481945959627,0.027244354062222965,4,0.010570383453880214,23,0.04880178925975888,22,Utilities,6,0.02343811288133748,2,0.010747854267809118,24,0.03597874674047862,Steam and Air-Conditioning Supply,Utilities,Utilities,"Water, Sewage and Other Systems",Steam and Air-Conditioning Supply
561990,24,-0.005439824312942293,23,-0.012703778742698508,24,0.014497907008633423,24,0.0033581676638267076,23,0.27126979413851454,0.266735468625962,0.28760870059880644,0.27948611855438404,0.02720168575133193,3,0.014497907008633423,24,0.048725359115318,56,Administrative & waste services,6,0.034477879283342984,2,0.019621864679942005,24,0.052925373862838285,All Other Support Services,Administrative and Support and Waste Management and Remediation Services,Administrative and Support Services,Other Support Services,All Other Support Services
513130,24,-0.014882149107106555,23,0.0012620803552033648,24,0.01229728185781317,24,0.0009184668944127499,23,0.08178418145079351,0.0957311899678664,0.10715403777453254,0.09398232186557239,0.027179430964919725,3,0.01229728185781317,24,0.04868549495138778,51,Information,6,0.036115177739687435,1,0.01209726041392401,23,0.05543871385730084,Book Publishers,Information,Publishing Industries,"Newspaper, Periodical, Book, and Directory Publishers",Book Publishers
449121,24,-0.014891304514232484,23,-0.005535674793706942,24,0.008204515237324976,24,0.012286760721289314,23,0.13001996089511436,0.13487368699873253,0.15079876268976458,0.15031480790614668,0.027178065235521798,4,0.012286760721289314,23,0.04868304857155762,44,Retail trade - general,6,0.026371672526831917,3,0.00988557384700719,24,0.0404819164311312,Floor Covering Retailers,Retail Trade,"Furniture, Home Furnishings, Electronics, and Appliance Retailers",Furniture and Home Furnishings Retailers,Home Furnishings Retailers
523150,24,0.0008938239404521381,23,-0.013534096370314488,24,0.013641327033153489,24,-0.0004773081420172608,23,0.07967443602700834,0.07227675724296641,0.09194727119955343,0.08433513108983348,0.02717542340346798,3,0.013641327033153489,24,0.04867831635691764,52,Finance & insurance,6,0.020938745039499745,2,0.013390185492758921,24,0.03214208450371731,Investment Banking and Securities Intermediation,Finance and Insurance,"Securities, Commodity Contracts, and Other Financial Investments and Related Activities",Securities and Commodity Contracts Intermediation and Brokerage,Investment Banking and Securities Intermediation
332321,24,-0.009725484335017066,23,-0.0035007207380856223,24,0.01743245078043963,24,-0.004221511029530404,23,0.10710479200037192,0.1164530304044165,0.13280271028463234,0.11428748860396891,0.027157935115456697,3,0.01743245078043963,24,0.04864699024274032,33,Manufacturing - metals/machinery,6,0.017202040068045446,2,0.008846171743902348,24,0.026406044128261544,Metal Window and Door Manufacturing,Manufacturing,Fabricated Metal Product Manufacturing,Architectural and Structural Metals Manufacturing,Ornamental and Architectural Metal Products Manufacturing
333921,24,0.005568749612121977,23,-0.010375271278306767,24,0.016058213701867496,24,-0.01103874978469177,23,0.0734083502563546,0.06819716003006195,0.08373651236038286,0.06715943728696876,0.027096963486559267,3,0.016058213701867496,24,0.04853777405147071,33,Manufacturing - metals/machinery,6,0.019938734421977203,2,0.012723652316655107,24,0.030607015152025543,Elevator and Moving Stairway Manufacturing,Manufacturing,Machinery Manufacturing,Other General Purpose Machinery Manufacturing,Material Handling Equipment Manufacturing
611512,24,-0.01824823586000151,23,0.008834163003285682,24,0.0019230850653998647,24,0.007762959124944298,23,0.12300280911699128,0.1415993887063902,0.14252764228921777,0.1396097257412456,0.027082398863287192,2,0.008834163003285682,24,0.048511684988248725,61,Educational services,6,0.022517337639337033,3,0.008334337553103172,24,0.03456530789390599,Flight Training,Educational Services,Educational Services,Technical and Trade Schools,Technical and Trade Schools
623311,24,-0.011642891051798863,23,-0.00016168966055980435,24,0.015343440170717017,24,-0.0034584342854375415,23,0.16530522367203795,0.17813876553300756,0.19129568671509686,0.17376572755575204,0.02698633122251588,3,0.015343440170717017,24,0.04833960262766508,62,Health care & social assistance,6,0.020898235830372165,4,0.00960583552171799,23,0.03207990071856203,Continuing Care Retirement Communities,Health Care and Social Assistance,Nursing and Residential Care Facilities,Continuing Care Retirement Communities and Assisted Living Facilities for the Elderly,Continuing Care Retirement Communities and Assisted Living Facilities for the Elderly
541830,24,-0.014630713889081238,23,0.00013577768076396038,24,0.002031854397236741,24,0.012309959151873977,23,0.10474772281154081,0.11231822398285603,0.11961716979264336,0.12285240680795718,0.026940673040955217,4,0.012309959151873977,23,0.04825781684006967,54,Professional & technical services,6,0.022319725529731067,2,0.009468277255092847,24,0.034261962821699854,Media Buying Agencies,"Professional, Scientific, and Technical Services","Professional, Scientific, and Technical Services","Advertising, Public Relations, and Related Services",Media Buying Agencies
321918,24,-0.010835677381929901,23,-0.0020969085024415035,24,0.016093958874586933,24,-0.002798660037394398,23,0.13106996391350414,0.14168221226699487,0.1564882776253686,0.13910642523456845,0.026929636256516835,3,0.016093958874586933,24,0.048238047062190655,32,Manufacturing - paper/chemicals,6,0.025903700726427545,2,0.007918311707330497,24,0.03976355489009429,Other Millwork (including Flooring),Manufacturing,Wood Product Manufacturing,Other Wood Product Manufacturing,Millwork
456110,24,-0.012674983814968493,23,-0.0027159359725422647,24,0.014237764353972915,24,0.000995445486136768,23,0.12445541038798384,0.13477689915814023,0.15053025987338112,0.13780809188067622,0.02691274816894141,3,0.014237764353972915,24,0.04820779606453536,45,Retail trade - specialty,6,0.012562515481716264,4,0.008494404769428546,23,0.019284127746474918,Pharmacies and Drug Retailers,Retail Trade,Health and Personal Care Retailers,Health and Personal Care Retailers,Pharmacies and Drug Retailers
333992,24,-0.0040663351548701964,23,-0.007097410702579475,24,0.01877944091310944,24,-0.00807970120880643,23,0.06826656696032422,0.07224519844336194,0.09041865133155862,0.07103322239353642,0.02685914212191587,3,0.01877944091310944,24,0.04811177356372604,33,Manufacturing - metals/machinery,6,0.027515505342298102,2,0.017200638246677585,24,0.042237760486898805,Welding and Soldering Equipment Manufacturing,Manufacturing,Machinery Manufacturing,Other General Purpose Machinery Manufacturing,All Other General Purpose Machinery Manufacturing
561440,24,-0.01721895525508155,23,0.0011362803316790175,24,0.009600772846982533,24,0.006243748737417399,23,0.20066255055634555,0.2142043309063005,0.2254735505928973,0.21754122458552913,0.026819728102064084,3,0.009600772846982533,24,0.048041172708727105,56,Administrative & waste services,6,0.02427687717597795,1,0.012647536601667272,23,0.03726629443190794,Collection Agencies,Administrative and Support and Waste Management and Remediation Services,Administrative and Support Services,Business Support Services,Collection Agencies
562920,24,-0.011805777107334239,23,-0.0025437837834746025,24,0.015008236799909395,24,0.0007280207302049733,23,0.14088362539484053,0.15201929838828684,0.16824253894868232,0.154449305909259,0.026814013907243632,3,0.015008236799909395,24,0.048030937085934214,56,Administrative & waste services,6,0.02813507769724431,2,0.007786600543069784,24,0.04318883692205673,Materials Recovery Facilities,Administrative and Support and Waste Management and Remediation Services,Waste Management and Remediation Services,Remediation and Other Waste Management Services,Materials Recovery Facilities
112310,24,-0.017422219806090107,23,0.0055000013432606005,24,0.009383892123327011,24,0.00254132847456523,23,0.1576453970826234,0.17517097079200838,0.18169654181487224,0.16945432859108203,0.02680611192941712,3,0.009383892123327011,24,0.048016782569525275,11,"Agriculture, forestry, fishing",6,0.006038974638361565,3,0.003930068550140557,24,0.009270146457003735,Chicken Egg Production,"Agriculture, Forestry, Fishing and Hunting",Animal Production and Aquaculture,Poultry and Egg Production,Chicken Egg Production
423860,24,-0.013968772218800052,23,-3.901223683070524e-05,24,0.0013675743024179263,24,0.012809107504838614,23,0.08455215570990447,0.09131332209074945,0.09815251294525584,0.10225655519492637,0.026777879723638667,4,0.012809107504838614,23,0.047966211278549116,42,Wholesale trade,6,0.013260403020929795,2,0.006856638140054762,24,0.020355422144356778,Transportation Equipment and Supplies (except Motor Vehicle) Merchant Wholesalers,Wholesale Trade,"Merchant Wholesalers, Durable Goods","Machinery, Equipment, and Supplies Merchant Wholesalers",Transportation Equipment and Supplies (except Motor Vehicle) Merchant Wholesalers
811210,24,-0.014860870959986942,23,0.0038080886980834372,24,-0.0004997826168430605,24,0.011847455532532998,23,0.11616872015283637,0.12660019674770803,0.1294154959464128,0.13323036037880367,0.02670832649251994,4,0.011847455532532998,23,0.047841623185190786,81,Other services,6,0.017865136223663425,1,0.00782215597067103,23,0.027423931906528906,Electronic and Precision Equipment Repair and Maintenance,Other Services (except Public Administration),Repair and Maintenance,Electronic and Precision Equipment Repair and Maintenance,Electronic and Precision Equipment Repair and Maintenance
311812,24,-0.016385810555159693,23,-0.00016397491243697686,24,0.006808036357704197,24,0.010191749750070358,23,0.12784699094418797,0.13916125597784,0.1508034708363659,0.14882961297948347,0.02657756030523005,4,0.010191749750070358,23,0.047607386620071704,31,Manufacturing - food/textiles,6,0.01218384462708787,3,0.0063217779371388715,24,0.01870284789490787,Commercial Bakeries,Manufacturing,Food Manufacturing,Bakeries and Tortilla Manufacturing,Bread and Bakery Product Manufacturing
424310,24,-0.011941521628953147,23,-0.0014294044748981542,24,-0.0010598322539268825,24,0.01462524934536078,23,0.11240260146482417,0.11586225855020128,0.12218072458537471,0.1306188551284019,0.026566770974313925,4,0.01462524934536078,23,0.047588060096402984,42,Wholesale trade,6,0.029076859080021653,1,0.010309803650737932,23,0.04463452130916555,"Piece Goods, Notions, and Other Dry Goods Merchant Wholesalers",Wholesale Trade,"Merchant Wholesalers, Nondurable Goods","Apparel, Piece Goods, and Notions Merchant Wholesalers","Piece Goods, Notions, and Other Dry Goods Merchant Wholesalers"
334118,24,-0.012616631123151312,23,0.0010734866008073939,24,-0.002524673203626085,24,0.013924857198833393,23,0.058375708726624176,0.06394376017318329,0.0673648384181276,0.07583526307032411,0.026541488321984705,4,0.013924857198833393,23,0.047542772229857116,33,Manufacturing - metals/machinery,6,0.04204065473902254,1,0.018249609182544427,23,0.06453463541698246,Computer Terminal and Other Computer Peripheral Equipment Manufacturing,Manufacturing,Computer and Electronic Product Manufacturing,Computer and Peripheral Equipment Manufacturing,Computer and Peripheral Equipment Manufacturing
521110,24,-0.001656570207199983,23,-0.009064046186218337,24,0.017432453562122165,24,-0.0066798085637574355,23,0.037575199363105743,0.037817146232964345,0.05618718547525963,0.03969231759331058,0.0264964997483405,3,0.017432453562122165,24,0.04746218588579965,52,Finance & insurance,6,0.029690515201727483,2,0.010085461102717847,24,0.045576516012424205,Monetary Authorities-Central Bank,Finance and Insurance,Monetary Authorities-Central Bank,Monetary Authorities-Central Bank,Monetary Authorities-Central Bank
312111,24,-0.01774273204875946,23,0.0004353222964487838,24,0.008707196419458144,24,0.007639960341532335,23,0.08383633956540204,0.09761939227779033,0.11053180039728105,0.10602981567785548,0.0264499284682176,3,0.008707196419458144,24,0.04737876449900794,31,Manufacturing - food/textiles,6,0.020481306249553997,2,0.009426266779858125,24,0.03143989169254462,Soft Drink Manufacturing,Manufacturing,Beverage and Tobacco Product Manufacturing,Beverage Manufacturing,Soft Drink and Ice Manufacturing
332323,24,-0.011786441903966166,23,-0.0038479491557539096,24,0.014402003066093022,24,0.0012769216233861076,23,0.14346012066134722,0.1517274996209407,0.167690776892042,0.15485004803095728,0.026188444970059187,3,0.014402003066093022,24,0.04691037891926959,33,Manufacturing - metals/machinery,6,0.016627282874053233,2,0.007913508600319927,24,0.0255237613427571,Ornamental and Architectural Metal Work Manufacturing,Manufacturing,Fabricated Metal Product Manufacturing,Architectural and Structural Metals Manufacturing,Ornamental and Architectural Metal Products Manufacturing
713290,24,-0.018534966799196414,23,0.004320834926852993,24,0.007273843622859585,24,0.007640519192904701,23,0.1620293416603544,0.17860373361620216,0.18653645571834399,0.1799214905747666,0.026175485992101115,4,0.007640519192904701,23,0.046887165988256894,71,"Arts, entertainment & recreation",6,0.02710750173940213,2,0.008783505657119333,24,0.04161145331054394,Other Gambling Industries,"Arts, Entertainment, and Recreation","Amusement, Gambling, and Recreation Industries",Gambling Industries,Other Gambling Industries
455211,24,-0.01778539261361464,23,0.007386964727622364,24,0.002181291554508725,24,0.008317452030532703,23,0.14375695917735065,0.1601166182494055,0.16170234786621562,0.1589254943740083,0.02610284464414734,4,0.008317452030532703,23,0.046757046267073984,45,Retail trade - specialty,6,0.07643960506200759,4,0.042961633696807756,23,0.11733884913823492,Warehouse Clubs and Supercenters,Retail Trade,General Merchandise Retailers,"Warehouse Clubs, Supercenters, and Other General Merchandise Retailers","Warehouse Clubs, Supercenters, and Other General Merchandise Retailers"
621910,24,-0.014034505133380714,23,-0.0008324336388153778,24,0.00283852104138917,24,0.012048405918550484,23,0.13979710364167044,0.1469973219769051,0.1558624075897705,0.15905045111985758,0.026082911051931196,4,0.012048405918550484,23,0.04672133997121905,62,Health care & social assistance,6,0.01997636376112108,3,0.00712344658110906,24,0.030664778183969427,Ambulance Services,Health Care and Social Assistance,Ambulatory Health Care Services,Other Ambulatory Health Care Services,Ambulance Services
921130,24,-0.016164550532157842,23,0.005284124298797022,24,0.0097927971527426,24,0.001241240499236462,23,0.04812616780901313,0.06622543203493841,0.07375644766326966,0.0617018689861157,0.02595734768490044,3,0.0097927971527426,24,0.04649642302282726,92,Public administration,6,0.012336870071707657,2,0.0055103844081729565,24,0.01893775007089356,Public Finance Activities,Public Administration,"Executive, Legislative, and Other General Government Support","Executive, Legislative, and Other General Government Support",Public Finance Activities
221116,24,-0.013778093224352455,23,-0.0002851905256716916,24,-0.004470068582065571,24,0.012168900805802319,23,0.08422076140028889,0.08130587547981928,0.07896137061069304,0.08555700290569797,0.025946994030154776,4,0.012168900805802319,23,0.0464778769095367,22,Utilities,6,0.016188581037836273,3,0.009924503663200232,24,0.024850330749614048,Geothermal Electric Power Generation,Utilities,Utilities,"Electric Power Generation, Transmission and Distribution",Electric Power Generation
321211,24,-0.011446306621153928,23,-0.0009488802830144531,24,0.01447570213262788,24,-0.0020199372281059476,23,0.1137790697733669,0.12499913824045485,0.1381169672735717,0.12228339204143279,0.025922008753781808,3,0.01447570213262788,24,0.04643312172138411,32,Manufacturing - paper/chemicals,6,0.03340010617511846,1,0.011335363885651232,23,0.051270934962367565,Hardwood Veneer and Plywood Manufacturing,Manufacturing,Wood Product Manufacturing,"Veneer, Plywood, and Engineered Wood Product Manufacturing","Veneer, Plywood, and Engineered Wood Product Manufacturing"
621410,24,-0.011993730385494356,23,-0.002470165760888056,24,0.013917456717403855,24,0.00012483885166375674,23,0.09844713746830604,0.10816170113674499,0.12281659632696003,0.10963657808236738,0.025911187102898213,3,0.013917456717403855,24,0.04641373730417027,62,Health care & social assistance,6,0.0287443033331263,4,0.013433179544339265,23,0.0441240305945242,Family Planning Centers,Health Care and Social Assistance,Ambulatory Health Care Services,Outpatient Care Centers,Family Planning Centers
321999,24,-0.017882345378659712,23,0.005210482898212116,24,0.008002502528834558,24,0.004722167697133619,23,0.1503770634637635,0.16807248726184132,0.1753469452634949,0.1666163982074793,0.02588484790749427,3,0.008002502528834558,24,0.04636655689165474,32,Manufacturing - paper/chemicals,6,0.028727318392922245,2,0.008656334566875557,24,0.044097957810205014,All Other Miscellaneous Wood Product Manufacturing,Manufacturing,Wood Product Manufacturing,Other Wood Product Manufacturing,All Other Wood Product Manufacturing
336310,24,-0.009583356922334911,23,0.0007029795248107426,24,-0.006887789992953429,24,0.01628249514268493,23,0.07126707464850614,0.07320207240510264,0.07373111111207768,0.08803572980495955,0.025865852065019842,4,0.01628249514268493,23,0.04633253035172902,33,Manufacturing - metals/machinery,6,0.027433199464759694,1,0.010948336776290991,23,0.04211141659828458,Motor Vehicle Gasoline Engine and Engine Parts Manufacturing,Manufacturing,Transportation Equipment Manufacturing,Motor Vehicle Parts Manufacturing,Motor Vehicle Gasoline Engine and Engine Parts Manufacturing
327991,24,-0.015697274335532845,23,-0.003944852901046626,24,0.009706099938500695,24,0.010126530594073707,23,0.15472452738194362,0.1624173309337202,0.17799984028759008,0.17417014976445863,0.02582380492960655,4,0.010126530594073707,23,0.04625721289561575,32,Manufacturing - paper/chemicals,6,0.027234753865084067,2,0.013753090204884785,24,0.04180679207460218,Cut Stone and Stone Product Manufacturing,Manufacturing,Nonmetallic Mineral Product Manufacturing,Other Nonmetallic Mineral Product Manufacturing,All Other Nonmetallic Mineral Product Manufacturing
445132,24,-0.01695685823089792,23,0.0010613640111552431,24,0.00879635521879444,24,0.007827177443222096,23,0.15448268850940672,0.16795056695001231,0.17929571736830743,0.1730481573490137,0.02575321344969236,3,0.00879635521879444,24,0.04613076502614382,44,Retail trade - general,6,0.024784893966723648,3,0.011624244396119837,24,0.038046127157634925,Vending Machine Operators,Retail Trade,Food and Beverage Retailers,Grocery and Convenience Retailers,Convenience Retailers and Vending Machine Operators
562219,24,-0.013291754038397911,23,-0.0028856782343210548,24,0.01236509729253202,24,0.003286569720297029,23,0.09424160984732148,0.10362025887804861,0.11877026437741789,0.10919007529172309,0.02565685133092993,3,0.01236509729253202,24,0.045958155178183115,56,Administrative & waste services,6,0.016345583925442032,2,0.00757905571792009,24,0.02509133851159941,Other Nonhazardous Waste Treatment and Disposal,Administrative and Support and Waste Management and Remediation Services,Waste Management and Remediation Services,Waste Treatment and Disposal,Waste Treatment and Disposal
623210,24,-0.013050657727246383,23,0.00038448137528572165,24,0.012541113485345362,24,0.00011224884700369441,23,0.1175447759277411,0.1303251388069552,0.14233653893559792,0.12926571209354984,0.025591771212591746,3,0.012541113485345362,24,0.04584157960392334,62,Health care & social assistance,6,0.006104658547878657,4,0.003241279846593619,23,0.009370974742856121,Residential Intellectual and Developmental Disability Facilities,Health Care and Social Assistance,Nursing and Residential Care Facilities,"Residential Intellectual and Developmental Disability, Mental Health, and Substance Abuse Facilities",Residential Intellectual and Developmental Disability Facilities
488190,24,-0.015314185302675549,23,0.0057916426447668645,24,-0.001036897203110584,24,0.010194584639654999,23,0.12393354542384484,0.13606479233458604,0.13661275395579356,0.13923450998322226,0.025508769942330548,4,0.010194584639654999,23,0.04569290254260164,48,Transportation,6,0.006482668087239421,4,0.0034336270624552843,23,0.009951239440402446,Other Support Activities for Air Transportation,Transportation and Warehousing,Support Activities for Transportation,Support Activities for Air Transportation,Other Support Activities for Air Transportation
321911,24,-0.007946528868442828,23,-0.006763044406048818,24,0.017555414421729868,24,-0.0026948413995035226,23,0.09848075692433671,0.1040811573924733,0.12320764667270752,0.10722330710948202,0.025501943290172698,3,0.017555414421729868,24,0.04568067421671818,32,Manufacturing - paper/chemicals,6,0.02193113431488458,2,0.0133548116116125,24,0.03366545469089087,Wood Window and Door Manufacturing,Manufacturing,Wood Product Manufacturing,Other Wood Product Manufacturing,Millwork
444180,24,-0.0142231034250175,23,-0.00405049979043504,24,0.011218593100374897,24,0.007476090714499595,23,0.11745958910580945,0.12563133887186634,0.1419040882187933,0.13573965136497046,0.025441696525392396,3,0.011218593100374897,24,0.04557275644734565,44,Retail trade - general,6,0.026304067104464236,2,0.012787250559466806,24,0.0403781385211107,Other Building Material Dealers,Retail Trade,Building Material and Garden Equipment and Supplies Dealers,Building Material and Supplies Dealers,Other Building Material Dealers
624120,24,-0.006971852229882962,23,-0.006332957634647157,24,0.01843567595921003,24,-0.004473798716698734,23,0.1619130888905033,0.16855223031931663,0.1878572870174242,0.17029099179711174,0.02540752818909299,3,0.01843567595921003,24,0.04551155198848303,62,Health care & social assistance,6,0.05170053703421917,4,0.024027814984077304,23,0.0793630672280797,Services for the Elderly and Persons with Disabilities,Health Care and Social Assistance,Social Assistance,Individual and Family Services,Services for the Elderly and Persons with Disabilities
486910,24,0.014019632545917272,23,-0.011380705731330392,24,0.006397385348630509,24,-0.008299876555891846,23,0.05852589993953481,0.043248888237728884,0.05073328799858373,0.04542291706217757,0.025400338277247664,1,0.014019632545917272,23,0.04549867296915042,48,Transportation,6,0.023390887895236176,4,0.009295876497895327,23,0.03590625388137501,Pipeline Transportation of Refined Petroleum Products,Transportation and Warehousing,Pipeline Transportation,Other Pipeline Transportation,Pipeline Transportation of Refined Petroleum Products
337126,24,-0.010940053887776227,23,0.006897489223702584,24,0.014444175580598725,24,-0.009750137727241632,23,0.13151130235666295,0.1502402456822816,0.15517421056049505,0.13121982427751103,0.02538422946837495,3,0.014444175580598725,24,0.04546981786419779,33,Manufacturing - metals/machinery,6,0.05509434764243676,1,0.025316059171786094,23,0.08457274656431313,Household Furniture (except Wood and Upholstered) Manufacturing,Manufacturing,Furniture and Related Product Manufacturing,Household and Institutional Furniture and Kitchen Cabinet Manufacturing,Household and Institutional Furniture Manufacturing
561439,24,-0.01526021021416631,23,0.00011826180198884137,24,0.004752969433329239,24,0.009986026488683044,23,0.12343772351975506,0.1331081456582267,0.14254204419272073,0.14247000386055628,0.025246236702849353,4,0.009986026488683044,23,0.04522263660061668,56,Administrative & waste services,6,0.01802093518165391,1,0.00959755326125284,23,0.027663091572682465,Other Business Service Centers (including Copy Shops),Administrative and Support and Waste Management and Remediation Services,Administrative and Support Services,Business Support Services,Business Service Centers
314120,24,-0.012592271479590121,23,0.012519185067510916,24,0.0029213343008286253,24,-0.0032115754586134054,23,0.14209317129240062,0.1617146468585595,0.15629775228969653,0.14503818911917635,0.025111456547101035,2,0.012519185067510916,24,0.044981209964396765,31,Manufacturing - food/textiles,6,0.07671020850675365,1,0.04398902653345357,23,0.11775423978230729,Curtain and Linen Mills,Manufacturing,Textile Product Mills,Textile Furnishings Mills,Curtain and Linen Mills
332992,24,-0.014254354534973715,23,0.002809867104608014,24,0.0011064886390636044,24,0.010852215624339473,23,0.054213808377400606,0.06457259564703766,0.06931164870745869,0.07183772448975251,0.02510657015931319,4,0.010852215624339473,23,0.04497245716128316,33,Manufacturing - metals/machinery,6,0.013247643936702642,4,0.005283457723890538,23,0.02033583627315745,Small Arms Ammunition Manufacturing,Manufacturing,Fabricated Metal Product Manufacturing,Other Fabricated Metal Product Manufacturing,All Other Fabricated Metal Product Manufacturing
532120,24,-0.014687192215747961,23,0.0031711050210776848,24,0.010363706195776208,24,0.0010502646262345527,23,0.12079294523099438,0.1363213619928966,0.1455075687126435,0.13396636304083798,0.02505089841152417,3,0.010363706195776208,24,0.044872734448198566,53,Real estate,6,0.02525199257138816,3,0.00914196830286868,24,0.0387631482968853,"Truck, Utility Trailer, and RV (Recreational Vehicle) Rental and Leasing",Real Estate and Rental and Leasing,Rental and Leasing Services,Automotive Equipment Rental and Leasing,"Truck, Utility Trailer, and RV (Recreational Vehicle) Rental and Leasing"
423940,24,-0.004150658678948708,23,-0.004329679082449366,24,-0.008065305449777233,24,0.016847641062276212,23,0.11861887538272446,0.11172543947595893,0.11349136173409217,0.13138789489177988,0.024912946512053447,4,0.016847641062276212,23,0.044625626386448305,42,Wholesale trade,6,0.010845732674396874,3,0.006317710103019343,24,0.016648775056364164,"Jewelry, Watch, Precious Stone, and Precious Metal Merchant Wholesalers",Wholesale Trade,"Merchant Wholesalers, Durable Goods",Miscellaneous Durable Goods Merchant Wholesalers,"Jewelry, Watch, Precious Stone, and Precious Metal Merchant Wholesalers"
238150,24,-0.009522455688195597,23,-0.012481252744801758,24,0.012415575629607054,24,0.009829790926900672,23,0.17160134123734191,0.16903309293304888,0.19142735011835932,0.18899045604445572,0.024896828374408812,3,0.012415575629607054,24,0.04459675457121655,23,Construction,6,0.026981380203078997,3,0.012697943883666444,24,0.04141785006113288,Glass and Glazing Contractors,Construction,Specialty Trade Contractors,"Foundation, Structure, and Building Exterior Contractors",Glass and Glazing Contractors
326111,24,-0.009181645554050199,23,-0.002369233181965847,24,0.01569177154566341,24,-0.004195076541163434,23,0.09444465381691829,0.10404735296285857,0.11838851847273053,0.1013461408912757,0.024873417099713607,3,0.01569177154566341,24,0.04455481883321489,32,Manufacturing - paper/chemicals,6,0.008584541685917824,2,0.0035678179571979655,24,0.013177726925560136,Plastics Bag and Pouch Manufacturing,Manufacturing,Plastics and Rubber Products Manufacturing,Plastics Product Manufacturing,Plastics Packaging Materials and Unlaminated Film and Sheet Manufacturing
311211,24,-0.010399723618771773,23,-0.006850558482045111,24,0.014453649042270299,24,0.002999827955727529,23,0.07542218657062856,0.08075110130513907,0.09978113300373981,0.08990386661779992,0.024853372661042074,3,0.014453649042270299,24,0.04451891398226323,31,Manufacturing - food/textiles,6,0.022513695847443935,2,0.010720203138736997,24,0.03455971755014125,Flour Milling,Manufacturing,Food Manufacturing,Grain and Oilseed Milling,Flour Milling and Malt Manufacturing
339994,24,-0.0078097701151475804,23,-0.007589020565002366,24,0.016968760066711875,24,-0.0015215458620891269,23,0.08255828536812913,0.08660543084149804,0.1058306174448717,0.09111828391482157,0.024778530181859455,3,0.016968760066711875,24,0.04438485145729361,33,Manufacturing - metals/machinery,6,0.023247693363115215,2,0.008051941389740788,24,0.03568644267763669,"Broom, Brush, and Mop Manufacturing",Manufacturing,Miscellaneous Manufacturing,Other Miscellaneous Manufacturing,All Other Miscellaneous Manufacturing
334511,24,0.005141796424871177,23,-0.00991569637784652,24,0.014788941390156235,24,-0.00901203803803863,23,0.047533032785321803,0.0426268146762158,0.05755198932280283,0.042899281189077376,0.024704637768002753,3,0.014788941390156235,24,0.04425249074869711,33,Manufacturing - metals/machinery,6,0.013207534697869528,2,0.0076402234750640174,24,0.020274266463623892,"Search, Detection, Navigation, Guidance, Aeronautical, and Nautical System and Instrument Manufacturing",Manufacturing,Computer and Electronic Product Manufacturing,"Navigational, Measuring, Electromedical, and Control Instruments Manufacturing","Navigational, Measuring, Electromedical, and Control Instruments Manufacturing"
326199,24,-0.01114489557003583,23,0.000749003786646433,24,0.013553411750829686,24,-0.002934557806921586,23,0.10991721985454515,0.12233687088582205,0.1332585143438061,0.11707333430013077,0.024698307320865517,3,0.013553411750829686,24,0.04424115125625013,32,Manufacturing - paper/chemicals,6,0.014723971992760949,1,0.0037857986951435533,23,0.02260207816318089,All Other Plastics Product Manufacturing,Manufacturing,Plastics and Rubber Products Manufacturing,Plastics Product Manufacturing,Other Plastics Product Manufacturing
561491,24,-0.005332955117918249,23,0.014668007753280194,24,-0.009846642305408836,24,0.00110846953370626,23,0.2213738790516678,0.23285355797231092,0.21499722138639374,0.21683416941129416,0.024514650058689032,2,0.014668007753280194,24,0.043912172893089414,56,Administrative & waste services,6,0.03842580922493017,1,0.022489121341968833,23,0.05898565577361524,Repossession Services,Administrative and Support and Waste Management and Remediation Services,Administrative and Support Services,Business Support Services,Other Business Support Services
423520,24,-0.0035381306840063273,23,-0.008021052733356042,24,-0.005350571940020182,24,0.016463218125906696,23,0.09112329462298412,0.08155150320459414,0.08802181725291626,0.10519327518127874,0.02448427085926274,4,0.016463218125906696,23,0.04385775577294422,42,Wholesale trade,6,0.02004990438996161,3,0.008414400922423196,24,0.030777666950807636,Coal and Other Mineral and Ore Merchant Wholesalers,Wholesale Trade,"Merchant Wholesalers, Durable Goods",Metal and Mineral (except Petroleum) Merchant Wholesalers,Coal and Other Mineral and Ore Merchant Wholesalers
456130,24,-0.012564655908796832,23,-0.004857017179619254,24,0.01191860434301611,24,0.005889372762750358,23,0.14867499192789146,0.15561260449463066,0.17226425142060833,0.16507868966055383,0.024483260251812942,3,0.01191860434301611,24,0.043855945509736045,45,Retail trade - specialty,6,0.0061003089378779685,3,0.002240507170971041,24,0.009364297860744197,Optical Goods Retailers,Retail Trade,Health and Personal Care Retailers,Health and Personal Care Retailers,Optical Goods Retailers
311942,24,-0.00938731181483072,23,-0.006990037190517603,24,0.001460776662916059,24,0.015014601202284683,23,0.07709844145363252,0.07535866439582399,0.08759896171905067,0.09691770571644522,0.024401913017115404,4,0.015014601202284683,23,0.043710231260262314,31,Manufacturing - food/textiles,6,0.029755937986921818,3,0.013600578031557939,24,0.04567694345858767,Spice and Extract Manufacturing,Manufacturing,Food Manufacturing,Other Food Manufacturing,Seasoning and Dressing Manufacturing
621111,24,-0.013008752870158277,23,-0.0018514615802960495,24,0.0035229096184672547,24,0.011350277414035367,23,0.08887351004950356,0.09487994840041969,0.10458930991192794,0.10725285218650167,0.024359030284193645,4,0.011350277414035367,23,0.04363341702968263,62,Health care & social assistance,6,0.01742000011766283,3,0.007375030046550444,24,0.02674062436790917,Offices of Physicians (except Mental Health Specialists),Health Care and Social Assistance,Ambulatory Health Care Services,Offices of Physicians,Offices of Physicians
423130,24,-0.009944630733428167,23,-0.003320645589461086,24,0.014390979793217918,24,-0.0013383018919997283,23,0.10945330618853015,0.11786023557520235,0.13290845614079674,0.11917471711995531,0.024335610526646085,3,0.014390979793217918,24,0.04359146609666582,42,Wholesale trade,6,0.022576479438648767,3,0.007431086607341333,24,0.03465609369351306,Tire and Tube Merchant Wholesalers,Wholesale Trade,"Merchant Wholesalers, Durable Goods",Motor Vehicle and Motor Vehicle Parts and Supplies Merchant Wholesalers,Tire and Tube Merchant Wholesalers
327213,24,-0.0022189128492569802,23,-0.006305696780717923,24,0.017550007107250253,24,-0.006746124375918396,23,0.060435533043602864,0.06365556645530208,0.07948699342843715,0.0602184061870717,0.02429613148316865,3,0.017550007107250253,24,0.04352074876728585,32,Manufacturing - paper/chemicals,6,0.020019861678619095,2,0.005644497730005286,24,0.030731549795033963,Glass Container Manufacturing,Manufacturing,Nonmetallic Mineral Product Manufacturing,Glass and Glass Product Manufacturing,Glass and Glass Product Manufacturing
522320,24,-0.012105365023419253,23,-0.00013623806382826822,24,0.00011193374539807469,24,0.012183347375108728,23,0.10754378185980684,0.11286567625049997,0.11846004676884962,0.12383054979640312,0.02428871239852798,4,0.012183347375108728,23,0.0435074592393232,52,Finance & insurance,6,0.005317777100111252,3,0.0024575121054088065,24,0.008163069973929644,"Financial Transactions Processing, Reserve, and Clearinghouse Activities",Finance and Insurance,Credit Intermediation and Related Activities,Activities Related to Credit Intermediation,"Financial Transactions Processing, Reserve, and Clearinghouse Activities"
322219,24,-0.004207398638438003,23,-0.004510908745934712,24,0.016248747390037215,24,-0.00791244099533471,23,0.08968829282920317,0.09514460173396615,0.10962272813059848,0.09160335974715643,0.024161188385371925,3,0.016248747390037215,24,0.04327903025908799,32,Manufacturing - paper/chemicals,6,0.017156247923478606,1,0.005443527752864342,23,0.026335750756930204,Other Paperboard Container Manufacturing,Manufacturing,Paper Manufacturing,Converted Paper Product Manufacturing,Paperboard Container Manufacturing
524292,24,0.0017960966535650656,23,-0.00837505493050088,24,-0.008363757273553707,24,0.015760587907439783,23,0.11509747871655458,0.10119616422515847,0.10404495959476412,0.12362126951147719,0.02413564283794066,4,0.015760587907439783,23,0.0432332714784093,52,Finance & insurance,6,0.017574719395599177,4,0.007698214267232423,23,0.026978126667899113,Pharmacy Benefit Management and Other Third Party Administration of Insurance and Pension Funds,Finance and Insurance,Insurance Carriers and Related Activities,"Agencies, Brokerages, and Other Insurance Related Activities",Other Insurance Related Activities
335210,24,-0.007273842657326819,23,-0.003513031123305562,24,0.016838020980516826,24,-0.005919237586739636,23,0.0796970197477538,0.08759257202483599,0.1025141865485293,0.08375975911118898,0.024111863637843643,3,0.016838020980516826,24,0.043190676689439454,33,Manufacturing - metals/machinery,6,0.02845958363948576,1,0.011663965976510286,23,0.04368697075948619,Small Electrical Appliance Manufacturing,Manufacturing,"Electrical Equipment, Appliance, and Component Manufacturing",Household Appliance Manufacturing,Small Electrical Appliance Manufacturing
621210,24,-0.01367739671767143,23,-0.005271193678308376,24,0.008815937314237582,24,0.01040969463519932,23,0.11976817669389739,0.1254906346032477,0.1417554798692148,0.14038845050670673,0.02408709135287075,4,0.01040969463519932,23,0.04314630302479067,62,Health care & social assistance,6,0.01979325816571285,3,0.009847057424741087,24,0.03038370138067428,Offices of Dentists,Health Care and Social Assistance,Ambulatory Health Care Services,Offices of Dentists,Offices of Dentists
541860,24,-0.011623352642953229,23,0.0005624171723533836,24,-0.00135535237827983,24,0.012445896911804063,23,0.13474888347860772,0.13954226136778505,0.14321080491225566,0.14959005321328586,0.02406924955475729,4,0.012445896911804063,23,0.043114343681230544,54,Professional & technical services,6,0.04299144122269454,1,0.021612150306330836,23,0.06599414311171428,Direct Mail Advertising,"Professional, Scientific, and Technical Services","Professional, Scientific, and Technical Services","Advertising, Public Relations, and Related Services",Direct Mail Advertising
713210,24,-0.017666787173911014,23,0.00638964045714208,24,0.005853090719266224,24,0.006058482809917935,23,0.11015409982455665,0.12818119151218368,0.13342900228552654,0.12697063162033695,0.024056427631053093,2,0.00638964045714208,24,0.04309137625036073,71,"Arts, entertainment & recreation",6,0.012021523011874178,3,0.006388334470563223,24,0.018453675603868645,Casinos (except Casino Hotels),"Arts, Entertainment, and Recreation","Amusement, Gambling, and Recreation Industries",Gambling Industries,Casinos (except Casino Hotels)
332812,24,-0.009835941833906892,23,0.00035739004306232364,24,0.014200722676442205,24,-0.004547268213280064,23,0.13439047965993417,0.1459041423516779,0.156703024957297,0.13910046221003167,0.024036664510349096,3,0.014200722676442205,24,0.04305597531372964,33,Manufacturing - metals/machinery,6,0.014716756310780085,3,0.006238115993538421,24,0.022591001708525016,"Metal Coating, Engraving (except Jewelry and Silverware), and Allied Services to Manufacturers",Manufacturing,Fabricated Metal Product Manufacturing,"Coating, Engraving, Heat Treating, and Allied Activities","Coating, Engraving, Heat Treating, and Allied Activities"
621498,24,-0.012885484425210458,23,-0.004017183782598402,24,0.01103914106644654,24,0.0057575998067758245,23,0.09139988173160792,0.0988277912220918,0.11429006827777248,0.10767406320056006,0.023924625491656998,3,0.01103914106644654,24,0.04285528402310134,62,Health care & social assistance,6,0.030160957558651325,4,0.014166198883804191,23,0.046298669988789516,All Other Outpatient Care Centers,Health Care and Social Assistance,Ambulatory Health Care Services,Outpatient Care Centers,Other Outpatient Care Centers
212115,24,-0.001739138083731381,23,0.00013736602984851763,24,-0.01104483177780738,24,0.012877928119356901,23,0.11165635691431197,0.10570229392737385,0.0994734988807387,0.1153343673897183,0.023922759897164282,4,0.012877928119356901,23,0.04285194225368116,21,"Mining, quarrying, oil & gas",6,0.02055616961489279,1,0.01252699919781331,23,0.03155481093008311,Underground Coal Mining,"Mining, Quarrying, and Oil and Gas Extraction",Mining (except Oil and Gas),Coal Mining,Coal Mining
561622,24,-0.012386472788554877,23,-0.002438429500799583,24,0.003302033487373153,24,0.01145133317561121,23,0.11177088297508027,0.11655247886068243,0.12621093374788372,0.12926532166033874,0.023837805964166087,4,0.01145133317561121,23,0.04269976746085998,56,Administrative & waste services,6,0.017131980984904358,3,0.0077410989161910415,24,0.026298499718779227,Locksmiths,Administrative and Support and Waste Management and Remediation Services,Administrative and Support Services,Investigation and Security Services,Security Systems Services
311513,24,-0.010106660285505765,23,-0.003941987916409737,24,0.013726595238104993,24,9.127381861974667e-05,23,0.07708314218049693,0.0849912496582333,0.10078333296878918,0.08912222580313507,0.023833255523610757,3,0.013726595238104993,24,0.04269161642741969,31,Manufacturing - food/textiles,6,0.021905438804229682,4,0.008754217225120216,23,0.03362601071880573,Cheese Manufacturing,Manufacturing,Food Manufacturing,Dairy Product Manufacturing,Dairy Product (except Frozen) Manufacturing
337215,24,-0.010166524090055735,23,-0.0020442516795663272,24,0.013645712994664732,24,-0.0011313941182683944,23,0.12314962831347857,0.13228328640198092,0.14550544784961592,0.13143618330792145,0.023812237084720467,3,0.013645712994664732,24,0.04265396688641937,33,Manufacturing - metals/machinery,6,0.03987311542493695,1,0.013862557648417696,23,0.061207347574896334,"Showcase, Partition, Shelving, and Locker Manufacturing",Manufacturing,Furniture and Related Product Manufacturing,Office Furniture (including Fixtures) Manufacturing,Office Furniture (including Fixtures) Manufacturing
423690,24,-0.012232303540502488,23,0.002738438043148816,24,-0.0022831812479812,24,0.01152965704213405,23,0.08270511853520666,0.08963902953003167,0.09109606443855907,0.09711946184304883,0.02376196058263654,4,0.01152965704213405,23,0.04256390847454387,42,Wholesale trade,6,0.022595194173455208,1,0.008590931709149572,23,0.0346848218043181,Other Electronic Parts and Equipment Merchant Wholesalers,Wholesale Trade,"Merchant Wholesalers, Durable Goods",Household Appliances and Electrical and Electronic Goods Merchant Wholesalers,Other Electronic Parts and Equipment Merchant Wholesalers
485991,24,-0.01395003206028334,23,-0.0010194593670001285,24,0.009750012228240375,24,0.005868257709406633,23,0.18338800345144043,0.19364311180733842,0.20593713889723675,0.1987311415306543,0.023700044288523715,3,0.009750012228240375,24,0.04245300013991651,48,Transportation,6,0.011951206032918917,4,0.005832910419435726,23,0.018345735310629364,Special Needs Transportation,Transportation and Warehousing,Transit and Ground Passenger Transportation,Other Transit and Ground Passenger Transportation,Other Transit and Ground Passenger Transportation
332322,24,-0.009258678705557905,23,-0.004084793155098449,24,0.014428047119601864,24,-0.0009730315531522943,23,0.11416886205654841,0.12122212301278062,0.13644497027920974,0.1228117233064351,0.02368672582515977,3,0.014428047119601864,24,0.04242914327618369,33,Manufacturing - metals/machinery,6,0.016271440671402702,3,0.005878696583844152,24,0.024977524683109827,Sheet Metal Work Manufacturing,Manufacturing,Fabricated Metal Product Manufacturing,Architectural and Structural Metals Manufacturing,Ornamental and Architectural Metal Products Manufacturing
811412,24,-0.011452849525576183,23,-0.0058789802108667995,24,0.005096286471883377,24,0.012223479029301236,23,0.14843568262309212,0.15045941222271872,0.1642411022440789,0.16783021932167239,0.02367632855487742,4,0.012223479029301236,23,0.042410519036018654,81,Other services,6,0.019465084545402103,2,0.00578639286697404,24,0.029879937462826273,Appliance Repair and Maintenance,Other Services (except Public Administration),Repair and Maintenance,Personal and Household Goods Repair and Maintenance,Home and Garden Equipment and Appliance Repair and Maintenance
312140,24,-0.008344499766329854,23,-0.006815023363578026,24,0.01531435936543076,24,-0.0006707321335601686,23,0.06927401293763948,0.07426674505280186,0.09288952389512029,0.08088358400657718,0.023658859131760614,3,0.01531435936543076,24,0.042379226713819024,31,Manufacturing - food/textiles,6,0.06800273645677649,4,0.025043807293239,23,0.10438780822606301,Distilleries,Manufacturing,Beverage and Tobacco Product Manufacturing,Beverage Manufacturing,Distilleries
812930,24,-0.01550978636716282,23,0.0026861089686986417,24,0.004722963765387159,24,0.008095648221090938,23,0.2323691388115736,0.24426773726678017,0.25079411778458943,0.24787457077162434,0.02360543458825376,4,0.008095648221090938,23,0.04228352933345296,81,Other services,6,0.03278572528084912,4,0.012858573581695187,23,0.0503278276947724,Parking Lots and Garages,Other Services (except Public Administration),Personal and Laundry Services,Other Personal Services,Parking Lots and Garages
623110,24,-0.011294033853360615,23,0.0002521457727313314,24,0.012290162904482727,24,-0.0011989532384530618,23,0.17287598201790014,0.18461982366784727,0.19585937377233167,0.18251859806785062,0.023584196757843342,3,0.012290162904482727,24,0.042245486804653905,62,Health care & social assistance,6,0.0033869393749383254,3,0.0022164369946345436,24,0.005199131628608628,Nursing Care Facilities (Skilled Nursing Facilities),Health Care and Social Assistance,Nursing and Residential Care Facilities,Nursing Care Facilities (Skilled Nursing Facilities),Nursing Care Facilities (Skilled Nursing Facilities)
811111,24,-0.014843637753563073,23,-0.001081899376756888,24,0.0076038909468670755,24,0.008610482163655633,23,0.14611986287535836,0.15547792085990877,0.166999777597973,0.163313852442303,0.023454119917218706,4,0.008610482163655633,23,0.04201248504035292,81,Other services,6,0.02033249535949557,3,0.010207761665911799,24,0.03121145908140636,General Automotive Repair,Other Services (except Public Administration),Repair and Maintenance,Automotive Repair and Maintenance,Automotive Mechanical and Electrical Repair and Maintenance
423450,24,-0.010827172119758288,23,-0.0008895417073936743,24,-0.0009072691349381277,24,0.012535682826741213,23,0.08295959553122233,0.0864594845803066,0.0917384570441782,0.09883196777792606,0.0233628549464995,4,0.012535682826741213,23,0.04184900552244383,42,Wholesale trade,6,0.016518694247853717,3,0.006052195005916888,24,0.025357072040563335,"Medical, Dental, and Hospital Equipment and Supplies Merchant Wholesalers",Wholesale Trade,"Merchant Wholesalers, Durable Goods",Professional and Commercial Equipment and Supplies Merchant Wholesalers,"Medical, Dental, and Hospital Equipment and Supplies Merchant Wholesalers"
423740,24,-0.011891673236487776,23,-0.005158398974379975,24,0.011466951465350893,24,0.0055937940558958635,23,0.08208801797440603,0.08807570837212476,0.10438019671860345,0.09775078213438033,0.02335862470183867,3,0.011466951465350893,24,0.04184142804389603,42,Wholesale trade,6,0.01766197222725909,2,0.008562791917878057,24,0.027112064393541746,Refrigeration Equipment and Supplies Merchant Wholesalers,Wholesale Trade,"Merchant Wholesalers, Durable Goods","Hardware, and Plumbing and Heating Equipment and Supplies Merchant Wholesalers",Refrigeration Equipment and Supplies Merchant Wholesalers
522291,24,-0.011772365995759117,23,0.0003276119798713307,24,7.097448302758926e-05,24,0.011514443293214697,23,0.13110736258447986,0.13677827362601142,0.14179396070780032,0.14666769882353403,0.023286809288973816,4,0.011514443293214697,23,0.041712787789249924,52,Finance & insurance,6,0.006403187383980885,3,0.002706761307630118,24,0.009829232344192453,Consumer Lending,Finance and Insurance,Credit Intermediation and Related Activities,Nondepository Credit Intermediation,Other Nondepository Credit Intermediation
449210,24,0.0019336820715233132,23,-0.006230012790218006,24,-0.009400312184852159,24,0.013857944156749074,23,0.18700234134748706,0.17442010847458037,0.17429790118210967,0.19297631825934328,0.02325825634160123,4,0.013857944156749074,23,0.04166164196588999,44,Retail trade - general,6,0.060217808695135884,4,0.042366702800722265,23,0.09243753109637094,Electronics and Appliance Retailers,Retail Trade,"Furniture, Home Furnishings, Electronics, and Appliance Retailers",Electronics and Appliance Retailers,Electronics and Appliance Retailers
333618,24,0.008951282970509322,23,-0.009372466490654522,24,0.012017716196029935,24,-0.011234812656286165,23,0.06986964664598587,0.062110238925134814,0.07309576418559281,0.060045857053990924,0.0232525288523161,3,0.012017716196029935,24,0.04165138252922131,33,Manufacturing - metals/machinery,6,0.01389863001068618,2,0.008718366177097323,24,0.021335134433636983,Other Engine Equipment Manufacturing,Manufacturing,Machinery Manufacturing,"Engine, Turbine, and Power Transmission Equipment Manufacturing","Engine, Turbine, and Power Transmission Equipment Manufacturing"
424120,24,-0.010534451955667901,23,-0.0041396750996751,24,0.012629546050136947,24,0.002372322959027314,23,0.10764156807218302,0.11442769765435805,0.1294931774358833,0.11929956511713465,0.023163998005804848,3,0.012629546050136947,24,0.04149280054542523,42,Wholesale trade,6,0.0421161394031455,1,0.019644473521350347,23,0.06465050838111655,Stationery and Office Supplies Merchant Wholesalers,Wholesale Trade,"Merchant Wholesalers, Nondurable Goods",Paper and Paper Product Merchant Wholesalers,Stationery and Office Supplies Merchant Wholesalers
326112,24,-0.0031719672814805883,23,-0.004436601310071245,24,0.014215979411973634,24,-0.008835674812187404,23,0.082814760881378,0.08588953234362307,0.09783750642601063,0.08135352168445094,0.023051654224161038,3,0.014215979411973634,24,0.041291563344355825,32,Manufacturing - paper/chemicals,6,0.018958000047892724,2,0.010810991840843142,24,0.029101535856678205,Plastics Packaging Film and Sheet (including Laminated) Manufacturing,Manufacturing,Plastics and Rubber Products Manufacturing,Plastics Product Manufacturing,Plastics Packaging Materials and Unlaminated Film and Sheet Manufacturing
811114,24,-0.01375716620335638,23,-0.0031037340862360044,24,0.00927864141684586,24,0.00776860244195229,23,0.1429543311740734,0.15056562661947512,0.16438439023734883,0.1596458710215308,0.023035807620202242,3,0.00927864141684586,24,0.041263177917227924,81,Other services,6,0.041793157420536,1,0.012464764096621223,23,0.06415471390257312,Specialized Automotive Repair,Other Services (except Public Administration),Repair and Maintenance,Automotive Repair and Maintenance,Automotive Mechanical and Electrical Repair and Maintenance
336991,24,-0.005204485317436372,23,-0.003208485561922821,24,0.015785645946667422,24,-0.00713303853586589,23,0.10184379108715198,0.10873825581806533,0.12204969167282427,0.10378983563424839,0.022918684482533314,3,0.015785645946667422,24,0.041053379635025804,33,Manufacturing - metals/machinery,6,0.056539345968718555,2,0.028095077785931597,24,0.08679089565698622,"Motorcycle, Bicycle, and Parts Manufacturing",Manufacturing,Transportation Equipment Manufacturing,Other Transportation Equipment Manufacturing,Other Transportation Equipment Manufacturing
541714,24,-0.012323363728691238,23,-0.004094160128940805,24,0.010572911676469418,24,0.005783945917840827,23,0.07076588532410862,0.07775012646727993,0.09292268786833284,0.08694942591644694,0.022896275405160656,3,0.010572911676469418,24,0.04101323909548692,54,Professional & technical services,6,0.03533490434708868,4,0.012074816428715237,23,0.05424095280363692,Research and Development in Biotechnology (except Nanobiotechnology),"Professional, Scientific, and Technical Services","Professional, Scientific, and Technical Services",Scientific Research and Development Services,"Research and Development in the Physical, Engineering, and Life Sciences"
321113,24,-0.008543331006787955,23,-0.0013971526550045487,24,0.014325992986468958,24,-0.004769215434246881,23,0.1281655418526675,0.1379922644541546,0.1506132923656508,0.13458233430420907,0.02286932399325691,3,0.014325992986468958,24,0.04096496204252484,32,Manufacturing - paper/chemicals,6,0.024277386674654476,3,0.008528972808144158,24,0.03726707653940695,Sawmills,Manufacturing,Wood Product Manufacturing,Sawmills and Wood Preservation,Sawmills and Wood Preservation
337121,24,-0.002283626645861591,23,-0.00026964132638272915,24,0.012772563623696118,24,-0.010092710706128586,23,0.1329914627110059,0.13980406504216925,0.14715595002609805,0.12896270776263463,0.022865274329824704,3,0.012772563623696118,24,0.04095770803235671,33,Manufacturing - metals/machinery,6,0.03806665562822493,1,0.02217114700738713,23,0.05843433594841383,Upholstered Household Furniture Manufacturing,Manufacturing,Furniture and Related Product Manufacturing,Household and Institutional Furniture and Kitchen Cabinet Manufacturing,Household and Institutional Furniture Manufacturing
326130,24,-0.006357561425440134,23,-0.0014133706912259833,24,0.015320688896626538,24,-0.007525906377376741,23,0.08568359925465374,0.09478054896601396,0.10670424005982611,0.08798655336038519,0.02284659527400328,3,0.015320688896626538,24,0.0409242489404771,32,Manufacturing - paper/chemicals,6,0.017915934539560304,2,0.005203746073807798,24,0.027501910016445422,"Laminated Plastics Plate, Sheet (except Packaging), and Shape Manufacturing",Manufacturing,Plastics and Rubber Products Manufacturing,Plastics Product Manufacturing,"Laminated Plastics Plate, Sheet (except Packaging), and Shape Manufacturing"
311813,24,-0.0161256297696294,23,0.00225066640707196,24,0.006273777750022996,24,0.006566413656891074,23,0.1338267109242672,0.14608856106407805,0.15384907838974496,0.14906204021536593,0.022692043426520474,4,0.006566413656891074,23,0.040647406014660756,31,Manufacturing - food/textiles,6,0.023396600224607676,3,0.010756363304602898,24,0.0359150226100178,"Frozen Cakes, Pies, and Other Pastries Manufacturing",Manufacturing,Food Manufacturing,Bakeries and Tortilla Manufacturing,Bread and Bakery Product Manufacturing
327310,24,-0.003452730184445147,23,-0.01003856423219702,24,0.012636932811695617,24,0.0008993526695125426,23,0.06529630383022168,0.06325940880150716,0.08129964223718668,0.07406601004947495,0.022675497043892635,3,0.012636932811695617,24,0.04061776710025776,32,Manufacturing - paper/chemicals,6,0.025534409546395066,2,0.015251994838706253,24,0.03919667333665401,Cement Manufacturing,Manufacturing,Nonmetallic Mineral Product Manufacturing,Cement and Concrete Product Manufacturing,Cement Manufacturing
518210,24,-0.014049467778437673,23,0.004710027954326707,24,0.000843078761085325,24,0.008468023716251076,23,0.09617539951857239,0.10775658778483628,0.10991772014244679,0.11039269497788666,0.02251749149468875,4,0.008468023716251076,23,0.04033473768812673,51,Information,6,0.010325650037067945,2,0.0038351451391608476,24,0.01585042061599977,"Computing Infrastructure Providers, Data Processing, Web Hosting, and Related Services",Information,"Computing Infrastructure Providers, Data Processing, Web Hosting, and Related Services","Computing Infrastructure Providers, Data Processing, Web Hosting, and Related Services","Computing Infrastructure Providers, Data Processing, Web Hosting, and Related Services"
336612,24,-0.01045820322250142,23,0.005680120608565653,24,0.012042353829686256,24,-0.007045150304660787,23,0.1300805146338834,0.14638045804707375,0.1513201602431328,0.13217515477981936,0.022500557052187675,3,0.012042353829686256,24,0.0403044036566323,33,Manufacturing - metals/machinery,6,0.02251952173816276,1,0.010928791696669141,23,0.03456866060147698,Boat Building,Manufacturing,Transportation Equipment Manufacturing,Ship and Boat Building,Ship and Boat Building
333923,24,-0.01381312682875386,23,0.002802920022722335,24,0.0027180525082553986,24,0.008593097866685533,23,0.07502403487771403,0.0857629470198608,0.09089601911656287,0.09059298619675415,0.022406224695439392,4,0.008593097866685533,23,0.04013542964521357,33,Manufacturing - metals/machinery,6,0.023488471109871917,1,0.007878033277431447,23,0.03605604929294574,"Overhead Traveling Crane, Hoist, and Monorail System Manufacturing",Manufacturing,Machinery Manufacturing,Other General Purpose Machinery Manufacturing,Material Handling Equipment Manufacturing
923140,24,-0.011662059941984888,23,-0.0019755597786566275,24,0.010701911734589542,24,0.002732241194467555,23,0.07155134481805257,0.08071416485257364,0.09382810444440798,0.08553822056706321,0.022363971676574432,3,0.010701911734589542,24,0.04005974339779779,92,Public administration,6,0.03634030526262205,4,0.014415436949775057,23,0.055784296548748044,Administration of Veterans' Affairs,Public Administration,Administration of Human Resource Programs,Administration of Human Resource Programs,Administration of Veterans' Affairs
326122,24,-0.008494950358195258,23,0.0014697133135866478,24,0.01386053597730716,24,-0.007002903505408278,23,0.10037759678381541,0.11251248598570097,0.12170794856041327,0.10318233918051119,0.02235548633550242,3,0.01386053597730716,24,0.0400445439246942,32,Manufacturing - paper/chemicals,6,0.012534033517416377,2,0.004479194363166285,24,0.01924040642021435,Plastics Pipe and Pipe Fitting Manufacturing,Manufacturing,Plastics and Rubber Products Manufacturing,Plastics Product Manufacturing,"Plastics Pipe, Pipe Fitting, and Unlaminated Profile Shape Manufacturing"
481112,24,-0.012463889155539518,23,-3.052505812158451e-05,24,0.002047565470089502,24,0.009858056793659047,23,0.11380195362031642,0.12057576035853833,0.12741061721300337,0.13015034312728946,0.022321945949198563,4,0.009858056793659047,23,0.03998446428909875,48,Transportation,6,0.014711106709413838,4,0.008371369348441458,23,0.02258232927069822,Scheduled Freight Air Transportation,Transportation and Warehousing,Air Transportation,Scheduled Air Transportation,Scheduled Air Transportation
517112,24,-0.008263654118259706,23,9.346304346628462e-05,24,-0.005617460142885251,24,0.014020583209161388,23,0.11940182044752183,0.12094074115690771,0.12229273577936102,0.13487965068758484,0.022284237327421096,4,0.014020583209161388,23,0.03991691824968607,51,Information,6,0.011735645685754638,1,0.005837787932845984,23,0.018014838741559226,Wireless Telecommunications Carriers (except Satellite),Information,Telecommunications,Wired and Wireless Telecommunications (except Satellite),Wired and Wireless Telecommunications Carriers (except Satellite)
325411,24,-0.010773163126707773,23,-0.0008132322551601716,24,0.00014779817412054457,24,0.011504757745722427,23,0.0660355802137858,0.0707997962848682,0.0771904768662709,0.08328556109943253,0.0222779208724302,4,0.011504757745722427,23,0.03990560382084586,32,Manufacturing - paper/chemicals,6,0.012926652624086769,4,0.00384403957908853,23,0.01984309757866571,Medicinal and Botanical Manufacturing,Manufacturing,Chemical Manufacturing,Pharmaceutical and Medicine Manufacturing,Pharmaceutical and Medicine Manufacturing
336999,24,-0.014114713994316446,23,0.0013155423764905935,24,0.004745536459838649,24,0.008136833048117988,23,0.08025022966659141,0.09097871540234537,0.09907611638511814,0.09768244444821361,0.022251547042434434,4,0.008136833048117988,23,0.039858361368685445,33,Manufacturing - metals/machinery,6,0.03145232399057546,2,0.013041808491482223,24,0.04828098597295516,All Other Transportation Equipment Manufacturing,Manufacturing,Transportation Equipment Manufacturing,Other Transportation Equipment Manufacturing,Other Transportation Equipment Manufacturing
522390,24,-0.012074907646418116,23,0.0007031159177611039,24,0.0015012864955125844,24,0.010134860724025566,23,0.13167851919072018,0.13833657750188588,0.14358840397752937,0.1458376574621477,0.02220976837044368,4,0.010134860724025566,23,0.03978352480102857,52,Finance & insurance,6,0.016115713782653692,3,0.007737944167268834,24,0.02473847564706544,Other Activities Related to Credit Intermediation,Finance and Insurance,Credit Intermediation and Related Activities,Activities Related to Credit Intermediation,Other Activities Related to Credit Intermediation
332431,24,0.0005319598668668404,23,-0.010391352600640879,24,0.011810966977693209,24,-0.0017809638806190729,23,0.06091138228893025,0.05625692042071048,0.07238516375377248,0.06489147313144807,0.022202319578334087,3,0.011810966977693209,24,0.039770182059191424,33,Manufacturing - metals/machinery,6,0.014932491212236967,2,0.0079159193561602,24,0.02292216622769497,Metal Can Manufacturing,Manufacturing,Fabricated Metal Product Manufacturing,"Boiler, Tank, and Shipping Container Manufacturing","Metal Can, Box, and Other Metal Container (Light Gauge) Manufacturing"
332618,24,-0.008963438769047045,23,0.0015455679983552996,24,0.013193776913571148,24,-0.005729655677792369,23,0.09985253109811698,0.11192106708132926,0.12089846706783092,0.10348831322719028,0.022157215682618192,3,0.013193776913571148,24,0.039689389143033674,33,Manufacturing - metals/machinery,6,0.036842430191323355,1,0.015833095303182727,23,0.056555084953654564,Other Fabricated Wire Product Manufacturing,Manufacturing,Fabricated Metal Product Manufacturing,Spring and Wire Product Manufacturing,Spring and Wire Product Manufacturing
311119,24,-0.009734023785756926,23,-0.0026684821438962797,24,0.012419315456137484,24,0.00011306276706148753,23,0.10040757406512645,0.10827446582509932,0.12147832187286478,0.10984354700835526,0.02215333924189441,3,0.012419315456137484,24,0.039682445420204056,31,Manufacturing - food/textiles,6,0.006286781161078653,2,0.004110751382691453,24,0.00965054261631125,Other Animal Food Manufacturing,Manufacturing,Food Manufacturing,Animal Food Manufacturing,Animal Food Manufacturing
332439,24,-0.011155940668380186,23,0.0013966710564022155,24,0.010965377905125239,24,-0.000982592957290436,23,0.1102345833147974,0.12213313891812261,0.13123835240864337,0.11841281008891368,0.022121318573505425,3,0.010965377905125239,24,0.03962508799829172,33,Manufacturing - metals/machinery,6,0.018867145835679805,1,0.006354335517480566,23,0.02896206982082183,Other Metal Container Manufacturing,Manufacturing,Fabricated Metal Product Manufacturing,"Boiler, Tank, and Shipping Container Manufacturing","Metal Can, Box, and Other Metal Container (Light Gauge) Manufacturing"
327215,24,-0.011201617449867099,23,-0.0009011289378031799,24,0.010910864372393242,24,0.000981461239078324,23,0.0954018933136331,0.10519105822960782,0.11678248102118889,0.10655217506798349,0.02211248182226034,3,0.010910864372393242,24,0.03960925905732955,32,Manufacturing - paper/chemicals,6,0.015611680584616733,3,0.006217346332174768,24,0.02396475794748883,Glass Product Manufacturing Made of Purchased Glass,Manufacturing,Nonmetallic Mineral Product Manufacturing,Glass and Glass Product Manufacturing,Glass and Glass Product Manufacturing
315990,24,-0.01401618149535169,23,0.0009825561398830024,24,0.004850354591961057,24,0.008068538871277729,23,0.12356239224320993,0.13331540224319705,0.14110329996341817,0.13919048849971713,0.022084720366629416,4,0.008068538871277729,23,0.03955953100343074,31,Manufacturing - food/textiles,6,0.04199469391893956,1,0.018084043045433987,23,0.06446408311978506,Apparel Accessories and Other Apparel Manufacturing,Manufacturing,Apparel Manufacturing,Apparel Accessories and Other Apparel Manufacturing,Apparel Accessories and Other Apparel Manufacturing
423460,24,-0.013999902491679105,23,0.0023606080721345845,24,0.007950434609220765,24,0.003201604143127812,23,0.09529451229425638,0.10832841324035151,0.11664109804217744,0.10905291362556185,0.021950337100899872,3,0.007950434609220765,24,0.03931881530141067,42,Wholesale trade,6,0.020702167397217204,1,0.008325021858488104,23,0.03177892527160522,Ophthalmic Goods Merchant Wholesalers,Wholesale Trade,"Merchant Wholesalers, Durable Goods",Professional and Commercial Equipment and Supplies Merchant Wholesalers,Ophthalmic Goods Merchant Wholesalers
923120,24,-0.012219542706970237,23,-0.0024587236347485704,24,0.009721837208916386,24,0.004970196884622976,23,0.05095476054001855,0.059412258547362005,0.0727872038242026,0.06671847468321042,0.021941379915886624,3,0.009721837208916386,24,0.0393027706319581,92,Public administration,6,0.0052359352770269115,4,0.0018955951141613845,23,0.008037438433522006,Administration of Public Health Programs,Public Administration,Administration of Human Resource Programs,Administration of Human Resource Programs,Administration of Public Health Programs
423930,24,-0.012889015275110704,23,-0.00029451327657948587,24,0.009042744870182712,24,0.004341951260592746,23,0.13631709314259358,0.14599633532170886,0.1562646040539831,0.14844738304589197,0.021931760145293418,3,0.009042744870182712,24,0.03928553909781547,42,Wholesale trade,6,0.019591855633603085,3,0.009772134315196005,24,0.030074537808830654,Recyclable Material Merchant Wholesalers,Wholesale Trade,"Merchant Wholesalers, Durable Goods",Miscellaneous Durable Goods Merchant Wholesalers,Recyclable Material Merchant Wholesalers
326160,24,-0.008413747310088846,23,0.0009119353408631858,24,0.01349135071091144,24,-0.006131260450328605,23,0.0984236094100001,0.10982906136504327,0.11941064263836003,0.10200952248985395,0.021905098021000286,3,0.01349135071091144,24,0.0392377802348966,32,Manufacturing - paper/chemicals,6,0.014852787142429739,1,0.004990648160356147,23,0.02279981625198242,Plastics Bottle Manufacturing,Manufacturing,Plastics and Rubber Products Manufacturing,Plastics Product Manufacturing,Plastics Bottle Manufacturing
488119,24,-0.014441383609294377,23,0.0034086180835995214,24,0.007429183708265366,24,0.003391346885730733,23,0.15127590741711147,0.16500288844254543,0.17191263330078035,0.16396401074248454,0.021870567317559743,3,0.007429183708265366,24,0.039175926681369586,48,Transportation,6,0.031809331118123604,4,0.01769637640025622,23,0.0488290108541233,Other Airport Operations,Transportation and Warehousing,Support Activities for Transportation,Support Activities for Air Transportation,Airport Operations
331314,24,-0.005032815175536967,23,0.00016284422650035836,24,0.01352527029248754,24,-0.008344083680680082,23,0.10979031565244603,0.11885492825119341,0.12759385239694007,0.10928223595771164,0.021869353973167624,3,0.01352527029248754,24,0.039173753263083054,33,Manufacturing - metals/machinery,6,0.007971645132085215,2,0.0033437717160862226,24,0.012236898199284406,Secondary Smelting and Alloying of Aluminum,Manufacturing,Primary Metal Manufacturing,Alumina and Aluminum Production and Processing,Alumina and Aluminum Production and Processing
485119,24,-0.004629856839796557,23,-0.007739231503358566,24,0.014107286773511538,24,-0.0021471092515633213,23,0.06019747794659943,0.062015123798607664,0.07931123265733304,0.06839276796903535,0.021846518276870106,3,0.014107286773511538,24,0.03913284853707024,48,Transportation,6,0.32224264317359474,4,0.18431330600409082,23,0.49465955328497385,Other Urban Transit Systems,Transportation and Warehousing,Transit and Ground Passenger Transportation,Urban Transit Systems,Urban Transit Systems
525190,24,-0.01491584267161416,16,-0.014930978797343574,17,0.0068823321643294326,22,0.0013944589370672236,16,0.0906203870369488,0.10589606706085719,0.12158044945317029,0.1215880188756757,0.021813310961673008,3,0.0068823321643294326,22,0.03907336551925194,52,Finance & insurance,6,0.17921023310931647,4,0.11231329557400092,23,0.27509721550476196,Other Insurance Funds,Finance and Insurance,"Funds, Trusts, and Other Financial Vehicles",Insurance and Employee Benefit Funds,Other Insurance Funds
311999,24,-0.012846075681420299,23,0.00014565665543278943,24,0.008848966412962532,24,0.00401794267533048,23,0.10890477102254666,0.1193275314274956,0.12945897852157898,0.1218924927897373,0.021695042094382833,3,0.008848966412962532,24,0.03886151493456553,31,Manufacturing - food/textiles,6,0.01229689973466813,4,0.004409964239203682,23,0.01887639348298235,All Other Miscellaneous Food Manufacturing,Manufacturing,Food Manufacturing,Other Food Manufacturing,All Other Food Manufacturing
424490,24,-0.0140316134176742,23,-0.0011113029867078582,24,0.007651801076501955,24,0.007598003773329831,23,0.10754503407093703,0.11680456007795281,0.1282866920583843,0.12446522188581192,0.021683414494176156,3,0.007651801076501955,24,0.038840686850567394,42,Wholesale trade,6,0.014622067173403953,2,0.005846695362271119,24,0.022445648859087942,Other Grocery and Related Products Merchant Wholesalers,Wholesale Trade,"Merchant Wholesalers, Nondurable Goods",Grocery and Related Product Merchant Wholesalers,Other Grocery and Related Products Merchant Wholesalers
337122,24,-0.010179861605175417,23,0.0034085627404635307,24,0.011396707269651503,24,-0.004700783596413778,23,0.13583490415133018,0.14960830466729755,0.15656457970233786,0.14072744019807515,0.02157656887482692,3,0.011396707269651503,24,0.038649298301332534,33,Manufacturing - metals/machinery,6,0.06904436916414133,1,0.03328299514558185,23,0.10598676969384908,Nonupholstered Wood Household Furniture Manufacturing,Manufacturing,Furniture and Related Product Manufacturing,Household and Institutional Furniture and Kitchen Cabinet Manufacturing,Household and Institutional Furniture Manufacturing
332813,24,-0.011263736389281387,23,0.002272248767221272,24,0.0102925265998091,24,-0.0008939028816733064,23,0.11364975855178133,0.1260740121303825,0.1339537681745411,0.1212484710190815,0.021556262989090486,3,0.0102925265998091,24,0.03861292513006266,33,Manufacturing - metals/machinery,6,0.03458344814713488,1,0.014328698486288932,23,0.0530874276695282,"Electroplating, Plating, Polishing, Anodizing, and Coloring",Manufacturing,Fabricated Metal Product Manufacturing,"Coating, Engraving, Heat Treating, and Allied Activities","Coating, Engraving, Heat Treating, and Allied Activities"
424410,24,-0.012285302996848947,23,-0.0003019265257342546,24,0.009190939919206756,24,0.003366516216278915,23,0.1105664097628755,0.12067822442724908,0.1313938921430912,0.1237276800205198,0.021476242916055703,3,0.009190939919206756,24,0.038469588175482086,42,Wholesale trade,6,0.012916197808875828,3,0.007673008147598123,24,0.019827048882655185,General Line Grocery Merchant Wholesalers,Wholesale Trade,"Merchant Wholesalers, Nondurable Goods",Grocery and Related Product Merchant Wholesalers,General Line Grocery Merchant Wholesalers
332311,24,-0.010242234633083002,23,0.0005221371265291356,24,0.011189181886622315,24,-0.001259830395649306,23,0.11862629746766039,0.12941932389510905,0.1391680760694994,0.12653846447064518,0.021431416519705315,3,0.011189181886622315,24,0.038389292333526365,33,Manufacturing - metals/machinery,6,0.013787480816581595,3,0.006017753013853007,24,0.021164514523862536,Prefabricated Metal Building and Component Manufacturing,Manufacturing,Fabricated Metal Product Manufacturing,Architectural and Structural Metals Manufacturing,Plate Work and Fabricated Structural Product Manufacturing
621512,24,-0.010322037874750202,23,-3.805575115566062e-05,24,-0.0006293647780685335,24,0.011024616828134015,23,0.10684718946851789,0.11119630929976437,0.11562154063332218,0.12130550152301704,0.021346654702884216,4,0.011024616828134015,23,0.03823746167120527,62,Health care & social assistance,6,0.01980110133452063,4,0.007230382388621065,23,0.03039574106089967,Diagnostic Imaging Centers,Health Care and Social Assistance,Ambulatory Health Care Services,Medical and Diagnostic Laboratories,Medical and Diagnostic Laboratories
337212,24,-0.005602096320678549,23,-0.009189511268624889,24,0.012133798226333281,24,0.0028683773786116378,23,0.14300796620792228,0.14173037497544594,0.15883180628021934,0.1516656411323262,0.02132330949495817,3,0.012133798226333281,24,0.038195644276128475,33,Manufacturing - metals/machinery,6,0.020395224266056968,3,0.008734143841057904,24,0.0313077512809493,Custom Architectural Woodwork and Millwork Manufacturing,Manufacturing,Furniture and Related Product Manufacturing,Office Furniture (including Fixtures) Manufacturing,Office Furniture (including Fixtures) Manufacturing
333111,24,-0.00932799280844711,23,0.002522697178383963,24,0.011938745673213026,24,-0.0055138211640592474,23,0.0787781866265813,0.09149331218118413,0.09916304337901904,0.08295528323042793,0.021266738481660136,3,0.011938745673213026,24,0.03809431074247682,33,Manufacturing - metals/machinery,6,0.012254691833771545,2,0.0066287947332116974,24,0.01881160211584056,Farm Machinery and Equipment Manufacturing,Manufacturing,Machinery Manufacturing,"Agriculture, Construction, and Mining Machinery Manufacturing",Agricultural Implement Manufacturing
441110,24,-0.010011093629017675,23,-0.0015111931997020649,24,0.011206494798103947,24,0.0002893793284334896,23,0.14664460742175342,0.155026123077848,0.16643002513334673,0.15542093759263756,0.021217588427121622,3,0.011206494798103947,24,0.038006270093826615,44,Retail trade - general,6,0.01872190973953308,3,0.009669921991416508,24,0.028739124707992395,New Car Dealers,Retail Trade,Motor Vehicle and Parts Dealers,Automobile Dealers,New Car Dealers
331512,24,-0.0018569522056743092,23,-0.0008017799240534069,24,0.011979634504993378,24,-0.009171013946630446,23,0.08174796952656792,0.08778244428354214,0.09542047888862315,0.07909924448371741,0.021150648451623823,3,0.011979634504993378,24,0.03788636302721619,33,Manufacturing - metals/machinery,6,0.01374889769653571,2,0.004577622955033843,24,0.021105287387632905,Steel Investment Foundries,Manufacturing,Primary Metal Manufacturing,Foundries,Ferrous Metal Foundries
812332,24,-0.010050568226166113,23,0.0004860389180701234,24,0.011071664859660468,24,-0.0011643533978888242,23,0.11823939975368929,0.12841616142952875,0.137620845269228,0.12468219938960627,0.02112223308582658,3,0.011071664859660468,24,0.03783546364857029,81,Other services,6,0.006926253769957751,3,0.0047766502707857665,24,0.010632166997028939,Industrial Launderers,Other Services (except Public Administration),Personal and Laundry Services,Drycleaning and Laundry Services,Linen and Uniform Supply
621610,24,-0.011735862899894112,23,-0.0027276564389136816,24,0.004810608451550665,24,0.009316425506808662,23,0.1828853268078082,0.1874397946226043,0.1974495753152278,0.19783813910474998,0.021052288406702774,4,0.009316425506808662,23,0.03771017436908707,62,Health care & social assistance,6,0.0388708833095275,4,0.016454750186689786,23,0.05966886810609053,Home Health Care Services,Health Care and Social Assistance,Ambulatory Health Care Services,Home Health Care Services,Home Health Care Services
524130,24,-0.010939795744370071,23,-6.679388701491395e-05,24,0.0011835862797551404,24,0.010084852676150275,23,0.05877219813496384,0.0642026355413033,0.0697666607216726,0.07296351334253162,0.021024648420520348,4,0.010084852676150275,23,0.03766066389885399,52,Finance & insurance,6,0.007962646158851974,2,0.0041916677864934455,24,0.01222308429794677,Reinsurance Carriers,Finance and Insurance,Insurance Carriers and Related Activities,Insurance Carriers,Reinsurance Carriers
322120,24,0.0032957782706097686,23,-0.00855814233091094,24,0.012429442867574877,24,-0.006512484674276292,23,0.051962611791874856,0.04821002592240506,0.06157372471475714,0.050078537771959475,0.020987585198485818,3,0.012429442867574877,24,0.03759427393978629,32,Manufacturing - paper/chemicals,6,0.027301277097511352,1,0.010327928115766265,23,0.0419089087656505,Paper Mills,Manufacturing,Paper Manufacturing,"Pulp, Paper, and Paperboard Mills",Paper Mills
325991,24,-0.003849912390962033,23,-0.0009102345757957582,24,0.0129010902618671,24,-0.008071882267908486,23,0.08516712708290079,0.09238825908976685,0.10142986024822447,0.08466928088294785,0.020972972529775584,3,0.0129010902618671,24,0.03756809881457353,32,Manufacturing - paper/chemicals,6,0.02581500387171016,1,0.010168213827253757,23,0.03962740051244834,Custom Compounding of Purchased Resins,Manufacturing,Chemical Manufacturing,Other Chemical Product and Preparation Manufacturing,All Other Chemical Product and Preparation Manufacturing
922140,24,-0.01276620003037092,23,0.003446729669559429,24,0.001119061831530241,24,0.00816480890132814,23,0.051840131790131395,0.06217295421084187,0.06561231729243347,0.0668135567109646,0.02093100893169906,4,0.00816480890132814,23,0.037492930995757394,92,Public administration,6,0.008014859681996934,1,0.0037210656850468976,23,0.012303234826070408,Correctional Institutions,Public Administration,"Justice, Public Order, and Safety Activities","Justice, Public Order, and Safety Activities",Correctional Institutions
561613,24,-0.014050848639283964,23,0.00396056786657392,24,0.003280281479873967,24,0.00679232576299121,23,0.1220164031167494,0.13413657981550717,0.13833562078111708,0.13597409878697905,0.020843174402275174,4,0.00679232576299121,23,0.037335596298635025,56,Administrative & waste services,6,0.013304152262795533,1,0.007323171369503991,23,0.020422579551659336,Armored Car Services,Administrative and Support and Waste Management and Remediation Services,Administrative and Support Services,Investigation and Security Services,"Investigation, Guard, and Armored Car Services"
325612,24,-0.008821323422772533,23,-0.004379738969955886,24,0.01174304483721937,24,0.0015692338468277299,23,0.07789446401529203,0.08358607581657888,0.09803716555777749,0.0890021656245374,0.020564368259991903,3,0.01174304483721937,24,0.036836181316398355,32,Manufacturing - paper/chemicals,6,0.019030057900221775,2,0.007768129645386053,24,0.02921214848290521,Polish and Other Sanitation Good Manufacturing,Manufacturing,Chemical Manufacturing,"Soap, Cleaning Compound, and Toilet Preparation Manufacturing",Soap and Cleaning Compound Manufacturing
423410,24,-0.005806664282088494,23,-0.004106701070753078,24,-0.005585928641301104,24,0.014726076007413443,23,0.10662885784515137,0.10242664150498586,0.10643782730632645,0.12162087039026925,0.020532740289501937,4,0.014726076007413443,23,0.03677952731949903,42,Wholesale trade,6,0.013705758404082464,3,0.006570482774225418,24,0.02103906628503831,Photographic Equipment and Supplies Merchant Wholesalers,Wholesale Trade,"Merchant Wholesalers, Durable Goods",Professional and Commercial Equipment and Supplies Merchant Wholesalers,Photographic Equipment and Supplies Merchant Wholesalers
335932,24,-0.005816191241082137,23,-0.0025168936842812034,24,0.014561866564733503,24,-0.0059482301651184585,23,0.06911018192872606,0.07672039071996001,0.08936438687975638,0.07288464991008572,0.020510096729851962,3,0.014561866564733503,24,0.03673896676065425,33,Manufacturing - metals/machinery,6,0.011554794968392628,2,0.006173738370765412,24,0.017737223295693588,Noncurrent-Carrying Wiring Device Manufacturing,Manufacturing,"Electrical Equipment, Appliance, and Component Manufacturing",Other Electrical Equipment and Component Manufacturing,Wiring Device Manufacturing
513210,24,-0.010260902669187779,23,-0.0015094481919807566,24,0.0018477276823671768,24,0.010241598073338276,23,0.07009073401613253,0.07439867892185913,0.08172552021154726,0.08535690613650104,0.020502500742526054,4,0.010241598073338276,23,0.03672536035354869,51,Information,6,0.021914212613958775,3,0.006869029237809428,24,0.03363947898221884,Software Publishers,Information,Publishing Industries,Software Publishers,Software Publishers
721120,24,-0.010323614878485396,23,-0.0010498673696672921,24,0.01014421772453501,24,0.0009836157044417922,23,0.10130392129097858,0.11022595652804312,0.12124772650444227,0.11198106103177141,0.020467832603020406,3,0.01014421772453501,24,0.03666326061595467,72,Accommodation & food services,6,0.014394283699958606,3,0.006932613148491043,24,0.022095989142700015,Casino Hotels,Accommodation and Food Services,Accommodation,Traveler Accommodation,Casino Hotels
516210,24,-0.00777859468457332,23,-0.004191006248873354,24,-0.00026189532858280376,24,0.012586759254707128,23,0.09793477517844167,0.0967289105129433,0.10390505834519165,0.1116049968346056,0.020365353939280448,4,0.012586759254707128,23,0.03647969443046034,51,Information,6,0.021830436808349885,3,0.007699118945483534,24,0.033510878676031995,"Media Streaming Distribution Services, Social Networks, and Other Media Networks and Content Providers",Information,Broadcasting and Content Providers,"Media Streaming Distribution Services, Social Networks, and Other Media Networks and Content Providers","Media Streaming Distribution Services, Social Networks, and Other Media Networks and Content Providers"
213112,24,-0.011989829226594731,23,0.008338135181014353,24,-0.00188702731842149,24,0.005753264579598621,23,0.18701120067098476,0.20027576984073195,0.1968640686484505,0.197226422093012,0.020327964407609082,2,0.008338135181014353,24,0.03641271996518289,21,"Mining, quarrying, oil & gas",6,0.01816220408274128,3,0.01021350452879402,24,0.027879946830623274,Support Activities for Oil and Gas Operations,"Mining, Quarrying, and Oil and Gas Extraction",Support Activities for Mining,Support Activities for Mining,Support Activities for Mining
423210,24,-0.012173448042495247,23,-0.0032301476458741624,24,0.008146242834968133,24,0.007279036076647106,23,0.11163790514808354,0.11776406350515484,0.13035051715397447,0.12664448513285784,0.02031969087746338,3,0.008146242834968133,24,0.03639789990104473,42,Wholesale trade,6,0.01806865782387057,3,0.005528206991975111,24,0.02773634836032542,Furniture Merchant Wholesalers,Wholesale Trade,"Merchant Wholesalers, Durable Goods",Furniture and Home Furnishing Merchant Wholesalers,Furniture Merchant Wholesalers
313310,24,-0.009351034887510984,23,-0.0014121524327866963,24,0.010892635544020979,24,8.509075617903267e-05,23,0.12060172033942408,0.12891904656799977,0.14006067766214886,0.129417037668256,0.02024367043153196,3,0.010892635544020979,24,0.036261727328433725,31,Manufacturing - food/textiles,6,0.07125872272372055,1,0.031561364894786136,23,0.10938591988641491,Textile and Fabric Finishing Mills,Manufacturing,Textile Mills,Textile and Fabric Finishing and Fabric Coating Mills,Textile and Fabric Finishing Mills
449110,24,-0.012517826646356362,23,6.107429267325955e-05,24,0.0077097973978425315,24,0.005010410271364534,23,0.15430592412427002,0.16370009710834033,0.1729721215070641,0.16682455111010283,0.020227624044198894,3,0.0077097973978425315,24,0.036232984036843094,44,Retail trade - general,6,0.008187825680948477,1,0.004670117034903681,23,0.01256874681086619,Furniture Retailers,Retail Trade,"Furniture, Home Furnishings, Electronics, and Appliance Retailers",Furniture and Home Furnishings Retailers,Furniture Retailers
332999,24,-0.00783728300678486,23,-0.002839088026732249,24,0.012315039911771228,24,-0.001123828796174794,23,0.10122524932874906,0.10831635502703722,0.12108563677878985,0.10922483870700002,0.020152322918556086,3,0.012315039911771228,24,0.036098099955677136,33,Manufacturing - metals/machinery,6,0.013866152491054683,2,0.006387628675832133,24,0.02128527971796527,All Other Miscellaneous Fabricated Metal Product Manufacturing,Manufacturing,Fabricated Metal Product Manufacturing,Other Fabricated Metal Product Manufacturing,All Other Fabricated Metal Product Manufacturing
325620,24,-0.0038892764877510146,23,-0.007152032212456573,24,0.012926141829090307,24,-0.00238657898183849,23,0.08938833060463662,0.09041976456418559,0.10575526294864772,0.09523847767492923,0.02007817404154688,3,0.012926141829090307,24,0.03596527985425772,32,Manufacturing - paper/chemicals,6,0.01412335536947943,2,0.004844786589080945,24,0.021680099781791078,Toilet Preparation Manufacturing,Manufacturing,Chemical Manufacturing,"Soap, Cleaning Compound, and Toilet Preparation Manufacturing",Toilet Preparation Manufacturing
484122,24,-0.00915769698415798,23,-0.005899921712282689,24,0.005649246347521417,24,0.010887564082356705,23,0.10335322572395023,0.10457104644389202,0.11758871058839919,0.11930788203786351,0.020045261066514684,4,0.010887564082356705,23,0.03590632407693356,48,Transportation,6,0.02111493539629702,3,0.011761398865807219,24,0.03241254604886889,"General Freight Trucking, Long-Distance, Less Than Truckload",Transportation and Warehousing,Truck Transportation,General Freight Trucking,"General Freight Trucking, Long-Distance"
331313,24,0.00047795756547942884,23,-0.01312873836031582,24,0.006442663111528766,24,0.006902915385548627,23,0.0904404263224663,0.08043184124000077,0.09668073287816686,0.10004429829327545,0.020031653745864447,4,0.006902915385548627,23,0.03588194979398135,33,Manufacturing - metals/machinery,6,0.06618127253354938,3,0.026550058694720376,24,0.10159176446936245,Alumina Refining and Primary Aluminum Production,Manufacturing,Primary Metal Manufacturing,Alumina and Aluminum Production and Processing,Alumina and Aluminum Production and Processing
311919,24,-0.005052994571480892,23,-0.005246153677646259,24,0.014739028496188314,24,-0.004619104849834994,23,0.09476744769843974,0.10009601136284058,0.1159168823825339,0.10225969640985061,0.019985182173834572,3,0.014739028496188314,24,0.035798707010555764,31,Manufacturing - food/textiles,6,0.035117999284590494,2,0.014920037982995802,24,0.05390799202518774,Other Snack Food Manufacturing,Manufacturing,Food Manufacturing,Other Food Manufacturing,Snack Food Manufacturing
423620,24,-0.011271747741837682,23,0.00044847576390377616,24,0.001800513727492109,24,0.00869807906331206,23,0.09690263674257238,0.10333337669652239,0.10886716512266485,0.1107999260938231,0.01996982680514974,4,0.00869807906331206,23,0.03577120151474362,42,Wholesale trade,6,0.010149182871689156,3,0.0038150868637955027,24,0.015579534154989973,"Household Appliances, Electric Housewares, and Consumer Electronics Merchant Wholesalers",Wholesale Trade,"Merchant Wholesalers, Durable Goods",Household Appliances and Electrical and Electronic Goods Merchant Wholesalers,"Household Appliances, Electric Housewares, and Consumer Electronics Merchant Wholesalers"
423310,24,-0.010096114277514811,23,-0.0033765066717769566,24,0.00985646677685041,24,0.003738115481868764,23,0.10675992853283583,0.11261122342734625,0.12521553166541058,0.1181069063497741,0.01995258105436522,3,0.00985646677685041,24,0.035740309848400924,42,Wholesale trade,6,0.018990918541428436,3,0.008334616442346662,24,0.029152067490687977,"Lumber, Plywood, Millwork, and Wood Panel Merchant Wholesalers",Wholesale Trade,"Merchant Wholesalers, Durable Goods",Lumber and Other Construction Materials Merchant Wholesalers,"Lumber, Plywood, Millwork, and Wood Panel Merchant Wholesalers"
622310,24,-0.00978052298293825,23,-0.0020156164821258787,24,0.010147098923969285,24,0.0020811054292173502,23,0.07497263513115422,0.08289535720844783,0.09484931224999321,0.08650906944360003,0.019927621906907535,3,0.010147098923969285,24,0.03569560146399396,62,Health care & social assistance,6,0.026229477511648634,4,0.012133215050231065,23,0.04026363953891982,Specialty (except Psychiatric and Substance Abuse) Hospitals,Health Care and Social Assistance,Hospitals,Specialty (except Psychiatric and Substance Abuse) Hospitals,Specialty (except Psychiatric and Substance Abuse) Hospitals
488999,24,-0.012947432924352931,23,0.0005296881774511011,24,0.00470966029375731,24,0.006961187237250752,23,0.16526742046136608,0.1743103155750493,0.18229383433383037,0.1808580325050968,0.019908620161603684,4,0.006961187237250752,23,0.035661564350551365,48,Transportation,6,0.04161343181150487,4,0.01691875862074573,23,0.06387882555768601,All Other Support Activities for Transportation,Transportation and Warehousing,Support Activities for Transportation,Other Support Activities for Transportation,Other Support Activities for Transportation
323120,24,-0.007865431832302145,23,-0.005327650638676092,24,0.01196373154901175,24,0.0013209198304298066,23,0.10528684717207566,0.10922929411634158,0.12382704233795967,0.11449732746155429,0.019829163381313894,3,0.01196373154901175,24,0.0355192364011309,32,Manufacturing - paper/chemicals,6,0.056361948585272555,1,0.025411989815866082,23,0.08651858126189219,Support Activities for Printing,Manufacturing,Printing and Related Support Activities,Printing and Related Support Activities,Support Activities for Printing
334510,24,-0.012322527186468406,23,0.00010463592163238403,24,0.004800487321936657,24,0.007415501923466497,23,0.05304971138187561,0.06131191706570971,0.06936485090627904,0.06781681010297508,0.019738029109934906,4,0.007415501923466497,23,0.03535599100004628,33,Manufacturing - metals/machinery,6,0.009474805774494317,3,0.00436287303083463,24,0.014544329532911727,Electromedical and Electrotherapeutic Apparatus Manufacturing,Manufacturing,Computer and Electronic Product Manufacturing,"Navigational, Measuring, Electromedical, and Control Instruments Manufacturing","Navigational, Measuring, Electromedical, and Control Instruments Manufacturing"
423140,24,-0.012222618925138163,23,0.003277462719314786,24,0.007510662357777846,24,0.0015094971845881857,23,0.12630336754694718,0.13851395142988912,0.1441696098742015,0.13480394360295817,0.01973328128291601,3,0.007510662357777846,24,0.03534748639563948,42,Wholesale trade,6,0.023350966404588294,3,0.00798490165756309,24,0.03584497227526643,Motor Vehicle Parts (Used) Merchant Wholesalers,Wholesale Trade,"Merchant Wholesalers, Durable Goods",Motor Vehicle and Motor Vehicle Parts and Supplies Merchant Wholesalers,Motor Vehicle Parts (Used) Merchant Wholesalers
423710,24,-0.009048785351078836,23,-0.0023365380350712697,24,0.010636393441525893,24,0.0006353732045063003,23,0.08481428549012915,0.09180362056732254,0.10346603171465847,0.09385565597894263,0.01968517879260473,3,0.010636393441525893,24,0.035261322209486294,42,Wholesale trade,6,0.01319370578213102,2,0.006026549425522697,24,0.020253038344296617,Hardware Merchant Wholesalers,Wholesale Trade,"Merchant Wholesalers, Durable Goods","Hardware, and Plumbing and Heating Equipment and Supplies Merchant Wholesalers",Hardware Merchant Wholesalers
336211,24,-0.007405368391928226,23,0.0015362773267902456,24,0.012104201939150641,24,-0.006830872659628849,23,0.09601469453321798,0.10723891698492259,0.1153905847830467,0.0993338487028695,0.019509570331078866,3,0.012104201939150641,24,0.03494676136095075,33,Manufacturing - metals/machinery,6,0.014431692072929405,3,0.005272614152469278,24,0.022153412979845258,Motor Vehicle Body Manufacturing,Manufacturing,Transportation Equipment Manufacturing,Motor Vehicle Body and Trailer Manufacturing,Motor Vehicle Body and Trailer Manufacturing
327910,24,-0.003002455158901257,23,-0.002456625145151606,24,0.012552382647269213,24,-0.006831828387808352,23,0.07578823695211609,0.08079359985388036,0.09071221304594784,0.0755260609434769,0.019384211035077564,3,0.012552382647269213,24,0.034722209957337546,32,Manufacturing - paper/chemicals,6,0.0235869858589461,1,0.009614878878800826,23,0.03620727465930038,Abrasive Product Manufacturing,Manufacturing,Nonmetallic Mineral Product Manufacturing,Other Nonmetallic Mineral Product Manufacturing,Abrasive Product Manufacturing
111411,24,-0.004473095450018688,23,-0.0012218126086563988,24,-0.006482441606985895,24,0.012841563746536666,23,0.17115471309985605,0.16821401911642422,0.1677169503503052,0.18018476479815795,0.01932400535352256,4,0.012841563746536666,23,0.0346143657788051,11,"Agriculture, forestry, fishing",6,0.01750757746083318,1,0.006103550582869594,23,0.026875060235936707,Mushroom Production,"Agriculture, Forestry, Fishing and Hunting",Crop Production,"Greenhouse, Nursery, and Floriculture Production",Food Crops Grown Under Cover
488390,24,-0.0072893500634844096,23,-0.008106425514932807,24,0.011077668058110569,24,0.004889927378941314,23,0.18169531656772162,0.18238777362529998,0.19929308171274399,0.19404305368396688,0.019184093573043376,3,0.011077668058110569,24,0.03436374705573651,48,Transportation,6,0.023947570859553416,2,0.014061629332995401,24,0.03676079176543208,Other Support Activities for Water Transportation,Transportation and Warehousing,Support Activities for Transportation,Support Activities for Water Transportation,Other Support Activities for Water Transportation
339950,24,-0.008293843952404314,23,-0.004809205856169795,24,0.010877461617501949,24,0.0024468321278904473,23,0.1238195388565058,0.1277115735040158,0.1412220198638654,0.1329775429887111,0.01917130556990626,3,0.010877461617501949,24,0.034340840385505854,33,Manufacturing - metals/machinery,6,0.01670368518325921,2,0.005809860712208519,24,0.025641042940777663,Sign Manufacturing,Manufacturing,Miscellaneous Manufacturing,Other Miscellaneous Manufacturing,Sign Manufacturing
811121,24,-0.010314684327758615,23,-0.0007369791150471401,24,0.00877334633459898,24,0.0022658490929404074,23,0.14475620646656032,0.15254604869303803,0.16180984914961002,0.15352695693698404,0.019088030662357595,3,0.00877334633459898,24,0.03419167316797762,81,Other services,6,0.015250371336957589,3,0.006002846543374699,24,0.023410129083708934,"Automotive Body, Paint, and Interior Repair and Maintenance",Other Services (except Public Administration),Repair and Maintenance,Automotive Repair and Maintenance,"Automotive Body, Paint, Interior, and Glass Repair"
331222,24,-0.011993596047451706,23,0.0032689720153582682,24,0.007049598976957817,24,0.0021348121242497245,23,0.08296678010532811,0.09566332795572748,0.10182193177541028,0.0938813376411775,0.019043195024409522,3,0.007049598976957817,24,0.034111360771894694,33,Manufacturing - metals/machinery,6,0.031196543531136385,1,0.01372301696535212,23,0.047888349397736285,Steel Wire Drawing,Manufacturing,Primary Metal Manufacturing,Steel Product Manufacturing from Purchased Steel,Rolling and Drawing of Purchased Steel
922190,24,-0.006732363178616483,23,-0.0059368373318323155,24,0.012305201261685156,24,0.00042880083593121527,23,0.04339434627598021,0.04688737112144869,0.062254070630581804,0.05301036761634461,0.01903756444030164,3,0.012305201261685156,24,0.03410127491783427,92,Public administration,6,0.014608861917758315,2,0.00961110887676469,24,0.022425378091090402,"Other Justice, Public Order, and Safety Activities",Public Administration,"Justice, Public Order, and Safety Activities","Justice, Public Order, and Safety Activities","Other Justice, Public Order, and Safety Activities"
336120,24,-0.011230025915546189,23,0.0008232948032467317,24,0.0031641973263707296,24,0.007789858241234846,23,0.06648880916713952,0.07419196048092659,0.08024852218822016,0.0799766892427723,0.019019884156781033,4,0.007789858241234846,23,0.03406960488930451,33,Manufacturing - metals/machinery,6,0.019607525101620775,2,0.01026846252113787,24,0.03009859127355372,Heavy Duty Truck Manufacturing,Manufacturing,Transportation Equipment Manufacturing,Motor Vehicle Manufacturing,Heavy Duty Truck Manufacturing
488410,24,-0.01164396062848173,23,-0.0007234474992980645,24,0.004744726316140157,24,0.007369139539926276,23,0.2093084296681158,0.21527198296300468,0.2226824312564897,0.2206034269176944,0.019013100168408008,4,0.007369139539926276,23,0.03405745298545812,48,Transportation,6,0.019342131258894554,3,0.01124604223808568,24,0.029691197644968026,Motor Vehicle Towing,Transportation and Warehousing,Support Activities for Transportation,Support Activities for Road Transportation,Motor Vehicle Towing
424340,24,-0.008795038058542285,23,-0.008949572126567473,24,0.010050333476149238,24,0.007608905553100084,23,0.10653425097836162,0.10602986729154618,0.12342462785786568,0.12071872147188671,0.01899990560271671,3,0.010050333476149238,24,0.03403381805497784,42,Wholesale trade,6,0.019843591835347504,4,0.00967755980329101,23,0.03046096623392729,Footwear Merchant Wholesalers,Wholesale Trade,"Merchant Wholesalers, Nondurable Goods","Apparel, Piece Goods, and Notions Merchant Wholesalers",Footwear Merchant Wholesalers
311920,24,-0.011027290640164002,23,-0.0009326936226730012,24,0.007898902189760037,24,0.004169742322393582,23,0.09485850489148982,0.10337868820620037,0.11376425876625691,0.10835202494679337,0.01892619282992404,3,0.007898902189760037,24,0.03390177913067945,31,Manufacturing - food/textiles,6,0.018986981662027745,4,0.009470059278239285,23,0.029146024171943744,Coffee and Tea Manufacturing,Manufacturing,Food Manufacturing,Other Food Manufacturing,Coffee and Tea Manufacturing
327420,24,-0.008284750833632839,23,-0.004330848327137112,24,0.01055886220406825,24,0.001657575504724612,23,0.07474115138195862,0.0793963155844974,0.09271317644131043,0.08491231288998692,0.018843613037701087,3,0.01055886220406825,24,0.03375385704715437,32,Manufacturing - paper/chemicals,6,0.0226753770620274,2,0.009905683215419186,24,0.034807906792237754,Gypsum Product Manufacturing,Manufacturing,Nonmetallic Mineral Product Manufacturing,Lime and Gypsum Product Manufacturing,Gypsum Product Manufacturing
622210,24,-0.009522776747696898,23,0.000919902477574701,24,0.009306224278482633,24,-0.0010311503723813263,23,0.08360448444640235,0.0937549355828529,0.10206558176415405,0.09176377938848994,0.01882900102617953,3,0.009306224278482633,24,0.03372768309913902,62,Health care & social assistance,6,0.006900916431082916,1,0.0023220046046808856,23,0.010593272837628367,Psychiatric and Substance Abuse Hospitals,Health Care and Social Assistance,Hospitals,Psychiatric and Substance Abuse Hospitals,Psychiatric and Substance Abuse Hospitals
212313,24,-0.009494748499139161,23,-0.0017007163963102567,24,0.009312254214645276,24,0.002747029819633665,23,0.06494234078745191,0.07278798909132568,0.08403507018781997,0.07665764285502369,0.018807002713784438,3,0.009312254214645276,24,0.03368827834749309,21,"Mining, quarrying, oil & gas",6,0.025643008587697587,2,0.015909441435418382,24,0.03936337862658345,Crushed and Broken Granite Mining and Quarrying,"Mining, Quarrying, and Oil and Gas Extraction",Mining (except Oil and Gas),Nonmetallic Mineral Mining and Quarrying,Stone Mining and Quarrying
326140,24,-0.005211697313032486,23,-0.000589059342780081,24,0.012596372454321209,24,-0.00619256736209586,23,0.10019269068813207,0.10858980090313763,0.11816502980370337,0.1025475137956267,0.01878893981641707,3,0.012596372454321209,24,0.0336559229571348,32,Manufacturing - paper/chemicals,6,0.010361573134962913,3,0.006894139279055314,24,0.015905564477104967,Polystyrene Foam Product Manufacturing,Manufacturing,Plastics and Rubber Products Manufacturing,Plastics Product Manufacturing,Polystyrene Foam Product Manufacturing
337211,24,-0.004501488425966856,23,-0.002379863175708636,24,0.012818174835658133,24,-0.005888728032997368,23,0.09310260793484798,0.09897242503861226,0.10960196849379379,0.09459516227765907,0.0187069028686555,3,0.012818174835658133,24,0.033508973250526576,33,Manufacturing - metals/machinery,6,0.04478445532880815,1,0.018040748223971306,23,0.06874651488979089,Wood Office Furniture Manufacturing,Manufacturing,Furniture and Related Product Manufacturing,Office Furniture (including Fixtures) Manufacturing,Office Furniture (including Fixtures) Manufacturing
336415,24,-0.00593850460894676,23,0.008682010813009355,24,0.008278261470361111,24,-0.010020325621876141,23,0.04041403119079768,0.05673461167166541,0.055691170526514434,0.03809120644064122,0.018702336434885496,2,0.008682010813009355,24,0.03350079356904089,33,Manufacturing - metals/machinery,6,0.022525784714728755,4,0.012290274958646276,23,0.034578274602776925,Guided Missile and Space Vehicle Propulsion Unit and Propulsion Unit Parts Manufacturing,Manufacturing,Transportation Equipment Manufacturing,Aerospace Product and Parts Manufacturing,Aerospace Product and Parts Manufacturing
313230,24,-0.011032832205519774,23,0.0003397114337800912,24,0.007604400885514282,24,0.002466406871123377,23,0.08674063112864226,0.09623426485710189,0.10504847571800131,0.09865388480787218,0.018637233091034055,3,0.007604400885514282,24,0.03338417639179061,31,Manufacturing - food/textiles,6,0.019893371393970825,1,0.007625173087161915,23,0.03053738049738053,Nonwoven Fabric Mills,Manufacturing,Textile Mills,Fabric Mills,Nonwoven Fabric Mills
221121,24,0.008426244994854363,23,-0.00814465508769865,24,0.009261696010554902,24,-0.00937442046816524,23,0.04588326656059762,0.03797552476994576,0.04635709315469119,0.03621526951832683,0.01863611647872014,3,0.009261696010554902,24,0.0333821762460465,22,Utilities,6,0.014404118747191469,2,0.004395597435866201,24,0.022111086461983495,Electric Bulk Power Transmission and Control,Utilities,Utilities,"Electric Power Generation, Transmission and Distribution","Electric Power Transmission, Control, and Distribution"
311511,24,-0.00883283706717025,23,-0.0013535755182434246,24,0.009797267958534682,24,0.0004999659587530379,23,0.07345862149003676,0.08119600850595281,0.0916405465583557,0.08249054869368924,0.018630105025704932,3,0.009797267958534682,24,0.03337140815580208,31,Manufacturing - food/textiles,6,0.008602704484193889,2,0.00504404241939356,24,0.013205607784509037,Fluid Milk Manufacturing,Manufacturing,Food Manufacturing,Dairy Product Manufacturing,Dairy Product (except Frozen) Manufacturing
811430,24,-0.005605702950160719,23,0.0016163266327962947,24,-0.007556807970819132,24,0.01095694768770596,23,0.13872918551639782,0.1374513558220387,0.13294087286208703,0.1435440058437736,0.018513755658525092,4,0.01095694768770596,23,0.03316299589964622,81,Other services,6,0.025973090752583243,1,0.013016146310111373,23,0.039870072261608394,Footwear and Leather Goods Repair,Other Services (except Public Administration),Repair and Maintenance,Personal and Household Goods Repair and Maintenance,Footwear and Leather Goods Repair
327110,24,-0.002959016411216897,23,-0.009721454790711763,24,0.004543611002565656,24,0.008790750689522923,23,0.1132452613981041,0.10687880499333692,0.11995525816999326,0.12394448934151826,0.018512205480234686,4,0.008790750689522923,23,0.03316021912343524,32,Manufacturing - paper/chemicals,6,0.016984566422278635,1,0.0070017906269762955,23,0.026072210544329844,"Pottery, Ceramics, and Plumbing Fixture Manufacturing",Manufacturing,Nonmetallic Mineral Product Manufacturing,Clay Product and Refractory Manufacturing,"Pottery, Ceramics, and Plumbing Fixture Manufacturing"
424690,24,-0.008028101100513477,23,-0.002375331986880016,24,0.00012286274858115676,24,0.010479725663822118,23,0.07948326018209474,0.08074153202890762,0.08675046784948053,0.09251367817289113,0.018507826764335593,4,0.010479725663822118,23,0.03315237569392879,42,Wholesale trade,6,0.012547644570089103,3,0.006368294177706707,24,0.019261300108177313,Other Chemical and Allied Products Merchant Wholesalers,Wholesale Trade,"Merchant Wholesalers, Nondurable Goods",Chemical and Allied Products Merchant Wholesalers,Other Chemical and Allied Products Merchant Wholesalers
325193,24,-0.007814816173646894,23,-0.005841384908547769,24,0.01064334397587175,24,0.001617069194330899,23,0.05889622805572544,0.061084016149881015,0.07495457406113214,0.06753844402063976,0.018458160149518642,3,0.01064334397587175,24,0.03306340975023246,32,Manufacturing - paper/chemicals,6,0.041095262913542735,4,0.016950233645666394,23,0.0630834088087797,Ethyl Alcohol Manufacturing,Manufacturing,Chemical Manufacturing,Basic Chemical Manufacturing,Other Basic Organic Chemical Manufacturing
339940,24,-0.003447236414154105,23,-0.005576240718597737,24,0.012867928340939265,24,-0.004010434981343312,23,0.08258446311764336,0.08464334877867487,0.09785471587690187,0.08533022629325032,0.018444169059537004,3,0.012867928340939265,24,0.03303834803567543,33,Manufacturing - metals/machinery,6,0.028130013856242475,1,0.010240135164787414,23,0.04318106365746578,Office Supplies (except Paper) Manufacturing,Manufacturing,Miscellaneous Manufacturing,Other Miscellaneous Manufacturing,Office Supplies (except Paper) Manufacturing
331318,24,-0.007881160291135988,23,7.055886325285411e-05,24,0.010508781830594208,24,-0.0028153463264712552,23,0.08784429024790992,0.0970305852921286,0.10607576260984157,0.09410337626636611,0.018389942121730195,3,0.010508781830594208,24,0.03294121335650462,33,Manufacturing - metals/machinery,6,0.025806887855482526,1,0.009413360908494959,23,0.03961494199695804,"Other Aluminum Rolling, Drawing, and Extruding",Manufacturing,Primary Metal Manufacturing,Alumina and Aluminum Production and Processing,Alumina and Aluminum Production and Processing
332510,24,-0.0033476791049549767,23,-0.005370966969553868,24,0.013013432282543709,24,-0.0045358519516064425,23,0.0763239269518718,0.0785044338738225,0.09142687473488091,0.0783224510308519,0.018384399252097578,3,0.013013432282543709,24,0.032931284622092806,33,Manufacturing - metals/machinery,6,0.025370959689320433,1,0.01018526512768149,23,0.038945769134501367,Hardware Manufacturing,Manufacturing,Fabricated Metal Product Manufacturing,Hardware Manufacturing,Hardware Manufacturing
335220,24,-0.01228422151321557,23,0.006032507000081237,24,0.004425940650278654,24,0.0021455564810842404,23,0.06567045676189148,0.08008060059555146,0.08242573042904895,0.07591897896198914,0.01831672851329681,2,0.006032507000081237,24,0.03281006856659503,33,Manufacturing - metals/machinery,6,0.021558888896853673,3,0.007831408975892759,24,0.033094038225391136,Major Household Appliance Manufacturing,Manufacturing,"Electrical Equipment, Appliance, and Component Manufacturing",Household Appliance Manufacturing,Major Household Appliance Manufacturing
812111,24,-0.004087075694211496,23,-0.008006685606023287,24,0.0023295386668534973,24,0.01030626391918358,23,0.1799920195778498,0.17508135986254683,0.18618407135929052,0.1926277055223272,0.018312949525206866,4,0.01030626391918358,23,0.03280329940701212,81,Other services,6,0.04588053692400232,4,0.016007699255725354,23,0.07042905828908441,Barber Shops,Other Services (except Public Administration),Personal and Laundry Services,Personal Care Services,"Hair, Nail, and Skin Care Services"
321212,24,-0.009036071000325906,23,-0.002872665451896752,24,0.009240654367770768,24,0.002726656443361344,23,0.07812471428054778,0.08437206647521482,0.09636474957367537,0.0898761239365944,0.018276725368096672,3,0.009240654367770768,24,0.03273841243346279,32,Manufacturing - paper/chemicals,6,0.020867150722013228,3,0.008948967725578757,24,0.032032183428065616,Softwood Veneer and Plywood Manufacturing,Manufacturing,Wood Product Manufacturing,"Veneer, Plywood, and Engineered Wood Product Manufacturing","Veneer, Plywood, and Engineered Wood Product Manufacturing"
315250,24,-0.011445877452245573,23,0.0002128916701715789,24,0.004501330235942391,24,0.006815922719988003,23,0.13293505986874618,0.14013217787552232,0.14690351254195536,0.1446721867365036,0.018261800172233576,4,0.006815922719988003,23,0.03271167749008671,31,Manufacturing - food/textiles,6,0.07126757059096607,1,0.03157903642516953,23,0.10939950183204473,Cut and Sew Apparel Manufacturing (except Contractors),Manufacturing,Apparel Manufacturing,Cut and Sew Apparel Manufacturing,Cut and Sew Apparel Manufacturing (except Contractors)
332117,24,-0.0013133626076776658,23,-0.0030873755473420483,24,0.011376415329586144,24,-0.006777434996099161,23,0.07544272560336988,0.07882734584516535,0.08838671718164488,0.07519325785895216,0.018153850325685304,3,0.011376415329586144,24,0.03251831098009935,33,Manufacturing - metals/machinery,6,0.02473834841721132,1,0.012497681767870607,23,0.03797467726974169,Powder Metallurgy Part Manufacturing,Manufacturing,Fabricated Metal Product Manufacturing,Forging and Stamping,Forging and Stamping
423850,24,-0.010745128429968274,23,-0.0025678764408683225,24,0.006387677852584934,24,0.007312498714762352,23,0.10617837552997134,0.11150054398187097,0.12195846531550723,0.11964103094397362,0.018057627144730626,4,0.007312498714762352,23,0.032345950006220904,42,Wholesale trade,6,0.015663363661414353,3,0.006221780794594123,24,0.02404409421232741,Service Establishment Equipment and Supplies Merchant Wholesalers,Wholesale Trade,"Merchant Wholesalers, Durable Goods","Machinery, Equipment, and Supplies Merchant Wholesalers",Service Establishment Equipment and Supplies Merchant Wholesalers
339930,24,-0.00550863226847987,23,-0.006653280110819938,24,0.0013944126647506452,24,0.011400176507579253,23,0.1201230818107399,0.11648089343058869,0.12614526527207734,0.13302081178406472,0.018053456618399192,4,0.011400176507579253,23,0.032338479498876006,33,Manufacturing - metals/machinery,6,0.020042950106211557,1,0.00844315666051407,23,0.030766991756304082,"Doll, Toy, and Game Manufacturing",Manufacturing,Miscellaneous Manufacturing,Other Miscellaneous Manufacturing,"Doll, Toy, and Game Manufacturing"
513110,24,-0.009638214912258242,23,0.0005098729182484279,24,0.008335528723867483,24,0.000886639809095581,23,0.09560807865597731,0.10469388646444265,0.11275994843641109,0.1041549529606446,0.017973743636125725,3,0.008335528723867483,24,0.032195692624454535,51,Information,6,0.06573573917184003,1,0.032400828919972736,23,0.10090784712215407,Newspaper Publishers,Information,Publishing Industries,"Newspaper, Periodical, Book, and Directory Publishers",Newspaper Publishers
333924,24,-0.003705723161543156,23,-0.0005004253160078983,24,0.010830043536469292,24,-0.007134865634286488,23,0.07528912388783406,0.081941434476679,0.0895945956975397,0.07558766984546185,0.01796490917075578,3,0.010830043536469292,24,0.032179867778094735,33,Manufacturing - metals/machinery,6,0.008623629254797833,4,0.0030210566635171135,23,0.013237728417512785,"Industrial Truck, Tractor, Trailer, and Stacker Machinery Manufacturing",Manufacturing,Machinery Manufacturing,Other General Purpose Machinery Manufacturing,Material Handling Equipment Manufacturing
221122,24,0.006722968874295504,23,-0.009078990595166878,24,0.008872620940025222,24,-0.00659825862406226,23,0.04441644537166234,0.0361249455294995,0.04599142687767041,0.03811266634579087,0.017951611535192098,3,0.008872620940025222,24,0.0321560482224191,22,Utilities,6,0.01995193983503475,2,0.010063807813287154,24,0.030627286161658714,Electric Power Distribution,Utilities,Utilities,"Electric Power Generation, Transmission and Distribution","Electric Power Transmission, Control, and Distribution"
423440,24,-0.011080169992057236,23,-0.0019295008075358242,24,0.0061840618919809485,24,0.006860107272828955,23,0.09733604640255776,0.10347222896681785,0.1134674131461496,0.11109447354151947,0.01794027726488619,4,0.006860107272828955,23,0.03213574556926686,42,Wholesale trade,6,0.010728888574256603,3,0.00515475229288274,24,0.01646941316369177,Other Commercial Equipment Merchant Wholesalers,Wholesale Trade,"Merchant Wholesalers, Durable Goods",Professional and Commercial Equipment and Supplies Merchant Wholesalers,Other Commercial Equipment Merchant Wholesalers
524128,24,-0.010925638455288678,23,-0.00046039061143015567,24,0.004691504734241929,24,0.007008891818918525,23,0.13704548178816417,0.14399971734350173,0.15187473412169958,0.1503667414314136,0.017934530274207203,4,0.007008891818918525,23,0.03212545120048303,52,Finance & insurance,6,0.030408118457195443,4,0.012684103120962922,23,0.046678075080739075,"Other Direct Insurance (except Life, Health, and Medical) Carriers",Finance and Insurance,Insurance Carriers and Related Activities,Insurance Carriers,"Direct Insurance (except Life, Health, and Medical) Carriers"
322230,24,-0.004098823296275185,23,-0.004951072833269106,24,0.01296467894177572,24,-0.0036777990951240816,23,0.0801522425504852,0.08350238708530483,0.09675467728666269,0.08407760960446908,0.017915751775044828,3,0.01296467894177572,24,0.03209181397947776,32,Manufacturing - paper/chemicals,6,0.04532269387361837,1,0.022802366515373457,23,0.06957273961136863,Stationery Product Manufacturing,Manufacturing,Paper Manufacturing,Converted Paper Product Manufacturing,Stationery Product Manufacturing
336992,24,0.010421610051431544,23,-0.005452697946127453,24,0.002611565301070815,24,-0.007490676432406236,23,0.07140756668374788,0.06211955507121263,0.06373693935093229,0.06013119302851031,0.017912286483837782,1,0.010421610051431544,23,0.032085606733351694,33,Manufacturing - metals/machinery,6,0.01743274505411142,4,0.0076471333016065336,23,0.026760188521517816,"Military Armored Vehicle, Tank, and Tank Component Manufacturing",Manufacturing,Transportation Equipment Manufacturing,Other Transportation Equipment Manufacturing,Other Transportation Equipment Manufacturing
325510,24,-0.0060176118610256275,23,-0.004312460237525892,24,0.011860221982712527,24,-0.0012769206170568507,23,0.06921989978178082,0.07361198796666331,0.08662899662659758,0.07592556132110678,0.017877833843738155,3,0.011860221982712527,24,0.03202389301175843,32,Manufacturing - paper/chemicals,6,0.02070684909669105,2,0.00793624426735603,24,0.031786111928676856,Paint and Coating Manufacturing,Manufacturing,Chemical Manufacturing,"Paint, Coating, and Adhesive Manufacturing",Paint and Coating Manufacturing
326121,24,-0.005460997100724227,23,0.00014629594290574768,24,0.011624832981886558,24,-0.0062177686950926105,23,0.08741012419536602,0.09547269702856219,0.10324267797594687,0.08776299295955843,0.017842601676979167,3,0.011624832981886558,24,0.03196078295330706,32,Manufacturing - paper/chemicals,6,0.017594372095777827,1,0.007660722562279029,23,0.02700829460531259,Unlaminated Plastics Profile Shape Manufacturing,Manufacturing,Plastics and Rubber Products Manufacturing,Plastics Product Manufacturing,"Plastics Pipe, Pipe Fitting, and Unlaminated Profile Shape Manufacturing"
327211,24,-0.012486329074314972,23,0.003968930426983288,24,0.0008512927233738317,24,0.005334951139929375,23,0.08425227078815432,0.09183719167314745,0.09148425170417403,0.08942872628845293,0.017821280214244346,4,0.005334951139929375,23,0.031922590617063075,32,Manufacturing - paper/chemicals,6,0.0069863073175015925,3,0.004447563034409925,24,0.01072435237854349,Flat Glass Manufacturing,Manufacturing,Nonmetallic Mineral Product Manufacturing,Glass and Glass Product Manufacturing,Glass and Glass Product Manufacturing
423420,24,-0.00850283551176479,23,0.0022484372915863495,24,-0.002989153021947659,24,0.00930950467091735,23,0.07549654084009902,0.08004803947733391,0.08010266353139611,0.08613559362935362,0.01781234018268214,4,0.00930950467091735,23,0.03190657667394378,42,Wholesale trade,6,0.039484985976783196,1,0.01886298321107537,23,0.060611548280458914,Office Equipment Merchant Wholesalers,Wholesale Trade,"Merchant Wholesalers, Durable Goods",Professional and Commercial Equipment and Supplies Merchant Wholesalers,Office Equipment Merchant Wholesalers
423730,24,-0.008950168522760846,23,-0.0011668853607631115,24,0.008741739619185852,24,0.0008035821338681595,23,0.07462633248570116,0.08132302242488298,0.090353483085591,0.08190046450792736,0.017691908141946697,3,0.008741739619185852,24,0.03169085127782425,42,Wholesale trade,6,0.017860214261697517,2,0.00818899258833819,24,0.02741637643378525,Warm Air Heating and Air-Conditioning Equipment and Supplies Merchant Wholesalers,Wholesale Trade,"Merchant Wholesalers, Durable Goods","Hardware, and Plumbing and Heating Equipment and Supplies Merchant Wholesalers",Warm Air Heating and Air-Conditioning Equipment and Supplies Merchant Wholesalers
334517,24,-0.0056265517166816745,23,-0.008056834674903528,24,0.009625494756764913,24,0.004082994952877114,23,0.05327345583118034,0.052574593137189284,0.06798939979300529,0.06415321693529145,0.01768232943166844,3,0.009625494756764913,24,0.03167369329348327,33,Manufacturing - metals/machinery,6,0.02544635332578104,2,0.01723016687232526,24,0.03906150236634444,Irradiation Apparatus Manufacturing,Manufacturing,Computer and Electronic Product Manufacturing,"Navigational, Measuring, Electromedical, and Control Instruments Manufacturing","Navigational, Measuring, Electromedical, and Control Instruments Manufacturing"
326299,24,-0.008977249655821154,23,0.0053281804170936,24,0.008693997583070073,24,-0.004428395958024117,23,0.08816854399199849,0.10227596514143973,0.10572702545669373,0.09179009060580763,0.017671247238891227,3,0.008693997583070073,24,0.03165384217735057,32,Manufacturing - paper/chemicals,6,0.02122003001466867,1,0.008541185911567774,23,0.03257387186367848,All Other Rubber Product Manufacturing,Manufacturing,Plastics and Rubber Products Manufacturing,Rubber Product Manufacturing,Other Rubber Product Manufacturing
322211,24,-0.004851430172179089,23,-0.0036145199945541947,24,0.012798035173859051,24,-0.004333444849635366,23,0.07658849004952492,0.08159801745917318,0.09383658485792984,0.08047908190896837,0.01764946534603814,3,0.012798035173859051,24,0.03161482508991046,32,Manufacturing - paper/chemicals,6,0.015146416379181387,1,0.006506400845072094,23,0.023250552708376036,Corrugated and Solid Fiber Box Manufacturing,Manufacturing,Paper Manufacturing,Converted Paper Product Manufacturing,Paperboard Container Manufacturing
331110,24,-0.0006126865727816904,23,-0.007169421914395578,24,0.010455858792405168,24,-0.0022373797382751067,23,0.06098664912637758,0.05938190565282773,0.07211600600806904,0.06393838877850001,0.017625280706800747,3,0.010455858792405168,24,0.03157150405301999,33,Manufacturing - metals/machinery,6,0.01566490986978893,1,0.006095216688432965,23,0.024046467724213736,Iron and Steel Mills and Ferroalloy Manufacturing,Manufacturing,Primary Metal Manufacturing,Iron and Steel Mills and Ferroalloy Manufacturing,Iron and Steel Mills and Ferroalloy Manufacturing
335131,24,-0.01063932552857786,23,0.006945020192460756,24,0.005240029616746963,24,-0.0007750807954246203,23,0.10510153335310694,0.11882252555089796,0.11865347736376748,0.10800436994314307,0.017584345721038615,2,0.006945020192460756,24,0.03149817874885047,33,Manufacturing - metals/machinery,6,0.038468541593667416,1,0.019582499294313282,23,0.05905125222671716,Residential Electric Lighting Fixture Manufacturing,Manufacturing,"Electrical Equipment, Appliance, and Component Manufacturing",Electric Lighting Equipment Manufacturing,Electric Lighting Equipment Manufacturing
516110,24,-0.0046231228141131045,23,-0.008681527541071809,24,0.0045247986739376704,24,0.008856949785324982,23,0.1123208878350489,0.10738866819532085,0.11981950363773641,0.12320074173227664,0.01753847732639679,4,0.008856949785324982,23,0.031416016414449674,51,Information,6,0.029379344051548073,3,0.011857163999204381,24,0.04509885178826379,Radio Broadcasting Stations,Information,Broadcasting and Content Providers,Radio and Television Broadcasting Stations,Radio Broadcasting Stations
424950,24,-0.01078500351696047,23,-0.0018792422733779387,24,0.0058943999381352715,24,0.006737133998008996,23,0.07563140816319883,0.08153246118120416,0.09119199874596538,0.08906273643445606,0.017522137514969467,4,0.006737133998008996,23,0.03138674752328789,42,Wholesale trade,6,0.020925122772836056,3,0.006458989188807639,24,0.03212117360168328,"Paint, Varnish, and Supplies Merchant Wholesalers",Wholesale Trade,"Merchant Wholesalers, Nondurable Goods",Miscellaneous Nondurable Goods Merchant Wholesalers,"Paint, Varnish, and Supplies Merchant Wholesalers"
311930,24,-0.007670378933531835,23,-0.004583144529855859,24,0.004202501029051223,24,0.009805838151681094,23,0.06595845410446706,0.06773781262391515,0.07868346020307493,0.08122410572413229,0.01747621708521293,4,0.009805838151681094,23,0.03130449198033841,31,Manufacturing - food/textiles,6,0.015218120330971547,2,0.00894026597890997,24,0.023360622078500277,Flavoring Syrup and Concentrate Manufacturing,Manufacturing,Food Manufacturing,Other Food Manufacturing,Flavoring Syrup and Concentrate Manufacturing
621991,24,-0.010622694448455487,23,-0.0014129963388976655,24,0.006830405486420781,24,0.005418360025782258,23,0.09722547980161123,0.10437931148124609,0.1143591358386763,0.11067814922326491,0.017453099934876266,3,0.006830405486420781,24,0.031263083096265055,62,Health care & social assistance,6,0.026660817311764912,4,0.015001029670918788,23,0.04092576901606852,Blood and Organ Banks,Health Care and Social Assistance,Ambulatory Health Care Services,Other Ambulatory Health Care Services,All Other Ambulatory Health Care Services
313320,24,-0.006955281128198165,23,-0.0004217431860410534,24,0.010482626350873388,24,-0.0036358536404645634,23,0.08224358737733155,0.08996334946426383,0.09852659792327823,0.08612459368054586,0.017437907479071552,3,0.010482626350873388,24,0.03123586942018279,31,Manufacturing - food/textiles,6,0.021508012348275422,1,0.008908388185315634,23,0.03301594002415822,Fabric Coating Mills,Manufacturing,Textile Mills,Textile and Fabric Finishing and Fabric Coating Mills,Fabric Coating Mills
336419,24,-0.007931433884965982,23,0.005088216426868772,24,0.009498702759608478,24,-0.007109872756335259,23,0.05830660757523284,0.07186761253123707,0.07525218463350374,0.059639351216553456,0.017430136644574462,3,0.009498702759608478,24,0.03122194981589952,33,Manufacturing - metals/machinery,6,0.02057613556052063,2,0.011252241972755228,24,0.03158545971587978,Other Guided Missile and Space Vehicle Parts and Auxiliary Equipment Manufacturing,Manufacturing,Transportation Equipment Manufacturing,Aerospace Product and Parts Manufacturing,Aerospace Product and Parts Manufacturing
325992,24,-0.004396276697027583,23,-0.00612394313221403,24,0.011296000534166942,24,-0.002159579324794797,23,0.06476699920801585,0.0650115135412181,0.07750391413884841,0.06740431366814485,0.01741994366638097,3,0.011296000534166942,24,0.031203691516488493,32,Manufacturing - paper/chemicals,6,0.07501183824285405,1,0.035006733051210846,23,0.11514715132319084,"Photographic Film, Paper, Plate, Chemical, and Copy Toner Manufacturing",Manufacturing,Chemical Manufacturing,Other Chemical Product and Preparation Manufacturing,All Other Chemical Product and Preparation Manufacturing
621493,24,-0.00843427282114061,23,-0.002543922343708876,24,0.0018279349746076732,24,0.008982139929724185,23,0.10541061345842073,0.10771176527330308,0.11510076177560319,0.11883388832868795,0.017416412750864793,4,0.008982139929724185,23,0.031197366719999616,62,Health care & social assistance,6,0.03994996412044964,4,0.017237642331931185,23,0.061325314399579944,Freestanding Ambulatory Surgical and Emergency Centers,Health Care and Social Assistance,Ambulatory Health Care Services,Outpatient Care Centers,Other Outpatient Care Centers
327993,24,0.0008823683941879334,23,-0.008565604144642398,24,0.0087744373123375,24,-0.0007085351058859382,23,0.08618328632574275,0.08155019485915507,0.0940483116818522,0.0889975538798743,0.0173400414569799,3,0.0087744373123375,24,0.031060565686612897,32,Manufacturing - paper/chemicals,6,0.014407907794905653,1,0.005203756050962668,23,0.02211690285124599,Mineral Wool Manufacturing,Manufacturing,Nonmetallic Mineral Product Manufacturing,Other Nonmetallic Mineral Product Manufacturing,All Other Nonmetallic Mineral Product Manufacturing
323117,24,-0.009316627557661751,23,0.005314214466667901,24,0.00797311155190196,24,-0.0038134243616223177,23,0.08620859969815936,0.10035229048381711,0.10386755233613905,0.09143659108465707,0.01728973910956371,3,0.00797311155190196,24,0.030970460978963398,32,Manufacturing - paper/chemicals,6,0.06967946943467013,1,0.036353258469769036,23,0.10696168230323237,Books Printing,Manufacturing,Printing and Related Support Activities,Printing and Related Support Activities,Printing
311615,24,-0.006929691409731552,23,0.0027306686008973396,24,0.010345535730237868,24,-0.006365334863942723,23,0.1820006012456363,0.19293303707069875,0.1984041356939665,0.18318416285675854,0.01727522713996942,3,0.010345535730237868,24,0.030944466232298927,31,Manufacturing - food/textiles,6,0.02005634492336114,4,0.009989924758261466,23,0.030787553511267027,Poultry Processing,Manufacturing,Food Manufacturing,Animal Slaughtering and Processing,Animal Slaughtering and Processing
424720,24,-0.012140860705003654,23,0.002726198638186867,24,0.004362189724252442,24,0.005133412886983658,23,0.11566079061449229,0.12579171314277537,0.13047023839468472,0.12642438419808916,0.017274273591987313,4,0.005133412886983658,23,0.03094275817757443,42,Wholesale trade,6,0.010288411695828522,3,0.0035220163766995862,24,0.015793257786582922,Petroleum and Petroleum Products Merchant Wholesalers (except Bulk Stations and Terminals),Wholesale Trade,"Merchant Wholesalers, Nondurable Goods",Petroleum and Petroleum Products Merchant Wholesalers,Petroleum and Petroleum Products Merchant Wholesalers (except Bulk Stations and Terminals)
424440,24,-0.008581955887133877,23,-0.0037156013336295,24,0.008690454349633113,24,0.0036671755237251305,23,0.14400103264907585,0.14812680699343272,0.1596837840050486,0.1538598523173982,0.01727241023676699,3,0.008690454349633113,24,0.030939420419278874,42,Wholesale trade,6,0.0053503882274226686,3,0.002500074979637649,24,0.00821312978447835,Poultry and Poultry Product Merchant Wholesalers,Wholesale Trade,"Merchant Wholesalers, Nondurable Goods",Grocery and Related Product Merchant Wholesalers,Poultry and Poultry Product Merchant Wholesalers
424470,24,-0.010715238535433727,23,-0.0009221042489330981,24,0.004972020110322579,24,0.006533983211576838,23,0.12371607212045775,0.1296391613787259,0.13740645913486024,0.13522971667034944,0.017249221747010567,4,0.006533983211576838,23,0.030897883747579465,42,Wholesale trade,6,0.013344685447253786,3,0.004897619035955952,24,0.02048480014021917,Meat and Meat Product Merchant Wholesalers,Wholesale Trade,"Merchant Wholesalers, Nondurable Goods",Grocery and Related Product Merchant Wholesalers,Meat and Meat Product Merchant Wholesalers
423120,24,-0.01022793850238465,23,-0.0027648067493289998,24,0.006176786765347986,24,0.00687829121192877,23,0.10137003123648593,0.10620276964741031,0.11656512155699268,0.11457389993587908,0.01710622971431342,4,0.00687829121192877,23,0.030641747484279808,42,Wholesale trade,6,0.019532654918615777,3,0.007412065872783415,24,0.029983661570535905,Motor Vehicle Supplies and New Parts Merchant Wholesalers,Wholesale Trade,"Merchant Wholesalers, Durable Goods",Motor Vehicle and Motor Vehicle Parts and Supplies Merchant Wholesalers,Motor Vehicle Supplies and New Parts Merchant Wholesalers
331529,24,0.0006987859521055753,23,-0.0026214852914531483,24,0.009680721886993015,24,-0.007393189238718315,23,0.0800352030385129,0.08167026001443604,0.0885482875732655,0.0760648713581089,0.01707391112571133,3,0.009680721886993015,24,0.03058385640906731,33,Manufacturing - metals/machinery,6,0.02265094495094635,1,0.00828134080063596,23,0.0347704022055259,Other Nonferrous Metal Foundries (except Die-Casting),Manufacturing,Primary Metal Manufacturing,Foundries,Nonferrous Metal Foundries
332996,24,-0.011597737893977894,23,0.005427914689447424,24,0.005166098434898654,24,0.00039109939416963514,23,0.138423171907211,0.15139897800962598,0.15351895473314606,0.14530673458686888,0.017025652583425317,2,0.005427914689447424,24,0.030497412692866648,33,Manufacturing - metals/machinery,6,0.011729903974656881,3,0.006633855052543459,24,0.01800602491040784,Fabricated Pipe and Pipe Fitting Manufacturing,Manufacturing,Fabricated Metal Product Manufacturing,Other Fabricated Metal Product Manufacturing,All Other Fabricated Metal Product Manufacturing
316210,24,0.001297246379166263,23,-0.00814594166008151,24,0.008876455066389228,24,-0.0017725098941807054,23,0.1166648478875776,0.11205985323079448,0.12374674189417438,0.1176807204247758,0.01702239672647074,3,0.008876455066389228,24,0.03049158059845933,31,Manufacturing - food/textiles,6,0.014115019370898665,1,0.006578656426236374,23,0.021667303581717944,Footwear Manufacturing,Manufacturing,Leather and Allied Product Manufacturing,Footwear Manufacturing,Footwear Manufacturing
327120,24,-0.00818443238520809,23,-0.0017629276431849474,24,0.008812808868487503,24,0.00111465661039939,23,0.09225516660948647,0.09867831427104701,0.1086273172189774,0.10095070242993283,0.016997241253695592,3,0.008812808868487503,24,0.030446520543877066,32,Manufacturing - paper/chemicals,6,0.030653710633319863,1,0.010060231535859013,23,0.0470550721005486,Clay Building Material and Refractories Manufacturing,Manufacturing,Nonmetallic Mineral Product Manufacturing,Clay Product and Refractory Manufacturing,Clay Building Material and Refractories Manufacturing
313240,24,0.0015941046578734146,23,-0.0031543756090086287,24,0.009514882858872538,24,-0.007451557205282726,23,0.12625466605681954,0.12692555646251302,0.1339051980862238,0.12185507399218949,0.016966440064155264,3,0.009514882858872538,24,0.030391347528673108,31,Manufacturing - food/textiles,6,0.08374441108208922,1,0.04077436289330462,23,0.1285521139226241,Knit Fabric Mills,Manufacturing,Textile Mills,Fabric Mills,Knit Fabric Mills
325998,24,-0.007957794774026873,23,-0.005834409816703295,24,0.008908136167303125,24,0.004588490439686716,23,0.07925170441396555,0.08125372016671865,0.09492455555287833,0.09077911860443179,0.016865930941329998,3,0.008908136167303125,24,0.030211309307924716,32,Manufacturing - paper/chemicals,6,0.012889690319538407,3,0.006719661782679358,24,0.01978635848021428,All Other Miscellaneous Chemical Product and Preparation Manufacturing,Manufacturing,Chemical Manufacturing,Other Chemical Product and Preparation Manufacturing,All Other Chemical Product and Preparation Manufacturing
325120,24,0.0022505290357874136,23,-0.00753022035680333,24,0.00932798929386374,24,-0.003910643235019455,23,0.061526800741783017,0.05779677113097806,0.06912718223377974,0.061801614748853956,0.01685820965066707,3,0.00932798929386374,24,0.030197478449652766,32,Manufacturing - paper/chemicals,6,0.00701354774118324,2,0.004360811110776343,24,0.010766167874087318,Industrial Gas Manufacturing,Manufacturing,Chemical Manufacturing,Basic Chemical Manufacturing,Industrial Gas Manufacturing
212390,24,-0.007153866846152548,23,-0.0032181042753961137,24,0.009659126575365376,24,0.0005310914289073847,23,0.07629109841209523,0.08127498292583807,0.09269507599037312,0.08479691590417743,0.016812993421517923,3,0.009659126575365376,24,0.03011648431483063,21,"Mining, quarrying, oil & gas",6,0.026321124761239885,2,0.017440497986321652,24,0.04040432292922513,Other Nonmetallic Mineral Mining and Quarrying,"Mining, Quarrying, and Oil and Gas Extraction",Mining (except Oil and Gas),Nonmetallic Mineral Mining and Quarrying,Other Nonmetallic Mineral Mining and Quarrying
313210,24,-0.009870409966257538,23,0.0068118129972554965,24,0.0050037658756311885,24,-0.0019509250995277873,23,0.086821367729404,0.10108489029326984,0.10172478686262469,0.09235715168071713,0.016682222963513033,2,0.0068118129972554965,24,0.029882240099739995,31,Manufacturing - food/textiles,6,0.07877021936894901,1,0.03932846496303053,23,0.12091646574601006,Broadwoven Fabric Mills,Manufacturing,Textile Mills,Fabric Mills,Broadwoven Fabric Mills
424710,24,-0.009494542580507607,23,0.0012700853632766553,24,0.007172010733700778,24,0.0016344910014977898,23,0.12099368811888545,0.12967540608637887,0.13581695332731897,0.12761447910085752,0.016666553314208386,3,0.007172010733700778,24,0.029854171644844964,42,Wholesale trade,6,0.010523025011879851,3,0.005127936360423038,24,0.01615340167371625,Petroleum Bulk Stations and Terminals,Wholesale Trade,"Merchant Wholesalers, Nondurable Goods",Petroleum and Petroleum Products Merchant Wholesalers,Petroleum Bulk Stations and Terminals
551114,24,-0.008895173428186154,23,-0.003980628748170568,24,0.007760757248256621,24,0.0053598441137904336,23,0.09668712596688028,0.1005533360934307,0.11238080371632227,0.10868675684270057,0.016655930676442776,3,0.007760757248256621,24,0.029835143712362656,55,Management of companies,6,0.008650674107064164,2,0.004756546211214213,24,0.01327924370055841,"Corporate, Subsidiary, and Regional Managing Offices",Management of Companies and Enterprises,Management of Companies and Enterprises,Management of Companies and Enterprises,Management of Companies and Enterprises
311611,24,-0.008982839038004538,23,0.0005141580532990157,24,0.001468644408137712,24,0.007580454586982794,23,0.1373317805043886,0.14252286443408,0.14668563225717332,0.14791111126399123,0.016563293624987332,4,0.007580454586982794,23,0.029669206437709386,31,Manufacturing - food/textiles,6,0.015749974127553742,4,0.009250611267590912,23,0.02417704587281647,Animal (except Poultry) Slaughtering,Manufacturing,Food Manufacturing,Animal Slaughtering and Processing,Animal Slaughtering and Processing
339993,24,-0.010331358073074842,23,0.004457097945820238,24,0.0062272484041580875,24,-0.0004508856236205944,23,0.07120568328150466,0.08350656246524178,0.08689324575733841,0.07782543224111887,0.01655860647723293,3,0.0062272484041580875,24,0.02966081052579247,33,Manufacturing - metals/machinery,6,0.048437193043998544,1,0.0231636322863452,23,0.07435366107214729,"Fastener, Button, Needle, and Pin Manufacturing",Manufacturing,Miscellaneous Manufacturing,Other Miscellaneous Manufacturing,All Other Miscellaneous Manufacturing
332312,24,-0.004121388312235627,23,-0.003688074921127155,24,0.012269538528632927,24,-0.00427507590853978,23,0.1317973614448021,0.13567302453790017,0.14692483747325258,0.13363757335133908,0.016544614437172707,3,0.012269538528632927,24,0.029635747109395313,33,Manufacturing - metals/machinery,6,0.009626992240009815,3,0.0052185476646420675,24,0.014777943831461783,Fabricated Structural Metal Manufacturing,Manufacturing,Fabricated Metal Product Manufacturing,Architectural and Structural Metals Manufacturing,Plate Work and Fabricated Structural Product Manufacturing
562213,24,-0.00901237018464432,23,0.006750553793262324,24,-0.00518637472743511,24,0.007506739970720134,23,0.08142895952735589,0.08943414779230813,0.08393822847073569,0.08881505860403349,0.016519110155364454,4,0.007506739970720134,23,0.029590062246278897,56,Administrative & waste services,6,0.015510892790018426,3,0.007446461648905278,24,0.023810043335662244,Solid Waste Combustors and Incinerators,Administrative and Support and Waste Management and Remediation Services,Waste Management and Remediation Services,Waste Treatment and Disposal,Waste Treatment and Disposal
337920,24,-0.007748951628664023,23,0.002484196072002259,24,0.008768248291113202,24,-0.0033920379522406167,23,0.11068406143614033,0.1208425244593414,0.12603259533853797,0.11368616963550816,0.016517199919777226,3,0.008768248291113202,24,0.029586640512940993,33,Manufacturing - metals/machinery,6,0.04831092042106226,1,0.019164079924002243,23,0.07415982589676942,Blind and Shade Manufacturing,Manufacturing,Furniture and Related Product Manufacturing,Other Furniture Related Product Manufacturing,Blind and Shade Manufacturing
331524,24,-0.006697024816236241,23,0.001877675836616317,24,0.009795046163593639,24,-0.0047368509963525,23,0.11030540142967167,0.11995339917250154,0.12584604524209878,0.11214859898450875,0.01649207097982988,3,0.009795046163593639,24,0.029541627985617692,33,Manufacturing - metals/machinery,6,0.034704074166320445,1,0.015908648437059657,23,0.053272595008578144,Aluminum Foundries (except Die-Casting),Manufacturing,Primary Metal Manufacturing,Foundries,Nonferrous Metal Foundries
331492,24,-0.010587046080748235,23,0.00589575093521288,24,0.002572991568571369,24,0.001737647535681909,23,0.07480697035086224,0.08702352398594243,0.08744857575059684,0.08272764437810852,0.016482797015961115,2,0.00589575093521288,24,0.02952501588208635,33,Manufacturing - metals/machinery,6,0.011885330486625,1,0.005935903540875891,23,0.018244612852157602,"Secondary Smelting, Refining, and Alloying of Nonferrous Metal (except Copper and Aluminum)",Manufacturing,Primary Metal Manufacturing,Nonferrous Metal (except Aluminum) Production and Processing,"Nonferrous Metal (except Copper and Aluminum) Rolling, Drawing, Extruding, and Alloying"
524127,24,-0.008880527735246644,23,-0.005442711502263021,24,0.006863223634779159,24,0.007572785408159498,23,0.07777864399698466,0.07965404246985554,0.09241486394725246,0.09144923815509105,0.016453313143406142,4,0.007572785408159498,23,0.029472202527374283,52,Finance & insurance,6,0.022044516925484772,2,0.00700704804775686,24,0.03383950301347603,Direct Title Insurance Carriers,Finance and Insurance,Insurance Carriers and Related Activities,Insurance Carriers,"Direct Insurance (except Life, Health, and Medical) Carriers"
335132,24,-0.010859389020123957,23,8.67357222424948e-05,24,0.005281501823791145,24,0.005580130416152392,23,0.08021444359044348,0.08820301369340496,0.09601811235188147,0.09327020736277569,0.016439519436276348,4,0.005580130416152392,23,0.029447494377314212,33,Manufacturing - metals/machinery,6,0.030441845176650426,1,0.011646536867302949,23,0.04672984738441392,"Commercial, Industrial, and Institutional Electric Lighting Fixture Manufacturing",Manufacturing,"Electrical Equipment, Appliance, and Component Manufacturing",Electric Lighting Equipment Manufacturing,Electric Lighting Equipment Manufacturing
485113,24,-0.011433952628160328,23,0.0049976605168910206,24,0.0038141459516755545,24,0.0022679269704677617,23,0.061097633518245785,0.07384207549633326,0.07659119644063868,0.07171202548159301,0.01643161314505135,2,0.0049976605168910206,24,0.0294333321344764,48,Transportation,6,0.0044474302891607,4,0.0021725283323929608,23,0.006827041444409813,Bus and Other Motor Vehicle Transit Systems,Transportation and Warehousing,Transit and Ground Passenger Transportation,Urban Transit Systems,Urban Transit Systems
336360,24,-0.006842094843468004,23,-0.0011417200662227147,24,0.009561732894297759,24,-0.0017324460733186204,23,0.09336117384122193,0.10028508129423548,0.10949242887969446,0.09957631067655796,0.01640382773776576,3,0.009561732894297759,24,0.02938356117687722,33,Manufacturing - metals/machinery,6,0.029521872002557414,3,0.016904789045935214,24,0.04531763975463149,Motor Vehicle Seating and Interior Trim Manufacturing,Manufacturing,Transportation Equipment Manufacturing,Motor Vehicle Parts Manufacturing,Motor Vehicle Seating and Interior Trim Manufacturing
424130,24,-0.009043009899580203,23,-0.0020816763843518843,24,0.007360038961640496,24,0.003837441507122562,23,0.0818552410363347,0.08751539109205897,0.09733889391648703,0.0924423188176341,0.0164030488612207,3,0.007360038961640496,24,0.02938216600454446,42,Wholesale trade,6,0.012493119141489187,2,0.004955056919967324,24,0.01917760068252626,Industrial and Personal Service Paper Merchant Wholesalers,Wholesale Trade,"Merchant Wholesalers, Nondurable Goods",Paper and Paper Product Merchant Wholesalers,Industrial and Personal Service Paper Merchant Wholesalers
325413,24,-0.007381211884364204,23,-0.004602923781823625,24,0.008867013452114462,24,0.0032092376083504123,23,0.05101600268418547,0.054295707812239274,0.06678126050394034,0.061532786291412477,0.016248225336478666,3,0.008867013452114462,24,0.02910483643344663,32,Manufacturing - paper/chemicals,6,0.024878110038137904,4,0.009432470189953957,23,0.03818921877266961,In-Vitro Diagnostic Substance Manufacturing,Manufacturing,Chemical Manufacturing,Pharmaceutical and Medicine Manufacturing,Pharmaceutical and Medicine Manufacturing
333132,24,-0.0033778149698809384,23,0.009410651283385344,24,0.0007512455245399299,24,-0.0068082153237467215,23,0.09258418546720058,0.10348612457286062,0.09556676111174996,0.08614490660155945,0.016218866607132065,2,0.009410651283385344,24,0.029052247243068513,33,Manufacturing - metals/machinery,6,0.006739495645659512,4,0.005042981473347638,23,0.010345483368109164,Oil and Gas Field Machinery and Equipment Manufacturing,Manufacturing,Machinery Manufacturing,"Agriculture, Construction, and Mining Machinery Manufacturing",Mining and Oil and Gas Field Machinery Manufacturing
221112,24,0.00828616126257428,23,-0.007100542085284646,24,0.006359550662406986,24,-0.007922538340881597,23,0.045752872239427644,0.03744812136633814,0.04334445466381794,0.03652168663648375,0.016208699603455876,1,0.00828616126257428,23,0.029034035470835797,22,Utilities,6,0.018137478595180043,2,0.006410822941278445,24,0.027841991895449763,Fossil Fuel Electric Power Generation,Utilities,Utilities,"Electric Power Generation, Transmission and Distribution",Electric Power Generation
513140,24,-0.008626357599261579,23,0.0012341689449473156,24,-0.0003553964187306049,24,0.007525951837270102,23,0.12388999962977233,0.12874897197656313,0.13113960643345926,0.13424103372781665,0.016152309436531682,4,0.007525951837270102,23,0.028933025880508497,51,Information,6,0.053950375229942886,1,0.025099050579064103,23,0.08281668821970196,Directory and Mailing List Publishers,Information,Publishing Industries,"Newspaper, Periodical, Book, and Directory Publishers",Directory and Mailing List Publishers
488510,24,-0.008754503148591502,23,-0.0013612531022053707,24,0.0026737245406684693,24,0.007383138596749177,23,0.11188636224337455,0.115750017318287,0.12233617859761022,0.12357489079559647,0.01613764174534068,4,0.007383138596749177,23,0.028906752195590302,48,Transportation,6,0.01685439040204458,4,0.006553402594483627,23,0.025872383447012044,Freight Transportation Arrangement,Transportation and Warehousing,Support Activities for Transportation,Freight Transportation Arrangement,Freight Transportation Arrangement
332313,24,-0.007704149208552727,23,0.0036231905820560124,24,0.0084123125961603,24,-0.004132457306154965,23,0.11665890972733091,0.1277198839411546,0.13153447699086623,0.1185244448482573,0.016116461804713027,3,0.0084123125961603,24,0.028868813362587172,33,Manufacturing - metals/machinery,6,0.017393135907385376,1,0.007050083456831263,23,0.026699386379900113,Plate Work Manufacturing,Manufacturing,Fabricated Metal Product Manufacturing,Architectural and Structural Metals Manufacturing,Plate Work and Fabricated Structural Product Manufacturing
488210,24,-0.008865298770292468,23,0.002414348434741623,24,0.007166379266173428,24,0.001078869904387716,23,0.16302429198704071,0.17311643257664314,0.1783798762967623,0.16931056148453458,0.016031678036465897,3,0.007166379266173428,24,0.02871694337950022,48,Transportation,6,0.01588421311208667,3,0.006505720010799664,24,0.024383109835886423,Support Activities for Rail Transportation,Transportation and Warehousing,Support Activities for Transportation,Support Activities for Rail Transportation,Support Activities for Rail Transportation
322212,24,-0.008152787780092041,23,-0.001879305679278506,24,0.007841809659057656,24,0.0023214879380422486,23,0.0739429882583716,0.07983667777862265,0.0894889786574307,0.08345766021812344,0.015994597439149695,3,0.007841809659057656,24,0.028650522296742365,32,Manufacturing - paper/chemicals,6,0.03096264071104354,1,0.01358704533660245,23,0.04752929615959334,Folding Paperboard Box Manufacturing,Manufacturing,Paper Manufacturing,Converted Paper Product Manufacturing,Paperboard Container Manufacturing
336611,24,0.0018604426406569716,23,-0.00374020732253696,24,0.008488076876969751,24,-0.007489232044128319,23,0.09286458584495198,0.0906430639342054,0.09590195666853278,0.08418469564892066,0.01597730892109807,3,0.008488076876969751,24,0.02861955402299867,33,Manufacturing - metals/machinery,6,0.010594242407133586,3,0.004902716845044781,24,0.01626272415374368,Ship Building and Repairing,Manufacturing,Transportation Equipment Manufacturing,Ship and Boat Building,Ship and Boat Building
321219,24,-0.009636303838728344,23,-0.0001891951508331604,24,0.006339791698338765,24,0.0038404640591598936,23,0.0720797903079266,0.07960267855593535,0.08750395710561043,0.08272565225860797,0.01597609553706711,3,0.006339791698338765,24,0.028617380533708565,32,Manufacturing - paper/chemicals,6,0.027163411538270548,3,0.008991684329413413,24,0.041697277818002455,Reconstituted Wood Product Manufacturing,Manufacturing,Wood Product Manufacturing,"Veneer, Plywood, and Engineered Wood Product Manufacturing","Veneer, Plywood, and Engineered Wood Product Manufacturing"
325194,24,-0.0038600119604896483,23,0.001070119588580223,24,0.008920126345738744,24,-0.006996889543909276,23,0.07760010978342118,0.08512146670314809,0.09050258444571456,0.07804344949680354,0.01591701588964802,3,0.008920126345738744,24,0.02851155337787649,32,Manufacturing - paper/chemicals,6,0.019799976799620676,2,0.011654577091356777,24,0.03039401484016803,"Cyclic Crude, Intermediate, and Gum and Wood Chemical Manufacturing",Manufacturing,Chemical Manufacturing,Basic Chemical Manufacturing,Other Basic Organic Chemical Manufacturing
212290,24,0.0012904843013134277,23,-0.004215917271465779,24,0.009769071889850182,24,-0.006119728941856612,23,0.07273957329839216,0.07233726417917752,0.08036678960289444,0.06885817124691097,0.015888800831706795,3,0.009769071889850182,24,0.02846101280317779,21,"Mining, quarrying, oil & gas",6,0.03833764690509043,2,0.01902525448842327,24,0.05885032193536528,Other Metal Ore Mining,"Mining, Quarrying, and Oil and Gas Extraction",Mining (except Oil and Gas),Metal Ore Mining,Other Metal Ore Mining
926120,24,-0.007045860771256396,23,-0.0017805781423369659,24,0.008829446661157881,24,-0.00039549722762702603,23,0.044926761467930586,0.05113528340083836,0.060904961618420066,0.05301574651368601,0.015875307432414276,3,0.008829446661157881,24,0.02843684258327948,92,Public administration,6,0.013556926418786624,2,0.005937359692454842,24,0.020810601291591443,Regulation and Administration of Transportation Programs,Public Administration,Administration of Economic Programs,Administration of Economic Programs,Regulation and Administration of Transportation Programs
332919,24,-0.003923633917552383,23,-0.003053267711238157,24,0.011574517949434501,24,-0.004275488279071396,23,0.06697457982492756,0.07134785311253104,0.08182766182261082,0.06915843463382162,0.015850006228505898,3,0.011574517949434501,24,0.028391521485985897,33,Manufacturing - metals/machinery,6,0.011859488059305624,1,0.004202079947322212,23,0.018204943355198084,Other Metal Valve and Pipe Fitting Manufacturing,Manufacturing,Fabricated Metal Product Manufacturing,Other Fabricated Metal Product Manufacturing,Metal Valve Manufacturing
485210,24,-0.01130132381818909,23,0.0031124891839534896,24,0.003327312235314163,24,0.004542671887383507,23,0.10457630447001721,0.11473551865850813,0.11866975447909212,0.11594936582904775,0.015843995705572596,4,0.004542671887383507,23,0.028380755061762294,48,Transportation,6,0.01600876618209681,3,0.008576861513963105,24,0.02457430540629483,Interurban and Rural Bus Transportation,Transportation and Warehousing,Transit and Ground Passenger Transportation,Interurban and Rural Bus Transportation,Interurban and Rural Bus Transportation
332114,24,-0.006442732297342787,23,-0.003139873102770725,24,0.009359745400899597,24,0.001887007329552286,23,0.09293667260372723,0.0982459042168587,0.10983488203553164,0.10270436905240536,0.015802477698242383,3,0.009359745400899597,24,0.028306385412932056,33,Manufacturing - metals/machinery,6,0.0286184122219518,3,0.017847097112692018,24,0.043930781059941096,Custom Roll Forming,Manufacturing,Fabricated Metal Product Manufacturing,Forging and Stamping,Forging and Stamping
331420,24,-0.008174166942148365,23,-0.0005335847584319742,24,0.001173880631165045,24,0.0075724563158446985,23,0.06714193397236896,0.07083258539799071,0.07559040634047641,0.078000466020632,0.015746623257993062,4,0.0075724563158446985,23,0.0282063354496977,33,Manufacturing - metals/machinery,6,0.027570500991296758,1,0.011914291630193202,23,0.04232218172580863,"Copper Rolling, Drawing, Extruding, and Alloying",Manufacturing,Primary Metal Manufacturing,Nonferrous Metal (except Aluminum) Production and Processing,"Copper Rolling, Drawing, Extruding, and Alloying"
424610,24,-0.009359743143036623,23,7.84202322143563e-05,24,0.003048970225313521,24,0.006325946073229918,23,0.08909504698074293,0.09457815229015294,0.09990441713513425,0.09913274152948852,0.015685689216266542,4,0.006325946073229918,23,0.028097186586917126,42,Wholesale trade,6,0.01368145327013809,3,0.005297489521633253,24,0.021001756614967802,Plastics Materials and Basic Forms and Shapes Merchant Wholesalers,Wholesale Trade,"Merchant Wholesalers, Nondurable Goods",Chemical and Allied Products Merchant Wholesalers,Plastics Materials and Basic Forms and Shapes Merchant Wholesalers
522130,24,-0.006319177926356531,23,-0.0011627821884624048,24,0.0093519813865696,24,-0.0018714609931679937,23,0.05985846379167931,0.06618683329190395,0.07484076716905337,0.06479073827306361,0.01567115931292613,3,0.0093519813865696,24,0.02807115971620608,52,Finance & insurance,6,0.02068771292920822,4,0.008528535906298795,23,0.03175673689635519,Credit Unions,Finance and Insurance,Credit Intermediation and Related Activities,Depository Credit Intermediation,Credit Unions
332710,24,-0.007412866213599274,23,0.0007278711774652766,24,0.008189644445545798,24,-0.0013840216377278298,23,0.10552660625222093,0.11343981660549947,0.11989728460384745,0.10997546371110382,0.015602510659145072,3,0.008189644445545798,24,0.027948191958294184,33,Manufacturing - metals/machinery,6,0.013364532246854318,1,0.004104928895286068,23,0.020515266030542836,Machine Shops,Manufacturing,Fabricated Metal Product Manufacturing,"Machine Shops; Turned Product; and Screw, Nut, and Bolt Manufacturing",Machine Shops
331523,24,-0.006286437665715389,23,-0.001431843259670643,24,0.009308703343718834,24,-0.0014696188687299465,23,0.10125049035615093,0.10775330785417801,0.11711981187154637,0.10786890920147707,0.015595141009434224,3,0.009308703343718834,24,0.027934990981266592,33,Manufacturing - metals/machinery,6,0.043842511512152155,1,0.021515582244322425,23,0.0673005811580607,Nonferrous Metal Die-Casting Foundries,Manufacturing,Primary Metal Manufacturing,Foundries,Nonferrous Metal Foundries
326113,24,-0.006801851856931146,23,0.00033987844076977083,24,0.008748544318251448,24,-0.00266987686733742,23,0.08295450672417427,0.09073522870429468,0.09783619380287555,0.0874400702649535,0.015550396175182595,3,0.008748544318251448,24,0.02785484123843827,32,Manufacturing - paper/chemicals,6,0.013762099870189975,1,0.006010108090986155,23,0.021125553424610175,Unlaminated Plastics Film and Sheet (except Packaging) Manufacturing,Manufacturing,Plastics and Rubber Products Manufacturing,Plastics Product Manufacturing,Plastics Packaging Materials and Unlaminated Film and Sheet Manufacturing
332119,24,-0.0055381734029845454,23,-0.00030928481713935466,24,0.010005848896040883,24,-0.003961161913391758,23,0.08316272135869382,0.09026027629841439,0.09797640087241366,0.08568082765433117,0.015544022299025429,3,0.010005848896040883,24,0.02784342395321729,33,Manufacturing - metals/machinery,6,0.023685032488447434,1,0.009881185012491684,23,0.03635778143727545,"Metal Crown, Closure, and Other Metal Stamping (except Automotive)",Manufacturing,Fabricated Metal Product Manufacturing,Forging and Stamping,Forging and Stamping
486110,24,0.009710123070978207,23,-0.0058068879025924254,24,0.0004439469602729746,24,-0.004392224208460872,23,0.0694259721081229,0.05829649299065528,0.05878078967837249,0.058377192445543756,0.015517010973570632,1,0.009710123070978207,23,0.02779503957935909,48,Transportation,6,0.012977187258736235,2,0.005994939069651854,24,0.019920670923878305,Pipeline Transportation of Crude Oil,Transportation and Warehousing,Pipeline Transportation,Pipeline Transportation of Crude Oil,Pipeline Transportation of Crude Oil
334112,24,-0.0063084085265465726,23,-0.0028289573074560853,24,0.009134607836783144,24,0.0010521711139806337,23,0.0578599059162118,0.06243858674227881,0.07267518218325798,0.06464256195067088,0.015443016363329717,3,0.009134607836783144,24,0.027662495810213825,33,Manufacturing - metals/machinery,6,0.06439455922495925,1,0.029745126637176347,23,0.09884906474976204,Computer Storage Device Manufacturing,Manufacturing,Computer and Electronic Product Manufacturing,Computer and Peripheral Equipment Manufacturing,Computer and Peripheral Equipment Manufacturing
335999,24,-0.006819322156818314,23,-0.0017204503714906552,24,0.008544437222289989,24,-0.00025051522309559217,23,0.07754920863380087,0.08307165849295158,0.0920350090950836,0.08390948525263564,0.015363759379108301,3,0.008544437222289989,24,0.02752052574799456,33,Manufacturing - metals/machinery,6,0.012460674069617941,1,0.004099454537584168,23,0.019127795775887996,All Other Miscellaneous Electrical Equipment and Component Manufacturing,Manufacturing,"Electrical Equipment, Appliance, and Component Manufacturing",Other Electrical Equipment and Component Manufacturing,All Other Electrical Equipment and Component Manufacturing
311824,24,-0.010105979631928485,23,0.0012002176242374353,24,0.005249455082761236,24,0.004268766955016263,23,0.10653771323966614,0.11534616533288367,0.12175418217762636,0.11766328885684656,0.015355434714689722,3,0.005249455082761236,24,0.027505614088951885,31,Manufacturing - food/textiles,6,0.009737062860908587,1,0.0025369301230681474,23,0.014946908074143514,"Dry Pasta, Dough, and Flour Mixes Manufacturing from Purchased Flour",Manufacturing,Food Manufacturing,Bakeries and Tortilla Manufacturing,"Cookie, Cracker, and Pasta Manufacturing"
339116,24,-0.008755508415451202,23,-0.00035204853606483785,24,0.0027294907922669684,24,0.006548762834002633,23,0.09481844881974315,0.09986241577853182,0.10561047980945014,0.10589956225583452,0.015304271249453834,4,0.006548762834002633,23,0.027413966893259954,33,Manufacturing - metals/machinery,6,0.021738371682926125,3,0.0072145745706302345,24,0.03336955382415412,Dental Laboratories,Manufacturing,Miscellaneous Manufacturing,Medical Equipment and Supplies Manufacturing,Medical Equipment and Supplies Manufacturing
337910,24,-0.0069967515340361355,23,0.0029289151673516298,24,0.00827159905366137,24,-0.0036445925311278477,23,0.12683048747900724,0.13720705956253257,0.14172580131135465,0.129701344952854,0.015268350587697505,3,0.00827159905366137,24,0.02734962355955126,33,Manufacturing - metals/machinery,6,0.04135638769632051,1,0.018223408504964164,23,0.0634842492038571,Mattress Manufacturing,Manufacturing,Furniture and Related Product Manufacturing,Other Furniture Related Product Manufacturing,Mattress Manufacturing
513120,24,-0.00943845181028641,23,-0.0014208099894496683,24,0.0058154737439391245,24,0.004803785878864002,23,0.09801579415318944,0.10354361521960076,0.11191305626491144,0.10865154982234386,0.015253925554225535,3,0.0058154737439391245,24,0.027323784538300974,51,Information,6,0.046187252469289175,1,0.018573830019677533,23,0.07089988292335053,Periodical Publishers,Information,Publishing Industries,"Newspaper, Periodical, Book, and Directory Publishers",Periodical Publishers
332216,24,-0.005308683465585508,23,-0.0013196242030736902,24,0.00988954339274009,24,-0.0031413801931719928,23,0.07299919254462743,0.07913375057692175,0.08790755701536347,0.07690227666832501,0.015198226858325597,3,0.00988954339274009,24,0.02722401355407635,33,Manufacturing - metals/machinery,6,0.02449339709545613,1,0.009641508832136363,23,0.037598663995388325,Saw Blade and Handtool Manufacturing,Manufacturing,Fabricated Metal Product Manufacturing,Cutlery and Handtool Manufacturing,Cutlery and Handtool Manufacturing
335312,24,-0.002723637550071563,23,-0.0037436777115669993,24,0.010763292426427476,24,-0.004351639456360659,23,0.06994695838762367,0.07259262395160691,0.08272564493872411,0.07133208107298639,0.015114931882788136,3,0.010763292426427476,24,0.027074810389512708,33,Manufacturing - metals/machinery,6,0.020291581010686968,1,0.008787656851458827,23,0.03114865338534674,Motor and Generator Manufacturing,Manufacturing,"Electrical Equipment, Appliance, and Component Manufacturing",Electrical Equipment Manufacturing,Electrical Equipment Manufacturing
334512,24,0.0016304036148167985,23,-0.006939799892981478,24,0.008149198427950003,24,-0.002904670878051844,23,0.07469698543649325,0.07087846579213003,0.08093954593372978,0.0747022292194295,0.015088998320931482,3,0.008149198427950003,24,0.027028356573151606,33,Manufacturing - metals/machinery,6,0.04594711647965706,1,0.01859725872587012,23,0.07053126143927502,"Automatic Environmental Control Manufacturing for Residential, Commercial, and Appliance Use",Manufacturing,Computer and Electronic Product Manufacturing,"Navigational, Measuring, Electromedical, and Control Instruments Manufacturing","Navigational, Measuring, Electromedical, and Control Instruments Manufacturing"
333241,24,-0.005108649870804663,23,-0.0024205163460529803,24,0.009954846194277342,24,-0.002081189995206377,23,0.07798010751481994,0.08297457156379696,0.09281006830487996,0.08273587265740827,0.015063496065082005,3,0.009954846194277342,24,0.026982675339059133,33,Manufacturing - metals/machinery,6,0.009483371581608793,2,0.006383612044257618,24,0.014557478501276195,Food Product Machinery Manufacturing,Manufacturing,Machinery Manufacturing,Industrial Machinery Manufacturing,Industrial Machinery Manufacturing
334519,24,-0.008715898980280083,23,-0.0015253634158752078,24,0.004030305471940156,24,0.006346941670890632,23,0.056496780308813464,0.061118375513456114,0.06879069754984919,0.06840240864236195,0.015062840651170716,4,0.006346941670890632,23,0.0269815013207101,33,Manufacturing - metals/machinery,6,0.013510849124725057,2,0.005845342161307184,24,0.020739870200657595,Other Measuring and Controlling Device Manufacturing,Manufacturing,Computer and Electronic Product Manufacturing,"Navigational, Measuring, Electromedical, and Control Instruments Manufacturing","Navigational, Measuring, Electromedical, and Control Instruments Manufacturing"
488111,24,-0.007756218044510948,23,0.007288404979795955,23,0.0019642930955595,23,-0.0012036026426874543,22,0.05280268719788076,0.06484602361752685,0.06211022592454625,0.057065827611644304,0.015044623024306904,2,0.007288404979795955,23,0.026948868769210065,48,Transportation,6,0.008082895226965134,1,0.0044664865928191674,23,0.012407672997102104,Air Traffic Control,Transportation and Warehousing,Support Activities for Transportation,Support Activities for Air Transportation,Airport Operations
339992,24,-0.00641215230280006,23,0.0009776771967792933,24,0.008609626849840075,24,-0.0030547668345917572,23,0.07008113798312114,0.07837056219964256,0.08470463202260536,0.07381944814588805,0.015021779152640136,3,0.008609626849840075,24,0.026907949398965042,33,Manufacturing - metals/machinery,6,0.018670634442056702,1,0.010168025870289811,23,0.028660414406045935,Musical Instrument Manufacturing,Manufacturing,Miscellaneous Manufacturing,Other Miscellaneous Manufacturing,All Other Miscellaneous Manufacturing
423110,24,-0.009850665365667678,23,-3.9753766713635876e-05,24,0.005094924053283018,24,0.005048096181794863,23,0.09388534379891339,0.10071877383029904,0.10763171139511196,0.1043548008533589,0.014945589418950696,3,0.005094924053283018,24,0.026771473587544545,42,Wholesale trade,6,0.009005860715225356,2,0.0027216084730513485,24,0.01382447398788314,Automobile and Other Motor Vehicle Merchant Wholesalers,Wholesale Trade,"Merchant Wholesalers, Durable Goods",Motor Vehicle and Motor Vehicle Parts and Supplies Merchant Wholesalers,Automobile and Other Motor Vehicle Merchant Wholesalers
316990,24,-0.008674329965385204,23,-0.0015733812789877517,24,0.00627107260161941,24,0.004245019184179507,23,0.11613521948204804,0.12113190307591142,0.12927534922775027,0.12487665017635029,0.014945402567004613,3,0.00627107260161941,24,0.02677113888666396,31,Manufacturing - food/textiles,6,0.014353692435031085,1,0.005212369553448248,23,0.0220336793975385,Other Leather and Allied Product Manufacturing,Manufacturing,Leather and Allied Product Manufacturing,Other Leather and Allied Product Manufacturing,Other Leather and Allied Product Manufacturing
486210,24,0.007071223885747638,23,-0.007671308057137438,24,0.0002510275875939958,24,-0.0019957989596658433,23,0.06179597094977579,0.05057190739761702,0.05469045995973313,0.058306957346661255,0.014742531942885075,1,0.007071223885747638,23,0.026407744349114422,48,Transportation,6,0.011719552713737244,3,0.007139187285486769,24,0.017990135175728356,Pipeline Transportation of Natural Gas,Transportation and Warehousing,Pipeline Transportation,Pipeline Transportation of Natural Gas,Pipeline Transportation of Natural Gas
311230,24,-0.005576534779675694,23,-0.00077644870488783,24,0.009144968651174737,24,-0.0032440136826378746,23,0.05733907207476202,0.06393122988406956,0.07207628510315274,0.06193140301988648,0.014721503430850432,3,0.009144968651174737,24,0.026370076764468547,31,Manufacturing - food/textiles,6,0.02040848025558236,3,0.009625884835227444,24,0.03132809992814385,Breakfast Cereal Manufacturing,Manufacturing,Food Manufacturing,Grain and Oilseed Milling,Breakfast Cereal Manufacturing
315120,24,-0.007275738977207687,23,-0.00667608357178657,24,0.007412220051858118,24,0.005941076481387484,23,0.12568271134474518,0.12547239643026176,0.13861424865935149,0.136931660784725,0.014687959029065806,3,0.007412220051858118,24,0.026309989936093053,31,Manufacturing - food/textiles,6,0.08874430340831768,1,0.03958250697063879,23,0.13622721390382922,Apparel Knitting Mills,Manufacturing,Apparel Manufacturing,Apparel Knitting Mills,Apparel Knitting Mills
336320,24,-0.0076532571228602455,23,-0.0010634366186606835,24,0.006987599744853881,24,0.0018890634694311292,23,0.08408468435394063,0.0898842172370954,0.09781062335757156,0.09176182998833993,0.014640856867714127,3,0.006987599744853881,24,0.02622561760167419,33,Manufacturing - metals/machinery,6,0.03168495112770503,1,0.014028668972030733,23,0.04863808097007038,Motor Vehicle Electrical and Electronic Equipment Manufacturing,Manufacturing,Transportation Equipment Manufacturing,Motor Vehicle Parts Manufacturing,Motor Vehicle Electrical and Electronic Equipment Manufacturing
311412,24,-0.009376269983229449,23,0.0028158073163192764,24,0.00525132940765709,24,0.0013841652480395914,23,0.10983938424688512,0.1198389485661384,0.1242068982527531,0.11807218912405364,0.01462759939088654,3,0.00525132940765709,24,0.026201869980835818,31,Manufacturing - food/textiles,6,0.011185421930763115,1,0.0037150418119146016,23,0.017170216086499056,Frozen Specialty Food Manufacturing,Manufacturing,Food Manufacturing,Fruit and Vegetable Preserving and Specialty Food Manufacturing,Frozen Food Manufacturing
334514,24,-0.008003789880274965,23,0.0010022303079598035,24,0.006560619260427174,24,0.0008077163124545031,23,0.05831318166312612,0.06643033635508394,0.07254303043112216,0.06553448598630603,0.014564409140702138,3,0.006560619260427174,24,0.026088679656494577,33,Manufacturing - metals/machinery,6,0.01688893479949985,1,0.007877210219919089,23,0.025925410929797797,Totalizing Fluid Meter and Counting Device Manufacturing,Manufacturing,Computer and Electronic Product Manufacturing,"Navigational, Measuring, Electromedical, and Control Instruments Manufacturing","Navigational, Measuring, Electromedical, and Control Instruments Manufacturing"
334419,24,-0.005220320095725293,23,-0.002344647184438341,24,0.00933094548272406,24,-0.0016485154988775225,23,0.07411606079823417,0.07870978286195104,0.08799279929454458,0.07861392476169,0.014551265578449353,3,0.00933094548272406,24,0.026065136086560123,33,Manufacturing - metals/machinery,6,0.03178529067908374,1,0.014283520892783464,23,0.04879210750477413,Other Electronic Component Manufacturing,Manufacturing,Computer and Electronic Product Manufacturing,Semiconductor and Other Electronic Component Manufacturing,Semiconductor and Other Electronic Component Manufacturing
339115,24,-0.00922536590921102,23,0.0011498402081349486,24,0.005283582019822421,24,0.0026221894599206467,23,0.07786903844629946,0.08562413849918356,0.09107955813579773,0.08596781373276707,0.014508947929033442,3,0.005283582019822421,24,0.025989334068863282,33,Manufacturing - metals/machinery,6,0.019227510971370654,1,0.009338457438593285,23,0.029515249422642206,Ophthalmic Goods Manufacturing,Manufacturing,Miscellaneous Manufacturing,Medical Equipment and Supplies Manufacturing,Medical Equipment and Supplies Manufacturing
522180,24,-0.0051943117914599385,23,-0.0040958137821785106,24,0.00929651160656637,24,-0.0002975712019053126,23,0.07026281027560297,0.07277185444963914,0.08347252618803234,0.0755801747132928,0.01449082339802631,3,0.00929651160656637,24,0.025956868276478483,52,Finance & insurance,6,0.012573376763237526,2,0.004745676905806818,24,0.01930080038983614,Savings Institutions and Other Depository Credit Intermediation,Finance and Insurance,Credit Intermediation and Related Activities,Depository Credit Intermediation,Savings Institutions and Other Depository Credit Intermediation
334220,24,-0.006202479785527129,23,-0.00507710181153703,24,0.008275461872766983,24,0.0029567116819477447,23,0.06448322937679626,0.06625535461961567,0.0781816834855091,0.07355708860586857,0.014477941658294111,3,0.008275461872766983,24,0.025933793699401925,33,Manufacturing - metals/machinery,6,0.03383086956570347,1,0.012888800081285186,23,0.05193217962030538,Radio and Television Broadcasting and Wireless Communications Equipment Manufacturing,Manufacturing,Computer and Electronic Product Manufacturing,Communications Equipment Manufacturing,Radio and Television Broadcasting and Wireless Communications Equipment Manufacturing
335139,24,-0.006751271763761523,23,0.0005258225346775822,24,-0.0008707669514591649,24,0.007673525286649318,23,0.07385454605267702,0.07696067728519301,0.07901516344835384,0.08281118351443299,0.014424797050410842,4,0.007673525286649318,23,0.025838597757215576,33,Manufacturing - metals/machinery,6,0.03180277886165837,1,0.01574221929556606,23,0.04881895279283079,Electric Lamp Bulb and Other Lighting Equipment Manufacturing,Manufacturing,"Electrical Equipment, Appliance, and Component Manufacturing",Electric Lighting Equipment Manufacturing,Electric Lighting Equipment Manufacturing
339113,24,-0.00786771566323959,23,-0.004113650051783282,24,0.006530561338426712,24,0.00557139919036534,23,0.0705595633915339,0.07318978533043524,0.08404730737290315,0.08184370673851762,0.014398277001666304,3,0.006530561338426712,24,0.025791093388896413,33,Manufacturing - metals/machinery,6,0.013177509773326983,3,0.00481186276152241,24,0.020228176611531815,Surgical Appliance and Supplies Manufacturing,Manufacturing,Miscellaneous Manufacturing,Medical Equipment and Supplies Manufacturing,Medical Equipment and Supplies Manufacturing
336390,24,-0.006078965998448279,23,-0.0002306998975430049,24,0.008315785120459314,24,-0.0014626577358867242,23,0.08906783923623324,0.09624511718195701,0.10388379492276678,0.09489090242265795,0.014394751118907593,3,0.008315785120459314,24,0.025784777607397162,33,Manufacturing - metals/machinery,6,0.018954545970457464,1,0.008182153228340613,23,0.02909623366456511,Other Motor Vehicle Parts Manufacturing,Manufacturing,Transportation Equipment Manufacturing,Motor Vehicle Parts Manufacturing,Other Motor Vehicle Parts Manufacturing
322220,24,-0.002334870110594354,23,-0.0030900462274662216,24,0.010015686378127756,24,-0.004334357972812822,23,0.0735342060100502,0.07640790028703513,0.08546168701895247,0.07448410099461435,0.014350044350940578,3,0.010015686378127756,24,0.025704696051276277,32,Manufacturing - paper/chemicals,6,0.010807622658065457,1,0.0046291047568552185,23,0.016590274159435925,Paper Bag and Coated and Treated Paper Manufacturing,Manufacturing,Paper Manufacturing,Converted Paper Product Manufacturing,Paper Bag and Coated and Treated Paper Manufacturing
337214,24,-0.009344907624499792,23,0.0049804182195948435,24,0.004159399675130189,24,-0.00024112838166481798,23,0.07762238014056892,0.08884607620178085,0.09010893582380308,0.08305299609556495,0.014325325844094634,2,0.0049804182195948435,24,0.025660418717368613,33,Manufacturing - metals/machinery,6,0.055632468689168525,3,0.02427745451174057,24,0.0853987909201068,Office Furniture (except Wood) Manufacturing,Manufacturing,Furniture and Related Product Manufacturing,Office Furniture (including Fixtures) Manufacturing,Office Furniture (including Fixtures) Manufacturing
334290,24,-0.007747024707184668,23,-0.001037007359998961,24,0.0021367143997727666,24,0.006571844095928015,23,0.06224507547065541,0.06536103570158491,0.07055101065251235,0.07146755680389426,0.014318868803112682,4,0.006571844095928015,23,0.025648852462117226,33,Manufacturing - metals/machinery,6,0.02112641213686587,1,0.006580769986344101,23,0.032430163454520246,Other Communications Equipment Manufacturing,Manufacturing,Computer and Electronic Product Manufacturing,Communications Equipment Manufacturing,Other Communications Equipment Manufacturing
322130,24,0.0024003776938928386,23,-0.005760275951873004,24,0.008551906310237204,24,-0.0053783785368692275,23,0.049499731576037286,0.04687750456187382,0.055775829451456364,0.04757034172056449,0.014312182262110208,3,0.008551906310237204,24,0.025636875112089612,32,Manufacturing - paper/chemicals,6,0.015240954129561037,2,0.006558988730940647,24,0.023395673170741944,Paperboard Mills,Manufacturing,Paper Manufacturing,"Pulp, Paper, and Paperboard Mills",Paperboard Mills
327992,24,-0.003251466991781637,23,-0.0023960127301204874,24,0.0092527978888473,24,-0.004949008919895642,23,0.07866063619427303,0.08112552906966768,0.08838244740530328,0.07713376996324428,0.014201806808742942,3,0.0092527978888473,24,0.025439163703612926,32,Manufacturing - paper/chemicals,6,0.014871596830104191,3,0.005559854605359844,24,0.02282869012047742,Ground or Treated Mineral and Earth Manufacturing,Manufacturing,Nonmetallic Mineral Product Manufacturing,Other Nonmetallic Mineral Product Manufacturing,All Other Nonmetallic Mineral Product Manufacturing
481111,24,-0.0048592761320454675,23,0.006890112915490573,24,-0.007282882866151044,24,0.0056070088658237,23,0.08219091768615273,0.08787745324262947,0.07978376296812505,0.0862558384259227,0.014172995781641617,2,0.006890112915490573,24,0.02538755559171771,48,Transportation,6,0.009249261891842685,1,0.00404293392384676,23,0.01419810770720968,Scheduled Passenger Air Transportation,Transportation and Warehousing,Air Transportation,Scheduled Air Transportation,Scheduled Air Transportation
339910,24,0.0012332851151765887,23,-0.0016526564721390288,24,-0.006729822206778979,24,0.007332298412530052,23,0.11042825444724098,0.10443028639860356,0.10173763129424418,0.11250462060344275,0.014062120619309032,4,0.007332298412530052,23,0.025188949073319863,33,Manufacturing - metals/machinery,6,0.022150820672926754,1,0.012988021002615854,23,0.03400268490555679,Jewelry and Silverware Manufacturing,Manufacturing,Miscellaneous Manufacturing,Other Miscellaneous Manufacturing,Jewelry and Silverware Manufacturing
561450,24,-0.008891909253089789,23,-0.0015079528975205474,24,0.0051698016568488105,24,0.004958885991929891,23,0.09082093521849564,0.0949962781214095,0.10218752681936445,0.09903917220362178,0.014061710909938598,3,0.0051698016568488105,24,0.025188215176296356,56,Administrative & waste services,6,0.014512267790003773,1,0.004404724625487065,23,0.022277100980356575,Credit Bureaus,Administrative and Support and Waste Management and Remediation Services,Administrative and Support Services,Business Support Services,Credit Bureaus
311612,24,-0.006521686955900431,23,-0.002728557995575366,24,0.0075044590060493405,24,0.0019428566451715154,23,0.1269880035476699,0.1307662170442289,0.1400015465319386,0.1342279580075497,0.014026145961949772,3,0.0075044590060493405,24,0.02512450901931348,31,Manufacturing - food/textiles,6,0.017042322485134688,4,0.007811898403399831,23,0.02616086916495965,Meat Processed from Carcasses,Manufacturing,Food Manufacturing,Animal Slaughtering and Processing,Animal Slaughtering and Processing
331513,24,-0.005129761416176737,23,-0.00019254839994291284,24,0.00889583543549593,24,-0.0031228274962547,23,0.10501256145901872,0.11086275743077101,0.11709805020240915,0.10554167210305539,0.014025596851672668,3,0.00889583543549593,24,0.02512352541867599,33,Manufacturing - metals/machinery,6,0.03875396042967375,1,0.016310950624899314,23,0.05948938528237843,Steel Foundries (except Investment),Manufacturing,Primary Metal Manufacturing,Foundries,Ferrous Metal Foundries
327410,24,-0.00867700671944437,23,0.0008915778816623688,24,0.005240634230824948,24,0.0030754091049513695,23,0.04808059137420767,0.05586823379624203,0.06187272045495165,0.05739593865201136,0.013917640950269317,3,0.005240634230824948,24,0.024930148062853895,32,Manufacturing - paper/chemicals,6,0.0178285689421136,2,0.009146476274205182,24,0.027367799189337474,Lime Manufacturing,Manufacturing,Nonmetallic Mineral Product Manufacturing,Lime and Gypsum Product Manufacturing,Lime Manufacturing
335931,24,-0.002383934185780881,23,-0.004246559482817887,24,0.009662986895534272,24,-0.0029296179124240268,23,0.06853148840417561,0.07008593699547859,0.08013350455241736,0.07085509831828757,0.013909546378352159,3,0.009662986895534272,24,0.024915648559876255,33,Manufacturing - metals/machinery,6,0.023701585025315164,1,0.010610200520198183,23,0.036383190459532984,Current-Carrying Wiring Device Manufacturing,Manufacturing,"Electrical Equipment, Appliance, and Component Manufacturing",Other Electrical Equipment and Component Manufacturing,Wiring Device Manufacturing
522299,24,-0.007650806051645047,23,-0.004167464504023524,24,0.005203919359406349,24,0.006229707249801604,23,0.10669260199687579,0.10790486575859658,0.11745205852836439,0.11659141257931953,0.013880513301446651,4,0.006229707249801604,23,0.02486364269849782,52,Finance & insurance,6,0.0057677392214839345,4,0.002215215586788784,23,0.008853785702181245,"International, Secondary Market, and All Other Nondepository Credit Intermediation",Finance and Insurance,Credit Intermediation and Related Activities,Nondepository Credit Intermediation,Other Nondepository Credit Intermediation
326211,24,-0.007041500126634774,23,0.0025391306528834315,24,-0.0021844528974257174,24,0.006822828895488695,23,0.04778351214008997,0.052552466476640226,0.05224315950742362,0.05630275833305844,0.013864329022123468,4,0.006822828895488695,23,0.02483465240615882,32,Manufacturing - paper/chemicals,6,0.01090381449724491,3,0.005901106945762018,24,0.016737933735864286,Tire Manufacturing (except Retreading),Manufacturing,Plastics and Rubber Products Manufacturing,Rubber Product Manufacturing,Tire Manufacturing
334610,24,-0.007325569471049747,23,-0.0009066832376481791,24,0.0017903286481464893,24,0.006524192198860076,23,0.09800906261822677,0.10128611658886172,0.10637653703479304,0.10788630018443139,0.013849761669909822,4,0.006524192198860076,23,0.024808558454686182,33,Manufacturing - metals/machinery,6,0.04387556227268359,1,0.021976315971482915,23,0.0673513158289261,Manufacturing and Reproducing Magnetic and Optical Media,Manufacturing,Computer and Electronic Product Manufacturing,Manufacturing and Reproducing Magnetic and Optical Media,Manufacturing and Reproducing Magnetic and Optical Media
326291,24,-0.004422590430303572,23,-0.0012149239904016282,24,0.00932081657118286,24,-0.0031718303120986746,23,0.08946774017617033,0.0950441033081774,0.10305031442098771,0.0924148923914323,0.013743407001486432,3,0.00932081657118286,24,0.024618049327424958,32,Manufacturing - paper/chemicals,6,0.036738438617615624,1,0.017289038790287845,23,0.05639545237092417,Rubber Product Manufacturing for Mechanical Use,Manufacturing,Plastics and Rubber Products Manufacturing,Rubber Product Manufacturing,Other Rubber Product Manufacturing
611511,24,-0.008745048456423748,23,0.0003584118087125813,24,0.004989176769372299,24,0.0033960772057916393,23,0.15459714658040144,0.16077884926300215,0.16624372832817771,0.16173025385460868,0.013734225225796048,3,0.004989176769372299,24,0.024601602357118776,61,Educational services,6,0.01705690527925582,3,0.0086548841372918,24,0.02618325452759994,Cosmetology and Barber Schools,Educational Services,Educational Services,Technical and Trade Schools,Technical and Trade Schools
314110,24,-0.004792096045301331,23,0.0005877864687250161,24,0.00877371388251212,24,-0.004355359487997175,23,0.08161892383503229,0.08866524163207823,0.0945359864916741,0.08285930358624576,0.013565809927813451,3,0.00877371388251212,24,0.024299926352560366,31,Manufacturing - food/textiles,6,0.031124182014881804,1,0.013061235992323504,23,0.04777727063127324,Carpet and Rug Mills,Manufacturing,Textile Product Mills,Textile Furnishings Mills,Carpet and Rug Mills
334412,24,-0.003956268994638137,23,0.002001967670933049,24,0.007532689906730279,24,-0.006026441815294002,23,0.07798953607879074,0.08532142798536772,0.08864938455007863,0.07691196130132898,0.013559131722024281,3,0.007532689906730279,24,0.024287963933087617,33,Manufacturing - metals/machinery,6,0.04792880262211705,1,0.025709338757176937,23,0.07357325480280452,Bare Printed Circuit Board Manufacturing,Manufacturing,Computer and Electronic Product Manufacturing,Semiconductor and Other Electronic Component Manufacturing,Semiconductor and Other Electronic Component Manufacturing
335929,24,-0.005813849017063108,23,-0.003539903022551867,24,0.007736505568299103,24,0.001536346621702176,23,0.069565602101068,0.07259203053052819,0.08269826500509213,0.07733148834305782,0.01355035458536221,3,0.007736505568299103,24,0.024272241777491335,33,Manufacturing - metals/machinery,6,0.020915417678957222,2,0.009607814129517056,24,0.03210627576769268,Other Communication and Energy Wire Manufacturing,Manufacturing,"Electrical Equipment, Appliance, and Component Manufacturing",Other Electrical Equipment and Component Manufacturing,Communication and Energy Wire and Cable Manufacturing
339991,24,-0.00299350652625669,23,-0.0007215033069569247,24,0.008692886211328873,24,-0.0048314042690765415,23,0.07411226086181626,0.07921948695819259,0.08576971966848275,0.07493417995611518,0.013524290480405415,3,0.008692886211328873,24,0.024225554124172752,33,Manufacturing - metals/machinery,6,0.023535494911625106,1,0.009656762859032208,23,0.03612823332340152,"Gasket, Packing, and Sealing Device Manufacturing",Manufacturing,Miscellaneous Manufacturing,Other Miscellaneous Manufacturing,All Other Miscellaneous Manufacturing
221117,24,0.000266451473385028,23,0.000553467353814996,24,0.005714310610974269,24,-0.007684710813361661,23,0.08107365212186508,0.08356849195375245,0.08495639707800982,0.07491568098031866,0.01339902142433593,3,0.005714310610974269,24,0.02400116436396373,22,Utilities,6,0.05051444786452046,4,0.033089329672165706,23,0.07754235742672905,Biomass Electric Power Generation,Utilities,Utilities,"Electric Power Generation, Transmission and Distribution",Electric Power Generation
334416,24,-0.004221762428678568,23,-0.00046160239499157176,24,0.009170042921449469,24,-0.003993935351648592,23,0.0744392359865525,0.08032448949472626,0.08713294779288316,0.07560132024814113,0.013391805350128037,3,0.009170042921449469,24,0.023988238480972632,33,Manufacturing - metals/machinery,6,0.04873210924958765,1,0.02465991895287707,23,0.07480637309398426,"Capacitor, Resistor, Coil, Transformer, and Other Inductor Manufacturing",Manufacturing,Computer and Electronic Product Manufacturing,Semiconductor and Other Electronic Component Manufacturing,Semiconductor and Other Electronic Component Manufacturing
532283,24,-0.008316679013816011,23,0.0014221404235216333,24,0.005030260466931648,24,0.001713059174210869,23,0.11464881888272734,0.12196864148226201,0.1264441832347534,0.12085920405338146,0.013346939480747659,3,0.005030260466931648,24,0.02390787193245926,53,Real estate,6,0.0069023424603522,1,0.0033646728373141104,23,0.010595461868212178,Home Health Equipment Rental,Real Estate and Rental and Leasing,Rental and Leasing Services,Consumer Goods Rental,Other Consumer Goods Rental
485112,24,-0.003977649767884035,23,-0.00418379211843378,24,0.009131157682671762,24,-0.001032502829472891,23,0.03775320998598567,0.0400401634898648,0.05069470123061149,0.04308692360601465,0.013314949801105543,3,0.009131157682671762,24,0.023850570019526538,48,Transportation,6,0.016038904711491605,2,0.006547347479207571,24,0.02462056964786221,Commuter Rail Systems,Transportation and Warehousing,Transit and Ground Passenger Transportation,Urban Transit Systems,Urban Transit Systems
332613,24,-0.007143342947527056,23,0.0019567275781456153,24,0.006135321515434759,24,-0.0008101796591713418,23,0.0737100251590591,0.08184705202876076,0.08607062374217118,0.07802355242471211,0.013278664462961816,3,0.006135321515434759,24,0.023785573454687268,33,Manufacturing - metals/machinery,6,0.024092350251425934,1,0.010127898914237468,23,0.03698303581297097,Spring Manufacturing,Manufacturing,Fabricated Metal Product Manufacturing,Spring and Wire Product Manufacturing,Spring and Wire Product Manufacturing
332912,24,-0.0075417566600002595,23,0.0005728020701690012,24,0.005688163756966627,24,0.0013363532529798853,23,0.05427032728012255,0.06127415425439305,0.06713237708832555,0.061614272408324795,0.013229920416966887,3,0.005688163756966627,24,0.02369826007390828,33,Manufacturing - metals/machinery,6,0.019201640237748306,1,0.007272542580337759,23,0.029475536474005887,Fluid Power Valve and Hose Fitting Manufacturing,Manufacturing,Fabricated Metal Product Manufacturing,Other Fabricated Metal Product Manufacturing,Metal Valve Manufacturing
517410,24,0.005131390321339336,23,-0.008083652475960415,24,0.0019577364672944742,24,0.0002014623448112195,23,0.10515939918601498,0.09538042078303503,0.10176874733197594,0.1042416009463279,0.01321504279729975,1,0.005131390321339336,23,0.023671610351987026,51,Information,6,0.018668416600219048,2,0.006507863315737036,24,0.028657009901161462,Satellite Telecommunications,Information,Telecommunications,Satellite Telecommunications,Satellite Telecommunications
333131,24,-0.004930075214695104,23,-0.001283852369740976,24,0.00826746198278006,24,-0.002619651630987764,23,0.0794549582650117,0.08460752111589197,0.09232778870625419,0.08351313233105628,0.013197537197475163,3,0.00826746198278006,24,0.023640253227808047,33,Manufacturing - metals/machinery,6,0.014549580351282794,2,0.007912284671372274,24,0.022334377741471817,Mining Machinery and Equipment Manufacturing,Manufacturing,Machinery Manufacturing,"Agriculture, Construction, and Mining Machinery Manufacturing",Mining and Oil and Gas Field Machinery Manufacturing
326220,24,-0.00036998424900728263,23,-0.0005383291679365824,24,0.007139145433345362,24,-0.006004356863070813,23,0.08228067060291096,0.08575327374582682,0.09030253522461588,0.08057350583671419,0.013143502296416174,3,0.007139145433345362,24,0.023543462536858645,32,Manufacturing - paper/chemicals,6,0.01265550045804368,1,0.006132117285288184,23,0.019426864618290966,Rubber and Plastics Hoses and Belting Manufacturing,Manufacturing,Plastics and Rubber Products Manufacturing,Rubber Product Manufacturing,Rubber and Plastics Hoses and Belting Manufacturing
324191,24,-0.0032467741001143873,23,-0.0043355914622382275,24,0.008794285547714614,24,-0.001730630710684179,23,0.06758392982461632,0.06852762873623201,0.07814251057232414,0.07016882131298707,0.013129877009952842,3,0.008794285547714614,24,0.02351905607241949,32,Manufacturing - paper/chemicals,6,0.014445070707940289,3,0.005286475888906392,24,0.022173949894366784,Petroleum Lubricating Oil and Grease Manufacturing,Manufacturing,Petroleum and Coal Products Manufacturing,Petroleum and Coal Products Manufacturing,Other Petroleum and Coal Products Manufacturing
423510,24,-0.0073191120233002645,23,0.00020554771897615906,24,0.0057161120197962816,24,0.001365656255726775,23,0.08487723572814874,0.09122830563875224,0.0971682801114034,0.091676030544462,0.013035224043096545,3,0.0057161120197962816,24,0.023349507764143136,42,Wholesale trade,6,0.012611646667058147,3,0.004476547502002576,24,0.019359546722542854,Metal Service Centers and Other Metal Merchant Wholesalers,Wholesale Trade,"Merchant Wholesalers, Durable Goods",Metal and Mineral (except Petroleum) Merchant Wholesalers,Metal Service Centers and Other Metal Merchant Wholesalers
335311,24,-0.0022318075959456072,23,-0.0033978590847671586,24,0.00944887310255462,24,-0.0035668364232486005,23,0.08525445296143863,0.08804544256935264,0.09763215034680094,0.08832111191914001,0.01301570952580322,3,0.00944887310255462,24,0.023314552141474317,33,Manufacturing - metals/machinery,6,0.009621174150110422,3,0.005125233086875236,24,0.014769012754797745,"Power, Distribution, and Specialty Transformer Manufacturing",Manufacturing,"Electrical Equipment, Appliance, and Component Manufacturing",Electrical Equipment Manufacturing,Electrical Equipment Manufacturing
336412,24,-0.001894487698222247,23,-0.0036347750651447293,24,0.00937684114416219,24,-0.0029355967561226913,23,0.04983446411039427,0.051732253709615844,0.060899593439126876,0.05131325088031353,0.01301161620930692,3,0.00937684114416219,24,0.02330721993721028,33,Manufacturing - metals/machinery,6,0.017143763829815264,2,0.007896588002236249,24,0.026316587010835463,Aircraft Engine and Engine Parts Manufacturing,Manufacturing,Transportation Equipment Manufacturing,Aerospace Product and Parts Manufacturing,Aerospace Product and Parts Manufacturing
221210,24,0.006513043594071194,23,-0.006478153992019992,24,0.005458481484369423,24,-0.005215046695885679,23,0.0465952330943055,0.0395623166429081,0.04548570817555069,0.04049213673945442,0.012991197586091185,1,0.006513043594071194,23,0.0232706448235235,22,Utilities,6,0.010049522332692,2,0.0057279830346005645,24,0.015426549940315705,Natural Gas Distribution,Utilities,Utilities,Natural Gas Distribution,Natural Gas Distribution
322291,24,-0.001928166977808298,23,-0.004910203443665983,24,0.008073487625223485,24,-0.0018641853638495503,23,0.06805075901782746,0.06724645997658045,0.0762625678226654,0.06913170041830338,0.012983691068889469,3,0.008073487625223485,24,0.0232571986808946,32,Manufacturing - paper/chemicals,6,0.009856982150370567,2,0.0051834438888568495,24,0.015130990545573464,Sanitary Paper Product Manufacturing,Manufacturing,Paper Manufacturing,Converted Paper Product Manufacturing,Other Converted Paper Product Manufacturing
311514,24,-0.008398377016906853,23,-5.7512359781627824e-05,24,0.0045592987239882095,24,0.004017037966100565,23,0.06292495545575418,0.06952195530873116,0.07623397988127141,0.07382740700583522,0.012957675740895062,3,0.0045592987239882095,24,0.023210598399918698,31,Manufacturing - food/textiles,6,0.024714761760975864,3,0.010431091526826078,24,0.037938470501071936,"Dry, Condensed, and Evaporated Dairy Product Manufacturing",Manufacturing,Food Manufacturing,Dairy Product Manufacturing,Dairy Product (except Frozen) Manufacturing
325611,24,-0.004830869088926584,23,-0.0033380253264043585,24,0.008126381343883887,24,-2.460931081069151e-06,23,0.0751674416616412,0.07829297891628627,0.08809456682374006,0.08164339204342606,0.012957250432810472,3,0.008126381343883887,24,0.023209836561503765,32,Manufacturing - paper/chemicals,6,0.00784585410952615,3,0.004456090707060985,24,0.012043802306036015,Soap and Other Detergent Manufacturing,Manufacturing,Chemical Manufacturing,"Soap, Cleaning Compound, and Toilet Preparation Manufacturing",Soap and Cleaning Compound Manufacturing
311351,24,0.004377891494349782,23,-0.008127346781611151,24,0.004797977851252196,24,-0.0007460880943387359,23,0.09949155650394326,0.09242754198383163,0.10161822102694229,0.10121294436754857,0.012925324632863347,3,0.004797977851252196,24,0.023152649073872,31,Manufacturing - food/textiles,6,0.027184434828620943,4,0.0148833589295032,23,0.0417295496840438,Chocolate and Confectionery Manufacturing from Cacao Beans,Manufacturing,Food Manufacturing,Sugar and Confectionery Product Manufacturing,Chocolate and Confectionery Manufacturing
332811,24,-0.007199775442351672,23,0.004159067853310396,24,0.0056776288992558726,24,-0.0025652847859154292,23,0.09063468093283737,0.10075061083703939,0.10254840503462063,0.09299094143369013,0.012877404341607545,3,0.0056776288992558726,24,0.023066811254051023,33,Manufacturing - metals/machinery,6,0.01462476916492255,1,0.00632974809603439,23,0.02244979655941837,Metal Heat Treating,Manufacturing,Fabricated Metal Product Manufacturing,"Coating, Engraving, Heat Treating, and Allied Activities","Coating, Engraving, Heat Treating, and Allied Activities"
332721,24,-0.004261147987071972,23,-0.0001926749831798405,24,0.008601492072339463,24,-0.004238868851998908,23,0.08295836100496776,0.08896439402261136,0.09535577700661464,0.084544175845939,0.012862640059411436,3,0.008601492072339463,24,0.02304036454928935,33,Manufacturing - metals/machinery,6,0.028568352732387326,1,0.012444127665402913,23,0.043853937087641945,Precision Turned Product Manufacturing,Manufacturing,Fabricated Metal Product Manufacturing,"Machine Shops; Turned Product; and Screw, Nut, and Bolt Manufacturing","Turned Product and Screw, Nut, and Bolt Manufacturing"
331491,24,-0.004736666844940496,23,-0.000515407732362862,24,0.00812021900987641,24,-0.0033084787003519697,23,0.06209872475490353,0.06715147099508777,0.07323503269999772,0.06307815638515485,0.012856885854816907,3,0.00812021900987641,24,0.023030057258489268,33,Manufacturing - metals/machinery,6,0.006635401694325556,2,0.0038371849232597816,24,0.010185693630291058,"Nonferrous Metal (except Copper and Aluminum) Rolling, Drawing, and Extruding",Manufacturing,Primary Metal Manufacturing,Nonferrous Metal (except Aluminum) Production and Processing,"Nonferrous Metal (except Copper and Aluminum) Rolling, Drawing, Extruding, and Alloying"
333242,24,-0.003829225418552108,23,-0.00037956867864792084,24,-0.004541153680093186,24,0.008310675872775284,23,0.054824027109008654,0.054467552244429625,0.05487021473714645,0.06435518459004964,0.01285182955286847,4,0.008310675872775284,23,0.023021000094514753,33,Manufacturing - metals/machinery,6,0.010899663446561575,3,0.00790685919778957,24,0.016731561652838713,Semiconductor Machinery Manufacturing,Manufacturing,Machinery Manufacturing,Industrial Machinery Manufacturing,Industrial Machinery Manufacturing
211130,24,0.001061530202801067,23,-0.0077538215000876555,24,0.005078153832967552,24,0.0014383533912981307,23,0.08609013358083491,0.07981753921326432,0.08905258784586904,0.08813132881253864,0.012831975333055207,3,0.005078153832967552,24,0.022985435975467157,21,"Mining, quarrying, oil & gas",6,0.016462462562143648,2,0.007366249209187252,24,0.025270753419725747,Natural Gas Extraction,"Mining, Quarrying, and Oil and Gas Extraction",Oil and Gas Extraction,Oil and Gas Extraction,Natural Gas Extraction
423840,24,-0.008108911647704409,23,-0.0007502164936552999,24,0.004206543426798177,24,0.004651708849306908,23,0.0829612618202112,0.08796551309188823,0.09447019735087586,0.09256179475626712,0.012760620497011318,4,0.004651708849306908,23,0.02285762073480021,42,Wholesale trade,6,0.008668795673929811,3,0.004064098524349362,24,0.013307061267104858,Industrial Supplies Merchant Wholesalers,Wholesale Trade,"Merchant Wholesalers, Durable Goods","Machinery, Equipment, and Supplies Merchant Wholesalers",Industrial Supplies Merchant Wholesalers
333248,24,-0.003867410986097108,23,-0.0036543824103285063,24,0.008749769359105628,24,-0.0011712856730905117,23,0.08275309030308185,0.08524112422577912,0.09503792296913342,0.08733518299427644,0.012617180345202737,3,0.008749769359105628,24,0.022600681772549067,33,Manufacturing - metals/machinery,6,0.026510297125014647,1,0.010593406446452255,23,0.04069471254382457,All Other Industrial Machinery Manufacturing,Manufacturing,Machinery Manufacturing,Industrial Machinery Manufacturing,Industrial Machinery Manufacturing
332913,24,-0.0029779596315397346,23,-0.004131961605572067,24,0.008388245063103424,24,-0.0007864881241896501,23,0.0637577295801648,0.06527371913626612,0.07505363190351157,0.06805705454455016,0.012520206668675492,3,0.008388245063103424,24,0.022426976464109082,33,Manufacturing - metals/machinery,6,0.010449931976638488,3,0.0037307349516785596,24,0.016041199986799048,Plumbing Fixture Fitting and Trim Manufacturing,Manufacturing,Fabricated Metal Product Manufacturing,Other Fabricated Metal Product Manufacturing,Metal Valve Manufacturing
332722,24,0.001007207998997114,23,-0.004164100110378861,24,0.007895341159688752,24,-0.004589072590651136,23,0.06971369344924892,0.06886907480435235,0.07635265638021349,0.06804555563669712,0.012484413750339887,3,0.007895341159688752,24,0.02236286195239717,33,Manufacturing - metals/machinery,6,0.020711228801960337,1,0.007747524061340648,23,0.031792835008622726,"Bolt, Nut, Screw, Rivet, and Washer Manufacturing",Manufacturing,Fabricated Metal Product Manufacturing,"Machine Shops; Turned Product; and Screw, Nut, and Bolt Manufacturing","Turned Product and Screw, Nut, and Bolt Manufacturing"
313220,24,-0.0037290319594236333,23,3.275110072101876e-05,24,0.008359163872684297,24,-0.0040970391925607376,23,0.1002065874630093,0.10578269491692184,0.11129330016939236,0.10008557767649429,0.012456203065245034,3,0.008359163872684297,24,0.022312329210614112,31,Manufacturing - food/textiles,6,0.05370539147609865,1,0.02643513881228132,23,0.08244062516037129,Narrow Fabric Mills and Schiffli Machine Embroidery,Manufacturing,Textile Mills,Fabric Mills,Narrow Fabric Mills and Schiffli Machine Embroidery
333996,24,-0.0075498955490332495,23,0.004217299224809595,24,0.004843164074227035,24,-0.0012277373435607849,23,0.05036359891290337,0.060685690826518784,0.06257318429051502,0.05477434960605718,0.012393059623260285,3,0.004843164074227035,24,0.022199222732044728,33,Manufacturing - metals/machinery,6,0.01700567203511493,1,0.008102910081175555,23,0.02610460877975452,Fluid Power Pump and Motor Manufacturing,Manufacturing,Machinery Manufacturing,Other General Purpose Machinery Manufacturing,All Other General Purpose Machinery Manufacturing
423610,24,-0.0069672051713377346,23,-0.0008294365498192222,24,0.002235357023424204,24,0.005319266681953565,23,0.0752810257976825,0.0787396355342216,0.08385711837039915,0.08450388715972827,0.012286471853291299,4,0.005319266681953565,23,0.02200829605873054,42,Wholesale trade,6,0.007611322278438729,3,0.004363546602220145,24,0.011683783502645326,"Electrical Apparatus and Equipment, Wiring Supplies, and Related Equipment Merchant Wholesalers",Wholesale Trade,"Merchant Wholesalers, Durable Goods",Household Appliances and Electrical and Electronic Goods Merchant Wholesalers,"Electrical Apparatus and Equipment, Wiring Supplies, and Related Equipment Merchant Wholesalers"
812112,24,-0.001881876071752513,23,-0.0061093382157515795,24,0.00609081427408783,24,0.002336879489822035,23,0.1696172642492133,0.16715173035249795,0.17690487288728574,0.1744763868738978,0.01220015248983941,3,0.00609081427408783,24,0.02185367542156679,81,Other services,6,0.013460277632630753,3,0.009294652500297582,24,0.02066224027731177,Beauty Salons,Other Services (except Public Administration),Personal and Laundry Services,Personal Care Services,"Hair, Nail, and Skin Care Services"
423720,24,-0.006804962480293925,23,-0.0009742285362149359,24,0.005385677004765264,24,0.0026042488373284895,23,0.07784714142282294,0.08241431603414591,0.08892994771789874,0.08467422539212105,0.012190639485059189,3,0.005385677004765264,24,0.021836635133019262,42,Wholesale trade,6,0.012761030679527729,3,0.006078001195615417,24,0.019588859106988238,Plumbing and Heating Equipment and Supplies (Hydronics) Merchant Wholesalers,Wholesale Trade,"Merchant Wholesalers, Durable Goods","Hardware, and Plumbing and Heating Equipment and Supplies Merchant Wholesalers",Plumbing and Heating Equipment and Supplies (Hydronics) Merchant Wholesalers
332410,24,-0.00503754744206209,23,0.007144771698215532,24,-0.001850382185831571,24,-0.0007012491872388305,23,0.09156481236979463,0.10025941738119504,0.09466447899616438,0.09277030498279686,0.012182319140277622,2,0.007144771698215532,24,0.021821731211580302,33,Manufacturing - metals/machinery,6,0.011419826958563454,1,0.0062133844148802705,23,0.01753004024011675,Power Boiler and Heat Exchanger Manufacturing,Manufacturing,Fabricated Metal Product Manufacturing,"Boiler, Tank, and Shipping Container Manufacturing",Power Boiler and Heat Exchanger Manufacturing
622110,24,-0.005753959081215526,23,-0.001052989854583584,24,0.006407968880882638,24,0.000389067691680124,23,0.061232514721936,0.06602759626135403,0.07292865750993922,0.06701378099675916,0.012161927962098164,3,0.006407968880882638,24,0.021785205259157305,62,Health care & social assistance,6,0.012093701153623463,4,0.005733237976808923,23,0.01856447288073745,General Medical and Surgical Hospitals,Health Care and Social Assistance,Hospitals,General Medical and Surgical Hospitals,General Medical and Surgical Hospitals
332911,24,-0.0062999794261313176,23,-0.0004710632825459538,24,0.005832622312984645,24,0.0007145655649366458,23,0.06309589162117783,0.06809345008424733,0.07403313511240872,0.06830757551460083,0.012132601739115963,3,0.005832622312984645,24,0.021732674296210137,33,Manufacturing - metals/machinery,6,0.01613475868971734,1,0.006337719474461538,23,0.024767710589802,Industrial Valve Manufacturing,Manufacturing,Fabricated Metal Product Manufacturing,Other Fabricated Metal Product Manufacturing,Metal Valve Manufacturing
325320,24,-0.00564884938565576,23,-0.0031040871715893874,24,0.006478965022792875,24,0.0027351234731859938,23,0.06971211618244048,0.07240988924454866,0.08131583664983562,0.07726385400953682,0.012127814408448635,3,0.006478965022792875,24,0.02172409893040003,32,Manufacturing - paper/chemicals,6,0.0243891477682227,2,0.011691305614187844,24,0.037438635747321335,Pesticide and Other Agricultural Chemical Manufacturing,Manufacturing,Chemical Manufacturing,"Pesticide, Fertilizer, and Other Agricultural Chemical Manufacturing",Pesticide and Other Agricultural Chemical Manufacturing
334413,24,-0.00036648167448970654,23,-0.0066450142489091766,24,0.005464691647824646,24,0.001487184527184906,23,0.05466039023403082,0.05068752577367369,0.060004689811134916,0.05839247055294685,0.012109705896733823,3,0.005464691647824646,24,0.02169166183277254,33,Manufacturing - metals/machinery,6,0.01587634895470267,2,0.007249976723951737,24,0.02437103793708302,Semiconductor and Related Device Manufacturing,Manufacturing,Computer and Electronic Product Manufacturing,Semiconductor and Other Electronic Component Manufacturing,Semiconductor and Other Electronic Component Manufacturing
522110,24,-0.003738557764434243,23,-0.003721662340722683,24,0.008234528491551277,24,-0.000786293719001812,23,0.06699844509798654,0.0689256734002845,0.07829622638402783,0.07119772238466864,0.01197308625598552,3,0.008234528491551277,24,0.021446940196087182,52,Finance & insurance,6,0.007842520532907692,2,0.0032908786788580177,24,0.012038685089069672,Commercial Banking,Finance and Insurance,Credit Intermediation and Related Activities,Depository Credit Intermediation,Commercial Banking
335313,24,-0.0033857955511075654,23,-0.004951237757987527,24,0.006880883584193367,24,0.0013991697655586614,23,0.0673066062943949,0.06737413436637064,0.07734413795432146,0.07355237437388555,0.011832121342180894,3,0.006880883584193367,24,0.02119443503480489,33,Manufacturing - metals/machinery,6,0.011744024812851365,2,0.0057785128198394224,24,0.018027701146192468,Switchgear and Switchboard Apparatus Manufacturing,Manufacturing,"Electrical Equipment, Appliance, and Component Manufacturing",Electrical Equipment Manufacturing,Electrical Equipment Manufacturing
333511,24,-0.007211264582838434,23,0.0011465139634908323,24,0.004606568517914588,24,0.0018183939678601106,23,0.0932038320857056,0.10001668419114489,0.10453650836960254,0.09984319551223102,0.011817833100753022,3,0.004606568517914588,24,0.021168841044010945,33,Manufacturing - metals/machinery,6,0.030444063254301927,1,0.012368403535803528,23,0.04673325225128516,Industrial Mold Manufacturing,Manufacturing,Machinery Manufacturing,Metalworking Machinery Manufacturing,Metalworking Machinery Manufacturing
333995,24,-0.0032405220073666243,23,-0.0013491821748195753,24,0.008373800603853891,24,-0.0034433724657795184,23,0.07021675395051731,0.07463972806116913,0.08176106652146009,0.07213480377404327,0.01181717306963341,3,0.008373800603853891,24,0.021167658755029874,33,Manufacturing - metals/machinery,6,0.019481513344658988,1,0.005961300606782108,23,0.02990515654128648,Fluid Power Cylinder and Actuator Manufacturing,Manufacturing,Machinery Manufacturing,Other General Purpose Machinery Manufacturing,All Other General Purpose Machinery Manufacturing
311111,24,-0.007301623920816855,23,-0.0014262327541924,24,0.0044143342379894795,24,0.004470948424680816,23,0.08524533784990536,0.08982232804427863,0.09725178374703669,0.09585257097381579,0.01177257234549767,4,0.004470948424680816,23,0.021087767151245326,31,Manufacturing - food/textiles,6,0.013590394805471273,4,0.0046643394216715536,23,0.020861977040758442,Dog and Cat Food Manufacturing,Manufacturing,Food Manufacturing,Animal Food Manufacturing,Animal Food Manufacturing
333991,24,-0.001392741830517384,23,-0.006005079365821259,24,0.0057449791041639,24,0.001871282761339943,23,0.06831512407221371,0.0656615035850471,0.07501804182952301,0.07288462186567111,0.01175005846998516,3,0.0057449791041639,24,0.021047438890730408,33,Manufacturing - metals/machinery,6,0.052638221204690624,1,0.018409894521178433,23,0.08080246217692864,Power-Driven Handtool Manufacturing,Manufacturing,Machinery Manufacturing,Other General Purpose Machinery Manufacturing,All Other General Purpose Machinery Manufacturing
332994,24,-0.006807906421114227,23,-0.0016943923888243586,24,0.004930646702491519,24,0.0036442932614463817,23,0.07482702540585795,0.07843844623510925,0.08543865184200927,0.08257756404392623,0.011738553123605746,3,0.004930646702491519,24,0.021026829795426246,33,Manufacturing - metals/machinery,6,0.03529998000780993,4,0.012923384495898988,23,0.05418734208999499,"Small Arms, Ordnance, and Ordnance Accessories Manufacturing",Manufacturing,Fabricated Metal Product Manufacturing,Other Fabricated Metal Product Manufacturing,All Other Fabricated Metal Product Manufacturing
423810,24,-0.00841494732816442,23,0.0023716492347579756,24,0.0030339859554782468,24,0.003311147375535069,23,0.07530792425615292,0.08297585107661651,0.08590047942756414,0.08275713586755529,0.011726094703699489,4,0.003311147375535069,23,0.0210045134952715,42,Wholesale trade,6,0.011804547652014118,3,0.004087045042099766,24,0.018120606915239486,Construction and Mining (except Oil Well) Machinery and Equipment Merchant Wholesalers,Wholesale Trade,"Merchant Wholesalers, Durable Goods","Machinery, Equipment, and Supplies Merchant Wholesalers",Construction and Mining (except Oil Well) Machinery and Equipment Merchant Wholesalers
334513,24,-0.004624574962351485,23,-0.002713704185802308,24,0.007072959841790024,24,-0.00011712711372016109,23,0.059861229955992835,0.06258290354002854,0.07073198549566885,0.06473514776772914,0.01169753480414151,3,0.007072959841790024,24,0.02095335521872271,33,Manufacturing - metals/machinery,6,0.015636615867191256,2,0.005367797587953041,24,0.02400303492913804,"Instruments and Related Products Manufacturing for Measuring, Displaying, and Controlling Industrial Process Variables",Manufacturing,Computer and Electronic Product Manufacturing,"Navigational, Measuring, Electromedical, and Control Instruments Manufacturing","Navigational, Measuring, Electromedical, and Control Instruments Manufacturing"
325414,24,-0.003051954079002532,23,-0.005972481636037692,24,0.005599971411566052,24,0.0036129694026404914,23,0.05462702117725598,0.053072631253351814,0.06346320460152301,0.06265383512656213,0.011572453047603744,3,0.005599971411566052,24,0.020729300961137627,32,Manufacturing - paper/chemicals,6,0.035462930358109726,4,0.014399240902512347,23,0.054437479522747814,Biological Product (except Diagnostic) Manufacturing,Manufacturing,Chemical Manufacturing,Pharmaceutical and Medicine Manufacturing,Pharmaceutical and Medicine Manufacturing
423220,24,-0.006022236680943122,23,-0.0025556932018021487,24,0.0033361965223821575,24,0.005384272670063211,23,0.111119230133085,0.11256150453037779,0.11911516533127488,0.11899643308740766,0.011406509351006334,4,0.005384272670063211,23,0.020432052243409302,42,Wholesale trade,6,0.0131631422156563,3,0.004587615962426697,24,0.020206121648261955,Home Furnishing Merchant Wholesalers,Wholesale Trade,"Merchant Wholesalers, Durable Goods",Furniture and Home Furnishing Merchant Wholesalers,Home Furnishing Merchant Wholesalers
221111,24,-0.0014828715714709998,23,-0.007041956775642957,24,0.004352353008029695,24,0.002948220254329559,23,0.053036370550096794,0.04780869037477085,0.05666492375073084,0.05681645111063142,0.011394309783672653,3,0.004352353008029695,24,0.02041019961615601,22,Utilities,6,0.01818674564518421,2,0.007584200830789288,24,0.027917619430982362,Hydroelectric Power Generation,Utilities,Utilities,"Electric Power Generation, Transmission and Distribution",Electric Power Generation
333993,24,-0.005967346004073452,23,-0.00030507889900803525,24,0.00538298359377955,24,0.0009948127053633169,23,0.06684719728203492,0.07194533074301379,0.07765362200200873,0.07259594607344456,0.011350329597853002,3,0.00538298359377955,24,0.020331419559375303,33,Manufacturing - metals/machinery,6,0.014406838762331273,2,0.004744265787348993,24,0.022115261829528686,Packaging Machinery Manufacturing,Manufacturing,Machinery Manufacturing,Other General Purpose Machinery Manufacturing,All Other General Purpose Machinery Manufacturing
325180,24,-0.0003208838643143487,23,2.875315005701282e-05,24,0.005624898374408852,24,-0.0056676543134555465,23,0.053804380960497826,0.05659826019688726,0.05933463313316265,0.05082120932062036,0.011292552687864398,3,0.005624898374408852,24,0.020227925948225475,32,Manufacturing - paper/chemicals,6,0.010754396944897694,1,0.0048124488266665134,23,0.016508569865927334,Other Basic Inorganic Chemical Manufacturing,Manufacturing,Chemical Manufacturing,Basic Chemical Manufacturing,Other Basic Inorganic Chemical Manufacturing
331210,24,-0.006252736324466169,23,0.0028026521986775307,24,0.004976069662609639,24,-0.00115979444716574,23,0.08148691030148002,0.08998393920999516,0.09287566372115526,0.08581524890709606,0.011228805987075808,3,0.004976069662609639,24,0.020113738874794236,33,Manufacturing - metals/machinery,6,0.013010058455398339,3,0.0059930570672359395,24,0.019971129954677834,Iron and Steel Pipe and Tube Manufacturing from Purchased Steel,Manufacturing,Primary Metal Manufacturing,Steel Product Manufacturing from Purchased Steel,Iron and Steel Pipe and Tube Manufacturing from Purchased Steel
333310,24,-0.0041854926399067585,23,-0.0025171432855014813,24,0.007040881061677426,24,0.0001560582390746616,23,0.06865910752666117,0.07160389643697336,0.0795829719182885,0.07348028527624878,0.011226373701584184,3,0.007040881061677426,24,0.020109382013049206,33,Manufacturing - metals/machinery,6,0.01900478275013231,1,0.006801242157558256,23,0.029173349786589493,Commercial and Service Industry Machinery Manufacturing,Manufacturing,Machinery Manufacturing,Commercial and Service Industry Machinery Manufacturing,Commercial and Service Industry Machinery Manufacturing
323111,24,-0.006361780677068309,23,-0.0011008088261059551,24,0.0024860477058386075,24,0.004769546425761948,23,0.09340241070498152,0.09640714401863103,0.10161349498449244,0.10184775053867662,0.011131327102830256,4,0.004769546425761948,23,0.01993912860672317,32,Manufacturing - paper/chemicals,6,0.03945803889058541,1,0.018949498986395554,23,0.06057018307351532,Commercial Printing (except Screen and Books),Manufacturing,Printing and Related Support Activities,Printing and Related Support Activities,Printing
333994,24,-0.004107142856051862,23,-0.0008294083532269765,24,0.006959820537756167,24,-0.002640027573821278,23,0.07718339405449154,0.08124919914392296,0.08697382093980834,0.07877880166018138,0.011066963393808029,3,0.006959820537756167,24,0.019823836309592346,33,Manufacturing - metals/machinery,6,0.02409275132008551,1,0.010863186215267528,23,0.03698365147464141,Industrial Process Furnace and Oven Manufacturing,Manufacturing,Machinery Manufacturing,Other General Purpose Machinery Manufacturing,All Other General Purpose Machinery Manufacturing
423830,24,-0.006904299369436648,23,-0.0001785973991589226,24,0.0030669939668373793,24,0.004145981235982516,23,0.07971905648568434,0.08410789962875719,0.08885393757014787,0.0874659875778638,0.011050280605419164,4,0.004145981235982516,23,0.019793953056667386,42,Wholesale trade,6,0.0075053058140726586,3,0.003999293200958362,24,0.011521042605327395,Industrial Machinery and Equipment Merchant Wholesalers,Wholesale Trade,"Merchant Wholesalers, Durable Goods","Machinery, Equipment, and Supplies Merchant Wholesalers",Industrial Machinery and Equipment Merchant Wholesalers
336413,24,0.0005045350221443863,23,-0.002412486895488052,24,0.006415103508859001,24,-0.0046307722495174865,23,0.067799095176726,0.06800714085111774,0.07304016031648558,0.06524297276413542,0.011045875758376487,3,0.006415103508859001,24,0.019786062819423838,33,Manufacturing - metals/machinery,6,0.0047681697381323,2,0.0023392300577005872,24,0.007319393514845414,Other Aircraft Parts and Auxiliary Equipment Manufacturing,Manufacturing,Transportation Equipment Manufacturing,Aerospace Product and Parts Manufacturing,Aerospace Product and Parts Manufacturing
562211,24,-0.007510323912661799,23,0.003273554818023786,24,0.000780652349194642,24,0.0034414417391667885,23,0.07821395778399919,0.08551928064119597,0.08627749386234522,0.08547440238510513,0.010951765651828586,4,0.0034414417391667885,23,0.019617486916450516,56,Administrative & waste services,6,0.010950259957283274,3,0.004344900486378274,24,0.01680922998110491,Hazardous Waste Treatment and Disposal,Administrative and Support and Waste Management and Remediation Services,Waste Management and Remediation Services,Waste Treatment and Disposal,Waste Treatment and Disposal
325311,24,0.0025368763605243053,23,0.00212219682916952,24,0.0033586481363771896,24,-0.007591026162500098,23,0.08613239481622746,0.0883507332677268,0.08632467806088712,0.07758132658129306,0.010949674298877287,3,0.0033586481363771896,24,0.019613740754373634,32,Manufacturing - paper/chemicals,6,0.015697795884259888,2,0.007014038920857807,24,0.02409694950113599,Nitrogenous Fertilizer Manufacturing,Manufacturing,Chemical Manufacturing,"Pesticide, Fertilizer, and Other Agricultural Chemical Manufacturing",Fertilizer and Compost Manufacturing
212323,24,-0.005891308833091256,23,-0.001912031766378776,24,0.00239249104481931,24,0.004961330551655497,23,0.06912003271605004,0.0706673860595063,0.07603880293572012,0.0766252377222953,0.010852639384746753,4,0.004961330551655497,23,0.019439925753312427,21,"Mining, quarrying, oil & gas",6,0.027496623805841905,3,0.009771857115104124,24,0.042208776326712015,"Kaolin, Clay, and Ceramic and Refractory Minerals Mining","Mining, Quarrying, and Oil and Gas Extraction",Mining (except Oil and Gas),Nonmetallic Mineral Mining and Quarrying,"Sand, Gravel, Clay, and Ceramic and Refractory Minerals Mining and Quarrying"
333414,24,-0.0041955814895058416,23,-0.005081503082370785,24,0.004143449342455935,24,0.005686573612836172,23,0.08950425410516767,0.08850430958779038,0.09766737123515463,0.09854353419760702,0.010768076695206956,4,0.005686573612836172,23,0.019288451780219346,33,Manufacturing - metals/machinery,6,0.010634188366730173,3,0.005218442295740459,24,0.016324043320986678,Heating Equipment (except Warm Air Furnaces) Manufacturing,Manufacturing,Machinery Manufacturing,"Ventilation, Heating, Air-Conditioning, and Commercial Refrigeration Equipment Manufacturing","Ventilation, Heating, Air-Conditioning, and Commercial Refrigeration Equipment Manufacturing"
424110,24,-0.006323545986862461,23,-0.0019073586452391584,24,0.0037638020040775375,24,0.004410451843657986,23,0.0773295173574504,0.07987627826167443,0.08623775645637677,0.08507163064292404,0.010733997830520446,4,0.004410451843657986,23,0.019227407588500042,42,Wholesale trade,6,0.0426636935963433,1,0.021746466243448594,23,0.06549103311719447,Printing and Writing Paper Merchant Wholesalers,Wholesale Trade,"Merchant Wholesalers, Nondurable Goods",Paper and Paper Product Merchant Wholesalers,Printing and Writing Paper Merchant Wholesalers
424820,24,-0.006710709073881092,23,0.0006012297476251895,24,0.00391701805724301,24,0.002182777513025434,23,0.07726395549765042,0.08281588371280289,0.087165352432705,0.08368078503812106,0.010627727131124101,3,0.00391701805724301,24,0.019037048871806562,42,Wholesale trade,6,0.030704723340240336,4,0.013636323659056971,23,0.04713337931206047,Wine and Distilled Alcoholic Beverage Merchant Wholesalers,Wholesale Trade,"Merchant Wholesalers, Nondurable Goods","Beer, Wine, and Distilled Alcoholic Beverage Merchant Wholesalers",Wine and Distilled Alcoholic Beverage Merchant Wholesalers
339114,24,-0.005446363877644599,23,0.00044404720803714143,24,0.00511371818096253,24,-6.162710570377975e-06,23,0.06609737115139705,0.07174437127401379,0.07650327698055624,0.07103474632517363,0.01056008205860713,3,0.00511371818096253,24,0.018915878791359992,33,Manufacturing - metals/machinery,6,0.005817687137569038,2,0.0024382809304338234,24,0.008930458403270227,Dental Equipment and Supplies Manufacturing,Manufacturing,Miscellaneous Manufacturing,Medical Equipment and Supplies Manufacturing,Medical Equipment and Supplies Manufacturing
335314,24,-0.004003025755378952,23,-0.0031540621766833915,24,0.006536389176220739,24,0.0009497637089599293,23,0.057570809079999306,0.05951392356484167,0.06776516240305082,0.06294362288881848,0.01053941493159969,3,0.006536389176220739,24,0.018878858542154663,33,Manufacturing - metals/machinery,6,0.013257986280242225,2,0.007062831465497192,24,0.020351712319185453,Relay and Industrial Control Manufacturing,Manufacturing,"Electrical Equipment, Appliance, and Component Manufacturing",Electrical Equipment Manufacturing,Electrical Equipment Manufacturing
621511,24,-0.006140463288742734,23,-0.002156425859572981,24,0.003932856035586006,24,0.00426321369514955,23,0.08380974640731409,0.08625703826185528,0.09301718183554243,0.09191161333805759,0.010403676983892284,4,0.00426321369514955,23,0.018635716249133513,62,Health care & social assistance,6,0.01769738212230735,4,0.008626560679512434,23,0.027166420461050177,Medical Laboratories,Health Care and Social Assistance,Ambulatory Health Care Services,Medical and Diagnostic Laboratories,Medical and Diagnostic Laboratories
333517,24,-0.005391565016953669,23,-0.00016092397393514755,24,0.005010662456892856,24,0.0014233781743299505,23,0.07468494935925148,0.0797664247889434,0.08516974816650559,0.08055174663028208,0.010402227473846525,3,0.005010662456892856,24,0.01863311979617223,33,Manufacturing - metals/machinery,6,0.02688066239324556,1,0.009818450912150964,23,0.04126324287963329,Machine Tool Manufacturing,Manufacturing,Machinery Manufacturing,Metalworking Machinery Manufacturing,Metalworking Machinery Manufacturing
333612,24,-0.005358194578642116,23,0.003333636302135024,24,0.004973487132374751,24,-0.003168383435516621,23,0.0593387995616938,0.06790706313581003,0.06980805410565623,0.061762070810752905,0.010331681711016867,3,0.004973487132374751,24,0.018506753817998586,33,Manufacturing - metals/machinery,6,0.02167832864641346,1,0.009461578944557753,23,0.033277384577630076,"Speed Changer, Industrial High-Speed Drive, and Gear Manufacturing",Manufacturing,Machinery Manufacturing,"Engine, Turbine, and Power Transmission Equipment Manufacturing","Engine, Turbine, and Power Transmission Equipment Manufacturing"
524114,24,-0.004730414431407571,23,0.0005552972123482198,24,-0.001121979555672703,24,0.005591102590011038,23,0.056508314898096414,0.05865994114165126,0.05970097296050969,0.0629859638907135,0.010321517021418609,4,0.005591102590011038,23,0.01848854619088685,52,Finance & insurance,6,0.01397765134829999,4,0.006975296761985258,23,0.02145643637921149,Direct Health and Medical Insurance Carriers,Finance and Insurance,Insurance Carriers and Related Activities,Insurance Carriers,"Direct Life, Health, and Medical Insurance Carriers"
333998,24,-0.003789201187873726,23,5.3193349503743936e-05,24,0.006457333458543176,24,-0.002006398879179943,23,0.07884134409776138,0.08382101402058367,0.08869429724439849,0.08065291355112697,0.0102465346464169,3,0.006457333458543176,24,0.0183542330757852,33,Manufacturing - metals/machinery,6,0.010217368517421199,3,0.00290152680946155,24,0.015684202738657498,All Other Miscellaneous General Purpose Machinery Manufacturing,Manufacturing,Machinery Manufacturing,Other General Purpose Machinery Manufacturing,All Other General Purpose Machinery Manufacturing
211120,24,0.002537353202424886,23,-0.007477981705709991,24,0.0012012801757518784,24,0.0027356863392974102,23,0.0845381071668246,0.07511986890058418,0.08065759404576373,0.08379275883943955,0.010213668045007401,4,0.0027356863392974102,23,0.018295360365791498,21,"Mining, quarrying, oil & gas",6,0.012945001513108035,2,0.005902486018308649,24,0.019871264096781208,Crude Petroleum Extraction,"Mining, Quarrying, and Oil and Gas Extraction",Oil and Gas Extraction,Oil and Gas Extraction,Crude Petroleum Extraction
325910,24,-0.006407278384801447,23,0.0037199183343286,24,0.0012380340064882102,24,0.0013132424333009544,23,0.058713429450692134,0.06607296810697723,0.06599267009460512,0.0634363040692566,0.010127196719130047,2,0.0037199183343286,24,0.018140467524036443,32,Manufacturing - paper/chemicals,6,0.04404811479263031,1,0.0232004933324612,23,0.06761619310151308,Printing Ink Manufacturing,Manufacturing,Chemical Manufacturing,Other Chemical Product and Preparation Manufacturing,Printing Ink Manufacturing
333519,24,-0.006882859761679883,23,0.0032442290968126715,24,0.0013916983865361928,24,0.00250505485856605,23,0.07051982209274212,0.07764102561850945,0.07827377095065143,0.07612311950972103,0.010127088858492554,2,0.0032442290968126715,24,0.01814027431732329,33,Manufacturing - metals/machinery,6,0.03586348447027276,3,0.01341659974826851,24,0.05505235133560806,Rolling Mill and Other Metalworking Machinery Manufacturing,Manufacturing,Machinery Manufacturing,Metalworking Machinery Manufacturing,Metalworking Machinery Manufacturing
331410,24,-0.0003061159375406308,23,-0.0023185291010607164,24,0.006207382913339709,24,-0.0037953305061656597,23,0.0605970376266487,0.06143360213045127,0.0669072248363753,0.0599660817156199,0.01000271341950537,3,0.006207382913339709,24,0.01791748525986647,33,Manufacturing - metals/machinery,6,0.017355385565357234,3,0.008285657544715436,24,0.026641437602109286,Nonferrous Metal (except Aluminum) Smelting and Refining,Manufacturing,Primary Metal Manufacturing,Nonferrous Metal (except Aluminum) Production and Processing,Nonferrous Metal (except Aluminum) Smelting and Refining
325920,24,-0.00601080946823173,23,0.00378556365514071,24,0.0007926317319630616,24,0.001727571754979501,23,0.055167402632459984,0.06199378221243679,0.06124903448213218,0.05891902328790144,0.00979637312337244,2,0.00378556365514071,24,0.017547875629016815,32,Manufacturing - paper/chemicals,6,0.017655619710320303,4,0.00995264376145756,23,0.027102312943019156,Explosives Manufacturing,Manufacturing,Chemical Manufacturing,Other Chemical Product and Preparation Manufacturing,Explosives Manufacturing
517111,24,0.0030600668121327237,23,-0.005369661305562569,24,-0.002048142578581666,24,0.0043664564591965795,23,0.08341241972258255,0.07508014511314332,0.07748719311482924,0.08399052627367849,0.009736117764759147,4,0.0043664564591965795,23,0.017439942465833677,51,Information,6,0.03446603608914081,1,0.01585121517109685,23,0.052907193931418225,Wired Telecommunications Carriers,Information,Telecommunications,Wired and Wireless Telecommunications (except Satellite),Wired and Wireless Telecommunications Carriers (except Satellite)
334418,24,-0.005177158186427438,23,-0.0004645082140601947,24,0.004524855570447915,24,0.0010991590660617773,23,0.07678585178002488,0.08072756830640238,0.08559830126090025,0.08141932307450232,0.009702013756875353,3,0.004524855570447915,24,0.01737885323604842,33,Manufacturing - metals/machinery,6,0.03601591292777785,1,0.016481060849003665,23,0.0552863371047006,Printed Circuit Assembly (Electronic Assembly) Manufacturing,Manufacturing,Computer and Electronic Product Manufacturing,Semiconductor and Other Electronic Component Manufacturing,Semiconductor and Other Electronic Component Manufacturing
621492,24,-0.003652230462786429,23,-0.002644282712622265,24,0.0004196669315459026,24,0.0060184998620906385,23,0.09031441240512361,0.08960935836861528,0.09419286975735146,0.09793704728299583,0.009670730324877069,4,0.0060184998620906385,23,0.017322816398022623,62,Health care & social assistance,6,0.03102035729017985,4,0.013696507219349027,23,0.047617894170618597,Kidney Dialysis Centers,Health Care and Social Assistance,Ambulatory Health Care Services,Outpatient Care Centers,Other Outpatient Care Centers
325520,24,-0.00266038910432345,23,-0.0018909264496305464,24,0.006934321647971717,24,-0.002291275955628102,23,0.06846534088974342,0.07106191589851786,0.07744034380655339,0.0699501284186455,0.009594710752295166,3,0.006934321647971717,24,0.017186645389809838,32,Manufacturing - paper/chemicals,6,0.015905503112612084,3,0.0060225745344020115,24,0.024415791116196257,Adhesive Manufacturing,Manufacturing,Chemical Manufacturing,"Paint, Coating, and Adhesive Manufacturing",Adhesive Manufacturing
335910,24,-0.005416478412732629,23,-0.00010560948694258651,24,0.0041218326460322205,24,0.0013706171323796849,23,0.06673529162436155,0.07153002903180526,0.07653598541313415,0.0732982765023986,0.00953831105876485,3,0.0041218326460322205,24,0.017085618734830412,33,Manufacturing - metals/machinery,6,0.01048665062150362,3,0.0064457767262907405,24,0.016097565054709786,Battery Manufacturing,Manufacturing,"Electrical Equipment, Appliance, and Component Manufacturing",Other Electrical Equipment and Component Manufacturing,Battery Manufacturing
324122,24,-0.002187045365453707,23,-0.001276093502344021,24,0.006851438876329048,24,-0.002674843781205945,23,0.07119118794063851,0.07452550734504497,0.08041201375413944,0.07259564241057583,0.009526282657534992,3,0.006851438876329048,24,0.017064072710996973,32,Manufacturing - paper/chemicals,6,0.017367953539194073,2,0.007762770969976078,24,0.02666073010872046,Asphalt Shingle and Coating Materials Manufacturing,Manufacturing,Petroleum and Coal Products Manufacturing,Petroleum and Coal Products Manufacturing,"Asphalt Paving, Roofing, and Saturated Materials Manufacturing"
516120,24,-0.004257847070388382,23,-0.0012409649636191445,24,0.0004452928263592402,24,0.005179664890468609,23,0.11667298545851866,0.11692885837311849,0.11966666121495662,0.12151387840407628,0.00943751196085699,4,0.005179664890468609,23,0.01690506109259605,51,Information,6,0.007034390942590797,1,0.00339140580527376,23,0.010798163294047104,Television Broadcasting Stations,Information,Broadcasting and Content Providers,Radio and Television Broadcasting Stations,Television Broadcasting Stations
314994,24,-0.004346682736323527,23,0.002051343705769627,24,0.005024838605644495,24,-0.002586611661214326,23,0.09487230010093604,0.10117366977679713,0.10337235204111898,0.09552135709415184,0.00937152134196802,3,0.005024838605644495,24,0.016786854572860423,31,Manufacturing - food/textiles,6,0.042717581931584536,1,0.020884298311862275,23,0.06557375457074009,"Rope, Cordage, Twine, Tire Cord, and Tire Fabric Mills",Manufacturing,Textile Product Mills,Other Textile Product Mills,All Other Textile Product Mills
324110,24,0.0036913869431626266,23,-0.005485401559299823,24,-0.0008393070275566989,24,0.0020208947854796397,23,0.058945516342950456,0.050524563762602386,0.05307441430085397,0.057302878894218943,0.009176788502462448,1,0.0036913869431626266,23,0.016438036943571033,32,Manufacturing - paper/chemicals,6,0.010834893082943574,2,0.005611191853404658,24,0.016632135708407995,Petroleum Refineries,Manufacturing,Petroleum and Coal Products Manufacturing,Petroleum and Coal Products Manufacturing,Petroleum Refineries
333912,24,-0.0018900332489076878,23,-0.002215619035547027,24,0.006503329369331343,24,-0.002634703914460835,23,0.06738067396511292,0.06901380604361522,0.0750781761932116,0.06813588760414527,0.009138033283792178,3,0.006503329369331343,24,0.016368616174411196,33,Manufacturing - metals/machinery,6,0.017310935156661517,2,0.008114604416252303,24,0.026573203866523544,Air and Gas Compressor Manufacturing,Manufacturing,Machinery Manufacturing,Other General Purpose Machinery Manufacturing,Pump and Compressor Manufacturing
334516,24,-0.005097372790357373,23,-0.0019394432867979236,24,0.003312334480819294,24,0.004010431980656633,23,0.050983627140509274,0.053050741856812494,0.05899674314671155,0.05831807547497203,0.009107804771014007,4,0.004010431980656633,23,0.016314468973605223,33,Manufacturing - metals/machinery,6,0.010554153989016263,2,0.004805006383749926,24,0.01620118630511347,Analytical Laboratory Instrument Manufacturing,Manufacturing,Computer and Electronic Product Manufacturing,"Navigational, Measuring, Electromedical, and Control Instruments Manufacturing","Navigational, Measuring, Electromedical, and Control Instruments Manufacturing"
335991,24,-0.004956572407560622,23,0.0040646057021090885,24,0.00334374423165624,24,-0.002287218496411393,23,0.060019806427876875,0.06822579779738595,0.06830257776267683,0.061691869264655246,0.00902117810966971,2,0.0040646057021090885,24,0.016159297885256215,33,Manufacturing - metals/machinery,6,0.009347085218082187,2,0.005368432990540693,24,0.014348271702830878,Carbon and Graphite Product Manufacturing,Manufacturing,"Electrical Equipment, Appliance, and Component Manufacturing",Other Electrical Equipment and Component Manufacturing,All Other Electrical Equipment and Component Manufacturing
327212,24,-0.004846881451523282,23,-0.0012929752992416382,24,0.002056095507895927,24,0.004167915220892111,23,0.08197831545729005,0.08409439148387349,0.08879641810894018,0.08938625371821503,0.009014796672415393,4,0.004167915220892111,23,0.01614786705612559,32,Manufacturing - paper/chemicals,6,0.03325415355231191,1,0.016717414521715494,23,0.05104688994310125,Other Pressed and Blown Glass and Glassware Manufacturing,Manufacturing,Nonmetallic Mineral Product Manufacturing,Glass and Glass Product Manufacturing,Glass and Glass Product Manufacturing
332215,24,-0.004493564446194293,23,-0.003248072647757581,24,0.004520559557291289,24,0.003630789671369719,23,0.08515032753884984,0.08629952238480905,0.09394486252628344,0.09254908355317526,0.009014124003485582,3,0.004520559557291289,24,0.01614666212950926,33,Manufacturing - metals/machinery,6,0.029696682026122155,3,0.012716629753415773,24,0.04558598241503999,"Metal Kitchen Cookware, Utensil, Cutlery, and Flatware (except Precious) Manufacturing",Manufacturing,Fabricated Metal Product Manufacturing,Cutlery and Handtool Manufacturing,Cutlery and Handtool Manufacturing
331315,24,-0.00536534134456166,23,0.0023730507615001045,24,-0.0007819710686861464,24,0.0036218648328691806,23,0.05069204831794655,0.055112223035488885,0.054786296230031006,0.05602431156194543,0.00898720617743084,4,0.0036218648328691806,23,0.016098445237618407,33,Manufacturing - metals/machinery,6,0.019138794355805906,1,0.01146155219698426,23,0.029379064711047186,"Aluminum Sheet, Plate, and Foil Manufacturing",Manufacturing,Primary Metal Manufacturing,Alumina and Aluminum Production and Processing,Alumina and Aluminum Production and Processing
313110,24,-0.0029722310728673733,23,0.0006449542530736763,24,0.005977665403943858,24,-0.0027766508686967654,23,0.10388622562697757,0.10921558243296929,0.11325503073281366,0.10533914822477031,0.008949896476811232,3,0.005977665403943858,24,0.01603161377070881,31,Manufacturing - food/textiles,6,0.05554651904806811,1,0.027007501729033174,23,0.08526685366111146,"Fiber, Yarn, and Thread Mills",Manufacturing,Textile Mills,"Fiber, Yarn, and Thread Mills","Fiber, Yarn, and Thread Mills"
316110,24,-0.004984680544201441,23,0.0003541697238460574,24,0.00044959045100607595,24,0.0039009737619710052,23,0.12608853905340098,0.1279297981605583,0.12906271782002346,0.1292964565774765,0.008885654306172447,4,0.0039009737619710052,23,0.015916539180724287,31,Manufacturing - food/textiles,6,0.03834368760846839,1,0.024326872702228105,23,0.058859594735529285,Leather and Hide Tanning and Finishing,Manufacturing,Leather and Allied Product Manufacturing,Leather and Hide Tanning and Finishing,Leather and Hide Tanning and Finishing
212114,24,-0.004298402109003849,23,0.00417319318645988,24,-0.004305195063920595,24,0.004567197482486435,23,0.08544383816342833,0.08897710436701457,0.08416398419768106,0.08796125415618873,0.00887239254640703,4,0.004567197482486435,23,0.01589278388802007,21,"Mining, quarrying, oil & gas",6,0.014282410489858788,1,0.00645910708570726,23,0.021924257829961494,Surface Coal Mining,"Mining, Quarrying, and Oil and Gas Extraction",Mining (except Oil and Gas),Coal Mining,Coal Mining
339112,24,-0.0045112545215172046,23,-0.0036941593543019513,24,0.004293225973073783,24,0.004010155305997477,23,0.061091438581086475,0.06155483857736135,0.06940655728224011,0.06867182404097132,0.008804480494590988,3,0.004293225973073783,24,0.015771135577571784,33,Manufacturing - metals/machinery,6,0.012387854954289223,2,0.005150414253725634,24,0.019016014570569038,Surgical and Medical Instrument Manufacturing,Manufacturing,Miscellaneous Manufacturing,Medical Equipment and Supplies Manufacturing,Medical Equipment and Supplies Manufacturing
331221,24,-0.003815845111279135,23,-0.001639382897005991,24,0.004878879118921326,24,0.000909627685589496,23,0.06804690721517753,0.07067556614602155,0.07658299087087754,0.07273265735789088,0.00869472423020046,3,0.004878879118921326,24,0.015574533299077984,33,Manufacturing - metals/machinery,6,0.016365357903195994,1,0.006116861420947077,23,0.02512169261652516,Rolled Steel Shape Manufacturing,Manufacturing,Primary Metal Manufacturing,Steel Product Manufacturing from Purchased Steel,Rolling and Drawing of Purchased Steel
333243,24,-0.0017008690290104614,23,-0.0024016300361876038,24,0.006129826567921632,24,-0.001857951386757647,23,0.07567605619154413,0.07692127383549852,0.08296975155182812,0.07675857613231445,0.008531456604109236,3,0.006129826567921632,24,0.01528207812604479,33,Manufacturing - metals/machinery,6,0.025232633047865438,1,0.010049062665411859,23,0.038733430401192634,"Sawmill, Woodworking, and Paper Machinery Manufacturing",Manufacturing,Machinery Manufacturing,Industrial Machinery Manufacturing,Industrial Machinery Manufacturing
333514,24,-0.0041381858472939945,23,-0.0006050822831245289,24,0.004392328702535598,24,0.0005112697505355385,23,0.07785537230370904,0.08120167145790809,0.08575813517835619,0.0815299414937331,0.008530514549829593,3,0.004392328702535598,24,0.015280390659558286,33,Manufacturing - metals/machinery,6,0.0323362010684595,3,0.012437049932595062,24,0.04963778418004227,"Special Die and Tool, Die Set, Jig, and Fixture Manufacturing",Manufacturing,Machinery Manufacturing,Metalworking Machinery Manufacturing,Metalworking Machinery Manufacturing
334417,24,-0.0043144935625132295,23,0.0019483988632221626,24,0.0039788791983738124,24,-0.0019592692870475594,23,0.06411478506605568,0.06949761920592257,0.07098365561934514,0.06451193363602008,0.008293372760887041,3,0.0039788791983738124,24,0.014855607470269771,33,Manufacturing - metals/machinery,6,0.030707874410766306,1,0.014765681161892285,23,0.047138216372492305,Electronic Connector Manufacturing,Manufacturing,Computer and Electronic Product Manufacturing,Semiconductor and Other Electronic Component Manufacturing,Semiconductor and Other Electronic Component Manufacturing
333120,24,-0.0016258197947167843,23,-0.001558894596939036,24,0.005810820078749516,24,-0.0024586473334826065,23,0.07083416459951802,0.07277771310518473,0.07783905080472951,0.07127874834677526,0.008269467412232123,3,0.005810820078749516,24,0.014812786716121077,33,Manufacturing - metals/machinery,6,0.009370481078541779,2,0.005418627752650469,24,0.014384185589862349,Construction Machinery Manufacturing,Manufacturing,Machinery Manufacturing,"Agriculture, Construction, and Mining Machinery Manufacturing",Construction Machinery Manufacturing
325130,24,-0.0020878887949361395,23,-0.0001483925718433936,24,-0.002553364231597748,24,0.005157542967901261,23,0.06140259299087569,0.06108157713476967,0.061057346422350445,0.06613984417312672,0.007710907199499009,4,0.005157542967901261,23,0.013812258763487966,32,Manufacturing - paper/chemicals,6,0.031169842536403633,1,0.011411703387052403,23,0.04784736195424746,Synthetic Dye and Pigment Manufacturing,Manufacturing,Chemical Manufacturing,Basic Chemical Manufacturing,Synthetic Dye and Pigment Manufacturing
325199,24,-0.0008786991228190348,23,0.001650553206504463,24,0.003584179163550163,24,-0.004042765565706361,23,0.05307654320377438,0.05705954533568136,0.05774144105457941,0.05125497844637714,0.007626944729256524,3,0.003584179163550163,24,0.013661859940702731,32,Manufacturing - paper/chemicals,6,0.00829113677332197,2,0.002594744862542473,24,0.012727334818646787,All Other Basic Organic Chemical Manufacturing,Manufacturing,Chemical Manufacturing,Basic Chemical Manufacturing,Other Basic Organic Chemical Manufacturing
212230,24,0.003965860529124842,23,-0.0036289115609241668,24,0.0026016204772060848,24,-0.0031925601581068923,23,0.07315297849570054,0.06848003851163241,0.07106492164941264,0.06844656383278068,0.007594772090049009,1,0.003965860529124842,23,0.013604230299164908,21,"Mining, quarrying, oil & gas",6,0.012233047883867993,4,0.0052793280894218916,23,0.018778377504457124,"Copper, Nickel, Lead, and Zinc Mining","Mining, Quarrying, and Oil and Gas Extraction",Mining (except Oil and Gas),Metal Ore Mining,"Copper, Nickel, Lead, and Zinc Mining"
332993,24,1.7667895633936626e-05,23,-0.0031206597979977374,24,0.0042676381460870294,24,-0.002191285138564883,23,0.040924668959763155,0.03806112758305797,0.041438905802348255,0.036281407729464484,0.007388297944084767,3,0.0042676381460870294,24,0.013234380908134294,33,Manufacturing - metals/machinery,6,0.09726310092921042,4,0.04673138467572096,23,0.14930402004813545,Ammunition (except Small Arms) Manufacturing,Manufacturing,Fabricated Metal Product Manufacturing,Other Fabricated Metal Product Manufacturing,All Other Fabricated Metal Product Manufacturing
325412,24,0.0003229834841621395,23,-0.0037928083843757703,24,0.003305208314235558,24,0.00034012901679980915,23,0.05995335806337141,0.057647431713634484,0.0629271221326491,0.0615963959231926,0.007098016698611329,3,0.003305208314235558,24,0.012714411004083678,32,Manufacturing - paper/chemicals,6,0.010120623583161608,2,0.004748865368255838,24,0.015535694131937646,Pharmaceutical Preparation Manufacturing,Manufacturing,Chemical Manufacturing,Pharmaceutical and Medicine Manufacturing,Pharmaceutical and Medicine Manufacturing
517121,24,-0.00019963301569132604,23,-0.003543595208987164,24,-0.00010721780436208535,24,0.0035158357889608035,23,0.12310518532100158,0.11921398548463125,0.12240997606623527,0.12582040225656344,0.0070594309979479675,4,0.0035158357889608035,23,0.012645293886169529,51,Information,6,0.039070531546439996,1,0.018879319220310907,23,0.059975338741735315,Telecommunications Resellers,Information,Telecommunications,Wired and Wireless Telecommunications (except Satellite),Telecommunications Resellers and Agents for Wireless Telecommunication Services
334515,24,-0.0037969054538949084,23,-0.002663397825746191,24,0.003088154687418562,24,0.0029000125895721797,23,0.059075335281734385,0.059356276518073604,0.06496401340590523,0.06439544091889972,0.00688506014131347,3,0.003088154687418562,24,0.0123329499128426,33,Manufacturing - metals/machinery,6,0.02327870826196373,1,0.010433270143264464,23,0.03573405219280977,Instrument Manufacturing for Measuring and Testing Electricity and Electrical Signals,Manufacturing,Computer and Electronic Product Manufacturing,"Navigational, Measuring, Electromedical, and Control Instruments Manufacturing","Navigational, Measuring, Electromedical, and Control Instruments Manufacturing"
524126,24,-0.0020906578149797695,23,-0.0037494733121861985,24,0.0031027748385150052,24,0.0029780476811930097,23,0.05599471178573154,0.054788860992142745,0.06108195682292635,0.061169502976679946,0.006852248150701203,3,0.0031027748385150052,24,0.01227417502512106,52,Finance & insurance,6,0.011351327640651157,2,0.003722191580636122,24,0.017424890153011213,Direct Property and Casualty Insurance Carriers,Finance and Insurance,Insurance Carriers and Related Activities,Insurance Carriers,"Direct Insurance (except Life, Health, and Medical) Carriers"
325110,24,0.0026940651909713,23,-0.004122784150834272,24,0.0026988745384675765,24,0.00040776646311569277,23,0.04476825869320203,0.04120310842030241,0.045883526449071343,0.045166195400905114,0.006821658689301849,3,0.0026988745384675765,24,0.012219381270592272,32,Manufacturing - paper/chemicals,6,0.012174124001798077,2,0.00615209199482641,24,0.018687926219377454,Petrochemical Manufacturing,Manufacturing,Chemical Manufacturing,Basic Chemical Manufacturing,Petrochemical Manufacturing
333914,24,-0.003108771599106898,23,0.003217347884290291,24,0.002985299601064674,24,-0.0034173892473158755,23,0.06532576274133058,0.07148350746435148,0.0712065564187918,0.06495900617110277,0.006634737131606167,2,0.003217347884290291,24,0.011884555697340041,33,Manufacturing - metals/machinery,6,0.014971200063963179,1,0.008055676196206637,23,0.022981586368724376,"Measuring, Dispensing, and Other Pumping Equipment Manufacturing",Manufacturing,Machinery Manufacturing,Other General Purpose Machinery Manufacturing,Pump and Compressor Manufacturing
325613,24,-0.003302647458128433,23,0.0008623283126057644,24,0.0028811230172703845,24,-0.0005403187023379418,23,0.058765456734362294,0.06294143611134899,0.06539275886312415,0.06208183558035854,0.006183770475398817,3,0.0028811230172703845,24,0.011076756045744504,32,Manufacturing - paper/chemicals,6,0.01255359307238555,1,0.005697771887159726,23,0.019270431374789627,Surface Active Agent Manufacturing,Manufacturing,Chemical Manufacturing,"Soap, Cleaning Compound, and Toilet Preparation Manufacturing",Soap and Cleaning Compound Manufacturing
333613,24,-0.0009690134022313398,23,-0.0015947313507591397,24,0.004377393583099198,24,-0.0015623885505856978,23,0.06844231615365737,0.06971924116324353,0.07418562887434797,0.06989722941925401,0.0059721249338583375,3,0.004377393583099198,24,0.010697643327842052,33,Manufacturing - metals/machinery,6,0.016355995734748385,1,0.005793822465031616,23,0.02510732119126479,Mechanical Power Transmission Equipment Manufacturing,Manufacturing,Machinery Manufacturing,"Engine, Turbine, and Power Transmission Equipment Manufacturing","Engine, Turbine, and Power Transmission Equipment Manufacturing"
325212,24,0.001145093232219842,23,-0.0005759959137719789,24,0.0029942290007904195,24,-0.002900838344556451,23,0.06571428824331271,0.06599005746683896,0.06741781851790918,0.06285712156739855,0.00589506734534687,3,0.0029942290007904195,24,0.010559612960639616,32,Manufacturing - paper/chemicals,6,0.016083559310018498,2,0.006952788266339864,24,0.02468911682567174,Synthetic Rubber Manufacturing,Manufacturing,Chemical Manufacturing,"Resin, Synthetic Rubber, and Artificial and Synthetic Fibers and Filaments Manufacturing",Resin and Synthetic Rubber Manufacturing
332111,24,-0.0014937013988379334,23,0.0002785735595476956,24,0.004044497868212122,24,-0.0017316078681979073,23,0.08152497695682914,0.0847582537964655,0.08743438351700646,0.08202151750112317,0.0057761057364100294,3,0.004044497868212122,24,0.010346521493832276,33,Manufacturing - metals/machinery,6,0.015167438306042579,1,0.0061520527442024,23,0.023282822481389114,Iron and Steel Forging,Manufacturing,Fabricated Metal Product Manufacturing,Forging and Stamping,Forging and Stamping
333515,24,-0.0016888603217638692,23,0.0003458337101013888,24,0.003592368101266706,24,-0.00204492487008251,23,0.07017951103364677,0.07313352158480167,0.07539586471575378,0.07047347164417249,0.005637292971349216,3,0.003592368101266706,24,0.010097871395849022,33,Manufacturing - metals/machinery,6,0.02736836121223686,1,0.01150649003177556,23,0.04201188644078322,Cutting Tool and Machine Tool Accessory Manufacturing,Manufacturing,Machinery Manufacturing,Metalworking Machinery Manufacturing,Metalworking Machinery Manufacturing
332991,24,0.0007203810474535272,23,-6.411199282225562e-05,24,0.002472248906516755,24,-0.0028603347620544915,23,0.055982151304154626,0.05688586301596915,0.057917798713428205,0.054005236597853744,0.005332583668571247,3,0.002472248906516755,24,0.009552057054070306,33,Manufacturing - metals/machinery,6,0.025519207458372523,1,0.012735063077278038,23,0.039173337325019514,Ball and Roller Bearing Manufacturing,Manufacturing,Fabricated Metal Product Manufacturing,Other Fabricated Metal Product Manufacturing,All Other Fabricated Metal Product Manufacturing
325220,24,-0.0001685999938015896,23,-0.0028497120026516587,24,0.002269316311020146,24,-0.00034383654277093343,23,0.05931247266385791,0.0564028904127394,0.059192732166924215,0.05744394129906873,0.005119028313671805,3,0.002269316311020146,24,0.009169523359151601,32,Manufacturing - paper/chemicals,6,0.028914307773167343,1,0.011985284814174688,23,0.04438499642927209,Artificial and Synthetic Fibers and Filaments Manufacturing,Manufacturing,Chemical Manufacturing,"Resin, Synthetic Rubber, and Artificial and Synthetic Fibers and Filaments Manufacturing",Artificial and Synthetic Fibers and Filaments Manufacturing
115111,24,,2,-0.3482552952859499,14,-0.3432513102484027,6,,2,0.8353641441910139,0.19768298637070245,0.22312735160407238,0.904220878647593,0.005003985037547176,3,-0.3432513102484027,6,0.008963450654900148,11,"Agriculture, forestry, fishing",6,0.5361065692931877,4,0.2703611173934716,23,0.8229520260509033,Cotton Ginning,"Agriculture, Forestry, Fishing and Hunting",Support Activities for Agriculture and Forestry,Support Activities for Crop Production,Support Activities for Crop Production
621491,24,-0.002688142438216237,23,0.001525100317107824,24,0.0008591783343261661,24,0.00016105791339903432,23,0.057040305579597626,0.059488783607223795,0.05888706100063432,0.05656698172539253,0.004213242755324061,2,0.001525100317107824,24,0.007547023672351801,62,Health care & social assistance,6,0.0273836673719344,4,0.015137264502988319,23,0.04203538220796017,HMO Medical Centers,Health Care and Social Assistance,Ambulatory Health Care Services,Outpatient Care Centers,Other Outpatient Care Centers
336510,24,0.001977100349551809,23,-0.002054170433758135,24,0.0014807072031717283,24,-0.0013197668586214801,23,0.09772543758932793,0.09512998911641818,0.0966428815110247,0.09519435949928774,0.004031270783309944,1,0.001977100349551809,23,0.007221064106229091,33,Manufacturing - metals/machinery,6,0.00588536877203265,4,0.0024586174832216547,23,0.009034353302901284,Railroad Rolling Stock Manufacturing,Manufacturing,Transportation Equipment Manufacturing,Railroad Rolling Stock Manufacturing,Railroad Rolling Stock Manufacturing
325211,24,0.001245042358551752,23,-0.0013586432076198348,24,0.00071482282376843,24,4.234413063341141e-05,23,0.06256033195715295,0.061025251656862144,0.062207457771811005,0.061960018239223,0.0026036855661715867,1,0.001245042358551752,23,0.004663884267866327,32,Manufacturing - paper/chemicals,6,0.012448712170532613,3,0.004644005163463985,24,0.019109433626174614,Plastics Material and Resin Manufacturing,Manufacturing,Chemical Manufacturing,"Resin, Synthetic Rubber, and Artificial and Synthetic Fibers and Filaments Manufacturing",Resin and Synthetic Rubber Manufacturing
111211,24,,0,0.14643804212989864,24,,0,,0,0.2408387579798906,0.46555636087010493,0.39739787950052197,,,,,,,11,"Agriculture, forestry, fishing",6,0.7515691686343652,3,0.45319559384161884,24,1.0,Potato Farming,"Agriculture, Forestry, Fishing and Hunting",Crop Production,Vegetable and Melon Farming,Vegetable and Melon Farming
111331,24,,0,-0.16011740296689037,21,,0,,0,0.44883478264092685,0.46515328321006066,0.7924318035723859,,,,,,,11,"Agriculture, forestry, fishing",6,1.0092080217672317,3,0.6121814469990566,24,1.0,Apple Orchards,"Agriculture, Forestry, Fishing and Hunting",Crop Production,Fruit and Tree Nut Farming,Noncitrus Fruit and Tree Nut Farming
111333,24,,2,0.22922908405367942,23,,2,,2,0.4417086328498425,0.8002004811062781,0.7124670663438465,0.8985591831828468,,,,,,11,"Agriculture, forestry, fishing",6,0.3953530088336004,2,0.18585781264657594,24,0.6068878433142275,Strawberry Farming,"Agriculture, Forestry, Fishing and Hunting",Crop Production,Fruit and Tree Nut Farming,Noncitrus Fruit and Tree Nut Farming
111334,24,,0,,0,,0,,0,0.36479397371513983,0.579852667162324,,,,,,,,11,"Agriculture, forestry, fishing",6,1.1680239800043852,2,0.7564061872122098,24,1.0,Berry (except Strawberry) Farming,"Agriculture, Forestry, Fishing and Hunting",Crop Production,Fruit and Tree Nut Farming,Noncitrus Fruit and Tree Nut Farming
111339,24,,4,,0,,0,,0,0.48889952788594976,0.6737602135068749,,0.9462841419362563,,,,,,11,"Agriculture, forestry, fishing",6,0.6750398250614238,2,0.40607740100484285,24,1.0,Other Noncitrus Fruit Farming,"Agriculture, Forestry, Fishing and Hunting",Crop Production,Fruit and Tree Nut Farming,Noncitrus Fruit and Tree Nut Farming
111910,24,,0,,3,,1,,0,0.4392170588412054,0.5762408206472776,0.755751066725913,0.4727815063385533,,,,,,11,"Agriculture, forestry, fishing",6,0.6579239167553529,2,0.3938896687024243,24,1.0,Tobacco Farming,"Agriculture, Forestry, Fishing and Hunting",Crop Production,Other Crop Farming,Tobacco Farming
111991,24,,0,-0.03543738921873562,20,,0,,0,0.17307034991861123,0.27164383270349696,0.41148832030369065,,,,,,,11,"Agriculture, forestry, fishing",6,0.5653434291736147,3,0.31514902186636246,24,0.8678321570772506,Sugar Beet Farming,"Agriculture, Forestry, Fishing and Hunting",Crop Production,Other Crop Farming,All Other Crop Farming
112130,1,,0,,0,,0,,0,,,,,,,,,,11,"Agriculture, forestry, fishing",6,,,,,,Dual-Purpose Cattle Ranching and Farming,"Agriculture, Forestry, Fishing and Hunting",Animal Production and Aquaculture,Cattle Ranching and Farming,Dual-Purpose Cattle Ranching and Farming
115115,24,,0,,0,,0,,0,0.9200403515117119,,,,,,,,,11,"Agriculture, forestry, fishing",6,0.2670841770699367,2,0.14672528822582728,24,0.4099883814809945,Farm Labor Contractors and Crew Leaders,"Agriculture, Forestry, Fishing and Hunting",Support Activities for Agriculture and Forestry,Support Activities for Crop Production,Support Activities for Crop Production
517122,16,,0,,0,,0,,0,,,,,,,,,,51,Information,6,,,,,,Agents for Wireless Telecommunications Services,Information,Telecommunications,Wired and Wireless Telecommunications (except Satellite),Telecommunications Resellers and Agents for Wireless Telecommunication Services
541213,24,,2,,2,,2,-0.11521616156608357,23,0.25512876790574857,0.8533590210233735,0.20856431941012069,0.11772575607049962,,,,,,54,Professional & technical services,6,1.3742791326344852,1,0.8422859420308191,23,1.0,Tax Preparation Services,"Professional, Scientific, and Technical Services","Professional, Scientific, and Technical Services","Accounting, Tax Preparation, Bookkeeping, and Payroll Services","Accounting, Tax Preparation, Bookkeeping, and Payroll Services"
713920,24,,0,,0,,0,-0.41904031592914104,21,0.799675926901642,,0.23721072073116875,0.09833485208878466,,,,,,71,"Arts, entertainment & recreation",6,1.472483265029854,4,0.8426354093671323,23,1.0,Skiing Facilities,"Arts, Entertainment, and Recreation","Amusement, Gambling, and Recreation Industries",Other Amusement and Recreation Industries,Skiing Facilities
721214,24,-0.18854362075385733,23,,0,,0,,0,0.17766080409893437,0.16613063445115214,,0.5610219325521574,,,,,,72,Accommodation & food services,6,1.2547743500122779,2,0.8120327418286677,24,1.0,Recreational and Vacation Camps (except Campgrounds),Accommodation and Food Services,Accommodation,RV (Recreational Vehicle) Parks and Recreational Camps,RV (Recreational Vehicle) Parks and Recreational Camps
927110,24,,0,,0,,0,,0,,,,,,,,,,92,Public administration,6,,,,,,Space Research and Technology,Public Administration,Space Research and Technology,Space Research and Technology,Space Research and Technology
